hour,year,month,day,hour_of_day,bus1,bus2,bus3,bus4,bus5,bus6
1,2015,1,1,1,0.000000,0.000000,0.000000,12.943840,9.245600,0.000000
2,2015,1,1,2,0.000000,0.000000,0.000000,11.296740,8.069100,0.000000
3,2015,1,1,3,0.000000,0.000000,0.000000,13.920340,9.943100,0.000000
4,2015,1,1,4,0.000000,0.000000,0.000000,18.446610,13.176150,0.000000
5,2015,1,1,5,0.000000,0.000000,0.000000,19.362070,13.830050,0.000000
6,2015,1,1,6,0.000000,0.000000,0.000000,22.697220,16.212300,0.000000
7,2015,1,1,7,0.000000,0.000000,0.000000,21.172620,15.123300,0.000000
8,2015,1,1,8,0.000000,0.000000,0.000000,20.414100,14.581500,0.000000
9,2015,1,1,9,0.000000,0.000000,0.000000,12.922980,9.230700,0.000000
10,2015,1,1,10,0.000000,0.000000,0.000000,8.571360,6.122400,0.000000
11,2015,1,1,11,0.000000,0.000000,0.000000,9.905910,7.075650,0.000000
12,2015,1,1,12,0.000000,0.000000,0.000000,10.804570,7.717550,0.000000
13,2015,1,1,13,0.000000,0.000000,0.000000,16.182320,11.558800,0.000000
14,2015,1,1,14,0.000000,0.000000,0.000000,21.078750,15.056250,0.000000
15,2015,1,1,15,0.000000,0.000000,0.000000,24.484950,17.489250,0.000000
16,2015,1,1,16,0.000000,0.000000,0.000000,24.728900,17.663500,0.000000
17,2015,1,1,17,0.000000,0.000000,0.000000,18.527810,13.234150,0.000000
18,2015,1,1,18,0.000000,0.000000,0.000000,18.046420,12.890300,0.000000
19,2015,1,1,19,0.000000,0.000000,0.000000,22.945790,16.389850,0.000000
20,2015,1,1,20,0.000000,0.000000,0.000000,11.676490,8.340350,0.000000
21,2015,1,1,21,0.000000,0.000000,0.000000,7.658840,5.470600,0.000000
22,2015,1,1,22,0.000000,0.000000,0.000000,3.970470,2.836050,0.000000
23,2015,1,1,23,0.000000,0.000000,0.000000,3.331650,2.379750,0.000000
24,2015,1,1,24,0.000000,0.000000,0.000000,3.047590,2.176850,0.000000
25,2015,1,2,1,0.000000,0.000000,0.000000,12.606230,9.004450,0.000000
26,2015,1,2,2,0.000000,0.000000,0.000000,14.377930,10.269950,0.000000
27,2015,1,2,3,0.000000,0.000000,0.000000,16.322530,11.658950,0.000000
28,2015,1,2,4,0.000000,0.000000,0.000000,16.366770,11.690550,0.000000
29,2015,1,2,5,0.000000,0.000000,0.000000,15.947540,11.391100,0.000000
30,2015,1,2,6,0.000000,0.000000,0.000000,10.234210,7.310150,0.000000
31,2015,1,2,7,0.000000,0.000000,0.000000,6.674080,4.767200,0.000000
32,2015,1,2,8,0.000000,0.000000,0.000000,6.236930,4.454950,0.000000
33,2015,1,2,9,0.000000,0.000000,0.000000,5.032160,3.594400,0.000000
34,2015,1,2,10,0.000000,0.000000,0.000000,1.393280,0.995200,0.000000
35,2015,1,2,11,0.000000,0.000000,0.000000,1.005130,0.717950,0.000000
36,2015,1,2,12,0.000000,0.000000,0.000000,2.841230,2.029450,0.000000
37,2015,1,2,13,0.000000,0.000000,0.000000,3.765860,2.689900,0.000000
38,2015,1,2,14,0.000000,0.000000,0.000000,4.436460,3.168900,0.000000
39,2015,1,2,15,0.000000,0.000000,0.000000,2.403240,1.716600,0.000000
40,2015,1,2,16,0.000000,0.000000,0.000000,0.645190,0.460850,0.000000
41,2015,1,2,17,0.000000,0.000000,0.000000,0.000000,0.000000,0.000000
42,2015,1,2,18,0.000000,0.000000,0.000000,1.628480,1.163200,0.000000
43,2015,1,2,19,0.000000,0.000000,0.000000,4.747260,3.390900,0.000000
44,2015,1,2,20,0.000000,0.000000,0.000000,5.435500,3.882500,0.000000
45,2015,1,2,21,0.000000,0.000000,0.000000,15.897000,11.355000,0.000000
46,2015,1,2,22,0.000000,0.000000,0.000000,30.011590,21.436850,0.000000
47,2015,1,2,23,0.000000,0.000000,0.000000,45.818990,32.727850,0.000000
48,2015,1,2,24,0.000000,0.000000,0.000000,57.346660,40.961900,0.000000
49,2015,1,3,1,0.000000,0.000000,0.000000,65.612470,46.866050,0.000000
50,2015,1,3,2,0.000000,0.000000,0.000000,67.920160,48.514400,0.000000
51,2015,1,3,3,0.000000,0.000000,0.000000,68.880070,49.200050,0.000000
52,2015,1,3,4,0.000000,0.000000,0.000000,68.754280,49.110200,0.000000
53,2015,1,3,5,0.000000,0.000000,0.000000,69.023360,49.302400,0.000000
54,2015,1,3,6,0.000000,0.000000,0.000000,69.154050,49.395750,0.000000
55,2015,1,3,7,0.000000,0.000000,0.000000,69.545280,49.675200,0.000000
56,2015,1,3,8,0.000000,0.000000,0.000000,69.212080,49.437200,0.000000
57,2015,1,3,9,0.000000,0.000000,0.000000,65.280530,46.628950,0.000000
58,2015,1,3,10,0.000000,0.000000,0.000000,44.852430,32.037450,0.000000
59,2015,1,3,11,0.000000,0.000000,0.000000,33.819730,24.156950,0.000000
60,2015,1,3,12,0.000000,0.000000,0.000000,22.406650,16.004750,0.000000
61,2015,1,3,13,0.000000,0.000000,0.000000,10.860920,7.757800,0.000000
62,2015,1,3,14,0.000000,0.000000,0.000000,10.512250,7.508750,0.000000
63,2015,1,3,15,0.000000,0.000000,0.000000,18.502120,13.215800,0.000000
64,2015,1,3,16,0.000000,0.000000,0.000000,20.470590,14.621850,0.000000
65,2015,1,3,17,0.000000,0.000000,0.000000,15.762950,11.259250,0.000000
66,2015,1,3,18,0.000000,0.000000,0.000000,15.838340,11.313100,0.000000
67,2015,1,3,19,0.000000,0.000000,0.000000,15.487080,11.062200,0.000000
68,2015,1,3,20,0.000000,0.000000,0.000000,17.857350,12.755250,0.000000
69,2015,1,3,21,0.000000,0.000000,0.000000,23.207520,16.576800,0.000000
70,2015,1,3,22,0.000000,0.000000,0.000000,25.539500,18.242500,0.000000
71,2015,1,3,23,0.000000,0.000000,0.000000,35.406420,25.290300,0.000000
72,2015,1,3,24,0.000000,0.000000,0.000000,32.383680,23.131200,0.000000
73,2015,1,4,1,0.000000,0.000000,0.000000,33.872580,24.194700,0.000000
74,2015,1,4,2,0.000000,0.000000,0.000000,32.399290,23.142350,0.000000
75,2015,1,4,3,0.000000,0.000000,0.000000,29.550430,21.107450,0.000000
76,2015,1,4,4,0.000000,0.000000,0.000000,26.998370,19.284550,0.000000
77,2015,1,4,5,0.000000,0.000000,0.000000,24.040660,17.171900,0.000000
78,2015,1,4,6,0.000000,0.000000,0.000000,19.278700,13.770500,0.000000
79,2015,1,4,7,0.000000,0.000000,0.000000,16.421160,11.729400,0.000000
80,2015,1,4,8,0.000000,0.000000,0.000000,8.882160,6.344400,0.000000
81,2015,1,4,9,0.000000,0.000000,0.000000,4.730040,3.378600,0.000000
82,2015,1,4,10,0.000000,0.000000,0.000000,3.288600,2.349000,0.000000
83,2015,1,4,11,0.000000,0.000000,0.000000,0.426090,0.304350,0.000000
84,2015,1,4,12,0.000000,0.000000,0.000000,0.788550,0.563250,0.000000
85,2015,1,4,13,0.000000,0.000000,0.000000,1.515220,1.082300,0.000000
86,2015,1,4,14,0.000000,0.000000,0.000000,1.883770,1.345550,0.000000
87,2015,1,4,15,0.000000,0.000000,0.000000,2.761290,1.972350,0.000000
88,2015,1,4,16,0.000000,0.000000,0.000000,6.625500,4.732500,0.000000
89,2015,1,4,17,0.000000,0.000000,0.000000,7.403130,5.287950,0.000000
90,2015,1,4,18,0.000000,0.000000,0.000000,4.841270,3.458050,0.000000
91,2015,1,4,19,0.000000,0.000000,0.000000,4.488890,3.206350,0.000000
92,2015,1,4,20,0.000000,0.000000,0.000000,0.878080,0.627200,0.000000
93,2015,1,4,21,0.000000,0.000000,0.000000,0.786590,0.561850,0.000000
94,2015,1,4,22,0.000000,0.000000,0.000000,1.162280,0.830200,0.000000
95,2015,1,4,23,0.000000,0.000000,0.000000,0.000000,0.000000,0.000000
96,2015,1,4,24,0.000000,0.000000,0.000000,0.976710,0.697650,0.000000
97,2015,1,5,1,0.000000,0.000000,0.000000,3.235260,2.310900,0.000000
98,2015,1,5,2,0.000000,0.000000,0.000000,5.064220,3.617300,0.000000
99,2015,1,5,3,0.000000,0.000000,0.000000,10.993990,7.852850,0.000000
100,2015,1,5,4,0.000000,0.000000,0.000000,12.809090,9.149350,0.000000
101,2015,1,5,5,0.000000,0.000000,0.000000,16.665180,11.903700,0.000000
102,2015,1,5,6,0.000000,0.000000,0.000000,18.480840,13.200600,0.000000
103,2015,1,5,7,0.000000,0.000000,0.000000,18.159120,12.970800,0.000000
104,2015,1,5,8,0.000000,0.000000,0.000000,21.406070,15.290050,0.000000
105,2015,1,5,9,0.000000,0.000000,0.000000,14.349930,10.249950,0.000000
106,2015,1,5,10,0.000000,0.000000,0.000000,8.853740,6.324100,0.000000
107,2015,1,5,11,0.000000,0.000000,0.000000,8.116920,5.797800,0.000000
108,2015,1,5,12,0.000000,0.000000,0.000000,11.789890,8.421350,0.000000
109,2015,1,5,13,0.000000,0.000000,0.000000,16.676800,11.912000,0.000000
110,2015,1,5,14,0.000000,0.000000,0.000000,18.376890,13.126350,0.000000
111,2015,1,5,15,0.000000,0.000000,0.000000,19.076540,13.626100,0.000000
112,2015,1,5,16,0.000000,0.000000,0.000000,22.121190,15.800850,0.000000
113,2015,1,5,17,0.000000,0.000000,0.000000,17.487190,12.490850,0.000000
114,2015,1,5,18,0.000000,0.000000,0.000000,13.625780,9.732700,0.000000
115,2015,1,5,19,0.000000,0.000000,0.000000,4.616150,3.297250,0.000000
116,2015,1,5,20,0.000000,0.000000,0.000000,1.663970,1.188550,0.000000
117,2015,1,5,21,0.000000,0.000000,0.000000,3.634330,2.595950,0.000000
118,2015,1,5,22,0.000000,0.000000,0.000000,5.771010,4.122150,0.000000
119,2015,1,5,23,0.000000,0.000000,0.000000,12.046230,8.604450,0.000000
120,2015,1,5,24,0.000000,0.000000,0.000000,15.631070,11.165050,0.000000
121,2015,1,6,1,0.000000,0.000000,0.000000,21.093520,15.066800,0.000000
122,2015,1,6,2,0.000000,0.000000,0.000000,28.921760,20.658400,0.000000
123,2015,1,6,3,0.000000,0.000000,0.000000,41.951140,29.965100,0.000000
124,2015,1,6,4,0.000000,0.000000,0.000000,45.927700,32.805500,0.000000
125,2015,1,6,5,0.000000,0.000000,0.000000,48.925380,34.946700,0.000000
126,2015,1,6,6,0.000000,0.000000,0.000000,49.662620,35.473300,0.000000
127,2015,1,6,7,0.000000,0.000000,0.000000,37.593990,26.852850,0.000000
128,2015,1,6,8,0.000000,0.000000,0.000000,21.555170,15.396550,0.000000
129,2015,1,6,9,0.000000,0.000000,0.000000,10.527160,7.519400,0.000000
130,2015,1,6,10,0.000000,0.000000,0.000000,1.696450,1.211750,0.000000
131,2015,1,6,11,0.000000,0.000000,0.000000,0.686070,0.490050,0.000000
132,2015,1,6,12,0.000000,0.000000,0.000000,0.603610,0.431150,0.000000
133,2015,1,6,13,0.000000,0.000000,0.000000,2.160690,1.543350,0.000000
134,2015,1,6,14,0.000000,0.000000,0.000000,4.437090,3.169350,0.000000
135,2015,1,6,15,0.000000,0.000000,0.000000,3.572170,2.551550,0.000000
136,2015,1,6,16,0.000000,0.000000,0.000000,4.031580,2.879700,0.000000
137,2015,1,6,17,0.000000,0.000000,0.000000,2.689680,1.921200,0.000000
138,2015,1,6,18,0.000000,0.000000,0.000000,2.504880,1.789200,0.000000
139,2015,1,6,19,0.000000,0.000000,0.000000,4.263700,3.045500,0.000000
140,2015,1,6,20,0.000000,0.000000,0.000000,0.952070,0.680050,0.000000
141,2015,1,6,21,0.000000,0.000000,0.000000,2.350950,1.679250,0.000000
142,2015,1,6,22,0.000000,0.000000,0.000000,11.415810,8.154150,0.000000
143,2015,1,6,23,0.000000,0.000000,0.000000,14.200900,10.143500,0.000000
144,2015,1,6,24,0.000000,0.000000,0.000000,17.495240,12.496600,0.000000
145,2015,1,7,1,0.000000,0.000000,0.000000,21.762370,15.544550,0.000000
146,2015,1,7,2,0.000000,0.000000,0.000000,25.881870,18.487050,0.000000
147,2015,1,7,3,0.000000,0.000000,0.000000,28.627130,20.447950,0.000000
148,2015,1,7,4,0.000000,0.000000,0.000000,34.886250,24.918750,0.000000
149,2015,1,7,5,0.000000,0.000000,0.000000,41.666100,29.761500,0.000000
150,2015,1,7,6,0.000000,0.000000,0.000000,40.459790,28.899850,0.000000
151,2015,1,7,7,0.000000,0.000000,0.000000,33.379640,23.842600,0.000000
152,2015,1,7,8,0.000000,0.000000,0.000000,21.105350,15.075250,0.000000
153,2015,1,7,9,0.000000,0.000000,0.000000,8.391880,5.994200,0.000000
154,2015,1,7,10,0.000000,0.000000,0.000000,6.733160,4.809400,0.000000
155,2015,1,7,11,0.000000,0.000000,0.000000,6.325130,4.517950,0.000000
156,2015,1,7,12,0.000000,0.000000,0.000000,6.298880,4.499200,0.000000
157,2015,1,7,13,0.000000,0.000000,0.000000,5.173910,3.695650,0.000000
158,2015,1,7,14,0.000000,0.000000,0.000000,3.370920,2.407800,0.000000
159,2015,1,7,15,0.000000,0.000000,0.000000,3.288530,2.348950,0.000000
160,2015,1,7,16,0.000000,0.000000,0.000000,3.333190,2.380850,0.000000
161,2015,1,7,17,0.000000,0.000000,0.000000,2.184000,1.560000,0.000000
162,2015,1,7,18,0.000000,0.000000,0.000000,0.000000,0.000000,0.000000
163,2015,1,7,19,0.000000,0.000000,0.000000,0.813890,0.581350,0.000000
164,2015,1,7,20,0.000000,0.000000,0.000000,0.000000,0.000000,0.000000
165,2015,1,7,21,0.000000,0.000000,0.000000,0.000000,0.000000,0.000000
166,2015,1,7,22,0.000000,0.000000,0.000000,0.703360,0.502400,0.000000
167,2015,1,7,23,0.000000,0.000000,0.000000,2.364180,1.688700,0.000000
168,2015,1,7,24,0.000000,0.000000,0.000000,7.013440,5.009600,0.000000
169,2015,1,8,1,0.000000,0.000000,0.000000,12.943840,9.245600,0.000000
170,2015,1,8,2,0.000000,0.000000,0.000000,11.296740,8.069100,0.000000
171,2015,1,8,3,0.000000,0.000000,0.000000,13.920340,9.943100,0.000000
172,2015,1,8,4,0.000000,0.000000,0.000000,18.446610,13.176150,0.000000
173,2015,1,8,5,0.000000,0.000000,0.000000,19.362070,13.830050,0.000000
174,2015,1,8,6,0.000000,0.000000,0.000000,22.697220,16.212300,0.000000
175,2015,1,8,7,0.000000,0.000000,0.000000,21.172620,15.123300,0.000000
176,2015,1,8,8,0.000000,0.000000,0.000000,20.414100,14.581500,0.000000
177,2015,1,8,9,0.000000,0.000000,0.000000,12.922980,9.230700,0.000000
178,2015,1,8,10,0.000000,0.000000,0.000000,8.571360,6.122400,0.000000
179,2015,1,8,11,0.000000,0.000000,0.000000,9.905910,7.075650,0.000000
180,2015,1,8,12,0.000000,0.000000,0.000000,10.804570,7.717550,0.000000
181,2015,1,8,13,0.000000,0.000000,0.000000,16.182320,11.558800,0.000000
182,2015,1,8,14,0.000000,0.000000,0.000000,21.078750,15.056250,0.000000
183,2015,1,8,15,0.000000,0.000000,0.000000,24.484950,17.489250,0.000000
184,2015,1,8,16,0.000000,0.000000,0.000000,24.728900,17.663500,0.000000
185,2015,1,8,17,0.000000,0.000000,0.000000,18.527810,13.234150,0.000000
186,2015,1,8,18,0.000000,0.000000,0.000000,18.046420,12.890300,0.000000
187,2015,1,8,19,0.000000,0.000000,0.000000,22.945790,16.389850,0.000000
188,2015,1,8,20,0.000000,0.000000,0.000000,11.676490,8.340350,0.000000
189,2015,1,8,21,0.000000,0.000000,0.000000,7.658840,5.470600,0.000000
190,2015,1,8,22,0.000000,0.000000,0.000000,3.970470,2.836050,0.000000
191,2015,1,8,23,0.000000,0.000000,0.000000,3.331650,2.379750,0.000000
192,2015,1,8,24,0.000000,0.000000,0.000000,3.047590,2.176850,0.000000
193,2015,1,9,1,0.000000,0.000000,0.000000,3.048080,2.177200,0.000000
194,2015,1,9,2,0.000000,0.000000,0.000000,2.519020,1.799300,0.000000
195,2015,1,9,3,0.000000,0.000000,0.000000,4.275040,3.053600,0.000000
196,2015,1,9,4,0.000000,0.000000,0.000000,10.747730,7.676950,0.000000
197,2015,1,9,5,0.000000,0.000000,0.000000,8.461670,6.044050,0.000000
198,2015,1,9,6,0.000000,0.000000,0.000000,11.329850,8.092750,0.000000
199,2015,1,9,7,0.000000,0.000000,0.000000,5.503680,3.931200,0.000000
200,2015,1,9,8,0.000000,0.000000,0.000000,2.334360,1.667400,0.000000
201,2015,1,9,9,0.000000,0.000000,0.000000,7.089390,5.063850,0.000000
202,2015,1,9,10,0.000000,0.000000,0.000000,13.960240,9.971600,0.000000
203,2015,1,9,11,0.000000,0.000000,0.000000,20.890730,14.921950,0.000000
204,2015,1,9,12,0.000000,0.000000,0.000000,26.973800,19.267000,0.000000
205,2015,1,9,13,0.000000,0.000000,0.000000,34.043590,24.316850,0.000000
206,2015,1,9,14,0.000000,0.000000,0.000000,38.688790,27.634850,0.000000
207,2015,1,9,15,0.000000,0.000000,0.000000,38.979640,27.842600,0.000000
208,2015,1,9,16,0.000000,0.000000,0.000000,32.959640,23.542600,0.000000
209,2015,1,9,17,0.000000,0.000000,0.000000,39.021500,27.872500,0.000000
210,2015,1,9,18,0.000000,0.000000,0.000000,40.755680,29.111200,0.000000
211,2015,1,9,19,0.000000,0.000000,0.000000,49.279580,35.199700,0.000000
212,2015,1,9,20,0.000000,0.000000,0.000000,45.977330,32.840950,0.000000
213,2015,1,9,21,0.000000,0.000000,0.000000,52.699850,37.642750,0.000000
214,2015,1,9,22,0.000000,0.000000,0.000000,58.491790,41.779850,0.000000
215,2015,1,9,23,0.000000,0.000000,0.000000,60.021290,42.872350,0.000000
216,2015,1,9,24,0.000000,0.000000,0.000000,50.389430,35.992450,0.000000
217,2015,1,10,1,0.000000,0.000000,0.000000,47.003740,33.574100,0.000000
218,2015,1,10,2,0.000000,0.000000,0.000000,49.162540,35.116100,0.000000
219,2015,1,10,3,0.000000,0.000000,0.000000,50.226540,35.876100,0.000000
220,2015,1,10,4,0.000000,0.000000,0.000000,45.813530,32.723950,0.000000
221,2015,1,10,5,0.000000,0.000000,0.000000,40.612110,29.008650,0.000000
222,2015,1,10,6,0.000000,0.000000,0.000000,33.488280,23.920200,0.000000
223,2015,1,10,7,0.000000,0.000000,0.000000,27.270810,19.479150,0.000000
224,2015,1,10,8,0.000000,0.000000,0.000000,19.346530,13.818950,0.000000
225,2015,1,10,9,0.000000,0.000000,0.000000,6.968990,4.977850,0.000000
226,2015,1,10,10,0.000000,0.000000,0.000000,4.036480,2.883200,0.000000
227,2015,1,10,11,0.000000,0.000000,0.000000,3.573920,2.552800,0.000000
228,2015,1,10,12,0.000000,0.000000,0.000000,5.631850,4.022750,0.000000
229,2015,1,10,13,0.000000,0.000000,0.000000,6.058570,4.327550,0.000000
230,2015,1,10,14,0.000000,0.000000,0.000000,0.683550,0.488250,0.000000
231,2015,1,10,15,0.000000,0.000000,0.000000,0.829920,0.592800,0.000000
232,2015,1,10,16,0.000000,0.000000,0.000000,3.454430,2.467450,0.000000
233,2015,1,10,17,0.000000,0.000000,0.000000,2.988860,2.134900,0.000000
234,2015,1,10,18,0.000000,0.000000,0.000000,1.832810,1.309150,0.000000
235,2015,1,10,19,0.000000,0.000000,0.000000,0.727300,0.519500,0.000000
236,2015,1,10,20,0.000000,0.000000,0.000000,0.000000,0.000000,0.000000
237,2015,1,10,21,0.000000,0.000000,0.000000,0.000000,0.000000,0.000000
238,2015,1,10,22,0.000000,0.000000,0.000000,0.000000,0.000000,0.000000
239,2015,1,10,23,0.000000,0.000000,0.000000,1.643390,1.173850,0.000000
240,2015,1,10,24,0.000000,0.000000,0.000000,1.174110,0.838650,0.000000
241,2015,1,11,1,0.000000,0.000000,0.000000,3.040240,2.171600,0.000000
242,2015,1,11,2,0.000000,0.000000,0.000000,7.735910,5.525650,0.000000
243,2015,1,11,3,0.000000,0.000000,0.000000,11.781420,8.415300,0.000000
244,2015,1,11,4,0.000000,0.000000,0.000000,16.910740,12.079100,0.000000
245,2015,1,11,5,0.000000,0.000000,0.000000,16.447340,11.748100,0.000000
246,2015,1,11,6,0.000000,0.000000,0.000000,21.403550,15.288250,0.000000
247,2015,1,11,7,0.000000,0.000000,0.000000,21.371910,15.265650,0.000000
248,2015,1,11,8,0.000000,0.000000,0.000000,23.127720,16.519800,0.000000
249,2015,1,11,9,0.000000,0.000000,0.000000,21.744450,15.531750,0.000000
250,2015,1,11,10,0.000000,0.000000,0.000000,22.549100,16.106500,0.000000
251,2015,1,11,11,0.000000,0.000000,0.000000,27.167000,19.405000,0.000000
252,2015,1,11,12,0.000000,0.000000,0.000000,33.894980,24.210700,0.000000
253,2015,1,11,13,0.000000,0.000000,0.000000,38.759560,27.685400,0.000000
254,2015,1,11,14,0.000000,0.000000,0.000000,40.345900,28.818500,0.000000
255,2015,1,11,15,0.000000,0.000000,0.000000,36.447180,26.033700,0.000000
256,2015,1,11,16,0.000000,0.000000,0.000000,32.186420,22.990300,0.000000
257,2015,1,11,17,0.000000,0.000000,0.000000,27.892550,19.923250,0.000000
258,2015,1,11,18,0.000000,0.000000,0.000000,23.987320,17.133800,0.000000
259,2015,1,11,19,0.000000,0.000000,0.000000,24.616970,17.583550,0.000000
260,2015,1,11,20,0.000000,0.000000,0.000000,11.175430,7.982450,0.000000
261,2015,1,11,21,0.000000,0.000000,0.000000,7.372680,5.266200,0.000000
262,2015,1,11,22,0.000000,0.000000,0.000000,7.737310,5.526650,0.000000
263,2015,1,11,23,0.000000,0.000000,0.000000,5.107760,3.648400,0.000000
264,2015,1,11,24,0.000000,0.000000,0.000000,3.160010,2.257150,0.000000
265,2015,1,12,1,0.000000,0.000000,0.000000,3.863370,2.759550,0.000000
266,2015,1,12,2,0.000000,0.000000,0.000000,5.455870,3.897050,0.000000
267,2015,1,12,3,0.000000,0.000000,0.000000,5.976740,4.269100,0.000000
268,2015,1,12,4,0.000000,0.000000,0.000000,4.429390,3.163850,0.000000
269,2015,1,12,5,0.000000,0.000000,0.000000,12.123230,8.659450,0.000000
270,2015,1,12,6,0.000000,0.000000,0.000000,40.750850,29.107750,0.000000
271,2015,1,12,7,0.000000,0.000000,0.000000,41.389320,29.563800,0.000000
272,2015,1,12,8,0.000000,0.000000,0.000000,33.004720,23.574800,0.000000
273,2015,1,12,9,0.000000,0.000000,0.000000,32.500650,23.214750,0.000000
274,2015,1,12,10,0.000000,0.000000,0.000000,42.987490,30.705350,0.000000
275,2015,1,12,11,0.000000,0.000000,0.000000,55.198920,39.427800,0.000000
276,2015,1,12,12,0.000000,0.000000,0.000000,56.580370,40.414550,0.000000
277,2015,1,12,13,0.000000,0.000000,0.000000,55.177850,39.412750,0.000000
278,2015,1,12,14,0.000000,0.000000,0.000000,51.361310,36.686650,0.000000
279,2015,1,12,15,0.000000,0.000000,0.000000,53.528860,38.234900,0.000000
280,2015,1,12,16,0.000000,0.000000,0.000000,39.324740,28.089100,0.000000
281,2015,1,12,17,0.000000,0.000000,0.000000,37.399250,26.713750,0.000000
282,2015,1,12,18,0.000000,0.000000,0.000000,28.619850,20.442750,0.000000
283,2015,1,12,19,0.000000,0.000000,0.000000,20.986700,14.990500,0.000000
284,2015,1,12,20,0.000000,0.000000,0.000000,8.327340,5.948100,0.000000
285,2015,1,12,21,0.000000,0.000000,0.000000,4.154780,2.967700,0.000000
286,2015,1,12,22,0.000000,0.000000,0.000000,1.747130,1.247950,0.000000
287,2015,1,12,23,0.000000,0.000000,0.000000,3.417470,2.441050,0.000000
288,2015,1,12,24,0.000000,0.000000,0.000000,4.249700,3.035500,0.000000
289,2015,1,13,1,0.000000,0.000000,0.000000,9.712500,6.937500,0.000000
290,2015,1,13,2,0.000000,0.000000,0.000000,31.357550,22.398250,0.000000
291,2015,1,13,3,0.000000,0.000000,0.000000,43.546440,31.104600,0.000000
292,2015,1,13,4,0.000000,0.000000,0.000000,55.945050,39.960750,0.000000
293,2015,1,13,5,0.000000,0.000000,0.000000,40.993400,29.281000,0.000000
294,2015,1,13,6,0.000000,0.000000,0.000000,47.048750,33.606250,0.000000
295,2015,1,13,7,0.000000,0.000000,0.000000,54.495490,38.925350,0.000000
296,2015,1,13,8,0.000000,0.000000,0.000000,69.158250,49.398750,0.000000
297,2015,1,13,9,0.000000,0.000000,0.000000,65.353470,46.681050,0.000000
298,2015,1,13,10,0.000000,0.000000,0.000000,34.577130,24.697950,0.000000
299,2015,1,13,11,0.000000,0.000000,0.000000,25.981410,18.558150,0.000000
300,2015,1,13,12,0.000000,0.000000,0.000000,22.840300,16.314500,0.000000
301,2015,1,13,13,0.000000,0.000000,0.000000,16.851030,12.036450,0.000000
302,2015,1,13,14,0.000000,0.000000,0.000000,12.567380,8.976700,0.000000
303,2015,1,13,15,0.000000,0.000000,0.000000,7.285390,5.203850,0.000000
304,2015,1,13,16,0.000000,0.000000,0.000000,6.075860,4.339900,0.000000
305,2015,1,13,17,0.000000,0.000000,0.000000,3.515540,2.511100,0.000000
306,2015,1,13,18,0.000000,0.000000,0.000000,3.007130,2.147950,0.000000
307,2015,1,13,19,0.000000,0.000000,0.000000,4.256700,3.040500,0.000000
308,2015,1,13,20,0.000000,0.000000,0.000000,4.668510,3.334650,0.000000
309,2015,1,13,21,0.000000,0.000000,0.000000,9.527210,6.805150,0.000000
310,2015,1,13,22,0.000000,0.000000,0.000000,13.249810,9.464150,0.000000
311,2015,1,13,23,0.000000,0.000000,0.000000,16.235800,11.597000,0.000000
312,2015,1,13,24,0.000000,0.000000,0.000000,19.975550,14.268250,0.000000
313,2015,1,14,1,0.000000,0.000000,0.000000,26.381250,18.843750,0.000000
314,2015,1,14,2,0.000000,0.000000,0.000000,38.915450,27.796750,0.000000
315,2015,1,14,3,0.000000,0.000000,0.000000,46.218340,33.013100,0.000000
316,2015,1,14,4,0.000000,0.000000,0.000000,53.188660,37.991900,0.000000
317,2015,1,14,5,0.000000,0.000000,0.000000,51.477650,36.769750,0.000000
318,2015,1,14,6,0.000000,0.000000,0.000000,46.634840,33.310600,0.000000
319,2015,1,14,7,0.000000,0.000000,0.000000,33.312930,23.794950,0.000000
320,2015,1,14,8,0.000000,0.000000,0.000000,19.914230,14.224450,0.000000
321,2015,1,14,9,0.000000,0.000000,0.000000,8.441300,6.029500,0.000000
322,2015,1,14,10,0.000000,0.000000,0.000000,6.120870,4.372050,0.000000
323,2015,1,14,11,0.000000,0.000000,0.000000,4.238570,3.027550,0.000000
324,2015,1,14,12,0.000000,0.000000,0.000000,4.573940,3.267100,0.000000
325,2015,1,14,13,0.000000,0.000000,0.000000,2.844590,2.031850,0.000000
326,2015,1,14,14,0.000000,0.000000,0.000000,1.805300,1.289500,0.000000
327,2015,1,14,15,0.000000,0.000000,0.000000,1.032920,0.737800,0.000000
328,2015,1,14,16,0.000000,0.000000,0.000000,1.188460,0.848900,0.000000
329,2015,1,14,17,0.000000,0.000000,0.000000,4.378710,3.127650,0.000000
330,2015,1,14,18,0.000000,0.000000,0.000000,2.256240,1.611600,0.000000
331,2015,1,14,19,0.000000,0.000000,0.000000,0.720790,0.514850,0.000000
332,2015,1,14,20,0.000000,0.000000,0.000000,0.000000,0.000000,0.000000
333,2015,1,14,21,0.000000,0.000000,0.000000,0.000000,0.000000,0.000000
334,2015,1,14,22,0.000000,0.000000,0.000000,0.000000,0.000000,0.000000
335,2015,1,14,23,0.000000,0.000000,0.000000,0.675920,0.482800,0.000000
336,2015,1,14,24,0.000000,0.000000,0.000000,2.576910,1.840650,0.000000
337,2015,1,15,1,0.000000,0.000000,0.000000,6.670720,4.764800,0.000000
338,2015,1,15,2,0.000000,0.000000,0.000000,15.836380,11.311700,0.000000
339,2015,1,15,3,0.000000,0.000000,0.000000,27.007330,19.290950,0.000000
340,2015,1,15,4,0.000000,0.000000,0.000000,29.127630,20.805450,0.000000
341,2015,1,15,5,0.000000,0.000000,0.000000,21.241010,15.172150,0.000000
342,2015,1,15,6,0.000000,0.000000,0.000000,18.503590,13.216850,0.000000
343,2015,1,15,7,0.000000,0.000000,0.000000,16.713410,11.938150,0.000000
344,2015,1,15,8,0.000000,0.000000,0.000000,14.642110,10.458650,0.000000
345,2015,1,15,9,0.000000,0.000000,0.000000,8.070020,5.764300,0.000000
346,2015,1,15,10,0.000000,0.000000,0.000000,5.007800,3.577000,0.000000
347,2015,1,15,11,0.000000,0.000000,0.000000,4.161150,2.972250,0.000000
348,2015,1,15,12,0.000000,0.000000,0.000000,3.617880,2.584200,0.000000
349,2015,1,15,13,0.000000,0.000000,0.000000,2.998170,2.141550,0.000000
350,2015,1,15,14,0.000000,0.000000,0.000000,3.582320,2.558800,0.000000
351,2015,1,15,15,0.000000,0.000000,0.000000,3.902430,2.787450,0.000000
352,2015,1,15,16,0.000000,0.000000,0.000000,4.207000,3.005000,0.000000
353,2015,1,15,17,0.000000,0.000000,0.000000,5.167050,3.690750,0.000000
354,2015,1,15,18,0.000000,0.000000,0.000000,6.842850,4.887750,0.000000
355,2015,1,15,19,0.000000,0.000000,0.000000,6.819820,4.871300,0.000000
356,2015,1,15,20,0.000000,0.000000,0.000000,2.746590,1.961850,0.000000
357,2015,1,15,21,0.000000,0.000000,0.000000,8.727810,6.234150,0.000000
358,2015,1,15,22,0.000000,0.000000,0.000000,9.428720,6.734800,0.000000
359,2015,1,15,23,0.000000,0.000000,0.000000,6.906270,4.933050,0.000000
360,2015,1,15,24,0.000000,0.000000,0.000000,4.612930,3.294950,0.000000
361,2015,1,16,1,0.000000,0.000000,0.000000,6.856640,4.897600,0.000000
362,2015,1,16,2,0.000000,0.000000,0.000000,15.906240,11.361600,0.000000
363,2015,1,16,3,0.000000,0.000000,0.000000,27.338360,19.527400,0.000000
364,2015,1,16,4,0.000000,0.000000,0.000000,36.906170,26.361550,0.000000
365,2015,1,16,5,0.000000,0.000000,0.000000,38.396190,27.425850,0.000000
366,2015,1,16,6,0.000000,0.000000,0.000000,35.754600,25.539000,0.000000
367,2015,1,16,7,0.000000,0.000000,0.000000,32.359880,23.114200,0.000000
368,2015,1,16,8,0.000000,0.000000,0.000000,27.150060,19.392900,0.000000
369,2015,1,16,9,0.000000,0.000000,0.000000,18.495260,13.210900,0.000000
370,2015,1,16,10,0.000000,0.000000,0.000000,11.482170,8.201550,0.000000
371,2015,1,16,11,0.000000,0.000000,0.000000,10.644060,7.602900,0.000000
372,2015,1,16,12,0.000000,0.000000,0.000000,10.982020,7.844300,0.000000
373,2015,1,16,13,0.000000,0.000000,0.000000,9.415980,6.725700,0.000000
374,2015,1,16,14,0.000000,0.000000,0.000000,9.796570,6.997550,0.000000
375,2015,1,16,15,0.000000,0.000000,0.000000,6.202840,4.430600,0.000000
376,2015,1,16,16,0.000000,0.000000,0.000000,3.902220,2.787300,0.000000
377,2015,1,16,17,0.000000,0.000000,0.000000,2.356900,1.683500,0.000000
378,2015,1,16,18,0.000000,0.000000,0.000000,3.474450,2.481750,0.000000
379,2015,1,16,19,0.000000,0.000000,0.000000,10.887450,7.776750,0.000000
380,2015,1,16,20,0.000000,0.000000,0.000000,9.212700,6.580500,0.000000
381,2015,1,16,21,0.000000,0.000000,0.000000,9.636130,6.882950,0.000000
382,2015,1,16,22,0.000000,0.000000,0.000000,12.684630,9.060450,0.000000
383,2015,1,16,23,0.000000,0.000000,0.000000,18.331180,13.093700,0.000000
384,2015,1,16,24,0.000000,0.000000,0.000000,25.735500,18.382500,0.000000
385,2015,1,17,1,0.000000,0.000000,0.000000,33.078640,23.627600,0.000000
386,2015,1,17,2,0.000000,0.000000,0.000000,42.321580,30.229700,0.000000
387,2015,1,17,3,0.000000,0.000000,0.000000,51.167550,36.548250,0.000000
388,2015,1,17,4,0.000000,0.000000,0.000000,52.507700,37.505500,0.000000
389,2015,1,17,5,0.000000,0.000000,0.000000,60.671660,43.336900,0.000000
390,2015,1,17,6,0.000000,0.000000,0.000000,64.331610,45.951150,0.000000
391,2015,1,17,7,0.000000,0.000000,0.000000,66.827180,47.733700,0.000000
392,2015,1,17,8,0.000000,0.000000,0.000000,60.380530,43.128950,0.000000
393,2015,1,17,9,0.000000,0.000000,0.000000,33.038040,23.598600,0.000000
394,2015,1,17,10,0.000000,0.000000,0.000000,6.197730,4.426950,0.000000
395,2015,1,17,11,0.000000,0.000000,0.000000,2.311610,1.651150,0.000000
396,2015,1,17,12,0.000000,0.000000,0.000000,10.652600,7.609000,0.000000
397,2015,1,17,13,0.000000,0.000000,0.000000,19.219690,13.728350,0.000000
398,2015,1,17,14,0.000000,0.000000,0.000000,24.844540,17.746100,0.000000
399,2015,1,17,15,0.000000,0.000000,0.000000,33.877900,24.198500,0.000000
400,2015,1,17,16,0.000000,0.000000,0.000000,44.533020,31.809300,0.000000
401,2015,1,17,17,0.000000,0.000000,0.000000,46.750200,33.393000,0.000000
402,2015,1,17,18,0.000000,0.000000,0.000000,39.955650,28.539750,0.000000
403,2015,1,17,19,0.000000,0.000000,0.000000,36.018430,25.727450,0.000000
404,2015,1,17,20,0.000000,0.000000,0.000000,34.504890,24.646350,0.000000
405,2015,1,17,21,0.000000,0.000000,0.000000,39.894610,28.496150,0.000000
406,2015,1,17,22,0.000000,0.000000,0.000000,48.237140,34.455100,0.000000
407,2015,1,17,23,0.000000,0.000000,0.000000,49.173740,35.124100,0.000000
408,2015,1,17,24,0.000000,0.000000,0.000000,46.077500,32.912500,0.000000
409,2015,1,18,1,0.000000,0.000000,0.000000,58.765210,41.975150,0.000000
410,2015,1,18,2,0.000000,0.000000,0.000000,63.791210,45.565150,0.000000
411,2015,1,18,3,0.000000,0.000000,0.000000,64.465730,46.046950,0.000000
412,2015,1,18,4,0.000000,0.000000,0.000000,64.695890,46.211350,0.000000
413,2015,1,18,5,0.000000,0.000000,0.000000,64.447810,46.034150,0.000000
414,2015,1,18,6,0.000000,0.000000,0.000000,52.236660,37.311900,0.000000
415,2015,1,18,7,0.000000,0.000000,0.000000,34.100150,24.357250,0.000000
416,2015,1,18,8,0.000000,0.000000,0.000000,36.414280,26.010200,0.000000
417,2015,1,18,9,0.000000,0.000000,0.000000,40.407640,28.862600,0.000000
418,2015,1,18,10,0.000000,0.000000,0.000000,49.877170,35.626550,0.000000
419,2015,1,18,11,0.000000,0.000000,0.000000,50.516340,36.083100,0.000000
420,2015,1,18,12,0.000000,0.000000,0.000000,52.845240,37.746600,0.000000
421,2015,1,18,13,0.000000,0.000000,0.000000,57.736980,41.240700,0.000000
422,2015,1,18,14,0.000000,0.000000,0.000000,57.116850,40.797750,0.000000
423,2015,1,18,15,0.000000,0.000000,0.000000,45.381560,32.415400,0.000000
424,2015,1,18,16,0.000000,0.000000,0.000000,50.925350,36.375250,0.000000
425,2015,1,18,17,0.000000,0.000000,0.000000,41.546260,29.675900,0.000000
426,2015,1,18,18,0.000000,0.000000,0.000000,40.415340,28.868100,0.000000
427,2015,1,18,19,0.000000,0.000000,0.000000,46.067910,32.905650,0.000000
428,2015,1,18,20,0.000000,0.000000,0.000000,43.965460,31.403900,0.000000
429,2015,1,18,21,0.000000,0.000000,0.000000,41.564180,29.688700,0.000000
430,2015,1,18,22,0.000000,0.000000,0.000000,51.875530,37.053950,0.000000
431,2015,1,18,23,0.000000,0.000000,0.000000,58.614920,41.867800,0.000000
432,2015,1,18,24,0.000000,0.000000,0.000000,57.231720,40.879800,0.000000
433,2015,1,19,1,0.000000,0.000000,0.000000,59.702440,42.644600,0.000000
434,2015,1,19,2,0.000000,0.000000,0.000000,54.281710,38.772650,0.000000
435,2015,1,19,3,0.000000,0.000000,0.000000,46.267270,33.048050,0.000000
436,2015,1,19,4,0.000000,0.000000,0.000000,45.883460,32.773900,0.000000
437,2015,1,19,5,0.000000,0.000000,0.000000,38.527510,27.519650,0.000000
438,2015,1,19,6,0.000000,0.000000,0.000000,36.331750,25.951250,0.000000
439,2015,1,19,7,0.000000,0.000000,0.000000,43.855140,31.325100,0.000000
440,2015,1,19,8,0.000000,0.000000,0.000000,50.639050,36.170750,0.000000
441,2015,1,19,9,0.000000,0.000000,0.000000,42.887880,30.634200,0.000000
442,2015,1,19,10,0.000000,0.000000,0.000000,50.457680,36.041200,0.000000
443,2015,1,19,11,0.000000,0.000000,0.000000,43.444870,31.032050,0.000000
444,2015,1,19,12,0.000000,0.000000,0.000000,54.370750,38.836250,0.000000
445,2015,1,19,13,0.000000,0.000000,0.000000,49.998690,35.713350,0.000000
446,2015,1,19,14,0.000000,0.000000,0.000000,53.015550,37.868250,0.000000
447,2015,1,19,15,0.000000,0.000000,0.000000,50.444030,36.031450,0.000000
448,2015,1,19,16,0.000000,0.000000,0.000000,49.227290,35.162350,0.000000
449,2015,1,19,17,0.000000,0.000000,0.000000,49.195090,35.139350,0.000000
450,2015,1,19,18,0.000000,0.000000,0.000000,46.032770,32.880550,0.000000
451,2015,1,19,19,0.000000,0.000000,0.000000,49.265930,35.189950,0.000000
452,2015,1,19,20,0.000000,0.000000,0.000000,44.216130,31.582950,0.000000
453,2015,1,19,21,0.000000,0.000000,0.000000,40.210030,28.721450,0.000000
454,2015,1,19,22,0.000000,0.000000,0.000000,49.944370,35.674550,0.000000
455,2015,1,19,23,0.000000,0.000000,0.000000,51.118060,36.512900,0.000000
456,2015,1,19,24,0.000000,0.000000,0.000000,52.430140,37.450100,0.000000
457,2015,1,20,1,0.000000,0.000000,0.000000,50.921780,36.372700,0.000000
458,2015,1,20,2,0.000000,0.000000,0.000000,64.123430,45.802450,0.000000
459,2015,1,20,3,0.000000,0.000000,0.000000,68.579980,48.985700,0.000000
460,2015,1,20,4,0.000000,0.000000,0.000000,68.415690,48.868350,0.000000
461,2015,1,20,5,0.000000,0.000000,0.000000,68.241950,48.744250,0.000000
462,2015,1,20,6,0.000000,0.000000,0.000000,67.174730,47.981950,0.000000
463,2015,1,20,7,0.000000,0.000000,0.000000,66.171210,47.265150,0.000000
464,2015,1,20,8,0.000000,0.000000,0.000000,64.776320,46.268800,0.000000
465,2015,1,20,9,0.000000,0.000000,0.000000,48.702500,34.787500,0.000000
466,2015,1,20,10,0.000000,0.000000,0.000000,39.581850,28.272750,0.000000
467,2015,1,20,11,0.000000,0.000000,0.000000,33.052040,23.608600,0.000000
468,2015,1,20,12,0.000000,0.000000,0.000000,36.546650,26.104750,0.000000
469,2015,1,20,13,0.000000,0.000000,0.000000,38.639160,27.599400,0.000000
470,2015,1,20,14,0.000000,0.000000,0.000000,34.195000,24.425000,0.000000
471,2015,1,20,15,0.000000,0.000000,0.000000,26.848430,19.177450,0.000000
472,2015,1,20,16,0.000000,0.000000,0.000000,25.455640,18.182600,0.000000
473,2015,1,20,17,0.000000,0.000000,0.000000,24.829560,17.735400,0.000000
474,2015,1,20,18,0.000000,0.000000,0.000000,26.845980,19.175700,0.000000
475,2015,1,20,19,0.000000,0.000000,0.000000,26.916260,19.225900,0.000000
476,2015,1,20,20,0.000000,0.000000,0.000000,22.349880,15.964200,0.000000
477,2015,1,20,21,0.000000,0.000000,0.000000,27.444200,19.603000,0.000000
478,2015,1,20,22,0.000000,0.000000,0.000000,39.197760,27.998400,0.000000
479,2015,1,20,23,0.000000,0.000000,0.000000,42.915810,30.654150,0.000000
480,2015,1,20,24,0.000000,0.000000,0.000000,44.611770,31.865550,0.000000
481,2015,1,21,1,0.000000,0.000000,0.000000,51.735810,36.954150,0.000000
482,2015,1,21,2,0.000000,0.000000,0.000000,55.779850,39.842750,0.000000
483,2015,1,21,3,0.000000,0.000000,0.000000,59.505390,42.503850,0.000000
484,2015,1,21,4,0.000000,0.000000,0.000000,60.561130,43.257950,0.000000
485,2015,1,21,5,0.000000,0.000000,0.000000,62.392470,44.566050,0.000000
486,2015,1,21,6,0.000000,0.000000,0.000000,64.753780,46.252700,0.000000
487,2015,1,21,7,0.000000,0.000000,0.000000,54.024320,38.588800,0.000000
488,2015,1,21,8,0.000000,0.000000,0.000000,31.552080,22.537200,0.000000
489,2015,1,21,9,0.000000,0.000000,0.000000,20.936230,14.954450,0.000000
490,2015,1,21,10,0.000000,0.000000,0.000000,15.271270,10.908050,0.000000
491,2015,1,21,11,0.000000,0.000000,0.000000,9.019990,6.442850,0.000000
492,2015,1,21,12,0.000000,0.000000,0.000000,6.076000,4.340000,0.000000
493,2015,1,21,13,0.000000,0.000000,0.000000,5.357870,3.827050,0.000000
494,2015,1,21,14,0.000000,0.000000,0.000000,4.655700,3.325500,0.000000
495,2015,1,21,15,0.000000,0.000000,0.000000,0.572460,0.408900,0.000000
496,2015,1,21,16,0.000000,0.000000,0.000000,0.000000,0.000000,0.000000
497,2015,1,21,17,0.000000,0.000000,0.000000,0.971600,0.694000,0.000000
498,2015,1,21,18,0.000000,0.000000,0.000000,2.686250,1.918750,0.000000
499,2015,1,21,19,0.000000,0.000000,0.000000,3.448340,2.463100,0.000000
500,2015,1,21,20,0.000000,0.000000,0.000000,0.472710,0.337650,0.000000
501,2015,1,21,21,0.000000,0.000000,0.000000,0.000000,0.000000,0.000000
502,2015,1,21,22,0.000000,0.000000,0.000000,0.000000,0.000000,0.000000
503,2015,1,21,23,0.000000,0.000000,0.000000,0.419230,0.299450,0.000000
504,2015,1,21,24,0.000000,0.000000,0.000000,0.454790,0.324850,0.000000
505,2015,1,22,1,0.000000,0.000000,0.000000,0.668640,0.477600,0.000000
506,2015,1,22,2,0.000000,0.000000,0.000000,0.000000,0.000000,0.000000
507,2015,1,22,3,0.000000,0.000000,0.000000,1.882020,1.344300,0.000000
508,2015,1,22,4,0.000000,0.000000,0.000000,3.908450,2.791750,0.000000
509,2015,1,22,5,0.000000,0.000000,0.000000,8.220450,5.871750,0.000000
510,2015,1,22,6,0.000000,0.000000,0.000000,7.515690,5.368350,0.000000
511,2015,1,22,7,0.000000,0.000000,0.000000,8.227940,5.877100,0.000000
512,2015,1,22,8,0.000000,0.000000,0.000000,10.778180,7.698700,0.000000
513,2015,1,22,9,0.000000,0.000000,0.000000,7.592130,5.422950,0.000000
514,2015,1,22,10,0.000000,0.000000,0.000000,7.010080,5.007200,0.000000
515,2015,1,22,11,0.000000,0.000000,0.000000,5.784030,4.131450,0.000000
516,2015,1,22,12,0.000000,0.000000,0.000000,6.221670,4.444050,0.000000
517,2015,1,22,13,0.000000,0.000000,0.000000,8.643880,6.174200,0.000000
518,2015,1,22,14,0.000000,0.000000,0.000000,11.215890,8.011350,0.000000
519,2015,1,22,15,0.000000,0.000000,0.000000,11.257120,8.040800,0.000000
520,2015,1,22,16,0.000000,0.000000,0.000000,13.140680,9.386200,0.000000
521,2015,1,22,17,0.000000,0.000000,0.000000,19.696110,14.068650,0.000000
522,2015,1,22,18,0.000000,0.000000,0.000000,12.916120,9.225800,0.000000
523,2015,1,22,19,0.000000,0.000000,0.000000,11.661580,8.329700,0.000000
524,2015,1,22,20,0.000000,0.000000,0.000000,13.500340,9.643100,0.000000
525,2015,1,22,21,0.000000,0.000000,0.000000,9.645440,6.889600,0.000000
526,2015,1,22,22,0.000000,0.000000,0.000000,8.372420,5.980300,0.000000
527,2015,1,22,23,0.000000,0.000000,0.000000,5.494510,3.924650,0.000000
528,2015,1,22,24,0.000000,0.000000,0.000000,2.545970,1.818550,0.000000
529,2015,1,23,1,0.000000,0.000000,0.000000,2.798670,1.999050,0.000000
530,2015,1,23,2,0.000000,0.000000,0.000000,26.925430,19.232450,0.000000
531,2015,1,23,3,0.000000,0.000000,0.000000,41.908580,29.934700,0.000000
532,2015,1,23,4,0.000000,0.000000,0.000000,57.193570,40.852550,0.000000
533,2015,1,23,5,0.000000,0.000000,0.000000,55.351170,39.536550,0.000000
534,2015,1,23,6,0.000000,0.000000,0.000000,54.961690,39.258350,0.000000
535,2015,1,23,7,0.000000,0.000000,0.000000,25.746490,18.390350,0.000000
536,2015,1,23,8,0.000000,0.000000,0.000000,9.213680,6.581200,0.000000
537,2015,1,23,9,0.000000,0.000000,0.000000,7.958090,5.684350,0.000000
538,2015,1,23,10,0.000000,0.000000,0.000000,9.862020,7.044300,0.000000
539,2015,1,23,11,0.000000,0.000000,0.000000,3.935890,2.811350,0.000000
540,2015,1,23,12,0.000000,0.000000,0.000000,3.835930,2.739950,0.000000
541,2015,1,23,13,0.000000,0.000000,0.000000,7.047250,5.033750,0.000000
542,2015,1,23,14,0.000000,0.000000,0.000000,18.581920,13.272800,0.000000
543,2015,1,23,15,0.000000,0.000000,0.000000,18.273780,13.052700,0.000000
544,2015,1,23,16,0.000000,0.000000,0.000000,29.874180,21.338700,0.000000
545,2015,1,23,17,0.000000,0.000000,0.000000,36.577660,26.126900,0.000000
546,2015,1,23,18,0.000000,0.000000,0.000000,46.998700,33.570500,0.000000
547,2015,1,23,19,0.000000,0.000000,0.000000,44.741900,31.958500,0.000000
548,2015,1,23,20,0.000000,0.000000,0.000000,48.754230,34.824450,0.000000
549,2015,1,23,21,0.000000,0.000000,0.000000,57.547840,41.105600,0.000000
550,2015,1,23,22,0.000000,0.000000,0.000000,51.377130,36.697950,0.000000
551,2015,1,23,23,0.000000,0.000000,0.000000,45.711610,32.651150,0.000000
552,2015,1,23,24,0.000000,0.000000,0.000000,46.925970,33.518550,0.000000
553,2015,1,24,1,0.000000,0.000000,0.000000,44.845780,32.032700,0.000000
554,2015,1,24,2,0.000000,0.000000,0.000000,43.487850,31.062750,0.000000
555,2015,1,24,3,0.000000,0.000000,0.000000,41.544230,29.674450,0.000000
556,2015,1,24,4,0.000000,0.000000,0.000000,43.315440,30.939600,0.000000
557,2015,1,24,5,0.000000,0.000000,0.000000,44.358440,31.684600,0.000000
558,2015,1,24,6,0.000000,0.000000,0.000000,39.725350,28.375250,0.000000
559,2015,1,24,7,0.000000,0.000000,0.000000,31.428040,22.448600,0.000000
560,2015,1,24,8,0.000000,0.000000,0.000000,19.238730,13.741950,0.000000
561,2015,1,24,9,0.000000,0.000000,0.000000,7.248360,5.177400,0.000000
562,2015,1,24,10,0.000000,0.000000,0.000000,8.393770,5.995550,0.000000
563,2015,1,24,11,0.000000,0.000000,0.000000,6.650000,4.750000,0.000000
564,2015,1,24,12,0.000000,0.000000,0.000000,3.118920,2.227800,0.000000
565,2015,1,24,13,0.000000,0.000000,0.000000,0.539420,0.385300,0.000000
566,2015,1,24,14,0.000000,0.000000,0.000000,2.920610,2.086150,0.000000
567,2015,1,24,15,0.000000,0.000000,0.000000,6.818490,4.870350,0.000000
568,2015,1,24,16,0.000000,0.000000,0.000000,5.976530,4.268950,0.000000
569,2015,1,24,17,0.000000,0.000000,0.000000,5.729640,4.092600,0.000000
570,2015,1,24,18,0.000000,0.000000,0.000000,4.521510,3.229650,0.000000
571,2015,1,24,19,0.000000,0.000000,0.000000,4.387040,3.133600,0.000000
572,2015,1,24,20,0.000000,0.000000,0.000000,0.753970,0.538550,0.000000
573,2015,1,24,21,0.000000,0.000000,0.000000,0.000000,0.000000,0.000000
574,2015,1,24,22,0.000000,0.000000,0.000000,0.000000,0.000000,0.000000
575,2015,1,24,23,0.000000,0.000000,0.000000,0.000000,0.000000,0.000000
576,2015,1,24,24,0.000000,0.000000,0.000000,1.821470,1.301050,0.000000
577,2015,1,25,1,0.000000,0.000000,0.000000,5.199950,3.714250,0.000000
578,2015,1,25,2,0.000000,0.000000,0.000000,8.874600,6.339000,0.000000
579,2015,1,25,3,0.000000,0.000000,0.000000,17.226580,12.304700,0.000000
580,2015,1,25,4,0.000000,0.000000,0.000000,17.523030,12.516450,0.000000
581,2015,1,25,5,0.000000,0.000000,0.000000,20.107010,14.362150,0.000000
582,2015,1,25,6,0.000000,0.000000,0.000000,19.424370,13.874550,0.000000
583,2015,1,25,7,0.000000,0.000000,0.000000,16.778160,11.984400,0.000000
584,2015,1,25,8,0.000000,0.000000,0.000000,13.350470,9.536050,0.000000
585,2015,1,25,9,0.000000,0.000000,0.000000,4.670260,3.335900,0.000000
586,2015,1,25,10,0.000000,0.000000,0.000000,4.448990,3.177850,0.000000
587,2015,1,25,11,0.000000,0.000000,0.000000,3.679970,2.628550,0.000000
588,2015,1,25,12,0.000000,0.000000,0.000000,2.251130,1.607950,0.000000
589,2015,1,25,13,0.000000,0.000000,0.000000,0.722820,0.516300,0.000000
590,2015,1,25,14,0.000000,0.000000,0.000000,0.000000,0.000000,0.000000
591,2015,1,25,15,0.000000,0.000000,0.000000,0.000000,0.000000,0.000000
592,2015,1,25,16,0.000000,0.000000,0.000000,0.000000,0.000000,0.000000
593,2015,1,25,17,0.000000,0.000000,0.000000,0.426720,0.304800,0.000000
594,2015,1,25,18,0.000000,0.000000,0.000000,0.424690,0.303350,0.000000
595,2015,1,25,19,0.000000,0.000000,0.000000,0.000000,0.000000,0.000000
596,2015,1,25,20,0.000000,0.000000,0.000000,0.000000,0.000000,0.000000
597,2015,1,25,21,0.000000,0.000000,0.000000,0.000000,0.000000,0.000000
598,2015,1,25,22,0.000000,0.000000,0.000000,0.000000,0.000000,0.000000
599,2015,1,25,23,0.000000,0.000000,0.000000,2.631860,1.879900,0.000000
600,2015,1,25,24,0.000000,0.000000,0.000000,2.200800,1.572000,0.000000
601,2015,1,26,1,0.000000,0.000000,0.000000,4.735010,3.382150,0.000000
602,2015,1,26,2,0.000000,0.000000,0.000000,7.330960,5.236400,0.000000
603,2015,1,26,3,0.000000,0.000000,0.000000,10.512880,7.509200,0.000000
604,2015,1,26,4,0.000000,0.000000,0.000000,14.815850,10.582750,0.000000
605,2015,1,26,5,0.000000,0.000000,0.000000,14.848680,10.606200,0.000000
606,2015,1,26,6,0.000000,0.000000,0.000000,14.801500,10.572500,0.000000
607,2015,1,26,7,0.000000,0.000000,0.000000,15.017520,10.726800,0.000000
608,2015,1,26,8,0.000000,0.000000,0.000000,12.493950,8.924250,0.000000
609,2015,1,26,9,0.000000,0.000000,0.000000,9.869440,7.049600,0.000000
610,2015,1,26,10,0.000000,0.000000,0.000000,5.896240,4.211600,0.000000
611,2015,1,26,11,0.000000,0.000000,0.000000,6.708730,4.791950,0.000000
612,2015,1,26,12,0.000000,0.000000,0.000000,7.616560,5.440400,0.000000
613,2015,1,26,13,0.000000,0.000000,0.000000,9.656010,6.897150,0.000000
614,2015,1,26,14,0.000000,0.000000,0.000000,8.317330,5.940950,0.000000
615,2015,1,26,15,0.000000,0.000000,0.000000,9.431590,6.736850,0.000000
616,2015,1,26,16,0.000000,0.000000,0.000000,10.268020,7.334300,0.000000
617,2015,1,26,17,0.000000,0.000000,0.000000,10.997420,7.855300,0.000000
618,2015,1,26,18,0.000000,0.000000,0.000000,5.395250,3.853750,0.000000
619,2015,1,26,19,0.000000,0.000000,0.000000,0.907060,0.647900,0.000000
620,2015,1,26,20,0.000000,0.000000,0.000000,2.060240,1.471600,0.000000
621,2015,1,26,21,0.000000,0.000000,0.000000,0.000000,0.000000,0.000000
622,2015,1,26,22,0.000000,0.000000,0.000000,1.234030,0.881450,0.000000
623,2015,1,26,23,0.000000,0.000000,0.000000,5.674970,4.053550,0.000000
624,2015,1,26,24,0.000000,0.000000,0.000000,13.057870,9.327050,0.000000
625,2015,1,27,1,0.000000,0.000000,0.000000,19.424650,13.874750,0.000000
626,2015,1,27,2,0.000000,0.000000,0.000000,28.820610,20.586150,0.000000
627,2015,1,27,3,0.000000,0.000000,0.000000,34.205920,24.432800,0.000000
628,2015,1,27,4,0.000000,0.000000,0.000000,39.159470,27.971050,0.000000
629,2015,1,27,5,0.000000,0.000000,0.000000,39.158070,27.970050,0.000000
630,2015,1,27,6,0.000000,0.000000,0.000000,30.041760,21.458400,0.000000
631,2015,1,27,7,0.000000,0.000000,0.000000,18.655350,13.325250,0.000000
632,2015,1,27,8,0.000000,0.000000,0.000000,16.396800,11.712000,0.000000
633,2015,1,27,9,0.000000,0.000000,0.000000,14.087500,10.062500,0.000000
634,2015,1,27,10,0.000000,0.000000,0.000000,7.592410,5.423150,0.000000
635,2015,1,27,11,0.000000,0.000000,0.000000,4.494770,3.210550,0.000000
636,2015,1,27,12,0.000000,0.000000,0.000000,5.178600,3.699000,0.000000
637,2015,1,27,13,0.000000,0.000000,0.000000,4.766300,3.404500,0.000000
638,2015,1,27,14,0.000000,0.000000,0.000000,4.459140,3.185100,0.000000
639,2015,1,27,15,0.000000,0.000000,0.000000,3.478300,2.484500,0.000000
640,2015,1,27,16,0.000000,0.000000,0.000000,1.304380,0.931700,0.000000
641,2015,1,27,17,0.000000,0.000000,0.000000,1.141490,0.815350,0.000000
642,2015,1,27,18,0.000000,0.000000,0.000000,1.854930,1.324950,0.000000
643,2015,1,27,19,0.000000,0.000000,0.000000,2.069270,1.478050,0.000000
644,2015,1,27,20,0.000000,0.000000,0.000000,0.816270,0.583050,0.000000
645,2015,1,27,21,0.000000,0.000000,0.000000,1.812860,1.294900,0.000000
646,2015,1,27,22,0.000000,0.000000,0.000000,3.212790,2.294850,0.000000
647,2015,1,27,23,0.000000,0.000000,0.000000,4.752510,3.394650,0.000000
648,2015,1,27,24,0.000000,0.000000,0.000000,8.774500,6.267500,0.000000
649,2015,1,28,1,0.000000,0.000000,0.000000,15.279600,10.914000,0.000000
650,2015,1,28,2,0.000000,0.000000,0.000000,14.432670,10.309050,0.000000
651,2015,1,28,3,0.000000,0.000000,0.000000,19.478480,13.913200,0.000000
652,2015,1,28,4,0.000000,0.000000,0.000000,26.841990,19.172850,0.000000
653,2015,1,28,5,0.000000,0.000000,0.000000,33.442640,23.887600,0.000000
654,2015,1,28,6,0.000000,0.000000,0.000000,33.502910,23.930650,0.000000
655,2015,1,28,7,0.000000,0.000000,0.000000,20.070120,14.335800,0.000000
656,2015,1,28,8,0.000000,0.000000,0.000000,11.792270,8.423050,0.000000
657,2015,1,28,9,0.000000,0.000000,0.000000,4.858140,3.470100,0.000000
658,2015,1,28,10,0.000000,0.000000,0.000000,2.806440,2.004600,0.000000
659,2015,1,28,11,0.000000,0.000000,0.000000,1.491770,1.065550,0.000000
660,2015,1,28,12,0.000000,0.000000,0.000000,0.563780,0.402700,0.000000
661,2015,1,28,13,0.000000,0.000000,0.000000,0.000000,0.000000,0.000000
662,2015,1,28,14,0.000000,0.000000,0.000000,0.000000,0.000000,0.000000
663,2015,1,28,15,0.000000,0.000000,0.000000,1.286950,0.919250,0.000000
664,2015,1,28,16,0.000000,0.000000,0.000000,1.439130,1.027950,0.000000
665,2015,1,28,17,0.000000,0.000000,0.000000,2.223270,1.588050,0.000000
666,2015,1,28,18,0.000000,0.000000,0.000000,3.463180,2.473700,0.000000
667,2015,1,28,19,0.000000,0.000000,0.000000,5.469310,3.906650,0.000000
668,2015,1,28,20,0.000000,0.000000,0.000000,5.823510,4.159650,0.000000
669,2015,1,28,21,0.000000,0.000000,0.000000,6.946660,4.961900,0.000000
670,2015,1,28,22,0.000000,0.000000,0.000000,11.943470,8.531050,0.000000
671,2015,1,28,23,0.000000,0.000000,0.000000,9.319240,6.656600,0.000000
672,2015,1,28,24,0.000000,0.000000,0.000000,7.106120,5.075800,0.000000
673,2015,1,29,1,0.000000,0.000000,0.000000,9.291450,6.636750,0.000000
674,2015,1,29,2,0.000000,0.000000,0.000000,15.899100,11.356500,0.000000
675,2015,1,29,3,0.000000,0.000000,0.000000,23.131430,16.522450,0.000000
676,2015,1,29,4,0.000000,0.000000,0.000000,33.253430,23.752450,0.000000
677,2015,1,29,5,0.000000,0.000000,0.000000,35.954520,25.681800,0.000000
678,2015,1,29,6,0.000000,0.000000,0.000000,31.735550,22.668250,0.000000
679,2015,1,29,7,0.000000,0.000000,0.000000,26.996690,19.283350,0.000000
680,2015,1,29,8,0.000000,0.000000,0.000000,18.543280,13.245200,0.000000
681,2015,1,29,9,0.000000,0.000000,0.000000,7.414610,5.296150,0.000000
682,2015,1,29,10,0.000000,0.000000,0.000000,2.924810,2.089150,0.000000
683,2015,1,29,11,0.000000,0.000000,0.000000,1.717170,1.226550,0.000000
684,2015,1,29,12,0.000000,0.000000,0.000000,1.090180,0.778700,0.000000
685,2015,1,29,13,0.000000,0.000000,0.000000,0.000000,0.000000,0.000000
686,2015,1,29,14,0.000000,0.000000,0.000000,0.823270,0.588050,0.000000
687,2015,1,29,15,0.000000,0.000000,0.000000,3.224620,2.303300,0.000000
688,2015,1,29,16,0.000000,0.000000,0.000000,4.819920,3.442800,0.000000
689,2015,1,29,17,0.000000,0.000000,0.000000,7.752570,5.537550,0.000000
690,2015,1,29,18,0.000000,0.000000,0.000000,6.182610,4.416150,0.000000
691,2015,1,29,19,0.000000,0.000000,0.000000,8.090880,5.779200,0.000000
692,2015,1,29,20,0.000000,0.000000,0.000000,4.894190,3.495850,0.000000
693,2015,1,29,21,0.000000,0.000000,0.000000,6.367270,4.548050,0.000000
694,2015,1,29,22,0.000000,0.000000,0.000000,9.503970,6.788550,0.000000
695,2015,1,29,23,0.000000,0.000000,0.000000,12.940970,9.243550,0.000000
696,2015,1,29,24,0.000000,0.000000,0.000000,15.344000,10.960000,0.000000
697,2015,1,30,1,0.000000,0.000000,0.000000,19.540290,13.957350,0.000000
698,2015,1,30,2,0.000000,0.000000,0.000000,25.070080,17.907200,0.000000
699,2015,1,30,3,0.000000,0.000000,0.000000,34.070470,24.336050,0.000000
700,2015,1,30,4,0.000000,0.000000,0.000000,33.259940,23.757100,0.000000
701,2015,1,30,5,0.000000,0.000000,0.000000,29.429190,21.020850,0.000000
702,2015,1,30,6,0.000000,0.000000,0.000000,21.339990,15.242850,0.000000
703,2015,1,30,7,0.000000,0.000000,0.000000,13.887370,9.919550,0.000000
704,2015,1,30,8,0.000000,0.000000,0.000000,11.304720,8.074800,0.000000
705,2015,1,30,9,0.000000,0.000000,0.000000,6.437760,4.598400,0.000000
706,2015,1,30,10,0.000000,0.000000,0.000000,2.899470,2.071050,0.000000
707,2015,1,30,11,0.000000,0.000000,0.000000,3.543050,2.530750,0.000000
708,2015,1,30,12,0.000000,0.000000,0.000000,2.767030,1.976450,0.000000
709,2015,1,30,13,0.000000,0.000000,0.000000,4.039420,2.885300,0.000000
710,2015,1,30,14,0.000000,0.000000,0.000000,4.439120,3.170800,0.000000
711,2015,1,30,15,0.000000,0.000000,0.000000,7.245560,5.175400,0.000000
712,2015,1,30,16,0.000000,0.000000,0.000000,9.264640,6.617600,0.000000
713,2015,1,30,17,0.000000,0.000000,0.000000,13.513850,9.652750,0.000000
714,2015,1,30,18,0.000000,0.000000,0.000000,19.445860,13.889900,0.000000
715,2015,1,30,19,0.000000,0.000000,0.000000,28.692580,20.494700,0.000000
716,2015,1,30,20,0.000000,0.000000,0.000000,28.439670,20.314050,0.000000
717,2015,1,30,21,0.000000,0.000000,0.000000,33.342890,23.816350,0.000000
718,2015,1,30,22,0.000000,0.000000,0.000000,27.623190,19.730850,0.000000
719,2015,1,30,23,0.000000,0.000000,0.000000,22.726830,16.233450,0.000000
720,2015,1,30,24,0.000000,0.000000,0.000000,13.675970,9.768550,0.000000
721,2015,1,31,1,0.000000,0.000000,0.000000,6.905360,4.932400,0.000000
722,2015,1,31,2,0.000000,0.000000,0.000000,6.283550,4.488250,0.000000
723,2015,1,31,3,0.000000,0.000000,0.000000,12.233410,8.738150,0.000000
724,2015,1,31,4,0.000000,0.000000,0.000000,21.469210,15.335150,0.000000
725,2015,1,31,5,0.000000,0.000000,0.000000,33.348980,23.820700,0.000000
726,2015,1,31,6,0.000000,0.000000,0.000000,53.777640,38.412600,0.000000
727,2015,1,31,7,0.000000,0.000000,0.000000,59.385200,42.418000,0.000000
728,2015,1,31,8,0.000000,0.000000,0.000000,53.203500,38.002500,0.000000
729,2015,1,31,9,0.000000,0.000000,0.000000,42.009660,30.006900,0.000000
730,2015,1,31,10,0.000000,0.000000,0.000000,32.790870,23.422050,0.000000
731,2015,1,31,11,0.000000,0.000000,0.000000,31.194030,22.281450,0.000000
732,2015,1,31,12,0.000000,0.000000,0.000000,36.249010,25.892150,0.000000
733,2015,1,31,13,0.000000,0.000000,0.000000,39.540480,28.243200,0.000000
734,2015,1,31,14,0.000000,0.000000,0.000000,41.241620,29.458300,0.000000
735,2015,1,31,15,0.000000,0.000000,0.000000,40.179440,28.699600,0.000000
736,2015,1,31,16,0.000000,0.000000,0.000000,50.794170,36.281550,0.000000
737,2015,1,31,17,0.000000,0.000000,0.000000,58.919140,42.085100,0.000000
738,2015,1,31,18,0.000000,0.000000,0.000000,60.638480,43.313200,0.000000
739,2015,1,31,19,0.000000,0.000000,0.000000,61.643820,44.031300,0.000000
740,2015,1,31,20,0.000000,0.000000,0.000000,62.331290,44.522350,0.000000
741,2015,1,31,21,0.000000,0.000000,0.000000,63.665490,45.475350,0.000000
742,2015,1,31,22,0.000000,0.000000,0.000000,63.890820,45.636300,0.000000
743,2015,1,31,23,0.000000,0.000000,0.000000,61.956510,44.254650,0.000000
744,2015,1,31,24,0.000000,0.000000,0.000000,55.471290,39.622350,0.000000
745,2015,2,1,1,0.000000,0.000000,0.000000,47.351920,33.822800,0.000000
746,2015,2,1,2,0.000000,0.000000,0.000000,38.068240,27.191600,0.000000
747,2015,2,1,3,0.000000,0.000000,0.000000,30.773540,21.981100,0.000000
748,2015,2,1,4,0.000000,0.000000,0.000000,26.299770,18.785550,0.000000
749,2015,2,1,5,0.000000,0.000000,0.000000,16.480450,11.771750,0.000000
750,2015,2,1,6,0.000000,0.000000,0.000000,14.900270,10.643050,0.000000
751,2015,2,1,7,0.000000,0.000000,0.000000,29.486240,21.061600,0.000000
752,2015,2,1,8,0.000000,0.000000,0.000000,52.302460,37.358900,0.000000
753,2015,2,1,9,0.000000,0.000000,0.000000,51.667350,36.905250,0.000000
754,2015,2,1,10,0.000000,0.000000,0.000000,44.298870,31.642050,0.000000
755,2015,2,1,11,0.000000,0.000000,0.000000,32.981130,23.557950,0.000000
756,2015,2,1,12,0.000000,0.000000,0.000000,25.445280,18.175200,0.000000
757,2015,2,1,13,0.000000,0.000000,0.000000,20.850970,14.893550,0.000000
758,2015,2,1,14,0.000000,0.000000,0.000000,17.302320,12.358800,0.000000
759,2015,2,1,15,0.000000,0.000000,0.000000,13.961710,9.972650,0.000000
760,2015,2,1,16,0.000000,0.000000,0.000000,9.359350,6.685250,0.000000
761,2015,2,1,17,0.000000,0.000000,0.000000,9.108400,6.506000,0.000000
762,2015,2,1,18,0.000000,0.000000,0.000000,10.614380,7.581700,0.000000
763,2015,2,1,19,0.000000,0.000000,0.000000,10.414250,7.438750,0.000000
764,2015,2,1,20,0.000000,0.000000,0.000000,6.318830,4.513450,0.000000
765,2015,2,1,21,0.000000,0.000000,0.000000,6.494320,4.638800,0.000000
766,2015,2,1,22,0.000000,0.000000,0.000000,5.282130,3.772950,0.000000
767,2015,2,1,23,0.000000,0.000000,0.000000,5.831560,4.165400,0.000000
768,2015,2,1,24,0.000000,0.000000,0.000000,10.206910,7.290650,0.000000
769,2015,2,2,1,0.000000,0.000000,0.000000,16.550030,11.821450,0.000000
770,2015,2,2,2,0.000000,0.000000,0.000000,28.246960,20.176400,0.000000
771,2015,2,2,3,0.000000,0.000000,0.000000,37.528260,26.805900,0.000000
772,2015,2,2,4,0.000000,0.000000,0.000000,49.048580,35.034700,0.000000
773,2015,2,2,5,0.000000,0.000000,0.000000,61.953500,44.252500,0.000000
774,2015,2,2,6,0.000000,0.000000,0.000000,63.332570,45.237550,0.000000
775,2015,2,2,7,0.000000,0.000000,0.000000,63.140350,45.100250,0.000000
776,2015,2,2,8,0.000000,0.000000,0.000000,58.610300,41.864500,0.000000
777,2015,2,2,9,0.000000,0.000000,0.000000,53.977000,38.555000,0.000000
778,2015,2,2,10,0.000000,0.000000,0.000000,44.736860,31.954900,0.000000
779,2015,2,2,11,0.000000,0.000000,0.000000,37.889110,27.063650,0.000000
780,2015,2,2,12,0.000000,0.000000,0.000000,32.904620,23.503300,0.000000
781,2015,2,2,13,0.000000,0.000000,0.000000,28.668570,20.477550,0.000000
782,2015,2,2,14,0.000000,0.000000,0.000000,24.495450,17.496750,0.000000
783,2015,2,2,15,0.000000,0.000000,0.000000,22.960280,16.400200,0.000000
784,2015,2,2,16,0.000000,0.000000,0.000000,18.138050,12.955750,0.000000
785,2015,2,2,17,0.000000,0.000000,0.000000,16.056530,11.468950,0.000000
786,2015,2,2,18,0.000000,0.000000,0.000000,17.032120,12.165800,0.000000
787,2015,2,2,19,0.000000,0.000000,0.000000,15.421490,11.015350,0.000000
788,2015,2,2,20,0.000000,0.000000,0.000000,11.782610,8.416150,0.000000
789,2015,2,2,21,0.000000,0.000000,0.000000,8.206800,5.862000,0.000000
790,2015,2,2,22,0.000000,0.000000,0.000000,7.706300,5.504500,0.000000
791,2015,2,2,23,0.000000,0.000000,0.000000,5.037270,3.598050,0.000000
792,2015,2,2,24,0.000000,0.000000,0.000000,3.677590,2.626850,0.000000
793,2015,2,3,1,0.000000,0.000000,0.000000,5.906040,4.218600,0.000000
794,2015,2,3,2,0.000000,0.000000,0.000000,10.586310,7.561650,0.000000
795,2015,2,3,3,0.000000,0.000000,0.000000,20.375250,14.553750,0.000000
796,2015,2,3,4,0.000000,0.000000,0.000000,35.684670,25.489050,0.000000
797,2015,2,3,5,0.000000,0.000000,0.000000,50.772610,36.266150,0.000000
798,2015,2,3,6,0.000000,0.000000,0.000000,61.313420,43.795300,0.000000
799,2015,2,3,7,0.000000,0.000000,0.000000,62.349630,44.535450,0.000000
800,2015,2,3,8,0.000000,0.000000,0.000000,58.244340,41.603100,0.000000
801,2015,2,3,9,0.000000,0.000000,0.000000,51.128910,36.520650,0.000000
802,2015,2,3,10,0.000000,0.000000,0.000000,49.256410,35.183150,0.000000
803,2015,2,3,11,0.000000,0.000000,0.000000,52.540320,37.528800,0.000000
804,2015,2,3,12,0.000000,0.000000,0.000000,57.476440,41.054600,0.000000
805,2015,2,3,13,0.000000,0.000000,0.000000,60.971120,43.550800,0.000000
806,2015,2,3,14,0.000000,0.000000,0.000000,62.352780,44.537700,0.000000
807,2015,2,3,15,0.000000,0.000000,0.000000,61.247550,43.748250,0.000000
808,2015,2,3,16,0.000000,0.000000,0.000000,60.678450,43.341750,0.000000
809,2015,2,3,17,0.000000,0.000000,0.000000,57.494010,41.067150,0.000000
810,2015,2,3,18,0.000000,0.000000,0.000000,53.467120,38.190800,0.000000
811,2015,2,3,19,0.000000,0.000000,0.000000,51.202410,36.573150,0.000000
812,2015,2,3,20,0.000000,0.000000,0.000000,42.901110,30.643650,0.000000
813,2015,2,3,21,0.000000,0.000000,0.000000,31.728340,22.663100,0.000000
814,2015,2,3,22,0.000000,0.000000,0.000000,23.298310,16.641650,0.000000
815,2015,2,3,23,0.000000,0.000000,0.000000,19.601960,14.001400,0.000000
816,2015,2,3,24,0.000000,0.000000,0.000000,16.133810,11.524150,0.000000
817,2015,2,4,1,0.000000,0.000000,0.000000,17.537520,12.526800,0.000000
818,2015,2,4,2,0.000000,0.000000,0.000000,23.382030,16.701450,0.000000
819,2015,2,4,3,0.000000,0.000000,0.000000,30.553530,21.823950,0.000000
820,2015,2,4,4,0.000000,0.000000,0.000000,47.877550,34.198250,0.000000
821,2015,2,4,5,0.000000,0.000000,0.000000,55.611710,39.722650,0.000000
822,2015,2,4,6,0.000000,0.000000,0.000000,56.834820,40.596300,0.000000
823,2015,2,4,7,0.000000,0.000000,0.000000,60.073720,42.909800,0.000000
824,2015,2,4,8,0.000000,0.000000,0.000000,61.499900,43.928500,0.000000
825,2015,2,4,9,0.000000,0.000000,0.000000,54.437880,38.884200,0.000000
826,2015,2,4,10,0.000000,0.000000,0.000000,54.124630,38.660450,0.000000
827,2015,2,4,11,0.000000,0.000000,0.000000,57.080170,40.771550,0.000000
828,2015,2,4,12,0.000000,0.000000,0.000000,60.712960,43.366400,0.000000
829,2015,2,4,13,0.000000,0.000000,0.000000,58.923900,42.088500,0.000000
830,2015,2,4,14,0.000000,0.000000,0.000000,56.056140,40.040100,0.000000
831,2015,2,4,15,0.000000,0.000000,0.000000,49.810460,35.578900,0.000000
832,2015,2,4,16,0.000000,0.000000,0.000000,41.505380,29.646700,0.000000
833,2015,2,4,17,0.000000,0.000000,0.000000,30.427810,21.734150,0.000000
834,2015,2,4,18,0.000000,0.000000,0.000000,24.840830,17.743450,0.000000
835,2015,2,4,19,0.000000,0.000000,0.000000,23.426480,16.733200,0.000000
836,2015,2,4,20,0.000000,0.000000,0.000000,20.163150,14.402250,0.000000
837,2015,2,4,21,0.000000,0.000000,0.000000,11.471390,8.193850,0.000000
838,2015,2,4,22,0.000000,0.000000,0.000000,11.230100,8.021500,0.000000
839,2015,2,4,23,0.000000,0.000000,0.000000,15.125320,10.803800,0.000000
840,2015,2,4,24,0.000000,0.000000,0.000000,24.526600,17.519000,0.000000
841,2015,2,5,1,0.000000,0.000000,0.000000,21.649740,15.464100,0.000000
842,2015,2,5,2,0.000000,0.000000,0.000000,23.856980,17.040700,0.000000
843,2015,2,5,3,0.000000,0.000000,0.000000,9.511880,6.794200,0.000000
844,2015,2,5,4,0.000000,0.000000,0.000000,7.876260,5.625900,0.000000
845,2015,2,5,5,0.000000,0.000000,0.000000,6.822270,4.873050,0.000000
846,2015,2,5,6,0.000000,0.000000,0.000000,4.717370,3.369550,0.000000
847,2015,2,5,7,0.000000,0.000000,0.000000,3.911460,2.793900,0.000000
848,2015,2,5,8,0.000000,0.000000,0.000000,5.813920,4.152800,0.000000
849,2015,2,5,9,0.000000,0.000000,0.000000,7.977690,5.698350,0.000000
850,2015,2,5,10,0.000000,0.000000,0.000000,8.165640,5.832600,0.000000
851,2015,2,5,11,0.000000,0.000000,0.000000,10.106460,7.218900,0.000000
852,2015,2,5,12,0.000000,0.000000,0.000000,13.571180,9.693700,0.000000
853,2015,2,5,13,0.000000,0.000000,0.000000,20.182050,14.415750,0.000000
854,2015,2,5,14,0.000000,0.000000,0.000000,19.841570,14.172550,0.000000
855,2015,2,5,15,0.000000,0.000000,0.000000,22.443260,16.030900,0.000000
856,2015,2,5,16,0.000000,0.000000,0.000000,22.004290,15.717350,0.000000
857,2015,2,5,17,0.000000,0.000000,0.000000,18.953130,13.537950,0.000000
858,2015,2,5,18,0.000000,0.000000,0.000000,22.472100,16.051500,0.000000
859,2015,2,5,19,0.000000,0.000000,0.000000,17.061590,12.186850,0.000000
860,2015,2,5,20,0.000000,0.000000,0.000000,16.267510,11.619650,0.000000
861,2015,2,5,21,0.000000,0.000000,0.000000,14.977690,10.698350,0.000000
862,2015,2,5,22,0.000000,0.000000,0.000000,18.378500,13.127500,0.000000
863,2015,2,5,23,0.000000,0.000000,0.000000,19.571440,13.979600,0.000000
864,2015,2,5,24,0.000000,0.000000,0.000000,26.681060,19.057900,0.000000
865,2015,2,6,1,0.000000,0.000000,0.000000,32.178230,22.984450,0.000000
866,2015,2,6,2,0.000000,0.000000,0.000000,33.238870,23.742050,0.000000
867,2015,2,6,3,0.000000,0.000000,0.000000,33.774510,24.124650,0.000000
868,2015,2,6,4,0.000000,0.000000,0.000000,38.127810,27.234150,0.000000
869,2015,2,6,5,0.000000,0.000000,0.000000,42.908110,30.648650,0.000000
870,2015,2,6,6,0.000000,0.000000,0.000000,38.544870,27.532050,0.000000
871,2015,2,6,7,0.000000,0.000000,0.000000,27.251910,19.465650,0.000000
872,2015,2,6,8,0.000000,0.000000,0.000000,16.749880,11.964200,0.000000
873,2015,2,6,9,0.000000,0.000000,0.000000,19.038040,13.598600,0.000000
874,2015,2,6,10,0.000000,0.000000,0.000000,21.558740,15.399100,0.000000
875,2015,2,6,11,0.000000,0.000000,0.000000,20.755070,14.825050,0.000000
876,2015,2,6,12,0.000000,0.000000,0.000000,18.998140,13.570100,0.000000
877,2015,2,6,13,0.000000,0.000000,0.000000,14.493220,10.352300,0.000000
878,2015,2,6,14,0.000000,0.000000,0.000000,9.484720,6.774800,0.000000
879,2015,2,6,15,0.000000,0.000000,0.000000,4.582690,3.273350,0.000000
880,2015,2,6,16,0.000000,0.000000,0.000000,1.771910,1.265650,0.000000
881,2015,2,6,17,0.000000,0.000000,0.000000,0.736820,0.526300,0.000000
882,2015,2,6,18,0.000000,0.000000,0.000000,1.146320,0.818800,0.000000
883,2015,2,6,19,0.000000,0.000000,0.000000,1.164520,0.831800,0.000000
884,2015,2,6,20,0.000000,0.000000,0.000000,0.591850,0.422750,0.000000
885,2015,2,6,21,0.000000,0.000000,0.000000,3.979220,2.842300,0.000000
886,2015,2,6,22,0.000000,0.000000,0.000000,23.290540,16.636100,0.000000
887,2015,2,6,23,0.000000,0.000000,0.000000,48.965700,34.975500,0.000000
888,2015,2,6,24,0.000000,0.000000,0.000000,52.802890,37.716350,0.000000
889,2015,2,7,1,0.000000,0.000000,0.000000,57.861930,41.329950,0.000000
890,2015,2,7,2,0.000000,0.000000,0.000000,60.026330,42.875950,0.000000
891,2015,2,7,3,0.000000,0.000000,0.000000,61.143530,43.673950,0.000000
892,2015,2,7,4,0.000000,0.000000,0.000000,62.882470,44.916050,0.000000
893,2015,2,7,5,0.000000,0.000000,0.000000,64.002610,45.716150,0.000000
894,2015,2,7,6,0.000000,0.000000,0.000000,63.339920,45.242800,0.000000
895,2015,2,7,7,0.000000,0.000000,0.000000,62.346550,44.533250,0.000000
896,2015,2,7,8,0.000000,0.000000,0.000000,61.764780,44.117700,0.000000
897,2015,2,7,9,0.000000,0.000000,0.000000,55.158530,39.398950,0.000000
898,2015,2,7,10,0.000000,0.000000,0.000000,56.779520,40.556800,0.000000
899,2015,2,7,11,0.000000,0.000000,0.000000,51.614360,36.867400,0.000000
900,2015,2,7,12,0.000000,0.000000,0.000000,49.187040,35.133600,0.000000
901,2015,2,7,13,0.000000,0.000000,0.000000,48.265070,34.475050,0.000000
902,2015,2,7,14,0.000000,0.000000,0.000000,48.237210,34.455150,0.000000
903,2015,2,7,15,0.000000,0.000000,0.000000,45.774750,32.696250,0.000000
904,2015,2,7,16,0.000000,0.000000,0.000000,46.329780,33.092700,0.000000
905,2015,2,7,17,0.000000,0.000000,0.000000,42.362110,30.258650,0.000000
906,2015,2,7,18,0.000000,0.000000,0.000000,40.986540,29.276100,0.000000
907,2015,2,7,19,0.000000,0.000000,0.000000,37.652020,26.894300,0.000000
908,2015,2,7,20,0.000000,0.000000,0.000000,34.175960,24.411400,0.000000
909,2015,2,7,21,0.000000,0.000000,0.000000,35.725270,25.518050,0.000000
910,2015,2,7,22,0.000000,0.000000,0.000000,34.245470,24.461050,0.000000
911,2015,2,7,23,0.000000,0.000000,0.000000,32.721010,23.372150,0.000000
912,2015,2,7,24,0.000000,0.000000,0.000000,29.846530,21.318950,0.000000
913,2015,2,8,1,0.000000,0.000000,0.000000,24.581970,17.558550,0.000000
914,2015,2,8,2,0.000000,0.000000,0.000000,24.221610,17.301150,0.000000
915,2015,2,8,3,0.000000,0.000000,0.000000,24.171910,17.265650,0.000000
916,2015,2,8,4,0.000000,0.000000,0.000000,35.223090,25.159350,0.000000
917,2015,2,8,5,0.000000,0.000000,0.000000,41.989850,29.992750,0.000000
918,2015,2,8,6,0.000000,0.000000,0.000000,47.361580,33.829700,0.000000
919,2015,2,8,7,0.000000,0.000000,0.000000,38.372180,27.408700,0.000000
920,2015,2,8,8,0.000000,0.000000,0.000000,31.499930,22.499950,0.000000
921,2015,2,8,9,0.000000,0.000000,0.000000,24.387090,17.419350,0.000000
922,2015,2,8,10,0.000000,0.000000,0.000000,26.610150,19.007250,0.000000
923,2015,2,8,11,0.000000,0.000000,0.000000,24.350270,17.393050,0.000000
924,2015,2,8,12,0.000000,0.000000,0.000000,19.020470,13.586050,0.000000
925,2015,2,8,13,0.000000,0.000000,0.000000,15.075270,10.768050,0.000000
926,2015,2,8,14,0.000000,0.000000,0.000000,11.476920,8.197800,0.000000
927,2015,2,8,15,0.000000,0.000000,0.000000,9.127300,6.519500,0.000000
928,2015,2,8,16,0.000000,0.000000,0.000000,9.414930,6.724950,0.000000
929,2015,2,8,17,0.000000,0.000000,0.000000,8.055810,5.754150,0.000000
930,2015,2,8,18,0.000000,0.000000,0.000000,6.784820,4.846300,0.000000
931,2015,2,8,19,0.000000,0.000000,0.000000,5.007520,3.576800,0.000000
932,2015,2,8,20,0.000000,0.000000,0.000000,1.680210,1.200150,0.000000
933,2015,2,8,21,0.000000,0.000000,0.000000,0.000000,0.000000,0.000000
934,2015,2,8,22,0.000000,0.000000,0.000000,0.000000,0.000000,0.000000
935,2015,2,8,23,0.000000,0.000000,0.000000,0.000000,0.000000,0.000000
936,2015,2,8,24,0.000000,0.000000,0.000000,0.000000,0.000000,0.000000
937,2015,2,9,1,0.000000,0.000000,0.000000,1.289750,0.921250,0.000000
938,2015,2,9,2,0.000000,0.000000,0.000000,5.217730,3.726950,0.000000
939,2015,2,9,3,0.000000,0.000000,0.000000,10.851470,7.751050,0.000000
940,2015,2,9,4,0.000000,0.000000,0.000000,17.897810,12.784150,0.000000
941,2015,2,9,5,0.000000,0.000000,0.000000,22.232630,15.880450,0.000000
942,2015,2,9,6,0.000000,0.000000,0.000000,24.384150,17.417250,0.000000
943,2015,2,9,7,0.000000,0.000000,0.000000,26.739370,19.099550,0.000000
944,2015,2,9,8,0.000000,0.000000,0.000000,14.320880,10.229200,0.000000
945,2015,2,9,9,0.000000,0.000000,0.000000,8.076460,5.768900,0.000000
946,2015,2,9,10,0.000000,0.000000,0.000000,8.877750,6.341250,0.000000
947,2015,2,9,11,0.000000,0.000000,0.000000,10.860710,7.757650,0.000000
948,2015,2,9,12,0.000000,0.000000,0.000000,12.304250,8.788750,0.000000
949,2015,2,9,13,0.000000,0.000000,0.000000,10.789380,7.706700,0.000000
950,2015,2,9,14,0.000000,0.000000,0.000000,11.026260,7.875900,0.000000
951,2015,2,9,15,0.000000,0.000000,0.000000,13.030150,9.307250,0.000000
952,2015,2,9,16,0.000000,0.000000,0.000000,12.706260,9.075900,0.000000
953,2015,2,9,17,0.000000,0.000000,0.000000,9.182250,6.558750,0.000000
954,2015,2,9,18,0.000000,0.000000,0.000000,6.067390,4.333850,0.000000
955,2015,2,9,19,0.000000,0.000000,0.000000,3.982580,2.844700,0.000000
956,2015,2,9,20,0.000000,0.000000,0.000000,4.188100,2.991500,0.000000
957,2015,2,9,21,0.000000,0.000000,0.000000,0.815150,0.582250,0.000000
958,2015,2,9,22,0.000000,0.000000,0.000000,0.000000,0.000000,0.000000
959,2015,2,9,23,0.000000,0.000000,0.000000,0.000000,0.000000,0.000000
960,2015,2,9,24,0.000000,0.000000,0.000000,1.303680,0.931200,0.000000
961,2015,2,10,1,0.000000,0.000000,0.000000,2.027340,1.448100,0.000000
962,2015,2,10,2,0.000000,0.000000,0.000000,3.579100,2.556500,0.000000
963,2015,2,10,3,0.000000,0.000000,0.000000,6.851320,4.893800,0.000000
964,2015,2,10,4,0.000000,0.000000,0.000000,7.188090,5.134350,0.000000
965,2015,2,10,5,0.000000,0.000000,0.000000,12.352340,8.823100,0.000000
966,2015,2,10,6,0.000000,0.000000,0.000000,9.799580,6.999700,0.000000
967,2015,2,10,7,0.000000,0.000000,0.000000,8.042230,5.744450,0.000000
968,2015,2,10,8,0.000000,0.000000,0.000000,7.719390,5.513850,0.000000
969,2015,2,10,9,0.000000,0.000000,0.000000,6.701240,4.786600,0.000000
970,2015,2,10,10,0.000000,0.000000,0.000000,6.219430,4.442450,0.000000
971,2015,2,10,11,0.000000,0.000000,0.000000,7.227080,5.162200,0.000000
972,2015,2,10,12,0.000000,0.000000,0.000000,11.845750,8.461250,0.000000
973,2015,2,10,13,0.000000,0.000000,0.000000,12.797820,9.141300,0.000000
974,2015,2,10,14,0.000000,0.000000,0.000000,13.317220,9.512300,0.000000
975,2015,2,10,15,0.000000,0.000000,0.000000,15.958950,11.399250,0.000000
976,2015,2,10,16,0.000000,0.000000,0.000000,22.449770,16.035550,0.000000
977,2015,2,10,17,0.000000,0.000000,0.000000,17.102750,12.216250,0.000000
978,2015,2,10,18,0.000000,0.000000,0.000000,16.587900,11.848500,0.000000
979,2015,2,10,19,0.000000,0.000000,0.000000,4.356030,3.111450,0.000000
980,2015,2,10,20,0.000000,0.000000,0.000000,3.534090,2.524350,0.000000
981,2015,2,10,21,0.000000,0.000000,0.000000,0.000000,0.000000,0.000000
982,2015,2,10,22,0.000000,0.000000,0.000000,0.000000,0.000000,0.000000
983,2015,2,10,23,0.000000,0.000000,0.000000,2.255540,1.611100,0.000000
984,2015,2,10,24,0.000000,0.000000,0.000000,4.045790,2.889850,0.000000
985,2015,2,11,1,0.000000,0.000000,0.000000,5.445860,3.889900,0.000000
986,2015,2,11,2,0.000000,0.000000,0.000000,8.411480,6.008200,0.000000
987,2015,2,11,3,0.000000,0.000000,0.000000,10.311980,7.365700,0.000000
988,2015,2,11,4,0.000000,0.000000,0.000000,8.801310,6.286650,0.000000
989,2015,2,11,5,0.000000,0.000000,0.000000,12.061350,8.615250,0.000000
990,2015,2,11,6,0.000000,0.000000,0.000000,11.482520,8.201800,0.000000
991,2015,2,11,7,0.000000,0.000000,0.000000,8.251530,5.893950,0.000000
992,2015,2,11,8,0.000000,0.000000,0.000000,4.351760,3.108400,0.000000
993,2015,2,11,9,0.000000,0.000000,0.000000,1.081290,0.772350,0.000000
994,2015,2,11,10,0.000000,0.000000,0.000000,0.748300,0.534500,0.000000
995,2015,2,11,11,0.000000,0.000000,0.000000,0.487200,0.348000,0.000000
996,2015,2,11,12,0.000000,0.000000,0.000000,0.000000,0.000000,0.000000
997,2015,2,11,13,0.000000,0.000000,0.000000,0.529270,0.378050,0.000000
998,2015,2,11,14,0.000000,0.000000,0.000000,0.000000,0.000000,0.000000
999,2015,2,11,15,0.000000,0.000000,0.000000,0.627830,0.448450,0.000000
1000,2015,2,11,16,0.000000,0.000000,0.000000,1.111740,0.794100,0.000000
1001,2015,2,11,17,0.000000,0.000000,0.000000,0.000000,0.000000,0.000000
1002,2015,2,11,18,0.000000,0.000000,0.000000,0.773290,0.552350,0.000000
1003,2015,2,11,19,0.000000,0.000000,0.000000,2.677080,1.912200,0.000000
1004,2015,2,11,20,0.000000,0.000000,0.000000,3.132080,2.237200,0.000000
1005,2015,2,11,21,0.000000,0.000000,0.000000,4.326770,3.090550,0.000000
1006,2015,2,11,22,0.000000,0.000000,0.000000,8.109850,5.792750,0.000000
1007,2015,2,11,23,0.000000,0.000000,0.000000,9.636830,6.883450,0.000000
1008,2015,2,11,24,0.000000,0.000000,0.000000,9.832060,7.022900,0.000000
1009,2015,2,12,1,0.000000,0.000000,0.000000,6.981240,4.986600,0.000000
1010,2015,2,12,2,0.000000,0.000000,0.000000,8.015560,5.725400,0.000000
1011,2015,2,12,3,0.000000,0.000000,0.000000,9.294740,6.639100,0.000000
1012,2015,2,12,4,0.000000,0.000000,0.000000,8.826020,6.304300,0.000000
1013,2015,2,12,5,0.000000,0.000000,0.000000,11.612930,8.294950,0.000000
1014,2015,2,12,6,0.000000,0.000000,0.000000,6.839420,4.885300,0.000000
1015,2015,2,12,7,0.000000,0.000000,0.000000,3.836140,2.740100,0.000000
1016,2015,2,12,8,0.000000,0.000000,0.000000,4.795560,3.425400,0.000000
1017,2015,2,12,9,0.000000,0.000000,0.000000,2.449160,1.749400,0.000000
1018,2015,2,12,10,0.000000,0.000000,0.000000,2.077950,1.484250,0.000000
1019,2015,2,12,11,0.000000,0.000000,0.000000,0.743890,0.531350,0.000000
1020,2015,2,12,12,0.000000,0.000000,0.000000,2.044490,1.460350,0.000000
1021,2015,2,12,13,0.000000,0.000000,0.000000,7.019250,5.013750,0.000000
1022,2015,2,12,14,0.000000,0.000000,0.000000,13.423900,9.588500,0.000000
1023,2015,2,12,15,0.000000,0.000000,0.000000,20.261920,14.472800,0.000000
1024,2015,2,12,16,0.000000,0.000000,0.000000,31.664710,22.617650,0.000000
1025,2015,2,12,17,0.000000,0.000000,0.000000,35.256690,25.183350,0.000000
1026,2015,2,12,18,0.000000,0.000000,0.000000,30.854460,22.038900,0.000000
1027,2015,2,12,19,0.000000,0.000000,0.000000,23.353190,16.680850,0.000000
1028,2015,2,12,20,0.000000,0.000000,0.000000,19.215000,13.725000,0.000000
1029,2015,2,12,21,0.000000,0.000000,0.000000,12.057640,8.612600,0.000000
1030,2015,2,12,22,0.000000,0.000000,0.000000,6.571740,4.694100,0.000000
1031,2015,2,12,23,0.000000,0.000000,0.000000,7.943810,5.674150,0.000000
1032,2015,2,12,24,0.000000,0.000000,0.000000,8.617070,6.155050,0.000000
1033,2015,2,13,1,0.000000,0.000000,0.000000,7.342300,5.244500,0.000000
1034,2015,2,13,2,0.000000,0.000000,0.000000,8.780240,6.271600,0.000000
1035,2015,2,13,3,0.000000,0.000000,0.000000,12.436130,8.882950,0.000000
1036,2015,2,13,4,0.000000,0.000000,0.000000,13.069420,9.335300,0.000000
1037,2015,2,13,5,0.000000,0.000000,0.000000,11.049220,7.892300,0.000000
1038,2015,2,13,6,0.000000,0.000000,0.000000,8.539510,6.099650,0.000000
1039,2015,2,13,7,0.000000,0.000000,0.000000,12.513830,8.938450,0.000000
1040,2015,2,13,8,0.000000,0.000000,0.000000,11.793040,8.423600,0.000000
1041,2015,2,13,9,0.000000,0.000000,0.000000,8.844850,6.317750,0.000000
1042,2015,2,13,10,0.000000,0.000000,0.000000,6.048840,4.320600,0.000000
1043,2015,2,13,11,0.000000,0.000000,0.000000,6.145860,4.389900,0.000000
1044,2015,2,13,12,0.000000,0.000000,0.000000,5.123440,3.659600,0.000000
1045,2015,2,13,13,0.000000,0.000000,0.000000,4.423230,3.159450,0.000000
1046,2015,2,13,14,0.000000,0.000000,0.000000,3.832990,2.737850,0.000000
1047,2015,2,13,15,0.000000,0.000000,0.000000,4.769660,3.406900,0.000000
1048,2015,2,13,16,0.000000,0.000000,0.000000,6.493620,4.638300,0.000000
1049,2015,2,13,17,0.000000,0.000000,0.000000,5.964490,4.260350,0.000000
1050,2015,2,13,18,0.000000,0.000000,0.000000,6.535060,4.667900,0.000000
1051,2015,2,13,19,0.000000,0.000000,0.000000,7.714210,5.510150,0.000000
1052,2015,2,13,20,0.000000,0.000000,0.000000,8.017870,5.727050,0.000000
1053,2015,2,13,21,0.000000,0.000000,0.000000,6.953100,4.966500,0.000000
1054,2015,2,13,22,0.000000,0.000000,0.000000,5.846120,4.175800,0.000000
1055,2015,2,13,23,0.000000,0.000000,0.000000,7.031640,5.022600,0.000000
1056,2015,2,13,24,0.000000,0.000000,0.000000,8.780520,6.271800,0.000000
1057,2015,2,14,1,0.000000,0.000000,0.000000,10.398220,7.427300,0.000000
1058,2015,2,14,2,0.000000,0.000000,0.000000,9.923830,7.088450,0.000000
1059,2015,2,14,3,0.000000,0.000000,0.000000,5.770030,4.121450,0.000000
1060,2015,2,14,4,0.000000,0.000000,0.000000,4.360090,3.114350,0.000000
1061,2015,2,14,5,0.000000,0.000000,0.000000,3.888010,2.777150,0.000000
1062,2015,2,14,6,0.000000,0.000000,0.000000,6.240500,4.457500,0.000000
1063,2015,2,14,7,0.000000,0.000000,0.000000,11.850720,8.464800,0.000000
1064,2015,2,14,8,0.000000,0.000000,0.000000,9.470370,6.764550,0.000000
1065,2015,2,14,9,0.000000,0.000000,0.000000,9.092580,6.494700,0.000000
1066,2015,2,14,10,0.000000,0.000000,0.000000,8.322160,5.944400,0.000000
1067,2015,2,14,11,0.000000,0.000000,0.000000,7.401940,5.287100,0.000000
1068,2015,2,14,12,0.000000,0.000000,0.000000,7.194880,5.139200,0.000000
1069,2015,2,14,13,0.000000,0.000000,0.000000,3.408440,2.434600,0.000000
1070,2015,2,14,14,0.000000,0.000000,0.000000,2.263730,1.616950,0.000000
1071,2015,2,14,15,0.000000,0.000000,0.000000,1.568560,1.120400,0.000000
1072,2015,2,14,16,0.000000,0.000000,0.000000,0.606760,0.433400,0.000000
1073,2015,2,14,17,0.000000,0.000000,0.000000,1.582140,1.130100,0.000000
1074,2015,2,14,18,0.000000,0.000000,0.000000,3.220980,2.300700,0.000000
1075,2015,2,14,19,0.000000,0.000000,0.000000,4.000710,2.857650,0.000000
1076,2015,2,14,20,0.000000,0.000000,0.000000,7.003290,5.002350,0.000000
1077,2015,2,14,21,0.000000,0.000000,0.000000,16.590210,11.850150,0.000000
1078,2015,2,14,22,0.000000,0.000000,0.000000,29.264620,20.903300,0.000000
1079,2015,2,14,23,0.000000,0.000000,0.000000,18.337900,13.098500,0.000000
1080,2015,2,14,24,0.000000,0.000000,0.000000,13.638380,9.741700,0.000000
1081,2015,2,15,1,0.000000,0.000000,0.000000,13.496980,9.640700,0.000000
1082,2015,2,15,2,0.000000,0.000000,0.000000,23.652860,16.894900,0.000000
1083,2015,2,15,3,0.000000,0.000000,0.000000,32.936470,23.526050,0.000000
1084,2015,2,15,4,0.000000,0.000000,0.000000,35.417550,25.298250,0.000000
1085,2015,2,15,5,0.000000,0.000000,0.000000,31.604300,22.574500,0.000000
1086,2015,2,15,6,0.000000,0.000000,0.000000,36.316490,25.940350,0.000000
1087,2015,2,15,7,0.000000,0.000000,0.000000,49.175910,35.125650,0.000000
1088,2015,2,15,8,0.000000,0.000000,0.000000,57.724590,41.231850,0.000000
1089,2015,2,15,9,0.000000,0.000000,0.000000,56.101290,40.072350,0.000000
1090,2015,2,15,10,0.000000,0.000000,0.000000,60.230380,43.021700,0.000000
1091,2015,2,15,11,0.000000,0.000000,0.000000,65.442090,46.744350,0.000000
1092,2015,2,15,12,0.000000,0.000000,0.000000,64.160740,45.829100,0.000000
1093,2015,2,15,13,0.000000,0.000000,0.000000,62.076420,44.340300,0.000000
1094,2015,2,15,14,0.000000,0.000000,0.000000,53.571770,38.265550,0.000000
1095,2015,2,15,15,0.000000,0.000000,0.000000,57.059800,40.757000,0.000000
1096,2015,2,15,16,0.000000,0.000000,0.000000,58.641030,41.886450,0.000000
1097,2015,2,15,17,0.000000,0.000000,0.000000,57.366330,40.975950,0.000000
1098,2015,2,15,18,0.000000,0.000000,0.000000,47.385940,33.847100,0.000000
1099,2015,2,15,19,0.000000,0.000000,0.000000,48.960660,34.971900,0.000000
1100,2015,2,15,20,0.000000,0.000000,0.000000,57.781920,41.272800,0.000000
1101,2015,2,15,21,0.000000,0.000000,0.000000,59.688790,42.634850,0.000000
1102,2015,2,15,22,0.000000,0.000000,0.000000,60.435200,43.168000,0.000000
1103,2015,2,15,23,0.000000,0.000000,0.000000,59.840970,42.743550,0.000000
1104,2015,2,15,24,0.000000,0.000000,0.000000,53.084010,37.917150,0.000000
1105,2015,2,16,1,0.000000,0.000000,0.000000,45.694110,32.638650,0.000000
1106,2015,2,16,2,0.000000,0.000000,0.000000,24.444420,17.460300,0.000000
1107,2015,2,16,3,0.000000,0.000000,0.000000,18.286520,13.061800,0.000000
1108,2015,2,16,4,0.000000,0.000000,0.000000,25.862900,18.473500,0.000000
1109,2015,2,16,5,0.000000,0.000000,0.000000,21.343000,15.245000,0.000000
1110,2015,2,16,6,0.000000,0.000000,0.000000,24.755430,17.682450,0.000000
1111,2015,2,16,7,0.000000,0.000000,0.000000,32.886280,23.490200,0.000000
1112,2015,2,16,8,0.000000,0.000000,0.000000,32.365620,23.118300,0.000000
1113,2015,2,16,9,0.000000,0.000000,0.000000,26.851930,19.179950,0.000000
1114,2015,2,16,10,0.000000,0.000000,0.000000,23.846550,17.033250,0.000000
1115,2015,2,16,11,0.000000,0.000000,0.000000,24.816750,17.726250,0.000000
1116,2015,2,16,12,0.000000,0.000000,0.000000,25.748800,18.392000,0.000000
1117,2015,2,16,13,0.000000,0.000000,0.000000,25.937310,18.526650,0.000000
1118,2015,2,16,14,0.000000,0.000000,0.000000,20.514130,14.652950,0.000000
1119,2015,2,16,15,0.000000,0.000000,0.000000,10.266550,7.333250,0.000000
1120,2015,2,16,16,0.000000,0.000000,0.000000,9.573900,6.838500,0.000000
1121,2015,2,16,17,0.000000,0.000000,0.000000,7.407050,5.290750,0.000000
1122,2015,2,16,18,0.000000,0.000000,0.000000,5.412190,3.865850,0.000000
1123,2015,2,16,19,0.000000,0.000000,0.000000,5.737970,4.098550,0.000000
1124,2015,2,16,20,0.000000,0.000000,0.000000,6.080200,4.343000,0.000000
1125,2015,2,16,21,0.000000,0.000000,0.000000,6.083000,4.345000,0.000000
1126,2015,2,16,22,0.000000,0.000000,0.000000,11.052650,7.894750,0.000000
1127,2015,2,16,23,0.000000,0.000000,0.000000,15.123220,10.802300,0.000000
1128,2015,2,16,24,0.000000,0.000000,0.000000,15.583820,11.131300,0.000000
1129,2015,2,17,1,0.000000,0.000000,0.000000,17.518760,12.513400,0.000000
1130,2015,2,17,2,0.000000,0.000000,0.000000,19.199950,13.714250,0.000000
1131,2015,2,17,3,0.000000,0.000000,0.000000,21.591500,15.422500,0.000000
1132,2015,2,17,4,0.000000,0.000000,0.000000,27.628580,19.734700,0.000000
1133,2015,2,17,5,0.000000,0.000000,0.000000,29.999550,21.428250,0.000000
1134,2015,2,17,6,0.000000,0.000000,0.000000,25.953900,18.538500,0.000000
1135,2015,2,17,7,0.000000,0.000000,0.000000,22.401260,16.000900,0.000000
1136,2015,2,17,8,0.000000,0.000000,0.000000,18.831330,13.450950,0.000000
1137,2015,2,17,9,0.000000,0.000000,0.000000,21.394380,15.281700,0.000000
1138,2015,2,17,10,0.000000,0.000000,0.000000,22.062320,15.758800,0.000000
1139,2015,2,17,11,0.000000,0.000000,0.000000,22.052590,15.751850,0.000000
1140,2015,2,17,12,0.000000,0.000000,0.000000,19.843950,14.174250,0.000000
1141,2015,2,17,13,0.000000,0.000000,0.000000,16.908640,12.077600,0.000000
1142,2015,2,17,14,0.000000,0.000000,0.000000,15.352750,10.966250,0.000000
1143,2015,2,17,15,0.000000,0.000000,0.000000,10.249820,7.321300,0.000000
1144,2015,2,17,16,0.000000,0.000000,0.000000,6.274380,4.481700,0.000000
1145,2015,2,17,17,0.000000,0.000000,0.000000,5.010180,3.578700,0.000000
1146,2015,2,17,18,0.000000,0.000000,0.000000,4.370450,3.121750,0.000000
1147,2015,2,17,19,0.000000,0.000000,0.000000,4.291700,3.065500,0.000000
1148,2015,2,17,20,0.000000,0.000000,0.000000,5.312370,3.794550,0.000000
1149,2015,2,17,21,0.000000,0.000000,0.000000,1.161090,0.829350,0.000000
1150,2015,2,17,22,0.000000,0.000000,0.000000,0.000000,0.000000,0.000000
1151,2015,2,17,23,0.000000,0.000000,0.000000,0.462070,0.330050,0.000000
1152,2015,2,17,24,0.000000,0.000000,0.000000,0.000000,0.000000,0.000000
1153,2015,2,18,1,0.000000,0.000000,0.000000,2.692410,1.923150,0.000000
1154,2015,2,18,2,0.000000,0.000000,0.000000,4.161500,2.972500,0.000000
1155,2015,2,18,3,0.000000,0.000000,0.000000,6.588890,4.706350,0.000000
1156,2015,2,18,4,0.000000,0.000000,0.000000,10.110380,7.221700,0.000000
1157,2015,2,18,5,0.000000,0.000000,0.000000,14.555940,10.397100,0.000000
1158,2015,2,18,6,0.000000,0.000000,0.000000,15.623510,11.159650,0.000000
1159,2015,2,18,7,0.000000,0.000000,0.000000,10.299100,7.356500,0.000000
1160,2015,2,18,8,0.000000,0.000000,0.000000,7.035840,5.025600,0.000000
1161,2015,2,18,9,0.000000,0.000000,0.000000,8.388520,5.991800,0.000000
1162,2015,2,18,10,0.000000,0.000000,0.000000,8.288630,5.920450,0.000000
1163,2015,2,18,11,0.000000,0.000000,0.000000,9.404430,6.717450,0.000000
1164,2015,2,18,12,0.000000,0.000000,0.000000,8.294720,5.924800,0.000000
1165,2015,2,18,13,0.000000,0.000000,0.000000,6.291950,4.494250,0.000000
1166,2015,2,18,14,0.000000,0.000000,0.000000,6.337100,4.526500,0.000000
1167,2015,2,18,15,0.000000,0.000000,0.000000,5.141920,3.672800,0.000000
1168,2015,2,18,16,0.000000,0.000000,0.000000,5.392940,3.852100,0.000000
1169,2015,2,18,17,0.000000,0.000000,0.000000,3.372880,2.409200,0.000000
1170,2015,2,18,18,0.000000,0.000000,0.000000,2.290820,1.636300,0.000000
1171,2015,2,18,19,0.000000,0.000000,0.000000,1.549590,1.106850,0.000000
1172,2015,2,18,20,0.000000,0.000000,0.000000,2.217250,1.583750,0.000000
1173,2015,2,18,21,0.000000,0.000000,0.000000,0.000000,0.000000,0.000000
1174,2015,2,18,22,0.000000,0.000000,0.000000,0.000000,0.000000,0.000000
1175,2015,2,18,23,0.000000,0.000000,0.000000,0.000000,0.000000,0.000000
1176,2015,2,18,24,0.000000,0.000000,0.000000,0.000000,0.000000,0.000000
1177,2015,2,19,1,0.000000,0.000000,0.000000,0.769860,0.549900,0.000000
1178,2015,2,19,2,0.000000,0.000000,0.000000,5.074790,3.624850,0.000000
1179,2015,2,19,3,0.000000,0.000000,0.000000,9.721320,6.943800,0.000000
1180,2015,2,19,4,0.000000,0.000000,0.000000,14.548170,10.391550,0.000000
1181,2015,2,19,5,0.000000,0.000000,0.000000,20.585600,14.704000,0.000000
1182,2015,2,19,6,0.000000,0.000000,0.000000,28.990430,20.707450,0.000000
1183,2015,2,19,7,0.000000,0.000000,0.000000,33.168590,23.691850,0.000000
1184,2015,2,19,8,0.000000,0.000000,0.000000,25.210570,18.007550,0.000000
1185,2015,2,19,9,0.000000,0.000000,0.000000,28.158410,20.113150,0.000000
1186,2015,2,19,10,0.000000,0.000000,0.000000,27.274730,19.481950,0.000000
1187,2015,2,19,11,0.000000,0.000000,0.000000,26.461330,18.900950,0.000000
1188,2015,2,19,12,0.000000,0.000000,0.000000,30.523150,21.802250,0.000000
1189,2015,2,19,13,0.000000,0.000000,0.000000,32.370450,23.121750,0.000000
1190,2015,2,19,14,0.000000,0.000000,0.000000,31.886680,22.776200,0.000000
1191,2015,2,19,15,0.000000,0.000000,0.000000,31.060820,22.186300,0.000000
1192,2015,2,19,16,0.000000,0.000000,0.000000,27.587630,19.705450,0.000000
1193,2015,2,19,17,0.000000,0.000000,0.000000,23.063600,16.474000,0.000000
1194,2015,2,19,18,0.000000,0.000000,0.000000,19.351290,13.822350,0.000000
1195,2015,2,19,19,0.000000,0.000000,0.000000,17.475780,12.482700,0.000000
1196,2015,2,19,20,0.000000,0.000000,0.000000,11.059790,7.899850,0.000000
1197,2015,2,19,21,0.000000,0.000000,0.000000,4.031790,2.879850,0.000000
1198,2015,2,19,22,0.000000,0.000000,0.000000,3.908170,2.791550,0.000000
1199,2015,2,19,23,0.000000,0.000000,0.000000,3.397660,2.426900,0.000000
1200,2015,2,19,24,0.000000,0.000000,0.000000,5.240830,3.743450,0.000000
1201,2015,2,20,1,0.000000,0.000000,0.000000,5.237050,3.740750,0.000000
1202,2015,2,20,2,0.000000,0.000000,0.000000,2.653210,1.895150,0.000000
1203,2015,2,20,3,0.000000,0.000000,0.000000,2.308250,1.648750,0.000000
1204,2015,2,20,4,0.000000,0.000000,0.000000,0.000000,0.000000,0.000000
1205,2015,2,20,5,0.000000,0.000000,0.000000,0.561120,0.400800,0.000000
1206,2015,2,20,6,0.000000,0.000000,0.000000,6.656720,4.754800,0.000000
1207,2015,2,20,7,0.000000,0.000000,0.000000,10.732330,7.665950,0.000000
1208,2015,2,20,8,0.000000,0.000000,0.000000,10.760050,7.685750,0.000000
1209,2015,2,20,9,0.000000,0.000000,0.000000,17.537380,12.526700,0.000000
1210,2015,2,20,10,0.000000,0.000000,0.000000,19.779060,14.127900,0.000000
1211,2015,2,20,11,0.000000,0.000000,0.000000,26.691280,19.065200,0.000000
1212,2015,2,20,12,0.000000,0.000000,0.000000,41.370910,29.550650,0.000000
1213,2015,2,20,13,0.000000,0.000000,0.000000,50.152130,35.822950,0.000000
1214,2015,2,20,14,0.000000,0.000000,0.000000,49.383670,35.274050,0.000000
1215,2015,2,20,15,0.000000,0.000000,0.000000,43.966650,31.404750,0.000000
1216,2015,2,20,16,0.000000,0.000000,0.000000,40.829250,29.163750,0.000000
1217,2015,2,20,17,0.000000,0.000000,0.000000,44.998870,32.142050,0.000000
1218,2015,2,20,18,0.000000,0.000000,0.000000,49.907970,35.648550,0.000000
1219,2015,2,20,19,0.000000,0.000000,0.000000,57.387190,40.990850,0.000000
1220,2015,2,20,20,0.000000,0.000000,0.000000,60.895660,43.496900,0.000000
1221,2015,2,20,21,0.000000,0.000000,0.000000,58.864750,42.046250,0.000000
1222,2015,2,20,22,0.000000,0.000000,0.000000,59.620610,42.586150,0.000000
1223,2015,2,20,23,0.000000,0.000000,0.000000,59.100370,42.214550,0.000000
1224,2015,2,20,24,0.000000,0.000000,0.000000,53.730040,38.378600,0.000000
1225,2015,2,21,1,0.000000,0.000000,0.000000,48.679400,34.771000,0.000000
1226,2015,2,21,2,0.000000,0.000000,0.000000,39.714290,28.367350,0.000000
1227,2015,2,21,3,0.000000,0.000000,0.000000,32.230870,23.022050,0.000000
1228,2015,2,21,4,0.000000,0.000000,0.000000,23.493610,16.781150,0.000000
1229,2015,2,21,5,0.000000,0.000000,0.000000,21.248150,15.177250,0.000000
1230,2015,2,21,6,0.000000,0.000000,0.000000,22.511230,16.079450,0.000000
1231,2015,2,21,7,0.000000,0.000000,0.000000,26.360950,18.829250,0.000000
1232,2015,2,21,8,0.000000,0.000000,0.000000,22.460340,16.043100,0.000000
1233,2015,2,21,9,0.000000,0.000000,0.000000,37.608830,26.863450,0.000000
1234,2015,2,21,10,0.000000,0.000000,0.000000,58.412620,41.723300,0.000000
1235,2015,2,21,11,0.000000,0.000000,0.000000,60.162410,42.973150,0.000000
1236,2015,2,21,12,0.000000,0.000000,0.000000,47.214020,33.724300,0.000000
1237,2015,2,21,13,0.000000,0.000000,0.000000,27.547030,19.676450,0.000000
1238,2015,2,21,14,0.000000,0.000000,0.000000,18.062310,12.901650,0.000000
1239,2015,2,21,15,0.000000,0.000000,0.000000,16.122400,11.516000,0.000000
1240,2015,2,21,16,0.000000,0.000000,0.000000,11.050200,7.893000,0.000000
1241,2015,2,21,17,0.000000,0.000000,0.000000,13.492290,9.637350,0.000000
1242,2015,2,21,18,0.000000,0.000000,0.000000,18.003440,12.859600,0.000000
1243,2015,2,21,19,0.000000,0.000000,0.000000,21.081340,15.058100,0.000000
1244,2015,2,21,20,0.000000,0.000000,0.000000,21.464800,15.332000,0.000000
1245,2015,2,21,21,0.000000,0.000000,0.000000,15.918770,11.370550,0.000000
1246,2015,2,21,22,0.000000,0.000000,0.000000,5.381740,3.844100,0.000000
1247,2015,2,21,23,0.000000,0.000000,0.000000,4.397960,3.141400,0.000000
1248,2015,2,21,24,0.000000,0.000000,0.000000,5.086130,3.632950,0.000000
1249,2015,2,22,1,0.000000,0.000000,0.000000,10.966340,7.833100,0.000000
1250,2015,2,22,2,0.000000,0.000000,0.000000,16.234400,11.596000,0.000000
1251,2015,2,22,3,0.000000,0.000000,0.000000,14.596820,10.426300,0.000000
1252,2015,2,22,4,0.000000,0.000000,0.000000,12.473090,8.909350,0.000000
1253,2015,2,22,5,0.000000,0.000000,0.000000,11.397610,8.141150,0.000000
1254,2015,2,22,6,0.000000,0.000000,0.000000,11.343500,8.102500,0.000000
1255,2015,2,22,7,0.000000,0.000000,0.000000,5.067020,3.619300,0.000000
1256,2015,2,22,8,0.000000,0.000000,0.000000,0.000000,0.000000,0.000000
1257,2015,2,22,9,0.000000,0.000000,0.000000,0.000000,0.000000,0.000000
1258,2015,2,22,10,0.000000,0.000000,0.000000,0.585620,0.418300,0.000000
1259,2015,2,22,11,0.000000,0.000000,0.000000,1.232000,0.880000,0.000000
1260,2015,2,22,12,0.000000,0.000000,0.000000,0.893760,0.638400,0.000000
1261,2015,2,22,13,0.000000,0.000000,0.000000,0.000000,0.000000,0.000000
1262,2015,2,22,14,0.000000,0.000000,0.000000,1.773520,1.266800,0.000000
1263,2015,2,22,15,0.000000,0.000000,0.000000,0.000000,0.000000,0.000000
1264,2015,2,22,16,0.000000,0.000000,0.000000,0.000000,0.000000,0.000000
1265,2015,2,22,17,0.000000,0.000000,0.000000,0.000000,0.000000,0.000000
1266,2015,2,22,18,0.000000,0.000000,0.000000,2.073610,1.481150,0.000000
1267,2015,2,22,19,0.000000,0.000000,0.000000,3.136280,2.240200,0.000000
1268,2015,2,22,20,0.000000,0.000000,0.000000,2.217390,1.583850,0.000000
1269,2015,2,22,21,0.000000,0.000000,0.000000,0.000000,0.000000,0.000000
1270,2015,2,22,22,0.000000,0.000000,0.000000,0.000000,0.000000,0.000000
1271,2015,2,22,23,0.000000,0.000000,0.000000,0.000000,0.000000,0.000000
1272,2015,2,22,24,0.000000,0.000000,0.000000,1.825950,1.304250,0.000000
1273,2015,2,23,1,0.000000,0.000000,0.000000,7.392840,5.280600,0.000000
1274,2015,2,23,2,0.000000,0.000000,0.000000,20.271860,14.479900,0.000000
1275,2015,2,23,3,0.000000,0.000000,0.000000,26.443900,18.888500,0.000000
1276,2015,2,23,4,0.000000,0.000000,0.000000,25.823560,18.445400,0.000000
1277,2015,2,23,5,0.000000,0.000000,0.000000,34.554030,24.681450,0.000000
1278,2015,2,23,6,0.000000,0.000000,0.000000,37.682890,26.916350,0.000000
1279,2015,2,23,7,0.000000,0.000000,0.000000,44.644250,31.888750,0.000000
1280,2015,2,23,8,0.000000,0.000000,0.000000,53.170880,37.979200,0.000000
1281,2015,2,23,9,0.000000,0.000000,0.000000,48.211520,34.436800,0.000000
1282,2015,2,23,10,0.000000,0.000000,0.000000,54.714800,39.082000,0.000000
1283,2015,2,23,11,0.000000,0.000000,0.000000,67.715690,48.368350,0.000000
1284,2015,2,23,12,0.000000,0.000000,0.000000,66.099320,47.213800,0.000000
1285,2015,2,23,13,0.000000,0.000000,0.000000,64.051610,45.751150,0.000000
1286,2015,2,23,14,0.000000,0.000000,0.000000,64.634570,46.167550,0.000000
1287,2015,2,23,15,0.000000,0.000000,0.000000,67.813270,48.438050,0.000000
1288,2015,2,23,16,0.000000,0.000000,0.000000,66.508330,47.505950,0.000000
1289,2015,2,23,17,0.000000,0.000000,0.000000,68.873210,49.195150,0.000000
1290,2015,2,23,18,0.000000,0.000000,0.000000,67.971190,48.550850,0.000000
1291,2015,2,23,19,0.000000,0.000000,0.000000,66.046540,47.176100,0.000000
1292,2015,2,23,20,0.000000,0.000000,0.000000,64.017940,45.727100,0.000000
1293,2015,2,23,21,0.000000,0.000000,0.000000,68.662510,49.044650,0.000000
1294,2015,2,23,22,0.000000,0.000000,0.000000,68.479600,48.914000,0.000000
1295,2015,2,23,23,0.000000,0.000000,0.000000,67.218900,48.013500,0.000000
1296,2015,2,23,24,0.000000,0.000000,0.000000,66.317580,47.369700,0.000000
1297,2015,2,24,1,0.000000,0.000000,0.000000,64.483160,46.059400,0.000000
1298,2015,2,24,2,0.000000,0.000000,0.000000,64.168580,45.834700,0.000000
1299,2015,2,24,3,0.000000,0.000000,0.000000,58.965900,42.118500,0.000000
1300,2015,2,24,4,0.000000,0.000000,0.000000,55.522110,39.658650,0.000000
1301,2015,2,24,5,0.000000,0.000000,0.000000,48.944490,34.960350,0.000000
1302,2015,2,24,6,0.000000,0.000000,0.000000,40.839120,29.170800,0.000000
1303,2015,2,24,7,0.000000,0.000000,0.000000,28.198520,20.141800,0.000000
1304,2015,2,24,8,0.000000,0.000000,0.000000,13.748980,9.820700,0.000000
1305,2015,2,24,9,0.000000,0.000000,0.000000,9.624580,6.874700,0.000000
1306,2015,2,24,10,0.000000,0.000000,0.000000,9.545340,6.818100,0.000000
1307,2015,2,24,11,0.000000,0.000000,0.000000,9.742110,6.958650,0.000000
1308,2015,2,24,12,0.000000,0.000000,0.000000,11.199790,7.999850,0.000000
1309,2015,2,24,13,0.000000,0.000000,0.000000,9.554720,6.824800,0.000000
1310,2015,2,24,14,0.000000,0.000000,0.000000,9.133670,6.524050,0.000000
1311,2015,2,24,15,0.000000,0.000000,0.000000,6.697390,4.783850,0.000000
1312,2015,2,24,16,0.000000,0.000000,0.000000,6.841170,4.886550,0.000000
1313,2015,2,24,17,0.000000,0.000000,0.000000,8.626310,6.161650,0.000000
1314,2015,2,24,18,0.000000,0.000000,0.000000,6.077610,4.341150,0.000000
1315,2015,2,24,19,0.000000,0.000000,0.000000,6.602820,4.716300,0.000000
1316,2015,2,24,20,0.000000,0.000000,0.000000,6.277810,4.484150,0.000000
1317,2015,2,24,21,0.000000,0.000000,0.000000,1.459150,1.042250,0.000000
1318,2015,2,24,22,0.000000,0.000000,0.000000,2.447060,1.747900,0.000000
1319,2015,2,24,23,0.000000,0.000000,0.000000,5.868660,4.191900,0.000000
1320,2015,2,24,24,0.000000,0.000000,0.000000,8.087380,5.776700,0.000000
1321,2015,2,25,1,0.000000,0.000000,0.000000,10.454990,7.467850,0.000000
1322,2015,2,25,2,0.000000,0.000000,0.000000,13.662810,9.759150,0.000000
1323,2015,2,25,3,0.000000,0.000000,0.000000,18.821880,13.444200,0.000000
1324,2015,2,25,4,0.000000,0.000000,0.000000,17.630760,12.593400,0.000000
1325,2015,2,25,5,0.000000,0.000000,0.000000,17.000830,12.143450,0.000000
1326,2015,2,25,6,0.000000,0.000000,0.000000,15.039220,10.742300,0.000000
1327,2015,2,25,7,0.000000,0.000000,0.000000,10.456180,7.468700,0.000000
1328,2015,2,25,8,0.000000,0.000000,0.000000,7.297010,5.212150,0.000000
1329,2015,2,25,9,0.000000,0.000000,0.000000,4.025210,2.875150,0.000000
1330,2015,2,25,10,0.000000,0.000000,0.000000,2.803570,2.002550,0.000000
1331,2015,2,25,11,0.000000,0.000000,0.000000,3.737580,2.669700,0.000000
1332,2015,2,25,12,0.000000,0.000000,0.000000,2.371530,1.693950,0.000000
1333,2015,2,25,13,0.000000,0.000000,0.000000,0.544670,0.389050,0.000000
1334,2015,2,25,14,0.000000,0.000000,0.000000,0.564340,0.403100,0.000000
1335,2015,2,25,15,0.000000,0.000000,0.000000,1.294720,0.924800,0.000000
1336,2015,2,25,16,0.000000,0.000000,0.000000,3.182550,2.273250,0.000000
1337,2015,2,25,17,0.000000,0.000000,0.000000,2.956870,2.112050,0.000000
1338,2015,2,25,18,0.000000,0.000000,0.000000,3.972150,2.837250,0.000000
1339,2015,2,25,19,0.000000,0.000000,0.000000,3.914610,2.796150,0.000000
1340,2015,2,25,20,0.000000,0.000000,0.000000,3.128230,2.234450,0.000000
1341,2015,2,25,21,0.000000,0.000000,0.000000,0.636020,0.454300,0.000000
1342,2015,2,25,22,0.000000,0.000000,0.000000,0.000000,0.000000,0.000000
1343,2015,2,25,23,0.000000,0.000000,0.000000,0.000000,0.000000,0.000000
1344,2015,2,25,24,0.000000,0.000000,0.000000,0.519330,0.370950,0.000000
1345,2015,2,26,1,0.000000,0.000000,0.000000,0.958720,0.684800,0.000000
1346,2015,2,26,2,0.000000,0.000000,0.000000,2.119390,1.513850,0.000000
1347,2015,2,26,3,0.000000,0.000000,0.000000,4.751740,3.394100,0.000000
1348,2015,2,26,4,0.000000,0.000000,0.000000,11.039560,7.885400,0.000000
1349,2015,2,26,5,0.000000,0.000000,0.000000,17.917270,12.798050,0.000000
1350,2015,2,26,6,0.000000,0.000000,0.000000,21.867160,15.619400,0.000000
1351,2015,2,26,7,0.000000,0.000000,0.000000,23.476390,16.768850,0.000000
1352,2015,2,26,8,0.000000,0.000000,0.000000,19.001640,13.572600,0.000000
1353,2015,2,26,9,0.000000,0.000000,0.000000,17.875760,12.768400,0.000000
1354,2015,2,26,10,0.000000,0.000000,0.000000,19.104190,13.645850,0.000000
1355,2015,2,26,11,0.000000,0.000000,0.000000,20.302520,14.501800,0.000000
1356,2015,2,26,12,0.000000,0.000000,0.000000,22.049230,15.749450,0.000000
1357,2015,2,26,13,0.000000,0.000000,0.000000,23.511530,16.793950,0.000000
1358,2015,2,26,14,0.000000,0.000000,0.000000,23.333100,16.666500,0.000000
1359,2015,2,26,15,0.000000,0.000000,0.000000,19.809650,14.149750,0.000000
1360,2015,2,26,16,0.000000,0.000000,0.000000,14.045570,10.032550,0.000000
1361,2015,2,26,17,0.000000,0.000000,0.000000,11.039840,7.885600,0.000000
1362,2015,2,26,18,0.000000,0.000000,0.000000,10.966690,7.833350,0.000000
1363,2015,2,26,19,0.000000,0.000000,0.000000,13.771590,9.836850,0.000000
1364,2015,2,26,20,0.000000,0.000000,0.000000,19.969110,14.263650,0.000000
1365,2015,2,26,21,0.000000,0.000000,0.000000,9.579780,6.842700,0.000000
1366,2015,2,26,22,0.000000,0.000000,0.000000,12.565280,8.975200,0.000000
1367,2015,2,26,23,0.000000,0.000000,0.000000,13.689410,9.778150,0.000000
1368,2015,2,26,24,0.000000,0.000000,0.000000,11.619650,8.299750,0.000000
1369,2015,2,27,1,0.000000,0.000000,0.000000,8.158150,5.827250,0.000000
1370,2015,2,27,2,0.000000,0.000000,0.000000,4.480490,3.200350,0.000000
1371,2015,2,27,3,0.000000,0.000000,0.000000,4.118520,2.941800,0.000000
1372,2015,2,27,4,0.000000,0.000000,0.000000,3.518340,2.513100,0.000000
1373,2015,2,27,5,0.000000,0.000000,0.000000,7.209230,5.149450,0.000000
1374,2015,2,27,6,0.000000,0.000000,0.000000,15.021790,10.729850,0.000000
1375,2015,2,27,7,0.000000,0.000000,0.000000,21.676480,15.483200,0.000000
1376,2015,2,27,8,0.000000,0.000000,0.000000,13.848240,9.891600,0.000000
1377,2015,2,27,9,0.000000,0.000000,0.000000,13.232940,9.452100,0.000000
1378,2015,2,27,10,0.000000,0.000000,0.000000,17.670030,12.621450,0.000000
1379,2015,2,27,11,0.000000,0.000000,0.000000,16.588600,11.849000,0.000000
1380,2015,2,27,12,0.000000,0.000000,0.000000,14.944650,10.674750,0.000000
1381,2015,2,27,13,0.000000,0.000000,0.000000,16.770250,11.978750,0.000000
1382,2015,2,27,14,0.000000,0.000000,0.000000,18.123490,12.945350,0.000000
1383,2015,2,27,15,0.000000,0.000000,0.000000,23.563330,16.830950,0.000000
1384,2015,2,27,16,0.000000,0.000000,0.000000,26.848150,19.177250,0.000000
1385,2015,2,27,17,0.000000,0.000000,0.000000,42.553770,30.395550,0.000000
1386,2015,2,27,18,0.000000,0.000000,0.000000,50.442490,36.030350,0.000000
1387,2015,2,27,19,0.000000,0.000000,0.000000,43.922060,31.372900,0.000000
1388,2015,2,27,20,0.000000,0.000000,0.000000,39.512060,28.222900,0.000000
1389,2015,2,27,21,0.000000,0.000000,0.000000,37.299290,26.642350,0.000000
1390,2015,2,27,22,0.000000,0.000000,0.000000,22.127070,15.805050,0.000000
1391,2015,2,27,23,0.000000,0.000000,0.000000,26.711230,19.079450,0.000000
1392,2015,2,27,24,0.000000,0.000000,0.000000,23.903530,17.073950,0.000000
1393,2015,2,28,1,0.000000,0.000000,0.000000,27.949390,19.963850,0.000000
1394,2015,2,28,2,0.000000,0.000000,0.000000,26.533640,18.952600,0.000000
1395,2015,2,28,3,0.000000,0.000000,0.000000,23.813160,17.009400,0.000000
1396,2015,2,28,4,0.000000,0.000000,0.000000,15.800750,11.286250,0.000000
1397,2015,2,28,5,0.000000,0.000000,0.000000,6.154960,4.396400,0.000000
1398,2015,2,28,6,0.000000,0.000000,0.000000,6.459390,4.613850,0.000000
1399,2015,2,28,7,0.000000,0.000000,0.000000,2.616810,1.869150,0.000000
1400,2015,2,28,8,0.000000,0.000000,0.000000,1.724030,1.231450,0.000000
1401,2015,2,28,9,0.000000,0.000000,0.000000,2.478980,1.770700,0.000000
1402,2015,2,28,10,0.000000,0.000000,0.000000,3.787630,2.705450,0.000000
1403,2015,2,28,11,0.000000,0.000000,0.000000,4.267690,3.048350,0.000000
1404,2015,2,28,12,0.000000,0.000000,0.000000,4.157580,2.969700,0.000000
1405,2015,2,28,13,0.000000,0.000000,0.000000,4.891600,3.494000,0.000000
1406,2015,2,28,14,0.000000,0.000000,0.000000,4.749640,3.392600,0.000000
1407,2015,2,28,15,0.000000,0.000000,0.000000,4.442970,3.173550,0.000000
1408,2015,2,28,16,0.000000,0.000000,0.000000,6.072570,4.337550,0.000000
1409,2015,2,28,17,0.000000,0.000000,0.000000,16.012010,11.437150,0.000000
1410,2015,2,28,18,0.000000,0.000000,0.000000,20.296780,14.497700,0.000000
1411,2015,2,28,19,0.000000,0.000000,0.000000,22.987720,16.419800,0.000000
1412,2015,2,28,20,0.000000,0.000000,0.000000,29.516200,21.083000,0.000000
1413,2015,2,28,21,0.000000,0.000000,0.000000,34.765990,24.832850,0.000000
1414,2015,2,28,22,0.000000,0.000000,0.000000,42.777910,30.555650,0.000000
1415,2015,2,28,23,0.000000,0.000000,0.000000,52.079300,37.199500,0.000000
1416,2015,2,28,24,0.000000,0.000000,0.000000,58.861110,42.043650,0.000000
1417,2015,3,1,1,0.000000,0.000000,0.000000,62.364190,44.545850,0.000000
1418,2015,3,1,2,0.000000,0.000000,0.000000,64.489040,46.063600,0.000000
1419,2015,3,1,3,0.000000,0.000000,0.000000,63.214620,45.153300,0.000000
1420,2015,3,1,4,0.000000,0.000000,0.000000,61.745810,44.104150,0.000000
1421,2015,3,1,5,0.000000,0.000000,0.000000,60.170950,42.979250,0.000000
1422,2015,3,1,6,0.000000,0.000000,0.000000,62.597500,44.712500,0.000000
1423,2015,3,1,7,0.000000,0.000000,0.000000,62.412560,44.580400,0.000000
1424,2015,3,1,8,0.000000,0.000000,0.000000,42.100800,30.072000,0.000000
1425,2015,3,1,9,0.000000,0.000000,0.000000,29.124690,20.803350,0.000000
1426,2015,3,1,10,0.000000,0.000000,0.000000,29.032780,20.737700,0.000000
1427,2015,3,1,11,0.000000,0.000000,0.000000,28.377300,20.269500,0.000000
1428,2015,3,1,12,0.000000,0.000000,0.000000,31.754590,22.681850,0.000000
1429,2015,3,1,13,0.000000,0.000000,0.000000,29.241520,20.886800,0.000000
1430,2015,3,1,14,0.000000,0.000000,0.000000,38.449670,27.464050,0.000000
1431,2015,3,1,15,0.000000,0.000000,0.000000,46.398520,33.141800,0.000000
1432,2015,3,1,16,0.000000,0.000000,0.000000,36.456770,26.040550,0.000000
1433,2015,3,1,17,0.000000,0.000000,0.000000,31.464020,22.474300,0.000000
1434,2015,3,1,18,0.000000,0.000000,0.000000,17.742900,12.673500,0.000000
1435,2015,3,1,19,0.000000,0.000000,0.000000,13.053530,9.323950,0.000000
1436,2015,3,1,20,0.000000,0.000000,0.000000,12.202540,8.716100,0.000000
1437,2015,3,1,21,0.000000,0.000000,0.000000,11.808230,8.434450,0.000000
1438,2015,3,1,22,0.000000,0.000000,0.000000,16.309370,11.649550,0.000000
1439,2015,3,1,23,0.000000,0.000000,0.000000,15.507940,11.077100,0.000000
1440,2015,3,1,24,0.000000,0.000000,0.000000,15.365420,10.975300,0.000000
1441,2015,3,2,1,0.000000,0.000000,0.000000,14.030800,10.022000,0.000000
1442,2015,3,2,2,0.000000,0.000000,0.000000,15.067570,10.762550,0.000000
1443,2015,3,2,3,0.000000,0.000000,0.000000,14.581490,10.415350,0.000000
1444,2015,3,2,4,0.000000,0.000000,0.000000,20.626480,14.733200,0.000000
1445,2015,3,2,5,0.000000,0.000000,0.000000,26.453070,18.895050,0.000000
1446,2015,3,2,6,0.000000,0.000000,0.000000,22.175930,15.839950,0.000000
1447,2015,3,2,7,0.000000,0.000000,0.000000,18.908750,13.506250,0.000000
1448,2015,3,2,8,0.000000,0.000000,0.000000,13.313650,9.509750,0.000000
1449,2015,3,2,9,0.000000,0.000000,0.000000,6.288870,4.492050,0.000000
1450,2015,3,2,10,0.000000,0.000000,0.000000,6.330450,4.521750,0.000000
1451,2015,3,2,11,0.000000,0.000000,0.000000,2.290610,1.636150,0.000000
1452,2015,3,2,12,0.000000,0.000000,0.000000,1.197000,0.855000,0.000000
1453,2015,3,2,13,0.000000,0.000000,0.000000,2.751980,1.965700,0.000000
1454,2015,3,2,14,0.000000,0.000000,0.000000,5.536650,3.954750,0.000000
1455,2015,3,2,15,0.000000,0.000000,0.000000,5.762190,4.115850,0.000000
1456,2015,3,2,16,0.000000,0.000000,0.000000,2.705850,1.932750,0.000000
1457,2015,3,2,17,0.000000,0.000000,0.000000,2.754220,1.967300,0.000000
1458,2015,3,2,18,0.000000,0.000000,0.000000,3.894380,2.781700,0.000000
1459,2015,3,2,19,0.000000,0.000000,0.000000,4.037810,2.884150,0.000000
1460,2015,3,2,20,0.000000,0.000000,0.000000,2.489760,1.778400,0.000000
1461,2015,3,2,21,0.000000,0.000000,0.000000,1.028860,0.734900,0.000000
1462,2015,3,2,22,0.000000,0.000000,0.000000,0.000000,0.000000,0.000000
1463,2015,3,2,23,0.000000,0.000000,0.000000,3.355450,2.396750,0.000000
1464,2015,3,2,24,0.000000,0.000000,0.000000,5.535740,3.954100,0.000000
1465,2015,3,3,1,0.000000,0.000000,0.000000,8.938230,6.384450,0.000000
1466,2015,3,3,2,0.000000,0.000000,0.000000,10.300710,7.357650,0.000000
1467,2015,3,3,3,0.000000,0.000000,0.000000,9.664060,6.902900,0.000000
1468,2015,3,3,4,0.000000,0.000000,0.000000,12.120850,8.657750,0.000000
1469,2015,3,3,5,0.000000,0.000000,0.000000,15.915340,11.368100,0.000000
1470,2015,3,3,6,0.000000,0.000000,0.000000,18.217640,13.012600,0.000000
1471,2015,3,3,7,0.000000,0.000000,0.000000,18.247320,13.033800,0.000000
1472,2015,3,3,8,0.000000,0.000000,0.000000,9.146620,6.533300,0.000000
1473,2015,3,3,9,0.000000,0.000000,0.000000,3.458140,2.470100,0.000000
1474,2015,3,3,10,0.000000,0.000000,0.000000,1.849400,1.321000,0.000000
1475,2015,3,3,11,0.000000,0.000000,0.000000,1.602160,1.144400,0.000000
1476,2015,3,3,12,0.000000,0.000000,0.000000,0.748790,0.534850,0.000000
1477,2015,3,3,13,0.000000,0.000000,0.000000,1.069740,0.764100,0.000000
1478,2015,3,3,14,0.000000,0.000000,0.000000,3.096170,2.211550,0.000000
1479,2015,3,3,15,0.000000,0.000000,0.000000,3.778810,2.699150,0.000000
1480,2015,3,3,16,0.000000,0.000000,0.000000,4.548880,3.249200,0.000000
1481,2015,3,3,17,0.000000,0.000000,0.000000,5.011230,3.579450,0.000000
1482,2015,3,3,18,0.000000,0.000000,0.000000,6.837600,4.884000,0.000000
1483,2015,3,3,19,0.000000,0.000000,0.000000,7.322490,5.230350,0.000000
1484,2015,3,3,20,0.000000,0.000000,0.000000,8.260210,5.900150,0.000000
1485,2015,3,3,21,0.000000,0.000000,0.000000,3.295670,2.354050,0.000000
1486,2015,3,3,22,0.000000,0.000000,0.000000,0.000000,0.000000,0.000000
1487,2015,3,3,23,0.000000,0.000000,0.000000,0.000000,0.000000,0.000000
1488,2015,3,3,24,0.000000,0.000000,0.000000,0.000000,0.000000,0.000000
1489,2015,3,4,1,0.000000,0.000000,0.000000,0.690340,0.493100,0.000000
1490,2015,3,4,2,0.000000,0.000000,0.000000,2.153760,1.538400,0.000000
1491,2015,3,4,3,0.000000,0.000000,0.000000,5.767300,4.119500,0.000000
1492,2015,3,4,4,0.000000,0.000000,0.000000,9.202480,6.573200,0.000000
1493,2015,3,4,5,0.000000,0.000000,0.000000,14.573020,10.409300,0.000000
1494,2015,3,4,6,0.000000,0.000000,0.000000,22.114050,15.795750,0.000000
1495,2015,3,4,7,0.000000,0.000000,0.000000,23.066400,16.476000,0.000000
1496,2015,3,4,8,0.000000,0.000000,0.000000,11.067700,7.905500,0.000000
1497,2015,3,4,9,0.000000,0.000000,0.000000,10.327240,7.376600,0.000000
1498,2015,3,4,10,0.000000,0.000000,0.000000,11.306680,8.076200,0.000000
1499,2015,3,4,11,0.000000,0.000000,0.000000,14.372470,10.266050,0.000000
1500,2015,3,4,12,0.000000,0.000000,0.000000,14.789600,10.564000,0.000000
1501,2015,3,4,13,0.000000,0.000000,0.000000,16.653490,11.895350,0.000000
1502,2015,3,4,14,0.000000,0.000000,0.000000,18.143230,12.959450,0.000000
1503,2015,3,4,15,0.000000,0.000000,0.000000,16.891840,12.065600,0.000000
1504,2015,3,4,16,0.000000,0.000000,0.000000,16.624720,11.874800,0.000000
1505,2015,3,4,17,0.000000,0.000000,0.000000,15.119440,10.799600,0.000000
1506,2015,3,4,18,0.000000,0.000000,0.000000,13.513080,9.652200,0.000000
1507,2015,3,4,19,0.000000,0.000000,0.000000,14.398860,10.284900,0.000000
1508,2015,3,4,20,0.000000,0.000000,0.000000,21.871920,15.622800,0.000000
1509,2015,3,4,21,0.000000,0.000000,0.000000,13.103090,9.359350,0.000000
1510,2015,3,4,22,0.000000,0.000000,0.000000,14.510440,10.364600,0.000000
1511,2015,3,4,23,0.000000,0.000000,0.000000,12.250770,8.750550,0.000000
1512,2015,3,4,24,0.000000,0.000000,0.000000,12.908280,9.220200,0.000000
1513,2015,3,5,1,0.000000,0.000000,0.000000,7.978530,5.698950,0.000000
1514,2015,3,5,2,0.000000,0.000000,0.000000,4.922120,3.515800,0.000000
1515,2015,3,5,3,0.000000,0.000000,0.000000,3.759140,2.685100,0.000000
1516,2015,3,5,4,0.000000,0.000000,0.000000,2.241050,1.600750,0.000000
1517,2015,3,5,5,0.000000,0.000000,0.000000,11.496310,8.211650,0.000000
1518,2015,3,5,6,0.000000,0.000000,0.000000,21.843990,15.602850,0.000000
1519,2015,3,5,7,0.000000,0.000000,0.000000,17.437000,12.455000,0.000000
1520,2015,3,5,8,0.000000,0.000000,0.000000,12.121620,8.658300,0.000000
1521,2015,3,5,9,0.000000,0.000000,0.000000,13.749820,9.821300,0.000000
1522,2015,3,5,10,0.000000,0.000000,0.000000,15.514310,11.081650,0.000000
1523,2015,3,5,11,0.000000,0.000000,0.000000,17.756760,12.683400,0.000000
1524,2015,3,5,12,0.000000,0.000000,0.000000,21.551180,15.393700,0.000000
1525,2015,3,5,13,0.000000,0.000000,0.000000,26.264630,18.760450,0.000000
1526,2015,3,5,14,0.000000,0.000000,0.000000,22.777160,16.269400,0.000000
1527,2015,3,5,15,0.000000,0.000000,0.000000,18.139310,12.956650,0.000000
1528,2015,3,5,16,0.000000,0.000000,0.000000,13.684090,9.774350,0.000000
1529,2015,3,5,17,0.000000,0.000000,0.000000,11.301220,8.072300,0.000000
1530,2015,3,5,18,0.000000,0.000000,0.000000,16.604700,11.860500,0.000000
1531,2015,3,5,19,0.000000,0.000000,0.000000,20.675060,14.767900,0.000000
1532,2015,3,5,20,0.000000,0.000000,0.000000,23.032100,16.451500,0.000000
1533,2015,3,5,21,0.000000,0.000000,0.000000,17.453030,12.466450,0.000000
1534,2015,3,5,22,0.000000,0.000000,0.000000,3.840410,2.743150,0.000000
1535,2015,3,5,23,0.000000,0.000000,0.000000,1.684830,1.203450,0.000000
1536,2015,3,5,24,0.000000,0.000000,0.000000,0.000000,0.000000,0.000000
1537,2015,3,6,1,0.000000,0.000000,0.000000,0.000000,0.000000,0.000000
1538,2015,3,6,2,0.000000,0.000000,0.000000,0.000000,0.000000,0.000000
1539,2015,3,6,3,0.000000,0.000000,0.000000,0.500780,0.357700,0.000000
1540,2015,3,6,4,0.000000,0.000000,0.000000,4.356940,3.112100,0.000000
1541,2015,3,6,5,0.000000,0.000000,0.000000,3.653790,2.609850,0.000000
1542,2015,3,6,6,0.000000,0.000000,0.000000,4.941160,3.529400,0.000000
1543,2015,3,6,7,0.000000,0.000000,0.000000,7.944440,5.674600,0.000000
1544,2015,3,6,8,0.000000,0.000000,0.000000,12.824560,9.160400,0.000000
1545,2015,3,6,9,0.000000,0.000000,0.000000,16.116380,11.511700,0.000000
1546,2015,3,6,10,0.000000,0.000000,0.000000,10.696350,7.640250,0.000000
1547,2015,3,6,11,0.000000,0.000000,0.000000,11.630220,8.307300,0.000000
1548,2015,3,6,12,0.000000,0.000000,0.000000,14.800520,10.571800,0.000000
1549,2015,3,6,13,0.000000,0.000000,0.000000,17.989370,12.849550,0.000000
1550,2015,3,6,14,0.000000,0.000000,0.000000,20.664350,14.760250,0.000000
1551,2015,3,6,15,0.000000,0.000000,0.000000,24.705450,17.646750,0.000000
1552,2015,3,6,16,0.000000,0.000000,0.000000,27.706420,19.790300,0.000000
1553,2015,3,6,17,0.000000,0.000000,0.000000,30.967020,22.119300,0.000000
1554,2015,3,6,18,0.000000,0.000000,0.000000,27.260450,19.471750,0.000000
1555,2015,3,6,19,0.000000,0.000000,0.000000,19.729220,14.092300,0.000000
1556,2015,3,6,20,0.000000,0.000000,0.000000,11.063920,7.902800,0.000000
1557,2015,3,6,21,0.000000,0.000000,0.000000,8.029630,5.735450,0.000000
1558,2015,3,6,22,0.000000,0.000000,0.000000,4.805640,3.432600,0.000000
1559,2015,3,6,23,0.000000,0.000000,0.000000,4.115650,2.939750,0.000000
1560,2015,3,6,24,0.000000,0.000000,0.000000,5.905060,4.217900,0.000000
1561,2015,3,7,1,0.000000,0.000000,0.000000,8.981420,6.415300,0.000000
1562,2015,3,7,2,0.000000,0.000000,0.000000,15.887410,11.348150,0.000000
1563,2015,3,7,3,0.000000,0.000000,0.000000,18.831470,13.451050,0.000000
1564,2015,3,7,4,0.000000,0.000000,0.000000,18.843790,13.459850,0.000000
1565,2015,3,7,5,0.000000,0.000000,0.000000,17.475290,12.482350,0.000000
1566,2015,3,7,6,0.000000,0.000000,0.000000,12.618200,9.013000,0.000000
1567,2015,3,7,7,0.000000,0.000000,0.000000,6.348160,4.534400,0.000000
1568,2015,3,7,8,0.000000,0.000000,0.000000,0.648620,0.463300,0.000000
1569,2015,3,7,9,0.000000,0.000000,0.000000,0.672560,0.480400,0.000000
1570,2015,3,7,10,0.000000,0.000000,0.000000,2.758350,1.970250,0.000000
1571,2015,3,7,11,0.000000,0.000000,0.000000,3.835580,2.739700,0.000000
1572,2015,3,7,12,0.000000,0.000000,0.000000,3.319400,2.371000,0.000000
1573,2015,3,7,13,0.000000,0.000000,0.000000,1.544340,1.103100,0.000000
1574,2015,3,7,14,0.000000,0.000000,0.000000,1.104040,0.788600,0.000000
1575,2015,3,7,15,0.000000,0.000000,0.000000,1.215690,0.868350,0.000000
1576,2015,3,7,16,0.000000,0.000000,0.000000,0.000000,0.000000,0.000000
1577,2015,3,7,17,0.000000,0.000000,0.000000,0.000000,0.000000,0.000000
1578,2015,3,7,18,0.000000,0.000000,0.000000,1.909040,1.363600,0.000000
1579,2015,3,7,19,0.000000,0.000000,0.000000,4.717230,3.369450,0.000000
1580,2015,3,7,20,0.000000,0.000000,0.000000,5.406030,3.861450,0.000000
1581,2015,3,7,21,0.000000,0.000000,0.000000,6.405770,4.575550,0.000000
1582,2015,3,7,22,0.000000,0.000000,0.000000,8.533980,6.095700,0.000000
1583,2015,3,7,23,0.000000,0.000000,0.000000,9.427110,6.733650,0.000000
1584,2015,3,7,24,0.000000,0.000000,0.000000,10.677380,7.626700,0.000000
1585,2015,3,8,1,0.000000,0.000000,0.000000,12.069260,8.620900,0.000000
1586,2015,3,8,2,0.000000,0.000000,0.000000,11.889780,8.492700,0.000000
1587,2015,3,8,3,0.000000,0.000000,0.000000,13.625430,9.732450,0.000000
1588,2015,3,8,4,0.000000,0.000000,0.000000,12.005840,8.575600,0.000000
1589,2015,3,8,5,0.000000,0.000000,0.000000,12.301730,8.786950,0.000000
1590,2015,3,8,6,0.000000,0.000000,0.000000,17.724840,12.660600,0.000000
1591,2015,3,8,7,0.000000,0.000000,0.000000,22.755320,16.253800,0.000000
1592,2015,3,8,8,0.000000,0.000000,0.000000,27.466390,19.618850,0.000000
1593,2015,3,8,9,0.000000,0.000000,0.000000,31.841110,22.743650,0.000000
1594,2015,3,8,10,0.000000,0.000000,0.000000,31.678220,22.627300,0.000000
1595,2015,3,8,11,0.000000,0.000000,0.000000,21.873250,15.623750,0.000000
1596,2015,3,8,12,0.000000,0.000000,0.000000,16.723700,11.945500,0.000000
1597,2015,3,8,13,0.000000,0.000000,0.000000,20.216910,14.440650,0.000000
1598,2015,3,8,14,0.000000,0.000000,0.000000,24.699850,17.642750,0.000000
1599,2015,3,8,15,0.000000,0.000000,0.000000,17.599540,12.571100,0.000000
1600,2015,3,8,16,0.000000,0.000000,0.000000,19.337780,13.812700,0.000000
1601,2015,3,8,17,0.000000,0.000000,0.000000,13.363350,9.545250,0.000000
1602,2015,3,8,18,0.000000,0.000000,0.000000,12.336730,8.811950,0.000000
1603,2015,3,8,19,0.000000,0.000000,0.000000,12.001220,8.572300,0.000000
1604,2015,3,8,20,0.000000,0.000000,0.000000,13.730430,9.807450,0.000000
1605,2015,3,8,21,0.000000,0.000000,0.000000,19.943840,14.245600,0.000000
1606,2015,3,8,22,0.000000,0.000000,0.000000,29.002260,20.715900,0.000000
1607,2015,3,8,23,0.000000,0.000000,0.000000,22.331050,15.950750,0.000000
1608,2015,3,8,24,0.000000,0.000000,0.000000,27.130250,19.378750,0.000000
1609,2015,3,9,1,0.000000,0.000000,0.000000,38.193750,27.281250,0.000000
1610,2015,3,9,2,0.000000,0.000000,0.000000,48.518890,34.656350,0.000000
1611,2015,3,9,3,0.000000,0.000000,0.000000,56.803390,40.573850,0.000000
1612,2015,3,9,4,0.000000,0.000000,0.000000,45.934630,32.810450,0.000000
1613,2015,3,9,5,0.000000,0.000000,0.000000,30.685060,21.917900,0.000000
1614,2015,3,9,6,0.000000,0.000000,0.000000,26.368510,18.834650,0.000000
1615,2015,3,9,7,0.000000,0.000000,0.000000,20.135640,14.382600,0.000000
1616,2015,3,9,8,0.000000,0.000000,0.000000,39.074770,27.910550,0.000000
1617,2015,3,9,9,0.000000,0.000000,0.000000,56.551320,40.393800,0.000000
1618,2015,3,9,10,0.000000,0.000000,0.000000,62.872390,44.908850,0.000000
1619,2015,3,9,11,0.000000,0.000000,0.000000,61.365080,43.832200,0.000000
1620,2015,3,9,12,0.000000,0.000000,0.000000,65.483670,46.774050,0.000000
1621,2015,3,9,13,0.000000,0.000000,0.000000,68.193510,48.709650,0.000000
1622,2015,3,9,14,0.000000,0.000000,0.000000,69.939100,49.956500,0.000000
1623,2015,3,9,15,0.000000,0.000000,0.000000,69.984530,49.988950,0.000000
1624,2015,3,9,16,0.000000,0.000000,0.000000,69.970390,49.978850,0.000000
1625,2015,3,9,17,0.000000,0.000000,0.000000,69.811910,49.865650,0.000000
1626,2015,3,9,18,0.000000,0.000000,0.000000,69.828080,49.877200,0.000000
1627,2015,3,9,19,0.000000,0.000000,0.000000,69.534780,49.667700,0.000000
1628,2015,3,9,20,0.000000,0.000000,0.000000,68.010810,48.579150,0.000000
1629,2015,3,9,21,0.000000,0.000000,0.000000,69.752690,49.823350,0.000000
1630,2015,3,9,22,0.000000,0.000000,0.000000,69.570340,49.693100,0.000000
1631,2015,3,9,23,0.000000,0.000000,0.000000,69.720700,49.800500,0.000000
1632,2015,3,9,24,0.000000,0.000000,0.000000,69.795670,49.854050,0.000000
1633,2015,3,10,1,0.000000,0.000000,0.000000,69.738690,49.813350,0.000000
1634,2015,3,10,2,0.000000,0.000000,0.000000,69.562570,49.687550,0.000000
1635,2015,3,10,3,0.000000,0.000000,0.000000,69.805890,49.861350,0.000000
1636,2015,3,10,4,0.000000,0.000000,0.000000,69.182890,49.416350,0.000000
1637,2015,3,10,5,0.000000,0.000000,0.000000,68.969040,49.263600,0.000000
1638,2015,3,10,6,0.000000,0.000000,0.000000,69.039600,49.314000,0.000000
1639,2015,3,10,7,0.000000,0.000000,0.000000,69.267660,49.476900,0.000000
1640,2015,3,10,8,0.000000,0.000000,0.000000,68.670980,49.050700,0.000000
1641,2015,3,10,9,0.000000,0.000000,0.000000,68.493880,48.924200,0.000000
1642,2015,3,10,10,0.000000,0.000000,0.000000,62.736380,44.811700,0.000000
1643,2015,3,10,11,0.000000,0.000000,0.000000,61.197080,43.712200,0.000000
1644,2015,3,10,12,0.000000,0.000000,0.000000,59.442040,42.458600,0.000000
1645,2015,3,10,13,0.000000,0.000000,0.000000,56.994070,40.710050,0.000000
1646,2015,3,10,14,0.000000,0.000000,0.000000,53.518570,38.227550,0.000000
1647,2015,3,10,15,0.000000,0.000000,0.000000,53.850720,38.464800,0.000000
1648,2015,3,10,16,0.000000,0.000000,0.000000,51.629480,36.878200,0.000000
1649,2015,3,10,17,0.000000,0.000000,0.000000,56.925820,40.661300,0.000000
1650,2015,3,10,18,0.000000,0.000000,0.000000,51.717680,36.941200,0.000000
1651,2015,3,10,19,0.000000,0.000000,0.000000,53.504920,38.217800,0.000000
1652,2015,3,10,20,0.000000,0.000000,0.000000,48.381410,34.558150,0.000000
1653,2015,3,10,21,0.000000,0.000000,0.000000,48.761090,34.829350,0.000000
1654,2015,3,10,22,0.000000,0.000000,0.000000,55.607020,39.719300,0.000000
1655,2015,3,10,23,0.000000,0.000000,0.000000,51.074310,36.481650,0.000000
1656,2015,3,10,24,0.000000,0.000000,0.000000,41.497610,29.641150,0.000000
1657,2015,3,11,1,0.000000,0.000000,0.000000,38.388070,27.420050,0.000000
1658,2015,3,11,2,0.000000,0.000000,0.000000,41.284670,29.489050,0.000000
1659,2015,3,11,3,0.000000,0.000000,0.000000,32.675440,23.339600,0.000000
1660,2015,3,11,4,0.000000,0.000000,0.000000,35.307300,25.219500,0.000000
1661,2015,3,11,5,0.000000,0.000000,0.000000,28.613410,20.438150,0.000000
1662,2015,3,11,6,0.000000,0.000000,0.000000,25.601940,18.287100,0.000000
1663,2015,3,11,7,0.000000,0.000000,0.000000,18.728850,13.377750,0.000000
1664,2015,3,11,8,0.000000,0.000000,0.000000,12.673150,9.052250,0.000000
1665,2015,3,11,9,0.000000,0.000000,0.000000,15.401610,11.001150,0.000000
1666,2015,3,11,10,0.000000,0.000000,0.000000,15.090180,10.778700,0.000000
1667,2015,3,11,11,0.000000,0.000000,0.000000,9.928730,7.091950,0.000000
1668,2015,3,11,12,0.000000,0.000000,0.000000,7.619430,5.442450,0.000000
1669,2015,3,11,13,0.000000,0.000000,0.000000,6.284250,4.488750,0.000000
1670,2015,3,11,14,0.000000,0.000000,0.000000,4.369120,3.120800,0.000000
1671,2015,3,11,15,0.000000,0.000000,0.000000,4.471880,3.194200,0.000000
1672,2015,3,11,16,0.000000,0.000000,0.000000,8.056300,5.754500,0.000000
1673,2015,3,11,17,0.000000,0.000000,0.000000,9.563820,6.831300,0.000000
1674,2015,3,11,18,0.000000,0.000000,0.000000,8.220520,5.871800,0.000000
1675,2015,3,11,19,0.000000,0.000000,0.000000,4.994780,3.567700,0.000000
1676,2015,3,11,20,0.000000,0.000000,0.000000,2.870490,2.050350,0.000000
1677,2015,3,11,21,0.000000,0.000000,0.000000,0.576660,0.411900,0.000000
1678,2015,3,11,22,0.000000,0.000000,0.000000,0.000000,0.000000,0.000000
1679,2015,3,11,23,0.000000,0.000000,0.000000,0.000000,0.000000,0.000000
1680,2015,3,11,24,0.000000,0.000000,0.000000,0.000000,0.000000,0.000000
1681,2015,3,12,1,0.000000,0.000000,0.000000,1.089620,0.778300,0.000000
1682,2015,3,12,2,0.000000,0.000000,0.000000,1.858290,1.327350,0.000000
1683,2015,3,12,3,0.000000,0.000000,0.000000,3.423910,2.445650,0.000000
1684,2015,3,12,4,0.000000,0.000000,0.000000,6.115060,4.367900,0.000000
1685,2015,3,12,5,0.000000,0.000000,0.000000,9.638580,6.884700,0.000000
1686,2015,3,12,6,0.000000,0.000000,0.000000,8.125040,5.803600,0.000000
1687,2015,3,12,7,0.000000,0.000000,0.000000,6.004110,4.288650,0.000000
1688,2015,3,12,8,0.000000,0.000000,0.000000,3.097150,2.212250,0.000000
1689,2015,3,12,9,0.000000,0.000000,0.000000,2.768150,1.977250,0.000000
1690,2015,3,12,10,0.000000,0.000000,0.000000,1.589070,1.135050,0.000000
1691,2015,3,12,11,0.000000,0.000000,0.000000,2.300270,1.643050,0.000000
1692,2015,3,12,12,0.000000,0.000000,0.000000,2.777600,1.984000,0.000000
1693,2015,3,12,13,0.000000,0.000000,0.000000,5.033560,3.595400,0.000000
1694,2015,3,12,14,0.000000,0.000000,0.000000,8.534960,6.096400,0.000000
1695,2015,3,12,15,0.000000,0.000000,0.000000,11.562950,8.259250,0.000000
1696,2015,3,12,16,0.000000,0.000000,0.000000,11.698400,8.356000,0.000000
1697,2015,3,12,17,0.000000,0.000000,0.000000,14.112490,10.080350,0.000000
1698,2015,3,12,18,0.000000,0.000000,0.000000,16.076970,11.483550,0.000000
1699,2015,3,12,19,0.000000,0.000000,0.000000,18.730600,13.379000,0.000000
1700,2015,3,12,20,0.000000,0.000000,0.000000,23.128000,16.520000,0.000000
1701,2015,3,12,21,0.000000,0.000000,0.000000,20.245050,14.460750,0.000000
1702,2015,3,12,22,0.000000,0.000000,0.000000,21.545720,15.389800,0.000000
1703,2015,3,12,23,0.000000,0.000000,0.000000,24.762570,17.687550,0.000000
1704,2015,3,12,24,0.000000,0.000000,0.000000,18.363660,13.116900,0.000000
1705,2015,3,13,1,0.000000,0.000000,0.000000,13.034490,9.310350,0.000000
1706,2015,3,13,2,0.000000,0.000000,0.000000,10.181500,7.272500,0.000000
1707,2015,3,13,3,0.000000,0.000000,0.000000,9.910530,7.078950,0.000000
1708,2015,3,13,4,0.000000,0.000000,0.000000,13.403880,9.574200,0.000000
1709,2015,3,13,5,0.000000,0.000000,0.000000,22.186780,15.847700,0.000000
1710,2015,3,13,6,0.000000,0.000000,0.000000,31.801630,22.715450,0.000000
1711,2015,3,13,7,0.000000,0.000000,0.000000,32.656750,23.326250,0.000000
1712,2015,3,13,8,0.000000,0.000000,0.000000,29.020320,20.728800,0.000000
1713,2015,3,13,9,0.000000,0.000000,0.000000,32.033330,22.880950,0.000000
1714,2015,3,13,10,0.000000,0.000000,0.000000,32.412310,23.151650,0.000000
1715,2015,3,13,11,0.000000,0.000000,0.000000,34.559070,24.685050,0.000000
1716,2015,3,13,12,0.000000,0.000000,0.000000,32.852120,23.465800,0.000000
1717,2015,3,13,13,0.000000,0.000000,0.000000,32.030950,22.879250,0.000000
1718,2015,3,13,14,0.000000,0.000000,0.000000,31.521630,22.515450,0.000000
1719,2015,3,13,15,0.000000,0.000000,0.000000,31.093930,22.209950,0.000000
1720,2015,3,13,16,0.000000,0.000000,0.000000,32.394950,23.139250,0.000000
1721,2015,3,13,17,0.000000,0.000000,0.000000,31.566360,22.547400,0.000000
1722,2015,3,13,18,0.000000,0.000000,0.000000,30.134860,21.524900,0.000000
1723,2015,3,13,19,0.000000,0.000000,0.000000,31.066840,22.190600,0.000000
1724,2015,3,13,20,0.000000,0.000000,0.000000,31.267740,22.334100,0.000000
1725,2015,3,13,21,0.000000,0.000000,0.000000,25.240670,18.029050,0.000000
1726,2015,3,13,22,0.000000,0.000000,0.000000,17.522470,12.516050,0.000000
1727,2015,3,13,23,0.000000,0.000000,0.000000,11.910780,8.507700,0.000000
1728,2015,3,13,24,0.000000,0.000000,0.000000,9.141160,6.529400,0.000000
1729,2015,3,14,1,0.000000,0.000000,0.000000,4.796750,3.426250,0.000000
1730,2015,3,14,2,0.000000,0.000000,0.000000,1.993530,1.423950,0.000000
1731,2015,3,14,3,0.000000,0.000000,0.000000,0.000000,0.000000,0.000000
1732,2015,3,14,4,0.000000,0.000000,0.000000,1.436750,1.026250,0.000000
1733,2015,3,14,5,0.000000,0.000000,0.000000,7.398580,5.284700,0.000000
1734,2015,3,14,6,0.000000,0.000000,0.000000,17.890670,12.779050,0.000000
1735,2015,3,14,7,0.000000,0.000000,0.000000,24.981460,17.843900,0.000000
1736,2015,3,14,8,0.000000,0.000000,0.000000,24.006220,17.147300,0.000000
1737,2015,3,14,9,0.000000,0.000000,0.000000,26.807620,19.148300,0.000000
1738,2015,3,14,10,0.000000,0.000000,0.000000,28.340620,20.243300,0.000000
1739,2015,3,14,11,0.000000,0.000000,0.000000,28.860720,20.614800,0.000000
1740,2015,3,14,12,0.000000,0.000000,0.000000,30.608690,21.863350,0.000000
1741,2015,3,14,13,0.000000,0.000000,0.000000,30.646420,21.890300,0.000000
1742,2015,3,14,14,0.000000,0.000000,0.000000,30.465330,21.760950,0.000000
1743,2015,3,14,15,0.000000,0.000000,0.000000,28.092890,20.066350,0.000000
1744,2015,3,14,16,0.000000,0.000000,0.000000,25.152610,17.966150,0.000000
1745,2015,3,14,17,0.000000,0.000000,0.000000,19.657680,14.041200,0.000000
1746,2015,3,14,18,0.000000,0.000000,0.000000,12.690930,9.064950,0.000000
1747,2015,3,14,19,0.000000,0.000000,0.000000,9.548280,6.820200,0.000000
1748,2015,3,14,20,0.000000,0.000000,0.000000,9.421510,6.729650,0.000000
1749,2015,3,14,21,0.000000,0.000000,0.000000,5.137090,3.669350,0.000000
1750,2015,3,14,22,0.000000,0.000000,0.000000,0.490840,0.350600,0.000000
1751,2015,3,14,23,0.000000,0.000000,0.000000,2.598050,1.855750,0.000000
1752,2015,3,14,24,0.000000,0.000000,0.000000,0.000000,0.000000,0.000000
1753,2015,3,15,1,0.000000,0.000000,0.000000,1.287370,0.919550,0.000000
1754,2015,3,15,2,0.000000,0.000000,0.000000,2.502570,1.787550,0.000000
1755,2015,3,15,3,0.000000,0.000000,0.000000,3.428110,2.448650,0.000000
1756,2015,3,15,4,0.000000,0.000000,0.000000,2.476600,1.769000,0.000000
1757,2015,3,15,5,0.000000,0.000000,0.000000,3.441130,2.457950,0.000000
1758,2015,3,15,6,0.000000,0.000000,0.000000,6.755910,4.825650,0.000000
1759,2015,3,15,7,0.000000,0.000000,0.000000,7.055020,5.039300,0.000000
1760,2015,3,15,8,0.000000,0.000000,0.000000,6.632150,4.737250,0.000000
1761,2015,3,15,9,0.000000,0.000000,0.000000,6.322750,4.516250,0.000000
1762,2015,3,15,10,0.000000,0.000000,0.000000,8.553720,6.109800,0.000000
1763,2015,3,15,11,0.000000,0.000000,0.000000,10.451770,7.465550,0.000000
1764,2015,3,15,12,0.000000,0.000000,0.000000,12.060860,8.614900,0.000000
1765,2015,3,15,13,0.000000,0.000000,0.000000,15.606290,11.147350,0.000000
1766,2015,3,15,14,0.000000,0.000000,0.000000,13.755210,9.825150,0.000000
1767,2015,3,15,15,0.000000,0.000000,0.000000,15.597890,11.141350,0.000000
1768,2015,3,15,16,0.000000,0.000000,0.000000,17.013640,12.152600,0.000000
1769,2015,3,15,17,0.000000,0.000000,0.000000,15.535870,11.097050,0.000000
1770,2015,3,15,18,0.000000,0.000000,0.000000,14.646940,10.462100,0.000000
1771,2015,3,15,19,0.000000,0.000000,0.000000,12.550160,8.964400,0.000000
1772,2015,3,15,20,0.000000,0.000000,0.000000,14.744590,10.531850,0.000000
1773,2015,3,15,21,0.000000,0.000000,0.000000,7.731150,5.522250,0.000000
1774,2015,3,15,22,0.000000,0.000000,0.000000,1.170330,0.835950,0.000000
1775,2015,3,15,23,0.000000,0.000000,0.000000,1.863540,1.331100,0.000000
1776,2015,3,15,24,0.000000,0.000000,0.000000,1.354360,0.967400,0.000000
1777,2015,3,16,1,0.000000,0.000000,0.000000,3.375960,2.411400,0.000000
1778,2015,3,16,2,0.000000,0.000000,0.000000,3.353630,2.395450,0.000000
1779,2015,3,16,3,0.000000,0.000000,0.000000,3.189900,2.278500,0.000000
1780,2015,3,16,4,0.000000,0.000000,0.000000,1.933890,1.381350,0.000000
1781,2015,3,16,5,0.000000,0.000000,0.000000,2.400510,1.714650,0.000000
1782,2015,3,16,6,0.000000,0.000000,0.000000,2.627870,1.877050,0.000000
1783,2015,3,16,7,0.000000,0.000000,0.000000,5.124350,3.660250,0.000000
1784,2015,3,16,8,0.000000,0.000000,0.000000,6.771590,4.836850,0.000000
1785,2015,3,16,9,0.000000,0.000000,0.000000,7.406490,5.290350,0.000000
1786,2015,3,16,10,0.000000,0.000000,0.000000,10.231550,7.308250,0.000000
1787,2015,3,16,11,0.000000,0.000000,0.000000,15.664740,11.189100,0.000000
1788,2015,3,16,12,0.000000,0.000000,0.000000,17.732120,12.665800,0.000000
1789,2015,3,16,13,0.000000,0.000000,0.000000,22.214500,15.867500,0.000000
1790,2015,3,16,14,0.000000,0.000000,0.000000,25.832590,18.451850,0.000000
1791,2015,3,16,15,0.000000,0.000000,0.000000,26.424580,18.874700,0.000000
1792,2015,3,16,16,0.000000,0.000000,0.000000,25.361210,18.115150,0.000000
1793,2015,3,16,17,0.000000,0.000000,0.000000,23.067450,16.476750,0.000000
1794,2015,3,16,18,0.000000,0.000000,0.000000,20.457430,14.612450,0.000000
1795,2015,3,16,19,0.000000,0.000000,0.000000,25.861500,18.472500,0.000000
1796,2015,3,16,20,0.000000,0.000000,0.000000,24.872610,17.766150,0.000000
1797,2015,3,16,21,0.000000,0.000000,0.000000,16.920610,12.086150,0.000000
1798,2015,3,16,22,0.000000,0.000000,0.000000,4.746980,3.390700,0.000000
1799,2015,3,16,23,0.000000,0.000000,0.000000,6.559980,4.685700,0.000000
1800,2015,3,16,24,0.000000,0.000000,0.000000,4.710720,3.364800,0.000000
1801,2015,3,17,1,0.000000,0.000000,0.000000,6.003970,4.288550,0.000000
1802,2015,3,17,2,0.000000,0.000000,0.000000,6.044360,4.317400,0.000000
1803,2015,3,17,3,0.000000,0.000000,0.000000,6.720000,4.800000,0.000000
1804,2015,3,17,4,0.000000,0.000000,0.000000,6.678840,4.770600,0.000000
1805,2015,3,17,5,0.000000,0.000000,0.000000,8.406650,6.004750,0.000000
1806,2015,3,17,6,0.000000,0.000000,0.000000,4.013310,2.866650,0.000000
1807,2015,3,17,7,0.000000,0.000000,0.000000,9.252460,6.608900,0.000000
1808,2015,3,17,8,0.000000,0.000000,0.000000,6.561100,4.686500,0.000000
1809,2015,3,17,9,0.000000,0.000000,0.000000,8.670410,6.193150,0.000000
1810,2015,3,17,10,0.000000,0.000000,0.000000,9.880570,7.057550,0.000000
1811,2015,3,17,11,0.000000,0.000000,0.000000,11.642400,8.316000,0.000000
1812,2015,3,17,12,0.000000,0.000000,0.000000,14.035980,10.025700,0.000000
1813,2015,3,17,13,0.000000,0.000000,0.000000,20.831230,14.879450,0.000000
1814,2015,3,17,14,0.000000,0.000000,0.000000,24.986780,17.847700,0.000000
1815,2015,3,17,15,0.000000,0.000000,0.000000,33.875380,24.196700,0.000000
1816,2015,3,17,16,0.000000,0.000000,0.000000,26.134430,18.667450,0.000000
1817,2015,3,17,17,0.000000,0.000000,0.000000,27.646990,19.747850,0.000000
1818,2015,3,17,18,0.000000,0.000000,0.000000,30.021110,21.443650,0.000000
1819,2015,3,17,19,0.000000,0.000000,0.000000,32.455430,23.182450,0.000000
1820,2015,3,17,20,0.000000,0.000000,0.000000,36.634220,26.167300,0.000000
1821,2015,3,17,21,0.000000,0.000000,0.000000,28.657580,20.469700,0.000000
1822,2015,3,17,22,0.000000,0.000000,0.000000,22.360940,15.972100,0.000000
1823,2015,3,17,23,0.000000,0.000000,0.000000,31.050950,22.179250,0.000000
1824,2015,3,17,24,0.000000,0.000000,0.000000,43.945090,31.389350,0.000000
1825,2015,3,18,1,0.000000,0.000000,0.000000,45.073420,32.195300,0.000000
1826,2015,3,18,2,0.000000,0.000000,0.000000,42.706230,30.504450,0.000000
1827,2015,3,18,3,0.000000,0.000000,0.000000,40.387410,28.848150,0.000000
1828,2015,3,18,4,0.000000,0.000000,0.000000,42.266210,30.190150,0.000000
1829,2015,3,18,5,0.000000,0.000000,0.000000,50.112440,35.794600,0.000000
1830,2015,3,18,6,0.000000,0.000000,0.000000,41.163500,29.402500,0.000000
1831,2015,3,18,7,0.000000,0.000000,0.000000,19.627860,14.019900,0.000000
1832,2015,3,18,8,0.000000,0.000000,0.000000,15.074080,10.767200,0.000000
1833,2015,3,18,9,0.000000,0.000000,0.000000,6.005300,4.289500,0.000000
1834,2015,3,18,10,0.000000,0.000000,0.000000,1.509900,1.078500,0.000000
1835,2015,3,18,11,0.000000,0.000000,0.000000,0.000000,0.000000,0.000000
1836,2015,3,18,12,0.000000,0.000000,0.000000,0.000000,0.000000,0.000000
1837,2015,3,18,13,0.000000,0.000000,0.000000,0.000000,0.000000,0.000000
1838,2015,3,18,14,0.000000,0.000000,0.000000,0.000000,0.000000,0.000000
1839,2015,3,18,15,0.000000,0.000000,0.000000,0.000000,0.000000,0.000000
1840,2015,3,18,16,0.000000,0.000000,0.000000,0.000000,0.000000,0.000000
1841,2015,3,18,17,0.000000,0.000000,0.000000,1.810130,1.292950,0.000000
1842,2015,3,18,18,0.000000,0.000000,0.000000,4.297720,3.069800,0.000000
1843,2015,3,18,19,0.000000,0.000000,0.000000,5.671610,4.051150,0.000000
1844,2015,3,18,20,0.000000,0.000000,0.000000,8.007650,5.719750,0.000000
1845,2015,3,18,21,0.000000,0.000000,0.000000,6.206410,4.433150,0.000000
1846,2015,3,18,22,0.000000,0.000000,0.000000,4.629380,3.306700,0.000000
1847,2015,3,18,23,0.000000,0.000000,0.000000,3.121370,2.229550,0.000000
1848,2015,3,18,24,0.000000,0.000000,0.000000,0.967330,0.690950,0.000000
1849,2015,3,19,1,0.000000,0.000000,0.000000,0.634480,0.453200,0.000000
1850,2015,3,19,2,0.000000,0.000000,0.000000,2.152150,1.537250,0.000000
1851,2015,3,19,3,0.000000,0.000000,0.000000,2.211650,1.579750,0.000000
1852,2015,3,19,4,0.000000,0.000000,0.000000,3.383100,2.416500,0.000000
1853,2015,3,19,5,0.000000,0.000000,0.000000,12.246570,8.747550,0.000000
1854,2015,3,19,6,0.000000,0.000000,0.000000,18.665290,13.332350,0.000000
1855,2015,3,19,7,0.000000,0.000000,0.000000,29.309910,20.935650,0.000000
1856,2015,3,19,8,0.000000,0.000000,0.000000,22.943690,16.388350,0.000000
1857,2015,3,19,9,0.000000,0.000000,0.000000,19.368720,13.834800,0.000000
1858,2015,3,19,10,0.000000,0.000000,0.000000,17.069920,12.192800,0.000000
1859,2015,3,19,11,0.000000,0.000000,0.000000,20.372170,14.551550,0.000000
1860,2015,3,19,12,0.000000,0.000000,0.000000,27.854470,19.896050,0.000000
1861,2015,3,19,13,0.000000,0.000000,0.000000,29.934940,21.382100,0.000000
1862,2015,3,19,14,0.000000,0.000000,0.000000,36.334060,25.952900,0.000000
1863,2015,3,19,15,0.000000,0.000000,0.000000,41.030780,29.307700,0.000000
1864,2015,3,19,16,0.000000,0.000000,0.000000,39.347910,28.105650,0.000000
1865,2015,3,19,17,0.000000,0.000000,0.000000,40.581310,28.986650,0.000000
1866,2015,3,19,18,0.000000,0.000000,0.000000,36.442280,26.030200,0.000000
1867,2015,3,19,19,0.000000,0.000000,0.000000,43.169350,30.835250,0.000000
1868,2015,3,19,20,0.000000,0.000000,0.000000,40.714660,29.081900,0.000000
1869,2015,3,19,21,0.000000,0.000000,0.000000,30.889530,22.063950,0.000000
1870,2015,3,19,22,0.000000,0.000000,0.000000,23.992920,17.137800,0.000000
1871,2015,3,19,23,0.000000,0.000000,0.000000,32.730950,23.379250,0.000000
1872,2015,3,19,24,0.000000,0.000000,0.000000,55.351240,39.536600,0.000000
1873,2015,3,20,1,0.000000,0.000000,0.000000,52.375400,37.411000,0.000000
1874,2015,3,20,2,0.000000,0.000000,0.000000,57.016960,40.726400,0.000000
1875,2015,3,20,3,0.000000,0.000000,0.000000,60.125450,42.946750,0.000000
1876,2015,3,20,4,0.000000,0.000000,0.000000,54.014520,38.581800,0.000000
1877,2015,3,20,5,0.000000,0.000000,0.000000,48.313510,34.509650,0.000000
1878,2015,3,20,6,0.000000,0.000000,0.000000,44.680300,31.914500,0.000000
1879,2015,3,20,7,0.000000,0.000000,0.000000,33.540570,23.957550,0.000000
1880,2015,3,20,8,0.000000,0.000000,0.000000,22.566320,16.118800,0.000000
1881,2015,3,20,9,0.000000,0.000000,0.000000,11.704980,8.360700,0.000000
1882,2015,3,20,10,0.000000,0.000000,0.000000,8.453200,6.038000,0.000000
1883,2015,3,20,11,0.000000,0.000000,0.000000,4.794790,3.424850,0.000000
1884,2015,3,20,12,0.000000,0.000000,0.000000,4.506670,3.219050,0.000000
1885,2015,3,20,13,0.000000,0.000000,0.000000,10.018820,7.156300,0.000000
1886,2015,3,20,14,0.000000,0.000000,0.000000,11.205740,8.004100,0.000000
1887,2015,3,20,15,0.000000,0.000000,0.000000,12.180910,8.700650,0.000000
1888,2015,3,20,16,0.000000,0.000000,0.000000,11.578770,8.270550,0.000000
1889,2015,3,20,17,0.000000,0.000000,0.000000,9.785300,6.989500,0.000000
1890,2015,3,20,18,0.000000,0.000000,0.000000,7.393400,5.281000,0.000000
1891,2015,3,20,19,0.000000,0.000000,0.000000,6.683810,4.774150,0.000000
1892,2015,3,20,20,0.000000,0.000000,0.000000,5.797470,4.141050,0.000000
1893,2015,3,20,21,0.000000,0.000000,0.000000,1.986390,1.418850,0.000000
1894,2015,3,20,22,0.000000,0.000000,0.000000,0.685300,0.489500,0.000000
1895,2015,3,20,23,0.000000,0.000000,0.000000,3.448900,2.463500,0.000000
1896,2015,3,20,24,0.000000,0.000000,0.000000,7.100730,5.071950,0.000000
1897,2015,3,21,1,0.000000,0.000000,0.000000,14.609910,10.435650,0.000000
1898,2015,3,21,2,0.000000,0.000000,0.000000,24.213420,17.295300,0.000000
1899,2015,3,21,3,0.000000,0.000000,0.000000,30.342340,21.673100,0.000000
1900,2015,3,21,4,0.000000,0.000000,0.000000,30.044700,21.460500,0.000000
1901,2015,3,21,5,0.000000,0.000000,0.000000,26.664050,19.045750,0.000000
1902,2015,3,21,6,0.000000,0.000000,0.000000,21.894390,15.638850,0.000000
1903,2015,3,21,7,0.000000,0.000000,0.000000,21.703150,15.502250,0.000000
1904,2015,3,21,8,0.000000,0.000000,0.000000,14.439040,10.313600,0.000000
1905,2015,3,21,9,0.000000,0.000000,0.000000,8.134070,5.810050,0.000000
1906,2015,3,21,10,0.000000,0.000000,0.000000,4.923660,3.516900,0.000000
1907,2015,3,21,11,0.000000,0.000000,0.000000,1.414770,1.010550,0.000000
1908,2015,3,21,12,0.000000,0.000000,0.000000,1.589070,1.135050,0.000000
1909,2015,3,21,13,0.000000,0.000000,0.000000,4.154010,2.967150,0.000000
1910,2015,3,21,14,0.000000,0.000000,0.000000,5.302920,3.787800,0.000000
1911,2015,3,21,15,0.000000,0.000000,0.000000,7.105070,5.075050,0.000000
1912,2015,3,21,16,0.000000,0.000000,0.000000,7.472220,5.337300,0.000000
1913,2015,3,21,17,0.000000,0.000000,0.000000,7.348180,5.248700,0.000000
1914,2015,3,21,18,0.000000,0.000000,0.000000,5.734750,4.096250,0.000000
1915,2015,3,21,19,0.000000,0.000000,0.000000,5.980800,4.272000,0.000000
1916,2015,3,21,20,0.000000,0.000000,0.000000,5.425700,3.875500,0.000000
1917,2015,3,21,21,0.000000,0.000000,0.000000,7.552510,5.394650,0.000000
1918,2015,3,21,22,0.000000,0.000000,0.000000,24.613610,17.581150,0.000000
1919,2015,3,21,23,0.000000,0.000000,0.000000,35.386120,25.275800,0.000000
1920,2015,3,21,24,0.000000,0.000000,0.000000,59.025330,42.160950,0.000000
1921,2015,3,22,1,0.000000,0.000000,0.000000,68.799920,49.142800,0.000000
1922,2015,3,22,2,0.000000,0.000000,0.000000,67.483290,48.202350,0.000000
1923,2015,3,22,3,0.000000,0.000000,0.000000,69.337310,49.526650,0.000000
1924,2015,3,22,4,0.000000,0.000000,0.000000,69.945540,49.961100,0.000000
1925,2015,3,22,5,0.000000,0.000000,0.000000,69.935180,49.953700,0.000000
1926,2015,3,22,6,0.000000,0.000000,0.000000,69.872460,49.908900,0.000000
1927,2015,3,22,7,0.000000,0.000000,0.000000,68.591320,48.993800,0.000000
1928,2015,3,22,8,0.000000,0.000000,0.000000,67.503170,48.216550,0.000000
1929,2015,3,22,9,0.000000,0.000000,0.000000,49.624540,35.446100,0.000000
1930,2015,3,22,10,0.000000,0.000000,0.000000,36.417150,26.012250,0.000000
1931,2015,3,22,11,0.000000,0.000000,0.000000,25.473910,18.195650,0.000000
1932,2015,3,22,12,0.000000,0.000000,0.000000,22.075270,15.768050,0.000000
1933,2015,3,22,13,0.000000,0.000000,0.000000,20.618780,14.727700,0.000000
1934,2015,3,22,14,0.000000,0.000000,0.000000,20.606320,14.718800,0.000000
1935,2015,3,22,15,0.000000,0.000000,0.000000,25.031230,17.879450,0.000000
1936,2015,3,22,16,0.000000,0.000000,0.000000,20.667290,14.762350,0.000000
1937,2015,3,22,17,0.000000,0.000000,0.000000,19.443270,13.888050,0.000000
1938,2015,3,22,18,0.000000,0.000000,0.000000,20.613180,14.723700,0.000000
1939,2015,3,22,19,0.000000,0.000000,0.000000,20.234410,14.453150,0.000000
1940,2015,3,22,20,0.000000,0.000000,0.000000,21.182350,15.130250,0.000000
1941,2015,3,22,21,0.000000,0.000000,0.000000,12.833520,9.166800,0.000000
1942,2015,3,22,22,0.000000,0.000000,0.000000,15.291500,10.922500,0.000000
1943,2015,3,22,23,0.000000,0.000000,0.000000,22.229200,15.878000,0.000000
1944,2015,3,22,24,0.000000,0.000000,0.000000,24.378830,17.413450,0.000000
1945,2015,3,23,1,0.000000,0.000000,0.000000,30.217180,21.583700,0.000000
1946,2015,3,23,2,0.000000,0.000000,0.000000,31.939740,22.814100,0.000000
1947,2015,3,23,3,0.000000,0.000000,0.000000,35.446530,25.318950,0.000000
1948,2015,3,23,4,0.000000,0.000000,0.000000,41.851250,29.893750,0.000000
1949,2015,3,23,5,0.000000,0.000000,0.000000,41.905780,29.932700,0.000000
1950,2015,3,23,6,0.000000,0.000000,0.000000,42.857220,30.612300,0.000000
1951,2015,3,23,7,0.000000,0.000000,0.000000,38.348660,27.391900,0.000000
1952,2015,3,23,8,0.000000,0.000000,0.000000,19.101950,13.644250,0.000000
1953,2015,3,23,9,0.000000,0.000000,0.000000,18.559170,13.256550,0.000000
1954,2015,3,23,10,0.000000,0.000000,0.000000,23.066540,16.476100,0.000000
1955,2015,3,23,11,0.000000,0.000000,0.000000,27.209280,19.435200,0.000000
1956,2015,3,23,12,0.000000,0.000000,0.000000,27.396810,19.569150,0.000000
1957,2015,3,23,13,0.000000,0.000000,0.000000,31.455620,22.468300,0.000000
1958,2015,3,23,14,0.000000,0.000000,0.000000,33.871460,24.193900,0.000000
1959,2015,3,23,15,0.000000,0.000000,0.000000,35.066220,25.047300,0.000000
1960,2015,3,23,16,0.000000,0.000000,0.000000,36.298570,25.927550,0.000000
1961,2015,3,23,17,0.000000,0.000000,0.000000,35.415030,25.296450,0.000000
1962,2015,3,23,18,0.000000,0.000000,0.000000,39.094860,27.924900,0.000000
1963,2015,3,23,19,0.000000,0.000000,0.000000,40.992280,29.280200,0.000000
1964,2015,3,23,20,0.000000,0.000000,0.000000,43.955100,31.396500,0.000000
1965,2015,3,23,21,0.000000,0.000000,0.000000,50.888810,36.349150,0.000000
1966,2015,3,23,22,0.000000,0.000000,0.000000,55.593370,39.709550,0.000000
1967,2015,3,23,23,0.000000,0.000000,0.000000,59.017420,42.155300,0.000000
1968,2015,3,23,24,0.000000,0.000000,0.000000,60.711840,43.365600,0.000000
1969,2015,3,24,1,0.000000,0.000000,0.000000,60.030040,42.878600,0.000000
1970,2015,3,24,2,0.000000,0.000000,0.000000,61.839400,44.171000,0.000000
1971,2015,3,24,3,0.000000,0.000000,0.000000,61.157040,43.683600,0.000000
1972,2015,3,24,4,0.000000,0.000000,0.000000,60.738440,43.384600,0.000000
1973,2015,3,24,5,0.000000,0.000000,0.000000,61.040420,43.600300,0.000000
1974,2015,3,24,6,0.000000,0.000000,0.000000,61.701150,44.072250,0.000000
1975,2015,3,24,7,0.000000,0.000000,0.000000,59.325070,42.375050,0.000000
1976,2015,3,24,8,0.000000,0.000000,0.000000,44.934540,32.096100,0.000000
1977,2015,3,24,9,0.000000,0.000000,0.000000,35.035000,25.025000,0.000000
1978,2015,3,24,10,0.000000,0.000000,0.000000,33.463710,23.902650,0.000000
1979,2015,3,24,11,0.000000,0.000000,0.000000,33.170900,23.693500,0.000000
1980,2015,3,24,12,0.000000,0.000000,0.000000,31.886400,22.776000,0.000000
1981,2015,3,24,13,0.000000,0.000000,0.000000,27.845510,19.889650,0.000000
1982,2015,3,24,14,0.000000,0.000000,0.000000,27.136900,19.383500,0.000000
1983,2015,3,24,15,0.000000,0.000000,0.000000,28.650230,20.464450,0.000000
1984,2015,3,24,16,0.000000,0.000000,0.000000,23.778790,16.984850,0.000000
1985,2015,3,24,17,0.000000,0.000000,0.000000,25.039560,17.885400,0.000000
1986,2015,3,24,18,0.000000,0.000000,0.000000,22.757630,16.255450,0.000000
1987,2015,3,24,19,0.000000,0.000000,0.000000,24.469200,17.478000,0.000000
1988,2015,3,24,20,0.000000,0.000000,0.000000,21.254520,15.181800,0.000000
1989,2015,3,24,21,0.000000,0.000000,0.000000,20.467510,14.619650,0.000000
1990,2015,3,24,22,0.000000,0.000000,0.000000,23.078300,16.484500,0.000000
1991,2015,3,24,23,0.000000,0.000000,0.000000,20.284390,14.488850,0.000000
1992,2015,3,24,24,0.000000,0.000000,0.000000,18.180890,12.986350,0.000000
1993,2015,3,25,1,0.000000,0.000000,0.000000,16.196040,11.568600,0.000000
1994,2015,3,25,2,0.000000,0.000000,0.000000,16.106790,11.504850,0.000000
1995,2015,3,25,3,0.000000,0.000000,0.000000,18.345320,13.103800,0.000000
1996,2015,3,25,4,0.000000,0.000000,0.000000,14.584710,10.417650,0.000000
1997,2015,3,25,5,0.000000,0.000000,0.000000,11.836440,8.454600,0.000000
1998,2015,3,25,6,0.000000,0.000000,0.000000,9.789010,6.992150,0.000000
1999,2015,3,25,7,0.000000,0.000000,0.000000,6.659800,4.757000,0.000000
2000,2015,3,25,8,0.000000,0.000000,0.000000,3.833410,2.738150,0.000000
2001,2015,3,25,9,0.000000,0.000000,0.000000,1.943060,1.387900,0.000000
2002,2015,3,25,10,0.000000,0.000000,0.000000,0.000000,0.000000,0.000000
2003,2015,3,25,11,0.000000,0.000000,0.000000,0.000000,0.000000,0.000000
2004,2015,3,25,12,0.000000,0.000000,0.000000,0.000000,0.000000,0.000000
2005,2015,3,25,13,0.000000,0.000000,0.000000,4.345250,3.103750,0.000000
2006,2015,3,25,14,0.000000,0.000000,0.000000,4.358410,3.113150,0.000000
2007,2015,3,25,15,0.000000,0.000000,0.000000,4.035850,2.882750,0.000000
2008,2015,3,25,16,0.000000,0.000000,0.000000,4.125520,2.946800,0.000000
2009,2015,3,25,17,0.000000,0.000000,0.000000,3.845380,2.746700,0.000000
2010,2015,3,25,18,0.000000,0.000000,0.000000,3.470600,2.479000,0.000000
2011,2015,3,25,19,0.000000,0.000000,0.000000,3.944290,2.817350,0.000000
2012,2015,3,25,20,0.000000,0.000000,0.000000,5.316430,3.797450,0.000000
2013,2015,3,25,21,0.000000,0.000000,0.000000,5.479460,3.913900,0.000000
2014,2015,3,25,22,0.000000,0.000000,0.000000,0.671580,0.479700,0.000000
2015,2015,3,25,23,0.000000,0.000000,0.000000,4.425610,3.161150,0.000000
2016,2015,3,25,24,0.000000,0.000000,0.000000,8.193850,5.852750,0.000000
2017,2015,3,26,1,0.000000,0.000000,0.000000,13.936090,9.954350,0.000000
2018,2015,3,26,2,0.000000,0.000000,0.000000,16.858870,12.042050,0.000000
2019,2015,3,26,3,0.000000,0.000000,0.000000,16.168670,11.549050,0.000000
2020,2015,3,26,4,0.000000,0.000000,0.000000,11.170110,7.978650,0.000000
2021,2015,3,26,5,0.000000,0.000000,0.000000,11.290510,8.064650,0.000000
2022,2015,3,26,6,0.000000,0.000000,0.000000,7.478100,5.341500,0.000000
2023,2015,3,26,7,0.000000,0.000000,0.000000,4.702460,3.358900,0.000000
2024,2015,3,26,8,0.000000,0.000000,0.000000,6.511120,4.650800,0.000000
2025,2015,3,26,9,0.000000,0.000000,0.000000,7.111090,5.079350,0.000000
2026,2015,3,26,10,0.000000,0.000000,0.000000,8.575770,6.125550,0.000000
2027,2015,3,26,11,0.000000,0.000000,0.000000,10.780420,7.700300,0.000000
2028,2015,3,26,12,0.000000,0.000000,0.000000,17.527650,12.519750,0.000000
2029,2015,3,26,13,0.000000,0.000000,0.000000,20.366500,14.547500,0.000000
2030,2015,3,26,14,0.000000,0.000000,0.000000,23.803990,17.002850,0.000000
2031,2015,3,26,15,0.000000,0.000000,0.000000,30.656920,21.897800,0.000000
2032,2015,3,26,16,0.000000,0.000000,0.000000,35.027370,25.019550,0.000000
2033,2015,3,26,17,0.000000,0.000000,0.000000,37.662520,26.901800,0.000000
2034,2015,3,26,18,0.000000,0.000000,0.000000,38.760890,27.686350,0.000000
2035,2015,3,26,19,0.000000,0.000000,0.000000,41.195210,29.425150,0.000000
2036,2015,3,26,20,0.000000,0.000000,0.000000,42.116690,30.083350,0.000000
2037,2015,3,26,21,0.000000,0.000000,0.000000,39.002110,27.858650,0.000000
2038,2015,3,26,22,0.000000,0.000000,0.000000,42.359660,30.256900,0.000000
2039,2015,3,26,23,0.000000,0.000000,0.000000,45.071390,32.193850,0.000000
2040,2015,3,26,24,0.000000,0.000000,0.000000,46.315080,33.082200,0.000000
2041,2015,3,27,1,0.000000,0.000000,0.000000,42.030310,30.021650,0.000000
2042,2015,3,27,2,0.000000,0.000000,0.000000,41.116600,29.369000,0.000000
2043,2015,3,27,3,0.000000,0.000000,0.000000,38.334450,27.381750,0.000000
2044,2015,3,27,4,0.000000,0.000000,0.000000,31.184580,22.274700,0.000000
2045,2015,3,27,5,0.000000,0.000000,0.000000,15.585080,11.132200,0.000000
2046,2015,3,27,6,0.000000,0.000000,0.000000,7.449750,5.321250,0.000000
2047,2015,3,27,7,0.000000,0.000000,0.000000,3.345090,2.389350,0.000000
2048,2015,3,27,8,0.000000,0.000000,0.000000,3.774680,2.696200,0.000000
2049,2015,3,27,9,0.000000,0.000000,0.000000,2.953510,2.109650,0.000000
2050,2015,3,27,10,0.000000,0.000000,0.000000,2.891910,2.065650,0.000000
2051,2015,3,27,11,0.000000,0.000000,0.000000,2.378110,1.698650,0.000000
2052,2015,3,27,12,0.000000,0.000000,0.000000,2.158870,1.542050,0.000000
2053,2015,3,27,13,0.000000,0.000000,0.000000,1.649480,1.178200,0.000000
2054,2015,3,27,14,0.000000,0.000000,0.000000,2.894430,2.067450,0.000000
2055,2015,3,27,15,0.000000,0.000000,0.000000,1.436540,1.026100,0.000000
2056,2015,3,27,16,0.000000,0.000000,0.000000,1.445710,1.032650,0.000000
2057,2015,3,27,17,0.000000,0.000000,0.000000,2.507120,1.790800,0.000000
2058,2015,3,27,18,0.000000,0.000000,0.000000,0.830830,0.593450,0.000000
2059,2015,3,27,19,0.000000,0.000000,0.000000,1.234940,0.882100,0.000000
2060,2015,3,27,20,0.000000,0.000000,0.000000,2.525460,1.803900,0.000000
2061,2015,3,27,21,0.000000,0.000000,0.000000,1.908270,1.363050,0.000000
2062,2015,3,27,22,0.000000,0.000000,0.000000,0.000000,0.000000,0.000000
2063,2015,3,27,23,0.000000,0.000000,0.000000,1.313340,0.938100,0.000000
2064,2015,3,27,24,0.000000,0.000000,0.000000,0.944650,0.674750,0.000000
2065,2015,3,28,1,0.000000,0.000000,0.000000,1.634850,1.167750,0.000000
2066,2015,3,28,2,0.000000,0.000000,0.000000,1.275470,0.911050,0.000000
2067,2015,3,28,3,0.000000,0.000000,0.000000,2.590140,1.850100,0.000000
2068,2015,3,28,4,0.000000,0.000000,0.000000,6.639220,4.742300,0.000000
2069,2015,3,28,5,0.000000,0.000000,0.000000,15.657670,11.184050,0.000000
2070,2015,3,28,6,0.000000,0.000000,0.000000,18.729060,13.377900,0.000000
2071,2015,3,28,7,0.000000,0.000000,0.000000,14.352520,10.251800,0.000000
2072,2015,3,28,8,0.000000,0.000000,0.000000,8.944110,6.388650,0.000000
2073,2015,3,28,9,0.000000,0.000000,0.000000,9.012220,6.437300,0.000000
2074,2015,3,28,10,0.000000,0.000000,0.000000,8.238370,5.884550,0.000000
2075,2015,3,28,11,0.000000,0.000000,0.000000,10.965290,7.832350,0.000000
2076,2015,3,28,12,0.000000,0.000000,0.000000,16.831220,12.022300,0.000000
2077,2015,3,28,13,0.000000,0.000000,0.000000,12.957280,9.255200,0.000000
2078,2015,3,28,14,0.000000,0.000000,0.000000,8.194900,5.853500,0.000000
2079,2015,3,28,15,0.000000,0.000000,0.000000,4.921280,3.515200,0.000000
2080,2015,3,28,16,0.000000,0.000000,0.000000,6.210960,4.436400,0.000000
2081,2015,3,28,17,0.000000,0.000000,0.000000,4.633300,3.309500,0.000000
2082,2015,3,28,18,0.000000,0.000000,0.000000,4.814110,3.438650,0.000000
2083,2015,3,28,19,0.000000,0.000000,0.000000,6.267380,4.476700,0.000000
2084,2015,3,28,20,0.000000,0.000000,0.000000,8.192590,5.851850,0.000000
2085,2015,3,28,21,0.000000,0.000000,0.000000,14.965300,10.689500,0.000000
2086,2015,3,28,22,0.000000,0.000000,0.000000,10.107650,7.219750,0.000000
2087,2015,3,28,23,0.000000,0.000000,0.000000,3.228890,2.306350,0.000000
2088,2015,3,28,24,0.000000,0.000000,0.000000,10.613260,7.580900,0.000000
2089,2015,3,29,1,0.000000,0.000000,0.000000,10.112130,7.222950,0.000000
2090,2015,3,29,2,0.000000,0.000000,0.000000,7.211260,5.150900,0.000000
2091,2015,3,29,3,0.000000,0.000000,0.000000,6.540170,4.671550,0.000000
2092,2015,3,29,4,0.000000,0.000000,0.000000,10.238620,7.313300,0.000000
2093,2015,3,29,5,0.000000,0.000000,0.000000,9.749110,6.963650,0.000000
2094,2015,3,29,6,0.000000,0.000000,0.000000,14.633360,10.452400,0.000000
2095,2015,3,29,7,0.000000,0.000000,0.000000,23.287530,16.633950,0.000000
2096,2015,3,29,8,0.000000,0.000000,0.000000,13.271090,9.479350,0.000000
2097,2015,3,29,9,0.000000,0.000000,0.000000,7.757260,5.540900,0.000000
2098,2015,3,29,10,0.000000,0.000000,0.000000,2.617300,1.869500,0.000000
2099,2015,3,29,11,0.000000,0.000000,0.000000,10.017770,7.155550,0.000000
2100,2015,3,29,12,0.000000,0.000000,0.000000,25.250120,18.035800,0.000000
2101,2015,3,29,13,0.000000,0.000000,0.000000,43.224160,30.874400,0.000000
2102,2015,3,29,14,0.000000,0.000000,0.000000,64.980020,46.414300,0.000000
2103,2015,3,29,15,0.000000,0.000000,0.000000,67.098150,47.927250,0.000000
2104,2015,3,29,16,0.000000,0.000000,0.000000,63.814870,45.582050,0.000000
2105,2015,3,29,17,0.000000,0.000000,0.000000,60.231010,43.022150,0.000000
2106,2015,3,29,18,0.000000,0.000000,0.000000,51.950220,37.107300,0.000000
2107,2015,3,29,19,0.000000,0.000000,0.000000,43.310610,30.936150,0.000000
2108,2015,3,29,20,0.000000,0.000000,0.000000,41.396460,29.568900,0.000000
2109,2015,3,29,21,0.000000,0.000000,0.000000,37.885260,27.060900,0.000000
2110,2015,3,29,22,0.000000,0.000000,0.000000,27.248340,19.463100,0.000000
2111,2015,3,29,23,0.000000,0.000000,0.000000,13.264580,9.474700,0.000000
2112,2015,3,29,24,0.000000,0.000000,0.000000,6.303430,4.502450,0.000000
2113,2015,3,30,1,0.000000,0.000000,0.000000,5.849480,4.178200,0.000000
2114,2015,3,30,2,0.000000,0.000000,0.000000,12.767580,9.119700,0.000000
2115,2015,3,30,3,0.000000,0.000000,0.000000,17.910550,12.793250,0.000000
2116,2015,3,30,4,0.000000,0.000000,0.000000,15.392020,10.994300,0.000000
2117,2015,3,30,5,0.000000,0.000000,0.000000,12.318530,8.798950,0.000000
2118,2015,3,30,6,0.000000,0.000000,0.000000,10.972430,7.837450,0.000000
2119,2015,3,30,7,0.000000,0.000000,0.000000,6.928740,4.949100,0.000000
2120,2015,3,30,8,0.000000,0.000000,0.000000,3.203480,2.288200,0.000000
2121,2015,3,30,9,0.000000,0.000000,0.000000,0.000000,0.000000,0.000000
2122,2015,3,30,10,0.000000,0.000000,0.000000,0.000000,0.000000,0.000000
2123,2015,3,30,11,0.000000,0.000000,0.000000,0.571690,0.408350,0.000000
2124,2015,3,30,12,0.000000,0.000000,0.000000,0.000000,0.000000,0.000000
2125,2015,3,30,13,0.000000,0.000000,0.000000,1.258460,0.898900,0.000000
2126,2015,3,30,14,0.000000,0.000000,0.000000,0.000000,0.000000,0.000000
2127,2015,3,30,15,0.000000,0.000000,0.000000,0.000000,0.000000,0.000000
2128,2015,3,30,16,0.000000,0.000000,0.000000,0.000000,0.000000,0.000000
2129,2015,3,30,17,0.000000,0.000000,0.000000,0.000000,0.000000,0.000000
2130,2015,3,30,18,0.000000,0.000000,0.000000,0.000000,0.000000,0.000000
2131,2015,3,30,19,0.000000,0.000000,0.000000,0.000000,0.000000,0.000000
2132,2015,3,30,20,0.000000,0.000000,0.000000,0.543340,0.388100,0.000000
2133,2015,3,30,21,0.000000,0.000000,0.000000,1.649550,1.178250,0.000000
2134,2015,3,30,22,0.000000,0.000000,0.000000,0.000000,0.000000,0.000000
2135,2015,3,30,23,0.000000,0.000000,0.000000,2.170560,1.550400,0.000000
2136,2015,3,30,24,0.000000,0.000000,0.000000,3.771600,2.694000,0.000000
2137,2015,3,31,1,0.000000,0.000000,0.000000,7.826980,5.590700,0.000000
2138,2015,3,31,2,0.000000,0.000000,0.000000,11.852190,8.465850,0.000000
2139,2015,3,31,3,0.000000,0.000000,0.000000,15.926890,11.376350,0.000000
2140,2015,3,31,4,0.000000,0.000000,0.000000,16.114070,11.510050,0.000000
2141,2015,3,31,5,0.000000,0.000000,0.000000,15.569190,11.120850,0.000000
2142,2015,3,31,6,0.000000,0.000000,0.000000,14.397530,10.283950,0.000000
2143,2015,3,31,7,0.000000,0.000000,0.000000,10.181850,7.272750,0.000000
2144,2015,3,31,8,0.000000,0.000000,0.000000,6.984950,4.989250,0.000000
2145,2015,3,31,9,0.000000,0.000000,0.000000,4.695250,3.353750,0.000000
2146,2015,3,31,10,0.000000,0.000000,0.000000,0.972160,0.694400,0.000000
2147,2015,3,31,11,0.000000,0.000000,0.000000,0.524580,0.374700,0.000000
2148,2015,3,31,12,0.000000,0.000000,0.000000,0.766290,0.547350,0.000000
2149,2015,3,31,13,0.000000,0.000000,0.000000,0.630840,0.450600,0.000000
2150,2015,3,31,14,0.000000,0.000000,0.000000,0.783370,0.559550,0.000000
2151,2015,3,31,15,0.000000,0.000000,0.000000,2.993410,2.138150,0.000000
2152,2015,3,31,16,0.000000,0.000000,0.000000,3.057390,2.183850,0.000000
2153,2015,3,31,17,0.000000,0.000000,0.000000,2.443560,1.745400,0.000000
2154,2015,3,31,18,0.000000,0.000000,0.000000,2.128910,1.520650,0.000000
2155,2015,3,31,19,0.000000,0.000000,0.000000,3.412290,2.437350,0.000000
2156,2015,3,31,20,0.000000,0.000000,0.000000,1.885100,1.346500,0.000000
2157,2015,3,31,21,0.000000,0.000000,0.000000,2.775010,1.982150,0.000000
2158,2015,3,31,22,0.000000,0.000000,0.000000,0.000000,0.000000,0.000000
2159,2015,3,31,23,0.000000,0.000000,0.000000,3.353980,2.395700,0.000000
2160,2015,3,31,24,0.000000,0.000000,0.000000,3.541650,2.529750,0.000000
2161,2015,4,1,1,0.000000,0.000000,0.000000,3.544030,2.531450,0.000000
2162,2015,4,1,2,0.000000,0.000000,0.000000,2.912070,2.080050,0.000000
2163,2015,4,1,3,0.000000,0.000000,0.000000,5.605250,4.003750,0.000000
2164,2015,4,1,4,0.000000,0.000000,0.000000,13.018250,9.298750,0.000000
2165,2015,4,1,5,0.000000,0.000000,0.000000,22.305920,15.932800,0.000000
2166,2015,4,1,6,0.000000,0.000000,0.000000,24.739330,17.670950,0.000000
2167,2015,4,1,7,0.000000,0.000000,0.000000,24.958710,17.827650,0.000000
2168,2015,4,1,8,0.000000,0.000000,0.000000,19.736430,14.097450,0.000000
2169,2015,4,1,9,0.000000,0.000000,0.000000,18.671450,13.336750,0.000000
2170,2015,4,1,10,0.000000,0.000000,0.000000,19.982760,14.273400,0.000000
2171,2015,4,1,11,0.000000,0.000000,0.000000,19.264910,13.760650,0.000000
2172,2015,4,1,12,0.000000,0.000000,0.000000,20.667920,14.762800,0.000000
2173,2015,4,1,13,0.000000,0.000000,0.000000,21.548660,15.391900,0.000000
2174,2015,4,1,14,0.000000,0.000000,0.000000,23.097970,16.498550,0.000000
2175,2015,4,1,15,0.000000,0.000000,0.000000,22.348900,15.963500,0.000000
2176,2015,4,1,16,0.000000,0.000000,0.000000,17.781960,12.701400,0.000000
2177,2015,4,1,17,0.000000,0.000000,0.000000,11.261950,8.044250,0.000000
2178,2015,4,1,18,0.000000,0.000000,0.000000,7.460390,5.328850,0.000000
2179,2015,4,1,19,0.000000,0.000000,0.000000,6.288310,4.491650,0.000000
2180,2015,4,1,20,0.000000,0.000000,0.000000,7.057680,5.041200,0.000000
2181,2015,4,1,21,0.000000,0.000000,0.000000,5.136530,3.668950,0.000000
2182,2015,4,1,22,0.000000,0.000000,0.000000,0.000000,0.000000,0.000000
2183,2015,4,1,23,0.000000,0.000000,0.000000,0.000000,0.000000,0.000000
2184,2015,4,1,24,0.000000,0.000000,0.000000,1.880970,1.343550,0.000000
2185,2015,4,2,1,0.000000,0.000000,0.000000,2.975210,2.125150,0.000000
2186,2015,4,2,2,0.000000,0.000000,0.000000,3.715390,2.653850,0.000000
2187,2015,4,2,3,0.000000,0.000000,0.000000,5.641160,4.029400,0.000000
2188,2015,4,2,4,0.000000,0.000000,0.000000,8.584870,6.132050,0.000000
2189,2015,4,2,5,0.000000,0.000000,0.000000,12.419610,8.871150,0.000000
2190,2015,4,2,6,0.000000,0.000000,0.000000,13.826750,9.876250,0.000000
2191,2015,4,2,7,0.000000,0.000000,0.000000,12.158230,8.684450,0.000000
2192,2015,4,2,8,0.000000,0.000000,0.000000,6.910050,4.935750,0.000000
2193,2015,4,2,9,0.000000,0.000000,0.000000,5.665240,4.046600,0.000000
2194,2015,4,2,10,0.000000,0.000000,0.000000,4.138190,2.955850,0.000000
2195,2015,4,2,11,0.000000,0.000000,0.000000,1.448720,1.034800,0.000000
2196,2015,4,2,12,0.000000,0.000000,0.000000,0.000000,0.000000,0.000000
2197,2015,4,2,13,0.000000,0.000000,0.000000,0.000000,0.000000,0.000000
2198,2015,4,2,14,0.000000,0.000000,0.000000,0.000000,0.000000,0.000000
2199,2015,4,2,15,0.000000,0.000000,0.000000,0.000000,0.000000,0.000000
2200,2015,4,2,16,0.000000,0.000000,0.000000,0.000000,0.000000,0.000000
2201,2015,4,2,17,0.000000,0.000000,0.000000,1.003520,0.716800,0.000000
2202,2015,4,2,18,0.000000,0.000000,0.000000,1.926750,1.376250,0.000000
2203,2015,4,2,19,0.000000,0.000000,0.000000,1.459990,1.042850,0.000000
2204,2015,4,2,20,0.000000,0.000000,0.000000,2.055620,1.468300,0.000000
2205,2015,4,2,21,0.000000,0.000000,0.000000,3.293640,2.352600,0.000000
2206,2015,4,2,22,0.000000,0.000000,0.000000,0.000000,0.000000,0.000000
2207,2015,4,2,23,0.000000,0.000000,0.000000,0.567070,0.405050,0.000000
2208,2015,4,2,24,0.000000,0.000000,0.000000,1.585500,1.132500,0.000000
2209,2015,4,3,1,0.000000,0.000000,0.000000,4.060420,2.900300,0.000000
2210,2015,4,3,2,0.000000,0.000000,0.000000,5.207440,3.719600,0.000000
2211,2015,4,3,3,0.000000,0.000000,0.000000,7.569100,5.406500,0.000000
2212,2015,4,3,4,0.000000,0.000000,0.000000,13.094340,9.353100,0.000000
2213,2015,4,3,5,0.000000,0.000000,0.000000,15.638560,11.170400,0.000000
2214,2015,4,3,6,0.000000,0.000000,0.000000,10.052420,7.180300,0.000000
2215,2015,4,3,7,0.000000,0.000000,0.000000,4.510660,3.221900,0.000000
2216,2015,4,3,8,0.000000,0.000000,0.000000,0.534870,0.382050,0.000000
2217,2015,4,3,9,0.000000,0.000000,0.000000,0.000000,0.000000,0.000000
2218,2015,4,3,10,0.000000,0.000000,0.000000,3.531290,2.522350,0.000000
2219,2015,4,3,11,0.000000,0.000000,0.000000,7.761950,5.544250,0.000000
2220,2015,4,3,12,0.000000,0.000000,0.000000,8.214010,5.867150,0.000000
2221,2015,4,3,13,0.000000,0.000000,0.000000,9.362850,6.687750,0.000000
2222,2015,4,3,14,0.000000,0.000000,0.000000,10.497410,7.498150,0.000000
2223,2015,4,3,15,0.000000,0.000000,0.000000,12.094950,8.639250,0.000000
2224,2015,4,3,16,0.000000,0.000000,0.000000,15.454390,11.038850,0.000000
2225,2015,4,3,17,0.000000,0.000000,0.000000,15.887690,11.348350,0.000000
2226,2015,4,3,18,0.000000,0.000000,0.000000,17.021970,12.158550,0.000000
2227,2015,4,3,19,0.000000,0.000000,0.000000,17.345440,12.389600,0.000000
2228,2015,4,3,20,0.000000,0.000000,0.000000,18.092900,12.923500,0.000000
2229,2015,4,3,21,0.000000,0.000000,0.000000,19.054910,13.610650,0.000000
2230,2015,4,3,22,0.000000,0.000000,0.000000,27.506710,19.647650,0.000000
2231,2015,4,3,23,0.000000,0.000000,0.000000,36.567440,26.119600,0.000000
2232,2015,4,3,24,0.000000,0.000000,0.000000,30.545200,21.818000,0.000000
2233,2015,4,4,1,0.000000,0.000000,0.000000,38.088960,27.206400,0.000000
2234,2015,4,4,2,0.000000,0.000000,0.000000,46.623990,33.302850,0.000000
2235,2015,4,4,3,0.000000,0.000000,0.000000,47.879370,34.199550,0.000000
2236,2015,4,4,4,0.000000,0.000000,0.000000,52.434900,37.453500,0.000000
2237,2015,4,4,5,0.000000,0.000000,0.000000,54.213250,38.723750,0.000000
2238,2015,4,4,6,0.000000,0.000000,0.000000,53.058460,37.898900,0.000000
2239,2015,4,4,7,0.000000,0.000000,0.000000,49.537250,35.383750,0.000000
2240,2015,4,4,8,0.000000,0.000000,0.000000,33.235860,23.739900,0.000000
2241,2015,4,4,9,0.000000,0.000000,0.000000,32.108790,22.934850,0.000000
2242,2015,4,4,10,0.000000,0.000000,0.000000,29.708420,21.220300,0.000000
2243,2015,4,4,11,0.000000,0.000000,0.000000,29.842680,21.316200,0.000000
2244,2015,4,4,12,0.000000,0.000000,0.000000,30.870490,22.050350,0.000000
2245,2015,4,4,13,0.000000,0.000000,0.000000,28.521360,20.372400,0.000000
2246,2015,4,4,14,0.000000,0.000000,0.000000,30.900940,22.072100,0.000000
2247,2015,4,4,15,0.000000,0.000000,0.000000,30.675120,21.910800,0.000000
2248,2015,4,4,16,0.000000,0.000000,0.000000,31.151750,22.251250,0.000000
2249,2015,4,4,17,0.000000,0.000000,0.000000,33.016550,23.583250,0.000000
2250,2015,4,4,18,0.000000,0.000000,0.000000,31.526390,22.518850,0.000000
2251,2015,4,4,19,0.000000,0.000000,0.000000,31.924060,22.802900,0.000000
2252,2015,4,4,20,0.000000,0.000000,0.000000,31.168690,22.263350,0.000000
2253,2015,4,4,21,0.000000,0.000000,0.000000,23.075010,16.482150,0.000000
2254,2015,4,4,22,0.000000,0.000000,0.000000,34.167070,24.405050,0.000000
2255,2015,4,4,23,0.000000,0.000000,0.000000,41.727840,29.805600,0.000000
2256,2015,4,4,24,0.000000,0.000000,0.000000,35.443940,25.317100,0.000000
2257,2015,4,5,1,0.000000,0.000000,0.000000,30.072770,21.480550,0.000000
2258,2015,4,5,2,0.000000,0.000000,0.000000,21.321510,15.229650,0.000000
2259,2015,4,5,3,0.000000,0.000000,0.000000,17.392340,12.423100,0.000000
2260,2015,4,5,4,0.000000,0.000000,0.000000,18.675930,13.339950,0.000000
2261,2015,4,5,5,0.000000,0.000000,0.000000,25.471390,18.193850,0.000000
2262,2015,4,5,6,0.000000,0.000000,0.000000,32.466770,23.190550,0.000000
2263,2015,4,5,7,0.000000,0.000000,0.000000,38.974950,27.839250,0.000000
2264,2015,4,5,8,0.000000,0.000000,0.000000,36.498560,26.070400,0.000000
2265,2015,4,5,9,0.000000,0.000000,0.000000,34.260450,24.471750,0.000000
2266,2015,4,5,10,0.000000,0.000000,0.000000,34.527430,24.662450,0.000000
2267,2015,4,5,11,0.000000,0.000000,0.000000,33.843530,24.173950,0.000000
2268,2015,4,5,12,0.000000,0.000000,0.000000,32.461030,23.186450,0.000000
2269,2015,4,5,13,0.000000,0.000000,0.000000,33.240690,23.743350,0.000000
2270,2015,4,5,14,0.000000,0.000000,0.000000,29.879150,21.342250,0.000000
2271,2015,4,5,15,0.000000,0.000000,0.000000,26.669720,19.049800,0.000000
2272,2015,4,5,16,0.000000,0.000000,0.000000,23.475060,16.767900,0.000000
2273,2015,4,5,17,0.000000,0.000000,0.000000,20.844460,14.888900,0.000000
2274,2015,4,5,18,0.000000,0.000000,0.000000,17.554530,12.538950,0.000000
2275,2015,4,5,19,0.000000,0.000000,0.000000,16.351930,11.679950,0.000000
2276,2015,4,5,20,0.000000,0.000000,0.000000,14.842380,10.601700,0.000000
2277,2015,4,5,21,0.000000,0.000000,0.000000,9.011310,6.436650,0.000000
2278,2015,4,5,22,0.000000,0.000000,0.000000,4.938500,3.527500,0.000000
2279,2015,4,5,23,0.000000,0.000000,0.000000,5.765200,4.118000,0.000000
2280,2015,4,5,24,0.000000,0.000000,0.000000,3.235120,2.310800,0.000000
2281,2015,4,6,1,0.000000,0.000000,0.000000,3.292240,2.351600,0.000000
2282,2015,4,6,2,0.000000,0.000000,0.000000,2.255610,1.611150,0.000000
2283,2015,4,6,3,0.000000,0.000000,0.000000,4.754470,3.396050,0.000000
2284,2015,4,6,4,0.000000,0.000000,0.000000,12.309150,8.792250,0.000000
2285,2015,4,6,5,0.000000,0.000000,0.000000,16.373910,11.695650,0.000000
2286,2015,4,6,6,0.000000,0.000000,0.000000,27.856500,19.897500,0.000000
2287,2015,4,6,7,0.000000,0.000000,0.000000,36.060220,25.757300,0.000000
2288,2015,4,6,8,0.000000,0.000000,0.000000,32.144630,22.960450,0.000000
2289,2015,4,6,9,0.000000,0.000000,0.000000,34.618640,24.727600,0.000000
2290,2015,4,6,10,0.000000,0.000000,0.000000,33.810000,24.150000,0.000000
2291,2015,4,6,11,0.000000,0.000000,0.000000,35.250460,25.178900,0.000000
2292,2015,4,6,12,0.000000,0.000000,0.000000,38.386880,27.419200,0.000000
2293,2015,4,6,13,0.000000,0.000000,0.000000,40.137160,28.669400,0.000000
2294,2015,4,6,14,0.000000,0.000000,0.000000,40.267150,28.762250,0.000000
2295,2015,4,6,15,0.000000,0.000000,0.000000,33.729150,24.092250,0.000000
2296,2015,4,6,16,0.000000,0.000000,0.000000,30.708720,21.934800,0.000000
2297,2015,4,6,17,0.000000,0.000000,0.000000,28.461440,20.329600,0.000000
2298,2015,4,6,18,0.000000,0.000000,0.000000,23.810990,17.007850,0.000000
2299,2015,4,6,19,0.000000,0.000000,0.000000,21.533960,15.381400,0.000000
2300,2015,4,6,20,0.000000,0.000000,0.000000,15.982960,11.416400,0.000000
2301,2015,4,6,21,0.000000,0.000000,0.000000,10.335710,7.382650,0.000000
2302,2015,4,6,22,0.000000,0.000000,0.000000,4.311090,3.079350,0.000000
2303,2015,4,6,23,0.000000,0.000000,0.000000,2.710400,1.936000,0.000000
2304,2015,4,6,24,0.000000,0.000000,0.000000,4.198390,2.998850,0.000000
2305,2015,4,7,1,0.000000,0.000000,0.000000,2.922640,2.087600,0.000000
2306,2015,4,7,2,0.000000,0.000000,0.000000,3.760050,2.685750,0.000000
2307,2015,4,7,3,0.000000,0.000000,0.000000,4.687480,3.348200,0.000000
2308,2015,4,7,4,0.000000,0.000000,0.000000,6.081880,4.344200,0.000000
2309,2015,4,7,5,0.000000,0.000000,0.000000,5.992210,4.280150,0.000000
2310,2015,4,7,6,0.000000,0.000000,0.000000,3.331160,2.379400,0.000000
2311,2015,4,7,7,0.000000,0.000000,0.000000,1.698550,1.213250,0.000000
2312,2015,4,7,8,0.000000,0.000000,0.000000,4.613770,3.295550,0.000000
2313,2015,4,7,9,0.000000,0.000000,0.000000,9.490880,6.779200,0.000000
2314,2015,4,7,10,0.000000,0.000000,0.000000,17.802470,12.716050,0.000000
2315,2015,4,7,11,0.000000,0.000000,0.000000,27.096020,19.354300,0.000000
2316,2015,4,7,12,0.000000,0.000000,0.000000,45.085390,32.203850,0.000000
2317,2015,4,7,13,0.000000,0.000000,0.000000,45.883880,32.774200,0.000000
2318,2015,4,7,14,0.000000,0.000000,0.000000,41.663160,29.759400,0.000000
2319,2015,4,7,15,0.000000,0.000000,0.000000,36.624140,26.160100,0.000000
2320,2015,4,7,16,0.000000,0.000000,0.000000,28.181650,20.129750,0.000000
2321,2015,4,7,17,0.000000,0.000000,0.000000,24.033030,17.166450,0.000000
2322,2015,4,7,18,0.000000,0.000000,0.000000,22.869210,16.335150,0.000000
2323,2015,4,7,19,0.000000,0.000000,0.000000,21.568890,15.406350,0.000000
2324,2015,4,7,20,0.000000,0.000000,0.000000,26.229770,18.735550,0.000000
2325,2015,4,7,21,0.000000,0.000000,0.000000,29.971480,21.408200,0.000000
2326,2015,4,7,22,0.000000,0.000000,0.000000,27.286350,19.490250,0.000000
2327,2015,4,7,23,0.000000,0.000000,0.000000,17.003350,12.145250,0.000000
2328,2015,4,7,24,0.000000,0.000000,0.000000,18.009600,12.864000,0.000000
2329,2015,4,8,1,0.000000,0.000000,0.000000,27.268780,19.477700,0.000000
2330,2015,4,8,2,0.000000,0.000000,0.000000,23.677080,16.912200,0.000000
2331,2015,4,8,3,0.000000,0.000000,0.000000,24.999030,17.856450,0.000000
2332,2015,4,8,4,0.000000,0.000000,0.000000,19.308940,13.792100,0.000000
2333,2015,4,8,5,0.000000,0.000000,0.000000,12.149480,8.678200,0.000000
2334,2015,4,8,6,0.000000,0.000000,0.000000,10.130680,7.236200,0.000000
2335,2015,4,8,7,0.000000,0.000000,0.000000,7.834750,5.596250,0.000000
2336,2015,4,8,8,0.000000,0.000000,0.000000,9.999150,7.142250,0.000000
2337,2015,4,8,9,0.000000,0.000000,0.000000,10.982370,7.844550,0.000000
2338,2015,4,8,10,0.000000,0.000000,0.000000,6.336190,4.525850,0.000000
2339,2015,4,8,11,0.000000,0.000000,0.000000,2.979340,2.128100,0.000000
2340,2015,4,8,12,0.000000,0.000000,0.000000,7.879900,5.628500,0.000000
2341,2015,4,8,13,0.000000,0.000000,0.000000,14.627970,10.448550,0.000000
2342,2015,4,8,14,0.000000,0.000000,0.000000,18.683000,13.345000,0.000000
2343,2015,4,8,15,0.000000,0.000000,0.000000,35.489720,25.349800,0.000000
2344,2015,4,8,16,0.000000,0.000000,0.000000,51.397500,36.712500,0.000000
2345,2015,4,8,17,0.000000,0.000000,0.000000,59.074400,42.196000,0.000000
2346,2015,4,8,18,0.000000,0.000000,0.000000,59.425240,42.446600,0.000000
2347,2015,4,8,19,0.000000,0.000000,0.000000,59.348030,42.391450,0.000000
2348,2015,4,8,20,0.000000,0.000000,0.000000,61.173280,43.695200,0.000000
2349,2015,4,8,21,0.000000,0.000000,0.000000,62.660780,44.757700,0.000000
2350,2015,4,8,22,0.000000,0.000000,0.000000,63.192850,45.137750,0.000000
2351,2015,4,8,23,0.000000,0.000000,0.000000,66.493700,47.495500,0.000000
2352,2015,4,8,24,0.000000,0.000000,0.000000,67.616920,48.297800,0.000000
2353,2015,4,9,1,0.000000,0.000000,0.000000,68.134220,48.667300,0.000000
2354,2015,4,9,2,0.000000,0.000000,0.000000,68.547220,48.962300,0.000000
2355,2015,4,9,3,0.000000,0.000000,0.000000,67.168290,47.977350,0.000000
2356,2015,4,9,4,0.000000,0.000000,0.000000,65.429910,46.735650,0.000000
2357,2015,4,9,5,0.000000,0.000000,0.000000,58.958060,42.112900,0.000000
2358,2015,4,9,6,0.000000,0.000000,0.000000,52.770480,37.693200,0.000000
2359,2015,4,9,7,0.000000,0.000000,0.000000,37.036510,26.454650,0.000000
2360,2015,4,9,8,0.000000,0.000000,0.000000,12.927460,9.233900,0.000000
2361,2015,4,9,9,0.000000,0.000000,0.000000,12.444040,8.888600,0.000000
2362,2015,4,9,10,0.000000,0.000000,0.000000,10.062640,7.187600,0.000000
2363,2015,4,9,11,0.000000,0.000000,0.000000,9.782220,6.987300,0.000000
2364,2015,4,9,12,0.000000,0.000000,0.000000,11.034310,7.881650,0.000000
2365,2015,4,9,13,0.000000,0.000000,0.000000,11.015900,7.868500,0.000000
2366,2015,4,9,14,0.000000,0.000000,0.000000,9.671410,6.908150,0.000000
2367,2015,4,9,15,0.000000,0.000000,0.000000,7.720090,5.514350,0.000000
2368,2015,4,9,16,0.000000,0.000000,0.000000,7.922180,5.658700,0.000000
2369,2015,4,9,17,0.000000,0.000000,0.000000,9.712850,6.937750,0.000000
2370,2015,4,9,18,0.000000,0.000000,0.000000,5.745250,4.103750,0.000000
2371,2015,4,9,19,0.000000,0.000000,0.000000,5.490170,3.921550,0.000000
2372,2015,4,9,20,0.000000,0.000000,0.000000,6.284320,4.488800,0.000000
2373,2015,4,9,21,0.000000,0.000000,0.000000,4.900980,3.500700,0.000000
2374,2015,4,9,22,0.000000,0.000000,0.000000,1.010520,0.721800,0.000000
2375,2015,4,9,23,0.000000,0.000000,0.000000,0.000000,0.000000,0.000000
2376,2015,4,9,24,0.000000,0.000000,0.000000,0.000000,0.000000,0.000000
2377,2015,4,10,1,0.000000,0.000000,0.000000,0.000000,0.000000,0.000000
2378,2015,4,10,2,0.000000,0.000000,0.000000,0.000000,0.000000,0.000000
2379,2015,4,10,3,0.000000,0.000000,0.000000,0.672700,0.480500,0.000000
2380,2015,4,10,4,0.000000,0.000000,0.000000,0.681170,0.486550,0.000000
2381,2015,4,10,5,0.000000,0.000000,0.000000,0.580580,0.414700,0.000000
2382,2015,4,10,6,0.000000,0.000000,0.000000,0.630980,0.450700,0.000000
2383,2015,4,10,7,0.000000,0.000000,0.000000,2.382520,1.701800,0.000000
2384,2015,4,10,8,0.000000,0.000000,0.000000,1.638000,1.170000,0.000000
2385,2015,4,10,9,0.000000,0.000000,0.000000,0.000000,0.000000,0.000000
2386,2015,4,10,10,0.000000,0.000000,0.000000,0.000000,0.000000,0.000000
2387,2015,4,10,11,0.000000,0.000000,0.000000,2.528540,1.806100,0.000000
2388,2015,4,10,12,0.000000,0.000000,0.000000,2.732940,1.952100,0.000000
2389,2015,4,10,13,0.000000,0.000000,0.000000,4.032000,2.880000,0.000000
2390,2015,4,10,14,0.000000,0.000000,0.000000,4.726120,3.375800,0.000000
2391,2015,4,10,15,0.000000,0.000000,0.000000,5.172930,3.694950,0.000000
2392,2015,4,10,16,0.000000,0.000000,0.000000,7.349860,5.249900,0.000000
2393,2015,4,10,17,0.000000,0.000000,0.000000,13.744500,9.817500,0.000000
2394,2015,4,10,18,0.000000,0.000000,0.000000,19.600910,14.000650,0.000000
2395,2015,4,10,19,0.000000,0.000000,0.000000,26.868170,19.191550,0.000000
2396,2015,4,10,20,0.000000,0.000000,0.000000,33.040140,23.600100,0.000000
2397,2015,4,10,21,0.000000,0.000000,0.000000,30.488710,21.777650,0.000000
2398,2015,4,10,22,0.000000,0.000000,0.000000,31.710770,22.650550,0.000000
2399,2015,4,10,23,0.000000,0.000000,0.000000,40.416740,28.869100,0.000000
2400,2015,4,10,24,0.000000,0.000000,0.000000,42.237440,30.169600,0.000000
2401,2015,4,11,1,0.000000,0.000000,0.000000,40.500740,28.929100,0.000000
2402,2015,4,11,2,0.000000,0.000000,0.000000,40.189800,28.707000,0.000000
2403,2015,4,11,3,0.000000,0.000000,0.000000,37.618070,26.870050,0.000000
2404,2015,4,11,4,0.000000,0.000000,0.000000,43.751750,31.251250,0.000000
2405,2015,4,11,5,0.000000,0.000000,0.000000,33.290670,23.779050,0.000000
2406,2015,4,11,6,0.000000,0.000000,0.000000,26.563320,18.973800,0.000000
2407,2015,4,11,7,0.000000,0.000000,0.000000,18.217430,13.012450,0.000000
2408,2015,4,11,8,0.000000,0.000000,0.000000,9.630810,6.879150,0.000000
2409,2015,4,11,9,0.000000,0.000000,0.000000,24.339350,17.385250,0.000000
2410,2015,4,11,10,0.000000,0.000000,0.000000,26.054070,18.610050,0.000000
2411,2015,4,11,11,0.000000,0.000000,0.000000,35.863170,25.616550,0.000000
2412,2015,4,11,12,0.000000,0.000000,0.000000,37.809310,27.006650,0.000000
2413,2015,4,11,13,0.000000,0.000000,0.000000,45.102260,32.215900,0.000000
2414,2015,4,11,14,0.000000,0.000000,0.000000,54.887840,39.205600,0.000000
2415,2015,4,11,15,0.000000,0.000000,0.000000,65.236150,46.597250,0.000000
2416,2015,4,11,16,0.000000,0.000000,0.000000,68.028170,48.591550,0.000000
2417,2015,4,11,17,0.000000,0.000000,0.000000,67.206580,48.004700,0.000000
2418,2015,4,11,18,0.000000,0.000000,0.000000,68.496540,48.926100,0.000000
2419,2015,4,11,19,0.000000,0.000000,0.000000,54.049240,38.606600,0.000000
2420,2015,4,11,20,0.000000,0.000000,0.000000,38.496710,27.497650,0.000000
2421,2015,4,11,21,0.000000,0.000000,0.000000,48.150130,34.392950,0.000000
2422,2015,4,11,22,0.000000,0.000000,0.000000,64.452220,46.037300,0.000000
2423,2015,4,11,23,0.000000,0.000000,0.000000,68.244260,48.745900,0.000000
2424,2015,4,11,24,0.000000,0.000000,0.000000,69.036240,49.311600,0.000000
2425,2015,4,12,1,0.000000,0.000000,0.000000,69.728260,49.805900,0.000000
2426,2015,4,12,2,0.000000,0.000000,0.000000,69.898290,49.927350,0.000000
2427,2015,4,12,3,0.000000,0.000000,0.000000,68.694500,49.067500,0.000000
2428,2015,4,12,4,0.000000,0.000000,0.000000,69.981310,49.986650,0.000000
2429,2015,4,12,5,0.000000,0.000000,0.000000,69.937770,49.955550,0.000000
2430,2015,4,12,6,0.000000,0.000000,0.000000,69.904240,49.931600,0.000000
2431,2015,4,12,7,0.000000,0.000000,0.000000,69.975290,49.982350,0.000000
2432,2015,4,12,8,0.000000,0.000000,0.000000,69.960800,49.972000,0.000000
2433,2015,4,12,9,0.000000,0.000000,0.000000,69.974590,49.981850,0.000000
2434,2015,4,12,10,0.000000,0.000000,0.000000,69.746530,49.818950,0.000000
2435,2015,4,12,11,0.000000,0.000000,0.000000,69.381550,49.558250,0.000000
2436,2015,4,12,12,0.000000,0.000000,0.000000,69.449240,49.606600,0.000000
2437,2015,4,12,13,0.000000,0.000000,0.000000,68.351360,48.822400,0.000000
2438,2015,4,12,14,0.000000,0.000000,0.000000,69.659730,49.756950,0.000000
2439,2015,4,12,15,0.000000,0.000000,0.000000,69.967520,49.976800,0.000000
2440,2015,4,12,16,0.000000,0.000000,0.000000,69.983620,49.988300,0.000000
2441,2015,4,12,17,0.000000,0.000000,0.000000,69.987960,49.991400,0.000000
2442,2015,4,12,18,0.000000,0.000000,0.000000,69.934690,49.953350,0.000000
2443,2015,4,12,19,0.000000,0.000000,0.000000,69.758500,49.827500,0.000000
2444,2015,4,12,20,0.000000,0.000000,0.000000,69.236930,49.454950,0.000000
2445,2015,4,12,21,0.000000,0.000000,0.000000,68.152490,48.680350,0.000000
2446,2015,4,12,22,0.000000,0.000000,0.000000,66.546270,47.533050,0.000000
2447,2015,4,12,23,0.000000,0.000000,0.000000,67.606840,48.290600,0.000000
2448,2015,4,12,24,0.000000,0.000000,0.000000,69.410740,49.579100,0.000000
2449,2015,4,13,1,0.000000,0.000000,0.000000,69.904520,49.931800,0.000000
2450,2015,4,13,2,0.000000,0.000000,0.000000,69.911730,49.936950,0.000000
2451,2015,4,13,3,0.000000,0.000000,0.000000,69.884710,49.917650,0.000000
2452,2015,4,13,4,0.000000,0.000000,0.000000,69.926080,49.947200,0.000000
2453,2015,4,13,5,0.000000,0.000000,0.000000,69.949250,49.963750,0.000000
2454,2015,4,13,6,0.000000,0.000000,0.000000,69.911730,49.936950,0.000000
2455,2015,4,13,7,0.000000,0.000000,0.000000,69.371120,49.550800,0.000000
2456,2015,4,13,8,0.000000,0.000000,0.000000,67.532850,48.237750,0.000000
2457,2015,4,13,9,0.000000,0.000000,0.000000,66.188640,47.277600,0.000000
2458,2015,4,13,10,0.000000,0.000000,0.000000,61.832190,44.165850,0.000000
2459,2015,4,13,11,0.000000,0.000000,0.000000,58.113650,41.509750,0.000000
2460,2015,4,13,12,0.000000,0.000000,0.000000,58.085300,41.489500,0.000000
2461,2015,4,13,13,0.000000,0.000000,0.000000,54.105870,38.647050,0.000000
2462,2015,4,13,14,0.000000,0.000000,0.000000,48.766200,34.833000,0.000000
2463,2015,4,13,15,0.000000,0.000000,0.000000,43.242780,30.887700,0.000000
2464,2015,4,13,16,0.000000,0.000000,0.000000,42.336350,30.240250,0.000000
2465,2015,4,13,17,0.000000,0.000000,0.000000,40.145140,28.675100,0.000000
2466,2015,4,13,18,0.000000,0.000000,0.000000,37.563330,26.830950,0.000000
2467,2015,4,13,19,0.000000,0.000000,0.000000,36.144290,25.817350,0.000000
2468,2015,4,13,20,0.000000,0.000000,0.000000,33.289060,23.777900,0.000000
2469,2015,4,13,21,0.000000,0.000000,0.000000,34.079570,24.342550,0.000000
2470,2015,4,13,22,0.000000,0.000000,0.000000,37.642710,26.887650,0.000000
2471,2015,4,13,23,0.000000,0.000000,0.000000,31.818850,22.727750,0.000000
2472,2015,4,13,24,0.000000,0.000000,0.000000,30.565150,21.832250,0.000000
2473,2015,4,14,1,0.000000,0.000000,0.000000,33.229560,23.735400,0.000000
2474,2015,4,14,2,0.000000,0.000000,0.000000,34.545770,24.675550,0.000000
2475,2015,4,14,3,0.000000,0.000000,0.000000,37.450420,26.750300,0.000000
2476,2015,4,14,4,0.000000,0.000000,0.000000,37.588670,26.849050,0.000000
2477,2015,4,14,5,0.000000,0.000000,0.000000,38.436510,27.454650,0.000000
2478,2015,4,14,6,0.000000,0.000000,0.000000,39.910010,28.507150,0.000000
2479,2015,4,14,7,0.000000,0.000000,0.000000,32.759650,23.399750,0.000000
2480,2015,4,14,8,0.000000,0.000000,0.000000,22.761620,16.258300,0.000000
2481,2015,4,14,9,0.000000,0.000000,0.000000,26.936840,19.240600,0.000000
2482,2015,4,14,10,0.000000,0.000000,0.000000,26.015430,18.582450,0.000000
2483,2015,4,14,11,0.000000,0.000000,0.000000,24.821510,17.729650,0.000000
2484,2015,4,14,12,0.000000,0.000000,0.000000,27.887790,19.919850,0.000000
2485,2015,4,14,13,0.000000,0.000000,0.000000,24.650360,17.607400,0.000000
2486,2015,4,14,14,0.000000,0.000000,0.000000,21.821870,15.587050,0.000000
2487,2015,4,14,15,0.000000,0.000000,0.000000,21.844410,15.603150,0.000000
2488,2015,4,14,16,0.000000,0.000000,0.000000,22.955800,16.397000,0.000000
2489,2015,4,14,17,0.000000,0.000000,0.000000,25.643380,18.316700,0.000000
2490,2015,4,14,18,0.000000,0.000000,0.000000,25.744460,18.388900,0.000000
2491,2015,4,14,19,0.000000,0.000000,0.000000,25.156670,17.969050,0.000000
2492,2015,4,14,20,0.000000,0.000000,0.000000,24.027990,17.162850,0.000000
2493,2015,4,14,21,0.000000,0.000000,0.000000,24.914330,17.795950,0.000000
2494,2015,4,14,22,0.000000,0.000000,0.000000,27.869380,19.906700,0.000000
2495,2015,4,14,23,0.000000,0.000000,0.000000,28.241850,20.172750,0.000000
2496,2015,4,14,24,0.000000,0.000000,0.000000,33.788230,24.134450,0.000000
2497,2015,4,15,1,0.000000,0.000000,0.000000,36.556590,26.111850,0.000000
2498,2015,4,15,2,0.000000,0.000000,0.000000,39.308780,28.077700,0.000000
2499,2015,4,15,3,0.000000,0.000000,0.000000,45.146780,32.247700,0.000000
2500,2015,4,15,4,0.000000,0.000000,0.000000,43.409660,31.006900,0.000000
2501,2015,4,15,5,0.000000,0.000000,0.000000,41.577410,29.698150,0.000000
2502,2015,4,15,6,0.000000,0.000000,0.000000,34.625780,24.732700,0.000000
2503,2015,4,15,7,0.000000,0.000000,0.000000,22.254120,15.895800,0.000000
2504,2015,4,15,8,0.000000,0.000000,0.000000,23.622130,16.872950,0.000000
2505,2015,4,15,9,0.000000,0.000000,0.000000,23.204580,16.574700,0.000000
2506,2015,4,15,10,0.000000,0.000000,0.000000,24.929730,17.806950,0.000000
2507,2015,4,15,11,0.000000,0.000000,0.000000,24.185840,17.275600,0.000000
2508,2015,4,15,12,0.000000,0.000000,0.000000,22.210300,15.864500,0.000000
2509,2015,4,15,13,0.000000,0.000000,0.000000,22.111180,15.793700,0.000000
2510,2015,4,15,14,0.000000,0.000000,0.000000,24.541790,17.529850,0.000000
2511,2015,4,15,15,0.000000,0.000000,0.000000,24.984540,17.846100,0.000000
2512,2015,4,15,16,0.000000,0.000000,0.000000,25.111940,17.937100,0.000000
2513,2015,4,15,17,0.000000,0.000000,0.000000,23.997260,17.140900,0.000000
2514,2015,4,15,18,0.000000,0.000000,0.000000,25.405660,18.146900,0.000000
2515,2015,4,15,19,0.000000,0.000000,0.000000,23.260230,16.614450,0.000000
2516,2015,4,15,20,0.000000,0.000000,0.000000,20.282150,14.487250,0.000000
2517,2015,4,15,21,0.000000,0.000000,0.000000,17.587780,12.562700,0.000000
2518,2015,4,15,22,0.000000,0.000000,0.000000,12.178320,8.698800,0.000000
2519,2015,4,15,23,0.000000,0.000000,0.000000,12.937470,9.241050,0.000000
2520,2015,4,15,24,0.000000,0.000000,0.000000,12.266660,8.761900,0.000000
2521,2015,4,16,1,0.000000,0.000000,0.000000,10.866730,7.761950,0.000000
2522,2015,4,16,2,0.000000,0.000000,0.000000,12.059950,8.614250,0.000000
2523,2015,4,16,3,0.000000,0.000000,0.000000,13.298390,9.498850,0.000000
2524,2015,4,16,4,0.000000,0.000000,0.000000,15.177750,10.841250,0.000000
2525,2015,4,16,5,0.000000,0.000000,0.000000,11.862410,8.473150,0.000000
2526,2015,4,16,6,0.000000,0.000000,0.000000,9.232020,6.594300,0.000000
2527,2015,4,16,7,0.000000,0.000000,0.000000,5.295080,3.782200,0.000000
2528,2015,4,16,8,0.000000,0.000000,0.000000,3.559850,2.542750,0.000000
2529,2015,4,16,9,0.000000,0.000000,0.000000,1.930040,1.378600,0.000000
2530,2015,4,16,10,0.000000,0.000000,0.000000,0.946120,0.675800,0.000000
2531,2015,4,16,11,0.000000,0.000000,0.000000,0.000000,0.000000,0.000000
2532,2015,4,16,12,0.000000,0.000000,0.000000,0.000000,0.000000,0.000000
2533,2015,4,16,13,0.000000,0.000000,0.000000,0.594650,0.424750,0.000000
2534,2015,4,16,14,0.000000,0.000000,0.000000,1.402870,1.002050,0.000000
2535,2015,4,16,15,0.000000,0.000000,0.000000,3.302250,2.358750,0.000000
2536,2015,4,16,16,0.000000,0.000000,0.000000,3.326890,2.376350,0.000000
2537,2015,4,16,17,0.000000,0.000000,0.000000,4.295270,3.068050,0.000000
2538,2015,4,16,18,0.000000,0.000000,0.000000,4.864930,3.474950,0.000000
2539,2015,4,16,19,0.000000,0.000000,0.000000,7.248920,5.177800,0.000000
2540,2015,4,16,20,0.000000,0.000000,0.000000,6.101760,4.358400,0.000000
2541,2015,4,16,21,0.000000,0.000000,0.000000,8.069670,5.764050,0.000000
2542,2015,4,16,22,0.000000,0.000000,0.000000,4.057200,2.898000,0.000000
2543,2015,4,16,23,0.000000,0.000000,0.000000,5.826030,4.161450,0.000000
2544,2015,4,16,24,0.000000,0.000000,0.000000,3.823890,2.731350,0.000000
2545,2015,4,17,1,0.000000,0.000000,0.000000,1.851920,1.322800,0.000000
2546,2015,4,17,2,0.000000,0.000000,0.000000,0.000000,0.000000,0.000000
2547,2015,4,17,3,0.000000,0.000000,0.000000,0.000000,0.000000,0.000000
2548,2015,4,17,4,0.000000,0.000000,0.000000,0.452690,0.323350,0.000000
2549,2015,4,17,5,0.000000,0.000000,0.000000,5.109160,3.649400,0.000000
2550,2015,4,17,6,0.000000,0.000000,0.000000,8.250900,5.893500,0.000000
2551,2015,4,17,7,0.000000,0.000000,0.000000,14.305200,10.218000,0.000000
2552,2015,4,17,8,0.000000,0.000000,0.000000,22.211490,15.865350,0.000000
2553,2015,4,17,9,0.000000,0.000000,0.000000,22.869000,16.335000,0.000000
2554,2015,4,17,10,0.000000,0.000000,0.000000,23.861250,17.043750,0.000000
2555,2015,4,17,11,0.000000,0.000000,0.000000,23.004240,16.431600,0.000000
2556,2015,4,17,12,0.000000,0.000000,0.000000,22.209950,15.864250,0.000000
2557,2015,4,17,13,0.000000,0.000000,0.000000,22.485610,16.061150,0.000000
2558,2015,4,17,14,0.000000,0.000000,0.000000,20.363000,14.545000,0.000000
2559,2015,4,17,15,0.000000,0.000000,0.000000,20.588050,14.705750,0.000000
2560,2015,4,17,16,0.000000,0.000000,0.000000,16.453570,11.752550,0.000000
2561,2015,4,17,17,0.000000,0.000000,0.000000,14.995120,10.710800,0.000000
2562,2015,4,17,18,0.000000,0.000000,0.000000,13.787970,9.848550,0.000000
2563,2015,4,17,19,0.000000,0.000000,0.000000,13.659380,9.756700,0.000000
2564,2015,4,17,20,0.000000,0.000000,0.000000,12.609170,9.006550,0.000000
2565,2015,4,17,21,0.000000,0.000000,0.000000,12.523490,8.945350,0.000000
2566,2015,4,17,22,0.000000,0.000000,0.000000,3.739610,2.671150,0.000000
2567,2015,4,17,23,0.000000,0.000000,0.000000,1.184120,0.845800,0.000000
2568,2015,4,17,24,0.000000,0.000000,0.000000,0.557340,0.398100,0.000000
2569,2015,4,18,1,0.000000,0.000000,0.000000,0.000000,0.000000,0.000000
2570,2015,4,18,2,0.000000,0.000000,0.000000,0.583100,0.416500,0.000000
2571,2015,4,18,3,0.000000,0.000000,0.000000,0.000000,0.000000,0.000000
2572,2015,4,18,4,0.000000,0.000000,0.000000,0.972930,0.694950,0.000000
2573,2015,4,18,5,0.000000,0.000000,0.000000,4.785200,3.418000,0.000000
2574,2015,4,18,6,0.000000,0.000000,0.000000,10.678360,7.627400,0.000000
2575,2015,4,18,7,0.000000,0.000000,0.000000,16.872240,12.051600,0.000000
2576,2015,4,18,8,0.000000,0.000000,0.000000,17.721970,12.658550,0.000000
2577,2015,4,18,9,0.000000,0.000000,0.000000,17.380580,12.414700,0.000000
2578,2015,4,18,10,0.000000,0.000000,0.000000,19.094670,13.639050,0.000000
2579,2015,4,18,11,0.000000,0.000000,0.000000,25.036060,17.882900,0.000000
2580,2015,4,18,12,0.000000,0.000000,0.000000,19.124490,13.660350,0.000000
2581,2015,4,18,13,0.000000,0.000000,0.000000,17.110660,12.221900,0.000000
2582,2015,4,18,14,0.000000,0.000000,0.000000,17.244500,12.317500,0.000000
2583,2015,4,18,15,0.000000,0.000000,0.000000,17.222240,12.301600,0.000000
2584,2015,4,18,16,0.000000,0.000000,0.000000,18.646880,13.319200,0.000000
2585,2015,4,18,17,0.000000,0.000000,0.000000,22.285060,15.917900,0.000000
2586,2015,4,18,18,0.000000,0.000000,0.000000,22.406370,16.004550,0.000000
2587,2015,4,18,19,0.000000,0.000000,0.000000,23.555560,16.825400,0.000000
2588,2015,4,18,20,0.000000,0.000000,0.000000,23.937690,17.098350,0.000000
2589,2015,4,18,21,0.000000,0.000000,0.000000,30.425360,21.732400,0.000000
2590,2015,4,18,22,0.000000,0.000000,0.000000,8.714860,6.224900,0.000000
2591,2015,4,18,23,0.000000,0.000000,0.000000,3.572730,2.551950,0.000000
2592,2015,4,18,24,0.000000,0.000000,0.000000,3.948980,2.820700,0.000000
2593,2015,4,19,1,0.000000,0.000000,0.000000,3.498110,2.498650,0.000000
2594,2015,4,19,2,0.000000,0.000000,0.000000,1.284990,0.917850,0.000000
2595,2015,4,19,3,0.000000,0.000000,0.000000,0.955990,0.682850,0.000000
2596,2015,4,19,4,0.000000,0.000000,0.000000,1.745730,1.246950,0.000000
2597,2015,4,19,5,0.000000,0.000000,0.000000,6.796300,4.854500,0.000000
2598,2015,4,19,6,0.000000,0.000000,0.000000,11.641840,8.315600,0.000000
2599,2015,4,19,7,0.000000,0.000000,0.000000,6.963250,4.973750,0.000000
2600,2015,4,19,8,0.000000,0.000000,0.000000,7.397180,5.283700,0.000000
2601,2015,4,19,9,0.000000,0.000000,0.000000,7.741370,5.529550,0.000000
2602,2015,4,19,10,0.000000,0.000000,0.000000,8.956290,6.397350,0.000000
2603,2015,4,19,11,0.000000,0.000000,0.000000,8.782270,6.273050,0.000000
2604,2015,4,19,12,0.000000,0.000000,0.000000,9.123730,6.516950,0.000000
2605,2015,4,19,13,0.000000,0.000000,0.000000,10.420130,7.442950,0.000000
2606,2015,4,19,14,0.000000,0.000000,0.000000,10.248350,7.320250,0.000000
2607,2015,4,19,15,0.000000,0.000000,0.000000,8.727320,6.233800,0.000000
2608,2015,4,19,16,0.000000,0.000000,0.000000,9.406880,6.719200,0.000000
2609,2015,4,19,17,0.000000,0.000000,0.000000,10.773140,7.695100,0.000000
2610,2015,4,19,18,0.000000,0.000000,0.000000,6.280890,4.486350,0.000000
2611,2015,4,19,19,0.000000,0.000000,0.000000,5.195330,3.710950,0.000000
2612,2015,4,19,20,0.000000,0.000000,0.000000,5.305930,3.789950,0.000000
2613,2015,4,19,21,0.000000,0.000000,0.000000,6.691440,4.779600,0.000000
2614,2015,4,19,22,0.000000,0.000000,0.000000,1.879640,1.342600,0.000000
2615,2015,4,19,23,0.000000,0.000000,0.000000,1.588580,1.134700,0.000000
2616,2015,4,19,24,0.000000,0.000000,0.000000,2.353610,1.681150,0.000000
2617,2015,4,20,1,0.000000,0.000000,0.000000,2.576350,1.840250,0.000000
2618,2015,4,20,2,0.000000,0.000000,0.000000,2.002560,1.430400,0.000000
2619,2015,4,20,3,0.000000,0.000000,0.000000,4.851770,3.465550,0.000000
2620,2015,4,20,4,0.000000,0.000000,0.000000,4.492040,3.208600,0.000000
2621,2015,4,20,5,0.000000,0.000000,0.000000,9.184770,6.560550,0.000000
2622,2015,4,20,6,0.000000,0.000000,0.000000,8.564080,6.117200,0.000000
2623,2015,4,20,7,0.000000,0.000000,0.000000,4.990790,3.564850,0.000000
2624,2015,4,20,8,0.000000,0.000000,0.000000,8.113070,5.795050,0.000000
2625,2015,4,20,9,0.000000,0.000000,0.000000,9.022650,6.444750,0.000000
2626,2015,4,20,10,0.000000,0.000000,0.000000,14.099190,10.070850,0.000000
2627,2015,4,20,11,0.000000,0.000000,0.000000,19.436410,13.883150,0.000000
2628,2015,4,20,12,0.000000,0.000000,0.000000,21.007210,15.005150,0.000000
2629,2015,4,20,13,0.000000,0.000000,0.000000,24.513790,17.509850,0.000000
2630,2015,4,20,14,0.000000,0.000000,0.000000,23.379300,16.699500,0.000000
2631,2015,4,20,15,0.000000,0.000000,0.000000,23.357880,16.684200,0.000000
2632,2015,4,20,16,0.000000,0.000000,0.000000,20.683670,14.774050,0.000000
2633,2015,4,20,17,0.000000,0.000000,0.000000,18.378990,13.127850,0.000000
2634,2015,4,20,18,0.000000,0.000000,0.000000,18.136720,12.954800,0.000000
2635,2015,4,20,19,0.000000,0.000000,0.000000,19.921440,14.229600,0.000000
2636,2015,4,20,20,0.000000,0.000000,0.000000,16.607010,11.862150,0.000000
2637,2015,4,20,21,0.000000,0.000000,0.000000,14.038150,10.027250,0.000000
2638,2015,4,20,22,0.000000,0.000000,0.000000,10.029950,7.164250,0.000000
2639,2015,4,20,23,0.000000,0.000000,0.000000,8.042790,5.744850,0.000000
2640,2015,4,20,24,0.000000,0.000000,0.000000,5.443270,3.888050,0.000000
2641,2015,4,21,1,0.000000,0.000000,0.000000,10.053680,7.181200,0.000000
2642,2015,4,21,2,0.000000,0.000000,0.000000,13.520150,9.657250,0.000000
2643,2015,4,21,3,0.000000,0.000000,0.000000,14.886480,10.633200,0.000000
2644,2015,4,21,4,0.000000,0.000000,0.000000,11.865140,8.475100,0.000000
2645,2015,4,21,5,0.000000,0.000000,0.000000,12.640600,9.029000,0.000000
2646,2015,4,21,6,0.000000,0.000000,0.000000,11.280080,8.057200,0.000000
2647,2015,4,21,7,0.000000,0.000000,0.000000,6.369300,4.549500,0.000000
2648,2015,4,21,8,0.000000,0.000000,0.000000,5.652010,4.037150,0.000000
2649,2015,4,21,9,0.000000,0.000000,0.000000,7.341600,5.244000,0.000000
2650,2015,4,21,10,0.000000,0.000000,0.000000,8.311800,5.937000,0.000000
2651,2015,4,21,11,0.000000,0.000000,0.000000,10.488940,7.492100,0.000000
2652,2015,4,21,12,0.000000,0.000000,0.000000,7.852530,5.608950,0.000000
2653,2015,4,21,13,0.000000,0.000000,0.000000,7.447020,5.319300,0.000000
2654,2015,4,21,14,0.000000,0.000000,0.000000,10.751650,7.679750,0.000000
2655,2015,4,21,15,0.000000,0.000000,0.000000,14.429660,10.306900,0.000000
2656,2015,4,21,16,0.000000,0.000000,0.000000,14.895790,10.639850,0.000000
2657,2015,4,21,17,0.000000,0.000000,0.000000,16.753660,11.966900,0.000000
2658,2015,4,21,18,0.000000,0.000000,0.000000,16.511390,11.793850,0.000000
2659,2015,4,21,19,0.000000,0.000000,0.000000,21.189070,15.135050,0.000000
2660,2015,4,21,20,0.000000,0.000000,0.000000,21.645680,15.461200,0.000000
2661,2015,4,21,21,0.000000,0.000000,0.000000,21.939890,15.671350,0.000000
2662,2015,4,21,22,0.000000,0.000000,0.000000,18.628750,13.306250,0.000000
2663,2015,4,21,23,0.000000,0.000000,0.000000,11.494490,8.210350,0.000000
2664,2015,4,21,24,0.000000,0.000000,0.000000,8.737120,6.240800,0.000000
2665,2015,4,22,1,0.000000,0.000000,0.000000,13.795740,9.854100,0.000000
2666,2015,4,22,2,0.000000,0.000000,0.000000,11.523120,8.230800,0.000000
2667,2015,4,22,3,0.000000,0.000000,0.000000,15.908900,11.363500,0.000000
2668,2015,4,22,4,0.000000,0.000000,0.000000,14.902160,10.644400,0.000000
2669,2015,4,22,5,0.000000,0.000000,0.000000,11.754610,8.396150,0.000000
2670,2015,4,22,6,0.000000,0.000000,0.000000,5.437600,3.884000,0.000000
2671,2015,4,22,7,0.000000,0.000000,0.000000,4.836230,3.454450,0.000000
2672,2015,4,22,8,0.000000,0.000000,0.000000,6.210330,4.435950,0.000000
2673,2015,4,22,9,0.000000,0.000000,0.000000,4.279450,3.056750,0.000000
2674,2015,4,22,10,0.000000,0.000000,0.000000,3.763970,2.688550,0.000000
2675,2015,4,22,11,0.000000,0.000000,0.000000,5.369420,3.835300,0.000000
2676,2015,4,22,12,0.000000,0.000000,0.000000,5.169150,3.692250,0.000000
2677,2015,4,22,13,0.000000,0.000000,0.000000,4.667180,3.333700,0.000000
2678,2015,4,22,14,0.000000,0.000000,0.000000,5.179370,3.699550,0.000000
2679,2015,4,22,15,0.000000,0.000000,0.000000,10.264800,7.332000,0.000000
2680,2015,4,22,16,0.000000,0.000000,0.000000,10.908240,7.791600,0.000000
2681,2015,4,22,17,0.000000,0.000000,0.000000,17.612140,12.580100,0.000000
2682,2015,4,22,18,0.000000,0.000000,0.000000,21.001750,15.001250,0.000000
2683,2015,4,22,19,0.000000,0.000000,0.000000,24.724910,17.660650,0.000000
2684,2015,4,22,20,0.000000,0.000000,0.000000,28.252490,20.180350,0.000000
2685,2015,4,22,21,0.000000,0.000000,0.000000,31.961160,22.829400,0.000000
2686,2015,4,22,22,0.000000,0.000000,0.000000,15.702680,11.216200,0.000000
2687,2015,4,22,23,0.000000,0.000000,0.000000,16.625770,11.875550,0.000000
2688,2015,4,22,24,0.000000,0.000000,0.000000,20.867910,14.905650,0.000000
2689,2015,4,23,1,0.000000,0.000000,0.000000,27.331850,19.522750,0.000000
2690,2015,4,23,2,0.000000,0.000000,0.000000,31.283560,22.345400,0.000000
2691,2015,4,23,3,0.000000,0.000000,0.000000,29.549520,21.106800,0.000000
2692,2015,4,23,4,0.000000,0.000000,0.000000,21.770210,15.550150,0.000000
2693,2015,4,23,5,0.000000,0.000000,0.000000,14.154140,10.110100,0.000000
2694,2015,4,23,6,0.000000,0.000000,0.000000,7.998480,5.713200,0.000000
2695,2015,4,23,7,0.000000,0.000000,0.000000,0.535570,0.382550,0.000000
2696,2015,4,23,8,0.000000,0.000000,0.000000,0.000000,0.000000,0.000000
2697,2015,4,23,9,0.000000,0.000000,0.000000,4.949770,3.535550,0.000000
2698,2015,4,23,10,0.000000,0.000000,0.000000,17.764110,12.688650,0.000000
2699,2015,4,23,11,0.000000,0.000000,0.000000,32.988480,23.563200,0.000000
2700,2015,4,23,12,0.000000,0.000000,0.000000,37.942800,27.102000,0.000000
2701,2015,4,23,13,0.000000,0.000000,0.000000,45.496290,32.497350,0.000000
2702,2015,4,23,14,0.000000,0.000000,0.000000,51.216830,36.583450,0.000000
2703,2015,4,23,15,0.000000,0.000000,0.000000,56.366030,40.261450,0.000000
2704,2015,4,23,16,0.000000,0.000000,0.000000,59.989510,42.849650,0.000000
2705,2015,4,23,17,0.000000,0.000000,0.000000,53.924150,38.517250,0.000000
2706,2015,4,23,18,0.000000,0.000000,0.000000,38.503500,27.502500,0.000000
2707,2015,4,23,19,0.000000,0.000000,0.000000,28.079660,20.056900,0.000000
2708,2015,4,23,20,0.000000,0.000000,0.000000,31.899840,22.785600,0.000000
2709,2015,4,23,21,0.000000,0.000000,0.000000,54.350310,38.821650,0.000000
2710,2015,4,23,22,0.000000,0.000000,0.000000,67.762170,48.401550,0.000000
2711,2015,4,23,23,0.000000,0.000000,0.000000,36.543570,26.102550,0.000000
2712,2015,4,23,24,0.000000,0.000000,0.000000,18.383680,13.131200,0.000000
2713,2015,4,24,1,0.000000,0.000000,0.000000,22.544340,16.103100,0.000000
2714,2015,4,24,2,0.000000,0.000000,0.000000,25.662350,18.330250,0.000000
2715,2015,4,24,3,0.000000,0.000000,0.000000,29.067080,20.762200,0.000000
2716,2015,4,24,4,0.000000,0.000000,0.000000,22.905610,16.361150,0.000000
2717,2015,4,24,5,0.000000,0.000000,0.000000,3.784690,2.703350,0.000000
2718,2015,4,24,6,0.000000,0.000000,0.000000,1.361010,0.972150,0.000000
2719,2015,4,24,7,0.000000,0.000000,0.000000,30.735950,21.954250,0.000000
2720,2015,4,24,8,0.000000,0.000000,0.000000,64.324890,45.946350,0.000000
2721,2015,4,24,9,0.000000,0.000000,0.000000,68.668320,49.048800,0.000000
2722,2015,4,24,10,0.000000,0.000000,0.000000,69.987610,49.991150,0.000000
2723,2015,4,24,11,0.000000,0.000000,0.000000,69.994330,49.995950,0.000000
2724,2015,4,24,12,0.000000,0.000000,0.000000,69.952400,49.966000,0.000000
2725,2015,4,24,13,0.000000,0.000000,0.000000,69.902280,49.930200,0.000000
2726,2015,4,24,14,0.000000,0.000000,0.000000,69.953450,49.966750,0.000000
2727,2015,4,24,15,0.000000,0.000000,0.000000,69.314210,49.510150,0.000000
2728,2015,4,24,16,0.000000,0.000000,0.000000,68.882310,49.201650,0.000000
2729,2015,4,24,17,0.000000,0.000000,0.000000,69.219360,49.442400,0.000000
2730,2015,4,24,18,0.000000,0.000000,0.000000,68.340650,48.814750,0.000000
2731,2015,4,24,19,0.000000,0.000000,0.000000,67.849250,48.463750,0.000000
2732,2015,4,24,20,0.000000,0.000000,0.000000,69.306720,49.504800,0.000000
2733,2015,4,24,21,0.000000,0.000000,0.000000,68.035240,48.596600,0.000000
2734,2015,4,24,22,0.000000,0.000000,0.000000,65.841020,47.029300,0.000000
2735,2015,4,24,23,0.000000,0.000000,0.000000,62.052900,44.323500,0.000000
2736,2015,4,24,24,0.000000,0.000000,0.000000,58.892260,42.065900,0.000000
2737,2015,4,25,1,0.000000,0.000000,0.000000,60.430650,43.164750,0.000000
2738,2015,4,25,2,0.000000,0.000000,0.000000,67.337060,48.097900,0.000000
2739,2015,4,25,3,0.000000,0.000000,0.000000,68.559120,48.970800,0.000000
2740,2015,4,25,4,0.000000,0.000000,0.000000,67.874800,48.482000,0.000000
2741,2015,4,25,5,0.000000,0.000000,0.000000,66.314920,47.367800,0.000000
2742,2015,4,25,6,0.000000,0.000000,0.000000,50.914500,36.367500,0.000000
2743,2015,4,25,7,0.000000,0.000000,0.000000,38.570980,27.550700,0.000000
2744,2015,4,25,8,0.000000,0.000000,0.000000,45.581760,32.558400,0.000000
2745,2015,4,25,9,0.000000,0.000000,0.000000,55.308190,39.505850,0.000000
2746,2015,4,25,10,0.000000,0.000000,0.000000,67.521860,48.229900,0.000000
2747,2015,4,25,11,0.000000,0.000000,0.000000,63.006020,45.004300,0.000000
2748,2015,4,25,12,0.000000,0.000000,0.000000,61.945870,44.247050,0.000000
2749,2015,4,25,13,0.000000,0.000000,0.000000,65.154670,46.539050,0.000000
2750,2015,4,25,14,0.000000,0.000000,0.000000,65.562770,46.830550,0.000000
2751,2015,4,25,15,0.000000,0.000000,0.000000,65.099230,46.499450,0.000000
2752,2015,4,25,16,0.000000,0.000000,0.000000,62.280050,44.485750,0.000000
2753,2015,4,25,17,0.000000,0.000000,0.000000,58.751630,41.965450,0.000000
2754,2015,4,25,18,0.000000,0.000000,0.000000,50.344770,35.960550,0.000000
2755,2015,4,25,19,0.000000,0.000000,0.000000,39.807110,28.433650,0.000000
2756,2015,4,25,20,0.000000,0.000000,0.000000,35.941500,25.672500,0.000000
2757,2015,4,25,21,0.000000,0.000000,0.000000,28.291130,20.207950,0.000000
2758,2015,4,25,22,0.000000,0.000000,0.000000,26.642770,19.030550,0.000000
2759,2015,4,25,23,0.000000,0.000000,0.000000,24.425800,17.447000,0.000000
2760,2015,4,25,24,0.000000,0.000000,0.000000,16.332680,11.666200,0.000000
2761,2015,4,26,1,0.000000,0.000000,0.000000,23.986060,17.132900,0.000000
2762,2015,4,26,2,0.000000,0.000000,0.000000,28.709940,20.507100,0.000000
2763,2015,4,26,3,0.000000,0.000000,0.000000,23.781170,16.986550,0.000000
2764,2015,4,26,4,0.000000,0.000000,0.000000,26.277510,18.769650,0.000000
2765,2015,4,26,5,0.000000,0.000000,0.000000,24.584000,17.560000,0.000000
2766,2015,4,26,6,0.000000,0.000000,0.000000,19.050780,13.607700,0.000000
2767,2015,4,26,7,0.000000,0.000000,0.000000,10.179120,7.270800,0.000000
2768,2015,4,26,8,0.000000,0.000000,0.000000,14.447580,10.319700,0.000000
2769,2015,4,26,9,0.000000,0.000000,0.000000,16.256310,11.611650,0.000000
2770,2015,4,26,10,0.000000,0.000000,0.000000,12.558630,8.970450,0.000000
2771,2015,4,26,11,0.000000,0.000000,0.000000,11.214420,8.010300,0.000000
2772,2015,4,26,12,0.000000,0.000000,0.000000,9.264640,6.617600,0.000000
2773,2015,4,26,13,0.000000,0.000000,0.000000,13.236720,9.454800,0.000000
2774,2015,4,26,14,0.000000,0.000000,0.000000,14.575190,10.410850,0.000000
2775,2015,4,26,15,0.000000,0.000000,0.000000,20.520010,14.657150,0.000000
2776,2015,4,26,16,0.000000,0.000000,0.000000,19.548830,13.963450,0.000000
2777,2015,4,26,17,0.000000,0.000000,0.000000,20.509440,14.649600,0.000000
2778,2015,4,26,18,0.000000,0.000000,0.000000,18.919950,13.514250,0.000000
2779,2015,4,26,19,0.000000,0.000000,0.000000,20.816810,14.869150,0.000000
2780,2015,4,26,20,0.000000,0.000000,0.000000,17.278380,12.341700,0.000000
2781,2015,4,26,21,0.000000,0.000000,0.000000,17.476970,12.483550,0.000000
2782,2015,4,26,22,0.000000,0.000000,0.000000,5.177410,3.698150,0.000000
2783,2015,4,26,23,0.000000,0.000000,0.000000,4.470340,3.193100,0.000000
2784,2015,4,26,24,0.000000,0.000000,0.000000,6.668970,4.763550,0.000000
2785,2015,4,27,1,0.000000,0.000000,0.000000,8.418550,6.013250,0.000000
2786,2015,4,27,2,0.000000,0.000000,0.000000,8.108800,5.792000,0.000000
2787,2015,4,27,3,0.000000,0.000000,0.000000,7.075740,5.054100,0.000000
2788,2015,4,27,4,0.000000,0.000000,0.000000,4.361350,3.115250,0.000000
2789,2015,4,27,5,0.000000,0.000000,0.000000,1.470420,1.050300,0.000000
2790,2015,4,27,6,0.000000,0.000000,0.000000,1.657670,1.184050,0.000000
2791,2015,4,27,7,0.000000,0.000000,0.000000,0.795060,0.567900,0.000000
2792,2015,4,27,8,0.000000,0.000000,0.000000,2.540090,1.814350,0.000000
2793,2015,4,27,9,0.000000,0.000000,0.000000,12.710110,9.078650,0.000000
2794,2015,4,27,10,0.000000,0.000000,0.000000,25.061820,17.901300,0.000000
2795,2015,4,27,11,0.000000,0.000000,0.000000,31.786860,22.704900,0.000000
2796,2015,4,27,12,0.000000,0.000000,0.000000,32.943750,23.531250,0.000000
2797,2015,4,27,13,0.000000,0.000000,0.000000,36.368360,25.977400,0.000000
2798,2015,4,27,14,0.000000,0.000000,0.000000,42.760130,30.542950,0.000000
2799,2015,4,27,15,0.000000,0.000000,0.000000,49.240520,35.171800,0.000000
2800,2015,4,27,16,0.000000,0.000000,0.000000,50.207780,35.862700,0.000000
2801,2015,4,27,17,0.000000,0.000000,0.000000,56.576940,40.412100,0.000000
2802,2015,4,27,18,0.000000,0.000000,0.000000,59.624390,42.588850,0.000000
2803,2015,4,27,19,0.000000,0.000000,0.000000,60.794860,43.424900,0.000000
2804,2015,4,27,20,0.000000,0.000000,0.000000,64.585990,46.132850,0.000000
2805,2015,4,27,21,0.000000,0.000000,0.000000,68.530910,48.950650,0.000000
2806,2015,4,27,22,0.000000,0.000000,0.000000,68.254900,48.753500,0.000000
2807,2015,4,27,23,0.000000,0.000000,0.000000,69.340110,49.528650,0.000000
2808,2015,4,27,24,0.000000,0.000000,0.000000,67.622800,48.302000,0.000000
2809,2015,4,28,1,0.000000,0.000000,0.000000,60.755940,43.397100,0.000000
2810,2015,4,28,2,0.000000,0.000000,0.000000,55.168120,39.405800,0.000000
2811,2015,4,28,3,0.000000,0.000000,0.000000,60.179630,42.985450,0.000000
2812,2015,4,28,4,0.000000,0.000000,0.000000,67.041030,47.886450,0.000000
2813,2015,4,28,5,0.000000,0.000000,0.000000,67.480840,48.200600,0.000000
2814,2015,4,28,6,0.000000,0.000000,0.000000,63.389060,45.277900,0.000000
2815,2015,4,28,7,0.000000,0.000000,0.000000,55.447070,39.605050,0.000000
2816,2015,4,28,8,0.000000,0.000000,0.000000,48.366500,34.547500,0.000000
2817,2015,4,28,9,0.000000,0.000000,0.000000,46.185860,32.989900,0.000000
2818,2015,4,28,10,0.000000,0.000000,0.000000,34.258630,24.470450,0.000000
2819,2015,4,28,11,0.000000,0.000000,0.000000,29.444310,21.031650,0.000000
2820,2015,4,28,12,0.000000,0.000000,0.000000,26.191130,18.707950,0.000000
2821,2015,4,28,13,0.000000,0.000000,0.000000,33.737060,24.097900,0.000000
2822,2015,4,28,14,0.000000,0.000000,0.000000,46.571420,33.265300,0.000000
2823,2015,4,28,15,0.000000,0.000000,0.000000,49.597030,35.426450,0.000000
2824,2015,4,28,16,0.000000,0.000000,0.000000,53.328590,38.091850,0.000000
2825,2015,4,28,17,0.000000,0.000000,0.000000,51.980390,37.128850,0.000000
2826,2015,4,28,18,0.000000,0.000000,0.000000,55.944560,39.960400,0.000000
2827,2015,4,28,19,0.000000,0.000000,0.000000,62.923280,44.945200,0.000000
2828,2015,4,28,20,0.000000,0.000000,0.000000,67.360440,48.114600,0.000000
2829,2015,4,28,21,0.000000,0.000000,0.000000,69.294470,49.496050,0.000000
2830,2015,4,28,22,0.000000,0.000000,0.000000,69.884780,49.917700,0.000000
2831,2015,4,28,23,0.000000,0.000000,0.000000,69.912920,49.937800,0.000000
2832,2015,4,28,24,0.000000,0.000000,0.000000,69.888700,49.920500,0.000000
2833,2015,4,29,1,0.000000,0.000000,0.000000,69.866510,49.904650,0.000000
2834,2015,4,29,2,0.000000,0.000000,0.000000,69.914320,49.938800,0.000000
2835,2015,4,29,3,0.000000,0.000000,0.000000,69.904520,49.931800,0.000000
2836,2015,4,29,4,0.000000,0.000000,0.000000,69.940990,49.957850,0.000000
2837,2015,4,29,5,0.000000,0.000000,0.000000,69.974240,49.981600,0.000000
2838,2015,4,29,6,0.000000,0.000000,0.000000,69.976550,49.983250,0.000000
2839,2015,4,29,7,0.000000,0.000000,0.000000,69.977390,49.983850,0.000000
2840,2015,4,29,8,0.000000,0.000000,0.000000,69.979700,49.985500,0.000000
2841,2015,4,29,9,0.000000,0.000000,0.000000,69.846420,49.890300,0.000000
2842,2015,4,29,10,0.000000,0.000000,0.000000,69.979630,49.985450,0.000000
2843,2015,4,29,11,0.000000,0.000000,0.000000,69.980190,49.985850,0.000000
2844,2015,4,29,12,0.000000,0.000000,0.000000,69.969760,49.978400,0.000000
2845,2015,4,29,13,0.000000,0.000000,0.000000,69.945190,49.960850,0.000000
2846,2015,4,29,14,0.000000,0.000000,0.000000,67.902380,48.501700,0.000000
2847,2015,4,29,15,0.000000,0.000000,0.000000,69.932170,49.951550,0.000000
2848,2015,4,29,16,0.000000,0.000000,0.000000,69.951630,49.965450,0.000000
2849,2015,4,29,17,0.000000,0.000000,0.000000,69.896820,49.926300,0.000000
2850,2015,4,29,18,0.000000,0.000000,0.000000,69.851110,49.893650,0.000000
2851,2015,4,29,19,0.000000,0.000000,0.000000,69.826120,49.875800,0.000000
2852,2015,4,29,20,0.000000,0.000000,0.000000,69.778310,49.841650,0.000000
2853,2015,4,29,21,0.000000,0.000000,0.000000,69.406400,49.576000,0.000000
2854,2015,4,29,22,0.000000,0.000000,0.000000,69.482700,49.630500,0.000000
2855,2015,4,29,23,0.000000,0.000000,0.000000,68.402320,48.858800,0.000000
2856,2015,4,29,24,0.000000,0.000000,0.000000,67.258310,48.041650,0.000000
2857,2015,4,30,1,0.000000,0.000000,0.000000,66.257450,47.326750,0.000000
2858,2015,4,30,2,0.000000,0.000000,0.000000,64.921290,46.372350,0.000000
2859,2015,4,30,3,0.000000,0.000000,0.000000,66.739400,47.671000,0.000000
2860,2015,4,30,4,0.000000,0.000000,0.000000,68.159000,48.685000,0.000000
2861,2015,4,30,5,0.000000,0.000000,0.000000,68.361650,48.829750,0.000000
2862,2015,4,30,6,0.000000,0.000000,0.000000,67.039630,47.885450,0.000000
2863,2015,4,30,7,0.000000,0.000000,0.000000,64.614060,46.152900,0.000000
2864,2015,4,30,8,0.000000,0.000000,0.000000,66.425940,47.447100,0.000000
2865,2015,4,30,9,0.000000,0.000000,0.000000,61.017040,43.583600,0.000000
2866,2015,4,30,10,0.000000,0.000000,0.000000,45.085810,32.204150,0.000000
2867,2015,4,30,11,0.000000,0.000000,0.000000,35.399700,25.285500,0.000000
2868,2015,4,30,12,0.000000,0.000000,0.000000,32.308360,23.077400,0.000000
2869,2015,4,30,13,0.000000,0.000000,0.000000,34.764170,24.831550,0.000000
2870,2015,4,30,14,0.000000,0.000000,0.000000,23.499070,16.785050,0.000000
2871,2015,4,30,15,0.000000,0.000000,0.000000,27.584270,19.703050,0.000000
2872,2015,4,30,16,0.000000,0.000000,0.000000,27.380010,19.557150,0.000000
2873,2015,4,30,17,0.000000,0.000000,0.000000,25.512550,18.223250,0.000000
2874,2015,4,30,18,0.000000,0.000000,0.000000,21.298270,15.213050,0.000000
2875,2015,4,30,19,0.000000,0.000000,0.000000,20.134660,14.381900,0.000000
2876,2015,4,30,20,0.000000,0.000000,0.000000,18.740050,13.385750,0.000000
2877,2015,4,30,21,0.000000,0.000000,0.000000,17.673670,12.624050,0.000000
2878,2015,4,30,22,0.000000,0.000000,0.000000,7.133350,5.095250,0.000000
2879,2015,4,30,23,0.000000,0.000000,0.000000,4.664170,3.331550,0.000000
2880,2015,4,30,24,0.000000,0.000000,0.000000,4.306120,3.075800,0.000000
2881,2015,5,1,1,0.000000,0.000000,0.000000,4.403840,3.145600,0.000000
2882,2015,5,1,2,0.000000,0.000000,0.000000,5.876570,4.197550,0.000000
2883,2015,5,1,3,0.000000,0.000000,0.000000,5.061350,3.615250,0.000000
2884,2015,5,1,4,0.000000,0.000000,0.000000,4.075120,2.910800,0.000000
2885,2015,5,1,5,0.000000,0.000000,0.000000,3.105760,2.218400,0.000000
2886,2015,5,1,6,0.000000,0.000000,0.000000,2.386930,1.704950,0.000000
2887,2015,5,1,7,0.000000,0.000000,0.000000,1.127770,0.805550,0.000000
2888,2015,5,1,8,0.000000,0.000000,0.000000,0.000000,0.000000,0.000000
2889,2015,5,1,9,0.000000,0.000000,0.000000,0.000000,0.000000,0.000000
2890,2015,5,1,10,0.000000,0.000000,0.000000,0.824110,0.588650,0.000000
2891,2015,5,1,11,0.000000,0.000000,0.000000,1.909740,1.364100,0.000000
2892,2015,5,1,12,0.000000,0.000000,0.000000,3.688090,2.634350,0.000000
2893,2015,5,1,13,0.000000,0.000000,0.000000,8.198050,5.855750,0.000000
2894,2015,5,1,14,0.000000,0.000000,0.000000,14.071120,10.050800,0.000000
2895,2015,5,1,15,0.000000,0.000000,0.000000,20.830740,14.879100,0.000000
2896,2015,5,1,16,0.000000,0.000000,0.000000,26.888190,19.205850,0.000000
2897,2015,5,1,17,0.000000,0.000000,0.000000,32.046980,22.890700,0.000000
2898,2015,5,1,18,0.000000,0.000000,0.000000,33.386360,23.847400,0.000000
2899,2015,5,1,19,0.000000,0.000000,0.000000,35.261380,25.186700,0.000000
2900,2015,5,1,20,0.000000,0.000000,0.000000,27.117020,19.369300,0.000000
2901,2015,5,1,21,0.000000,0.000000,0.000000,26.930540,19.236100,0.000000
2902,2015,5,1,22,0.000000,0.000000,0.000000,14.679490,10.485350,0.000000
2903,2015,5,1,23,0.000000,0.000000,0.000000,20.292020,14.494300,0.000000
2904,2015,5,1,24,0.000000,0.000000,0.000000,28.356860,20.254900,0.000000
2905,2015,5,2,1,0.000000,0.000000,0.000000,35.071820,25.051300,0.000000
2906,2015,5,2,2,0.000000,0.000000,0.000000,36.429050,26.020750,0.000000
2907,2015,5,2,3,0.000000,0.000000,0.000000,37.954700,27.110500,0.000000
2908,2015,5,2,4,0.000000,0.000000,0.000000,39.507300,28.219500,0.000000
2909,2015,5,2,5,0.000000,0.000000,0.000000,38.377920,27.412800,0.000000
2910,2015,5,2,6,0.000000,0.000000,0.000000,33.001430,23.572450,0.000000
2911,2015,5,2,7,0.000000,0.000000,0.000000,33.010320,23.578800,0.000000
2912,2015,5,2,8,0.000000,0.000000,0.000000,46.720730,33.371950,0.000000
2913,2015,5,2,9,0.000000,0.000000,0.000000,58.148580,41.534700,0.000000
2914,2015,5,2,10,0.000000,0.000000,0.000000,63.122080,45.087200,0.000000
2915,2015,5,2,11,0.000000,0.000000,0.000000,64.441090,46.029350,0.000000
2916,2015,5,2,12,0.000000,0.000000,0.000000,64.704360,46.217400,0.000000
2917,2015,5,2,13,0.000000,0.000000,0.000000,65.125550,46.518250,0.000000
2918,2015,5,2,14,0.000000,0.000000,0.000000,65.723140,46.945100,0.000000
2919,2015,5,2,15,0.000000,0.000000,0.000000,67.222610,48.016150,0.000000
2920,2015,5,2,16,0.000000,0.000000,0.000000,66.521560,47.515400,0.000000
2921,2015,5,2,17,0.000000,0.000000,0.000000,66.006360,47.147400,0.000000
2922,2015,5,2,18,0.000000,0.000000,0.000000,63.825650,45.589750,0.000000
2923,2015,5,2,19,0.000000,0.000000,0.000000,59.287200,42.348000,0.000000
2924,2015,5,2,20,0.000000,0.000000,0.000000,56.308420,40.220300,0.000000
2925,2015,5,2,21,0.000000,0.000000,0.000000,49.000700,35.000500,0.000000
2926,2015,5,2,22,0.000000,0.000000,0.000000,43.081920,30.772800,0.000000
2927,2015,5,2,23,0.000000,0.000000,0.000000,38.664500,27.617500,0.000000
2928,2015,5,2,24,0.000000,0.000000,0.000000,34.310500,24.507500,0.000000
2929,2015,5,3,1,0.000000,0.000000,0.000000,46.396910,33.140650,0.000000
2930,2015,5,3,2,0.000000,0.000000,0.000000,49.531930,35.379950,0.000000
2931,2015,5,3,3,0.000000,0.000000,0.000000,61.705070,44.075050,0.000000
2932,2015,5,3,4,0.000000,0.000000,0.000000,63.461930,45.329950,0.000000
2933,2015,5,3,5,0.000000,0.000000,0.000000,66.561530,47.543950,0.000000
2934,2015,5,3,6,0.000000,0.000000,0.000000,60.557210,43.255150,0.000000
2935,2015,5,3,7,0.000000,0.000000,0.000000,31.475710,22.482650,0.000000
2936,2015,5,3,8,0.000000,0.000000,0.000000,18.109840,12.935600,0.000000
2937,2015,5,3,9,0.000000,0.000000,0.000000,10.253180,7.323700,0.000000
2938,2015,5,3,10,0.000000,0.000000,0.000000,5.364940,3.832100,0.000000
2939,2015,5,3,11,0.000000,0.000000,0.000000,5.352830,3.823450,0.000000
2940,2015,5,3,12,0.000000,0.000000,0.000000,3.791620,2.708300,0.000000
2941,2015,5,3,13,0.000000,0.000000,0.000000,2.481290,1.772350,0.000000
2942,2015,5,3,14,0.000000,0.000000,0.000000,3.047240,2.176600,0.000000
2943,2015,5,3,15,0.000000,0.000000,0.000000,2.075220,1.482300,0.000000
2944,2015,5,3,16,0.000000,0.000000,0.000000,2.323370,1.659550,0.000000
2945,2015,5,3,17,0.000000,0.000000,0.000000,6.217540,4.441100,0.000000
2946,2015,5,3,18,0.000000,0.000000,0.000000,8.914010,6.367150,0.000000
2947,2015,5,3,19,0.000000,0.000000,0.000000,9.076480,6.483200,0.000000
2948,2015,5,3,20,0.000000,0.000000,0.000000,10.858750,7.756250,0.000000
2949,2015,5,3,21,0.000000,0.000000,0.000000,16.282980,11.630700,0.000000
2950,2015,5,3,22,0.000000,0.000000,0.000000,18.459350,13.185250,0.000000
2951,2015,5,3,23,0.000000,0.000000,0.000000,23.267650,16.619750,0.000000
2952,2015,5,3,24,0.000000,0.000000,0.000000,19.993330,14.280950,0.000000
2953,2015,5,4,1,0.000000,0.000000,0.000000,21.924770,15.660550,0.000000
2954,2015,5,4,2,0.000000,0.000000,0.000000,15.638140,11.170100,0.000000
2955,2015,5,4,3,0.000000,0.000000,0.000000,7.306180,5.218700,0.000000
2956,2015,5,4,4,0.000000,0.000000,0.000000,5.125540,3.661100,0.000000
2957,2015,5,4,5,0.000000,0.000000,0.000000,3.808070,2.720050,0.000000
2958,2015,5,4,6,0.000000,0.000000,0.000000,3.779930,2.699950,0.000000
2959,2015,5,4,7,0.000000,0.000000,0.000000,7.318010,5.227150,0.000000
2960,2015,5,4,8,0.000000,0.000000,0.000000,25.212950,18.009250,0.000000
2961,2015,5,4,9,0.000000,0.000000,0.000000,39.438070,28.170050,0.000000
2962,2015,5,4,10,0.000000,0.000000,0.000000,51.796640,36.997600,0.000000
2963,2015,5,4,11,0.000000,0.000000,0.000000,49.951860,35.679900,0.000000
2964,2015,5,4,12,0.000000,0.000000,0.000000,33.768630,24.120450,0.000000
2965,2015,5,4,13,0.000000,0.000000,0.000000,36.431430,26.022450,0.000000
2966,2015,5,4,14,0.000000,0.000000,0.000000,36.107050,25.790750,0.000000
2967,2015,5,4,15,0.000000,0.000000,0.000000,43.046220,30.747300,0.000000
2968,2015,5,4,16,0.000000,0.000000,0.000000,51.226350,36.590250,0.000000
2969,2015,5,4,17,0.000000,0.000000,0.000000,61.285000,43.775000,0.000000
2970,2015,5,4,18,0.000000,0.000000,0.000000,61.987730,44.276950,0.000000
2971,2015,5,4,19,0.000000,0.000000,0.000000,63.313250,45.223750,0.000000
2972,2015,5,4,20,0.000000,0.000000,0.000000,64.139250,45.813750,0.000000
2973,2015,5,4,21,0.000000,0.000000,0.000000,67.052650,47.894750,0.000000
2974,2015,5,4,22,0.000000,0.000000,0.000000,66.678080,47.627200,0.000000
2975,2015,5,4,23,0.000000,0.000000,0.000000,68.207930,48.719950,0.000000
2976,2015,5,4,24,0.000000,0.000000,0.000000,67.951800,48.537000,0.000000
2977,2015,5,5,1,0.000000,0.000000,0.000000,69.778380,49.841700,0.000000
2978,2015,5,5,2,0.000000,0.000000,0.000000,69.891710,49.922650,0.000000
2979,2015,5,5,3,0.000000,0.000000,0.000000,69.661690,49.758350,0.000000
2980,2015,5,5,4,0.000000,0.000000,0.000000,68.765200,49.118000,0.000000
2981,2015,5,5,5,0.000000,0.000000,0.000000,65.411990,46.722850,0.000000
2982,2015,5,5,6,0.000000,0.000000,0.000000,52.577560,37.555400,0.000000
2983,2015,5,5,7,0.000000,0.000000,0.000000,26.855990,19.182850,0.000000
2984,2015,5,5,8,0.000000,0.000000,0.000000,15.110060,10.792900,0.000000
2985,2015,5,5,9,0.000000,0.000000,0.000000,16.570680,11.836200,0.000000
2986,2015,5,5,10,0.000000,0.000000,0.000000,15.691550,11.208250,0.000000
2987,2015,5,5,11,0.000000,0.000000,0.000000,21.154980,15.110700,0.000000
2988,2015,5,5,12,0.000000,0.000000,0.000000,25.497990,18.212850,0.000000
2989,2015,5,5,13,0.000000,0.000000,0.000000,36.463140,26.045100,0.000000
2990,2015,5,5,14,0.000000,0.000000,0.000000,28.339360,20.242400,0.000000
2991,2015,5,5,15,0.000000,0.000000,0.000000,27.426280,19.590200,0.000000
2992,2015,5,5,16,0.000000,0.000000,0.000000,24.419850,17.442750,0.000000
2993,2015,5,5,17,0.000000,0.000000,0.000000,28.645960,20.461400,0.000000
2994,2015,5,5,18,0.000000,0.000000,0.000000,31.523310,22.516650,0.000000
2995,2015,5,5,19,0.000000,0.000000,0.000000,29.622040,21.158600,0.000000
2996,2015,5,5,20,0.000000,0.000000,0.000000,32.004560,22.860400,0.000000
2997,2015,5,5,21,0.000000,0.000000,0.000000,35.475370,25.339550,0.000000
2998,2015,5,5,22,0.000000,0.000000,0.000000,38.816260,27.725900,0.000000
2999,2015,5,5,23,0.000000,0.000000,0.000000,39.839310,28.456650,0.000000
3000,2015,5,5,24,0.000000,0.000000,0.000000,34.270320,24.478800,0.000000
3001,2015,5,6,1,0.000000,0.000000,0.000000,39.593470,28.281050,0.000000
3002,2015,5,6,2,0.000000,0.000000,0.000000,56.306320,40.218800,0.000000
3003,2015,5,6,3,0.000000,0.000000,0.000000,60.313750,43.081250,0.000000
3004,2015,5,6,4,0.000000,0.000000,0.000000,62.055630,44.325450,0.000000
3005,2015,5,6,5,0.000000,0.000000,0.000000,60.238220,43.027300,0.000000
3006,2015,5,6,6,0.000000,0.000000,0.000000,48.169380,34.406700,0.000000
3007,2015,5,6,7,0.000000,0.000000,0.000000,44.167690,31.548350,0.000000
3008,2015,5,6,8,0.000000,0.000000,0.000000,44.373210,31.695150,0.000000
3009,2015,5,6,9,0.000000,0.000000,0.000000,41.542340,29.673100,0.000000
3010,2015,5,6,10,0.000000,0.000000,0.000000,48.152230,34.394450,0.000000
3011,2015,5,6,11,0.000000,0.000000,0.000000,61.050850,43.607750,0.000000
3012,2015,5,6,12,0.000000,0.000000,0.000000,63.904400,45.646000,0.000000
3013,2015,5,6,13,0.000000,0.000000,0.000000,66.607030,47.576450,0.000000
3014,2015,5,6,14,0.000000,0.000000,0.000000,67.351410,48.108150,0.000000
3015,2015,5,6,15,0.000000,0.000000,0.000000,68.899110,49.213650,0.000000
3016,2015,5,6,16,0.000000,0.000000,0.000000,69.477240,49.626600,0.000000
3017,2015,5,6,17,0.000000,0.000000,0.000000,68.559820,48.971300,0.000000
3018,2015,5,6,18,0.000000,0.000000,0.000000,69.094620,49.353300,0.000000
3019,2015,5,6,19,0.000000,0.000000,0.000000,69.361950,49.544250,0.000000
3020,2015,5,6,20,0.000000,0.000000,0.000000,67.202310,48.001650,0.000000
3021,2015,5,6,21,0.000000,0.000000,0.000000,60.453400,43.181000,0.000000
3022,2015,5,6,22,0.000000,0.000000,0.000000,53.576390,38.268850,0.000000
3023,2015,5,6,23,0.000000,0.000000,0.000000,54.127430,38.662450,0.000000
3024,2015,5,6,24,0.000000,0.000000,0.000000,55.157550,39.398250,0.000000
3025,2015,5,7,1,0.000000,0.000000,0.000000,50.285200,35.918000,0.000000
3026,2015,5,7,2,0.000000,0.000000,0.000000,51.318260,36.655900,0.000000
3027,2015,5,7,3,0.000000,0.000000,0.000000,50.806350,36.290250,0.000000
3028,2015,5,7,4,0.000000,0.000000,0.000000,45.788680,32.706200,0.000000
3029,2015,5,7,5,0.000000,0.000000,0.000000,36.765750,26.261250,0.000000
3030,2015,5,7,6,0.000000,0.000000,0.000000,20.476190,14.625850,0.000000
3031,2015,5,7,7,0.000000,0.000000,0.000000,11.989460,8.563900,0.000000
3032,2015,5,7,8,0.000000,0.000000,0.000000,7.575750,5.411250,0.000000
3033,2015,5,7,9,0.000000,0.000000,0.000000,6.550180,4.678700,0.000000
3034,2015,5,7,10,0.000000,0.000000,0.000000,7.739410,5.528150,0.000000
3035,2015,5,7,11,0.000000,0.000000,0.000000,13.995380,9.996700,0.000000
3036,2015,5,7,12,0.000000,0.000000,0.000000,22.348340,15.963100,0.000000
3037,2015,5,7,13,0.000000,0.000000,0.000000,25.540270,18.243050,0.000000
3038,2015,5,7,14,0.000000,0.000000,0.000000,38.074820,27.196300,0.000000
3039,2015,5,7,15,0.000000,0.000000,0.000000,58.261840,41.615600,0.000000
3040,2015,5,7,16,0.000000,0.000000,0.000000,59.115140,42.225100,0.000000
3041,2015,5,7,17,0.000000,0.000000,0.000000,59.829210,42.735150,0.000000
3042,2015,5,7,18,0.000000,0.000000,0.000000,64.493170,46.066550,0.000000
3043,2015,5,7,19,0.000000,0.000000,0.000000,66.675700,47.625500,0.000000
3044,2015,5,7,20,0.000000,0.000000,0.000000,66.685920,47.632800,0.000000
3045,2015,5,7,21,0.000000,0.000000,0.000000,66.369520,47.406800,0.000000
3046,2015,5,7,22,0.000000,0.000000,0.000000,65.683590,46.916850,0.000000
3047,2015,5,7,23,0.000000,0.000000,0.000000,67.125170,47.946550,0.000000
3048,2015,5,7,24,0.000000,0.000000,0.000000,67.049220,47.892300,0.000000
3049,2015,5,8,1,0.000000,0.000000,0.000000,68.362280,48.830200,0.000000
3050,2015,5,8,2,0.000000,0.000000,0.000000,66.580010,47.557150,0.000000
3051,2015,5,8,3,0.000000,0.000000,0.000000,63.514080,45.367200,0.000000
3052,2015,5,8,4,0.000000,0.000000,0.000000,57.801660,41.286900,0.000000
3053,2015,5,8,5,0.000000,0.000000,0.000000,46.034450,32.881750,0.000000
3054,2015,5,8,6,0.000000,0.000000,0.000000,39.814040,28.438600,0.000000
3055,2015,5,8,7,0.000000,0.000000,0.000000,32.723040,23.373600,0.000000
3056,2015,5,8,8,0.000000,0.000000,0.000000,19.865650,14.189750,0.000000
3057,2015,5,8,9,0.000000,0.000000,0.000000,10.085390,7.203850,0.000000
3058,2015,5,8,10,0.000000,0.000000,0.000000,6.155170,4.396550,0.000000
3059,2015,5,8,11,0.000000,0.000000,0.000000,6.587910,4.705650,0.000000
3060,2015,5,8,12,0.000000,0.000000,0.000000,7.732620,5.523300,0.000000
3061,2015,5,8,13,0.000000,0.000000,0.000000,7.306740,5.219100,0.000000
3062,2015,5,8,14,0.000000,0.000000,0.000000,3.638040,2.598600,0.000000
3063,2015,5,8,15,0.000000,0.000000,0.000000,2.392250,1.708750,0.000000
3064,2015,5,8,16,0.000000,0.000000,0.000000,3.063340,2.188100,0.000000
3065,2015,5,8,17,0.000000,0.000000,0.000000,6.578740,4.699100,0.000000
3066,2015,5,8,18,0.000000,0.000000,0.000000,8.456910,6.040650,0.000000
3067,2015,5,8,19,0.000000,0.000000,0.000000,12.565210,8.975150,0.000000
3068,2015,5,8,20,0.000000,0.000000,0.000000,15.423520,11.016800,0.000000
3069,2015,5,8,21,0.000000,0.000000,0.000000,21.681170,15.486550,0.000000
3070,2015,5,8,22,0.000000,0.000000,0.000000,16.500330,11.785950,0.000000
3071,2015,5,8,23,0.000000,0.000000,0.000000,11.706310,8.361650,0.000000
3072,2015,5,8,24,0.000000,0.000000,0.000000,12.634370,9.024550,0.000000
3073,2015,5,9,1,0.000000,0.000000,0.000000,13.818980,9.870700,0.000000
3074,2015,5,9,2,0.000000,0.000000,0.000000,12.960850,9.257750,0.000000
3075,2015,5,9,3,0.000000,0.000000,0.000000,10.096100,7.211500,0.000000
3076,2015,5,9,4,0.000000,0.000000,0.000000,6.089090,4.349350,0.000000
3077,2015,5,9,5,0.000000,0.000000,0.000000,3.062990,2.187850,0.000000
3078,2015,5,9,6,0.000000,0.000000,0.000000,0.539210,0.385150,0.000000
3079,2015,5,9,7,0.000000,0.000000,0.000000,0.000000,0.000000,0.000000
3080,2015,5,9,8,0.000000,0.000000,0.000000,0.000000,0.000000,0.000000
3081,2015,5,9,9,0.000000,0.000000,0.000000,0.773290,0.552350,0.000000
3082,2015,5,9,10,0.000000,0.000000,0.000000,3.024420,2.160300,0.000000
3083,2015,5,9,11,0.000000,0.000000,0.000000,6.350540,4.536100,0.000000
3084,2015,5,9,12,0.000000,0.000000,0.000000,14.303030,10.216450,0.000000
3085,2015,5,9,13,0.000000,0.000000,0.000000,22.537830,16.098450,0.000000
3086,2015,5,9,14,0.000000,0.000000,0.000000,25.987500,18.562500,0.000000
3087,2015,5,9,15,0.000000,0.000000,0.000000,30.267300,21.619500,0.000000
3088,2015,5,9,16,0.000000,0.000000,0.000000,37.002070,26.430050,0.000000
3089,2015,5,9,17,0.000000,0.000000,0.000000,43.904000,31.360000,0.000000
3090,2015,5,9,18,0.000000,0.000000,0.000000,40.471760,28.908400,0.000000
3091,2015,5,9,19,0.000000,0.000000,0.000000,40.744760,29.103400,0.000000
3092,2015,5,9,20,0.000000,0.000000,0.000000,41.600580,29.714700,0.000000
3093,2015,5,9,21,0.000000,0.000000,0.000000,42.709800,30.507000,0.000000
3094,2015,5,9,22,0.000000,0.000000,0.000000,39.179840,27.985600,0.000000
3095,2015,5,9,23,0.000000,0.000000,0.000000,41.751150,29.822250,0.000000
3096,2015,5,9,24,0.000000,0.000000,0.000000,39.760630,28.400450,0.000000
3097,2015,5,10,1,0.000000,0.000000,0.000000,37.954280,27.110200,0.000000
3098,2015,5,10,2,0.000000,0.000000,0.000000,33.982340,24.273100,0.000000
3099,2015,5,10,3,0.000000,0.000000,0.000000,29.485330,21.060950,0.000000
3100,2015,5,10,4,0.000000,0.000000,0.000000,21.764820,15.546300,0.000000
3101,2015,5,10,5,0.000000,0.000000,0.000000,15.355270,10.968050,0.000000
3102,2015,5,10,6,0.000000,0.000000,0.000000,8.016680,5.726200,0.000000
3103,2015,5,10,7,0.000000,0.000000,0.000000,3.999450,2.856750,0.000000
3104,2015,5,10,8,0.000000,0.000000,0.000000,3.706640,2.647600,0.000000
3105,2015,5,10,9,0.000000,0.000000,0.000000,8.739500,6.242500,0.000000
3106,2015,5,10,10,0.000000,0.000000,0.000000,14.413980,10.295700,0.000000
3107,2015,5,10,11,0.000000,0.000000,0.000000,18.082820,12.916300,0.000000
3108,2015,5,10,12,0.000000,0.000000,0.000000,19.463920,13.902800,0.000000
3109,2015,5,10,13,0.000000,0.000000,0.000000,21.042280,15.030200,0.000000
3110,2015,5,10,14,0.000000,0.000000,0.000000,18.893490,13.495350,0.000000
3111,2015,5,10,15,0.000000,0.000000,0.000000,21.822080,15.587200,0.000000
3112,2015,5,10,16,0.000000,0.000000,0.000000,25.724160,18.374400,0.000000
3113,2015,5,10,17,0.000000,0.000000,0.000000,30.324490,21.660350,0.000000
3114,2015,5,10,18,0.000000,0.000000,0.000000,33.997110,24.283650,0.000000
3115,2015,5,10,19,0.000000,0.000000,0.000000,35.791840,25.565600,0.000000
3116,2015,5,10,20,0.000000,0.000000,0.000000,38.623620,27.588300,0.000000
3117,2015,5,10,21,0.000000,0.000000,0.000000,41.944560,29.960400,0.000000
3118,2015,5,10,22,0.000000,0.000000,0.000000,33.974780,24.267700,0.000000
3119,2015,5,10,23,0.000000,0.000000,0.000000,38.864700,27.760500,0.000000
3120,2015,5,10,24,0.000000,0.000000,0.000000,38.793580,27.709700,0.000000
3121,2015,5,11,1,0.000000,0.000000,0.000000,41.913480,29.938200,0.000000
3122,2015,5,11,2,0.000000,0.000000,0.000000,44.959880,32.114200,0.000000
3123,2015,5,11,3,0.000000,0.000000,0.000000,48.987050,34.990750,0.000000
3124,2015,5,11,4,0.000000,0.000000,0.000000,50.272950,35.909250,0.000000
3125,2015,5,11,5,0.000000,0.000000,0.000000,51.002140,36.430100,0.000000
3126,2015,5,11,6,0.000000,0.000000,0.000000,38.159730,27.256950,0.000000
3127,2015,5,11,7,0.000000,0.000000,0.000000,42.698530,30.498950,0.000000
3128,2015,5,11,8,0.000000,0.000000,0.000000,53.144630,37.960450,0.000000
3129,2015,5,11,9,0.000000,0.000000,0.000000,63.602210,45.430150,0.000000
3130,2015,5,11,10,0.000000,0.000000,0.000000,68.394340,48.853100,0.000000
3131,2015,5,11,11,0.000000,0.000000,0.000000,69.758850,49.827750,0.000000
3132,2015,5,11,12,0.000000,0.000000,0.000000,69.909490,49.935350,0.000000
3133,2015,5,11,13,0.000000,0.000000,0.000000,69.942950,49.959250,0.000000
3134,2015,5,11,14,0.000000,0.000000,0.000000,69.908580,49.934700,0.000000
3135,2015,5,11,15,0.000000,0.000000,0.000000,56.820680,40.586200,0.000000
3136,2015,5,11,16,0.000000,0.000000,0.000000,40.976740,29.269100,0.000000
3137,2015,5,11,17,0.000000,0.000000,0.000000,26.770380,19.121700,0.000000
3138,2015,5,11,18,0.000000,0.000000,0.000000,25.392920,18.137800,0.000000
3139,2015,5,11,19,0.000000,0.000000,0.000000,17.687250,12.633750,0.000000
3140,2015,5,11,20,0.000000,0.000000,0.000000,10.076290,7.197350,0.000000
3141,2015,5,11,21,0.000000,0.000000,0.000000,6.564460,4.688900,0.000000
3142,2015,5,11,22,0.000000,0.000000,0.000000,5.636890,4.026350,0.000000
3143,2015,5,11,23,0.000000,0.000000,0.000000,8.747620,6.248300,0.000000
3144,2015,5,11,24,0.000000,0.000000,0.000000,15.938790,11.384850,0.000000
3145,2015,5,12,1,0.000000,0.000000,0.000000,18.467820,13.191300,0.000000
3146,2015,5,12,2,0.000000,0.000000,0.000000,28.326130,20.232950,0.000000
3147,2015,5,12,3,0.000000,0.000000,0.000000,36.382010,25.987150,0.000000
3148,2015,5,12,4,0.000000,0.000000,0.000000,46.337830,33.098450,0.000000
3149,2015,5,12,5,0.000000,0.000000,0.000000,58.418360,41.727400,0.000000
3150,2015,5,12,6,0.000000,0.000000,0.000000,52.932110,37.808650,0.000000
3151,2015,5,12,7,0.000000,0.000000,0.000000,41.178410,29.413150,0.000000
3152,2015,5,12,8,0.000000,0.000000,0.000000,35.595840,25.425600,0.000000
3153,2015,5,12,9,0.000000,0.000000,0.000000,63.038360,45.027400,0.000000
3154,2015,5,12,10,0.000000,0.000000,0.000000,56.432110,40.308650,0.000000
3155,2015,5,12,11,0.000000,0.000000,0.000000,55.031060,39.307900,0.000000
3156,2015,5,12,12,0.000000,0.000000,0.000000,54.125470,38.661050,0.000000
3157,2015,5,12,13,0.000000,0.000000,0.000000,59.165960,42.261400,0.000000
3158,2015,5,12,14,0.000000,0.000000,0.000000,53.143720,37.959800,0.000000
3159,2015,5,12,15,0.000000,0.000000,0.000000,55.894510,39.924650,0.000000
3160,2015,5,12,16,0.000000,0.000000,0.000000,54.791520,39.136800,0.000000
3161,2015,5,12,17,0.000000,0.000000,0.000000,52.103870,37.217050,0.000000
3162,2015,5,12,18,0.000000,0.000000,0.000000,62.130810,44.379150,0.000000
3163,2015,5,12,19,0.000000,0.000000,0.000000,51.370620,36.693300,0.000000
3164,2015,5,12,20,0.000000,0.000000,0.000000,65.349480,46.678200,0.000000
3165,2015,5,12,21,0.000000,0.000000,0.000000,51.955960,37.111400,0.000000
3166,2015,5,12,22,0.000000,0.000000,0.000000,54.291090,38.779350,0.000000
3167,2015,5,12,23,0.000000,0.000000,0.000000,58.085860,41.489900,0.000000
3168,2015,5,12,24,0.000000,0.000000,0.000000,50.487920,36.062800,0.000000
3169,2015,5,13,1,0.000000,0.000000,0.000000,50.855770,36.325550,0.000000
3170,2015,5,13,2,0.000000,0.000000,0.000000,46.913440,33.509600,0.000000
3171,2015,5,13,3,0.000000,0.000000,0.000000,46.295130,33.067950,0.000000
3172,2015,5,13,4,0.000000,0.000000,0.000000,48.849640,34.892600,0.000000
3173,2015,5,13,5,0.000000,0.000000,0.000000,50.235290,35.882350,0.000000
3174,2015,5,13,6,0.000000,0.000000,0.000000,51.817570,37.012550,0.000000
3175,2015,5,13,7,0.000000,0.000000,0.000000,57.041460,40.743900,0.000000
3176,2015,5,13,8,0.000000,0.000000,0.000000,63.136080,45.097200,0.000000
3177,2015,5,13,9,0.000000,0.000000,0.000000,66.639160,47.599400,0.000000
3178,2015,5,13,10,0.000000,0.000000,0.000000,68.928160,49.234400,0.000000
3179,2015,5,13,11,0.000000,0.000000,0.000000,67.891670,48.494050,0.000000
3180,2015,5,13,12,0.000000,0.000000,0.000000,66.147060,47.247900,0.000000
3181,2015,5,13,13,0.000000,0.000000,0.000000,65.894640,47.067600,0.000000
3182,2015,5,13,14,0.000000,0.000000,0.000000,64.675590,46.196850,0.000000
3183,2015,5,13,15,0.000000,0.000000,0.000000,64.076950,45.769250,0.000000
3184,2015,5,13,16,0.000000,0.000000,0.000000,60.998140,43.570100,0.000000
3185,2015,5,13,17,0.000000,0.000000,0.000000,54.459650,38.899750,0.000000
3186,2015,5,13,18,0.000000,0.000000,0.000000,49.662060,35.472900,0.000000
3187,2015,5,13,19,0.000000,0.000000,0.000000,40.953710,29.252650,0.000000
3188,2015,5,13,20,0.000000,0.000000,0.000000,35.650650,25.464750,0.000000
3189,2015,5,13,21,0.000000,0.000000,0.000000,35.839090,25.599350,0.000000
3190,2015,5,13,22,0.000000,0.000000,0.000000,32.966920,23.547800,0.000000
3191,2015,5,13,23,0.000000,0.000000,0.000000,28.713860,20.509900,0.000000
3192,2015,5,13,24,0.000000,0.000000,0.000000,18.117330,12.940950,0.000000
3193,2015,5,14,1,0.000000,0.000000,0.000000,18.311790,13.079850,0.000000
3194,2015,5,14,2,0.000000,0.000000,0.000000,17.912440,12.794600,0.000000
3195,2015,5,14,3,0.000000,0.000000,0.000000,15.537900,11.098500,0.000000
3196,2015,5,14,4,0.000000,0.000000,0.000000,14.353010,10.252150,0.000000
3197,2015,5,14,5,0.000000,0.000000,0.000000,11.793460,8.423900,0.000000
3198,2015,5,14,6,0.000000,0.000000,0.000000,9.898910,7.070650,0.000000
3199,2015,5,14,7,0.000000,0.000000,0.000000,13.816810,9.869150,0.000000
3200,2015,5,14,8,0.000000,0.000000,0.000000,10.867990,7.762850,0.000000
3201,2015,5,14,9,0.000000,0.000000,0.000000,10.629080,7.592200,0.000000
3202,2015,5,14,10,0.000000,0.000000,0.000000,10.330320,7.378800,0.000000
3203,2015,5,14,11,0.000000,0.000000,0.000000,10.350550,7.393250,0.000000
3204,2015,5,14,12,0.000000,0.000000,0.000000,10.699990,7.642850,0.000000
3205,2015,5,14,13,0.000000,0.000000,0.000000,10.376380,7.411700,0.000000
3206,2015,5,14,14,0.000000,0.000000,0.000000,10.474940,7.482100,0.000000
3207,2015,5,14,15,0.000000,0.000000,0.000000,10.636780,7.597700,0.000000
3208,2015,5,14,16,0.000000,0.000000,0.000000,8.064630,5.760450,0.000000
3209,2015,5,14,17,0.000000,0.000000,0.000000,7.088340,5.063100,0.000000
3210,2015,5,14,18,0.000000,0.000000,0.000000,7.938560,5.670400,0.000000
3211,2015,5,14,19,0.000000,0.000000,0.000000,11.486090,8.204350,0.000000
3212,2015,5,14,20,0.000000,0.000000,0.000000,14.444920,10.317800,0.000000
3213,2015,5,14,21,0.000000,0.000000,0.000000,16.256310,11.611650,0.000000
3214,2015,5,14,22,0.000000,0.000000,0.000000,15.032500,10.737500,0.000000
3215,2015,5,14,23,0.000000,0.000000,0.000000,11.618880,8.299200,0.000000
3216,2015,5,14,24,0.000000,0.000000,0.000000,11.658500,8.327500,0.000000
3217,2015,5,15,1,0.000000,0.000000,0.000000,10.855390,7.753850,0.000000
3218,2015,5,15,2,0.000000,0.000000,0.000000,8.863960,6.331400,0.000000
3219,2015,5,15,3,0.000000,0.000000,0.000000,8.590540,6.136100,0.000000
3220,2015,5,15,4,0.000000,0.000000,0.000000,6.086920,4.347800,0.000000
3221,2015,5,15,5,0.000000,0.000000,0.000000,4.576530,3.268950,0.000000
3222,2015,5,15,6,0.000000,0.000000,0.000000,2.071300,1.479500,0.000000
3223,2015,5,15,7,0.000000,0.000000,0.000000,1.485330,1.060950,0.000000
3224,2015,5,15,8,0.000000,0.000000,0.000000,0.958930,0.684950,0.000000
3225,2015,5,15,9,0.000000,0.000000,0.000000,0.439180,0.313700,0.000000
3226,2015,5,15,10,0.000000,0.000000,0.000000,0.000000,0.000000,0.000000
3227,2015,5,15,11,0.000000,0.000000,0.000000,0.479220,0.342300,0.000000
3228,2015,5,15,12,0.000000,0.000000,0.000000,2.157470,1.541050,0.000000
3229,2015,5,15,13,0.000000,0.000000,0.000000,4.427990,3.162850,0.000000
3230,2015,5,15,14,0.000000,0.000000,0.000000,4.185440,2.989600,0.000000
3231,2015,5,15,15,0.000000,0.000000,0.000000,5.443130,3.887950,0.000000
3232,2015,5,15,16,0.000000,0.000000,0.000000,5.952520,4.251800,0.000000
3233,2015,5,15,17,0.000000,0.000000,0.000000,7.360150,5.257250,0.000000
3234,2015,5,15,18,0.000000,0.000000,0.000000,8.032990,5.737850,0.000000
3235,2015,5,15,19,0.000000,0.000000,0.000000,7.960540,5.686100,0.000000
3236,2015,5,15,20,0.000000,0.000000,0.000000,6.530860,4.664900,0.000000
3237,2015,5,15,21,0.000000,0.000000,0.000000,7.202300,5.144500,0.000000
3238,2015,5,15,22,0.000000,0.000000,0.000000,6.175330,4.410950,0.000000
3239,2015,5,15,23,0.000000,0.000000,0.000000,1.906940,1.362100,0.000000
3240,2015,5,15,24,0.000000,0.000000,0.000000,0.000000,0.000000,0.000000
3241,2015,5,16,1,0.000000,0.000000,0.000000,0.000000,0.000000,0.000000
3242,2015,5,16,2,0.000000,0.000000,0.000000,0.000000,0.000000,0.000000
3243,2015,5,16,3,0.000000,0.000000,0.000000,0.000000,0.000000,0.000000
3244,2015,5,16,4,0.000000,0.000000,0.000000,0.000000,0.000000,0.000000
3245,2015,5,16,5,0.000000,0.000000,0.000000,0.000000,0.000000,0.000000
3246,2015,5,16,6,0.000000,0.000000,0.000000,0.000000,0.000000,0.000000
3247,2015,5,16,7,0.000000,0.000000,0.000000,0.000000,0.000000,0.000000
3248,2015,5,16,8,0.000000,0.000000,0.000000,0.000000,0.000000,0.000000
3249,2015,5,16,9,0.000000,0.000000,0.000000,0.000000,0.000000,0.000000
3250,2015,5,16,10,0.000000,0.000000,0.000000,1.249500,0.892500,0.000000
3251,2015,5,16,11,0.000000,0.000000,0.000000,1.535730,1.096950,0.000000
3252,2015,5,16,12,0.000000,0.000000,0.000000,1.650040,1.178600,0.000000
3253,2015,5,16,13,0.000000,0.000000,0.000000,2.233560,1.595400,0.000000
3254,2015,5,16,14,0.000000,0.000000,0.000000,3.239950,2.314250,0.000000
3255,2015,5,16,15,0.000000,0.000000,0.000000,5.371100,3.836500,0.000000
3256,2015,5,16,16,0.000000,0.000000,0.000000,6.397230,4.569450,0.000000
3257,2015,5,16,17,0.000000,0.000000,0.000000,6.085940,4.347100,0.000000
3258,2015,5,16,18,0.000000,0.000000,0.000000,4.965170,3.546550,0.000000
3259,2015,5,16,19,0.000000,0.000000,0.000000,5.363330,3.830950,0.000000
3260,2015,5,16,20,0.000000,0.000000,0.000000,3.551240,2.536600,0.000000
3261,2015,5,16,21,0.000000,0.000000,0.000000,4.330900,3.093500,0.000000
3262,2015,5,16,22,0.000000,0.000000,0.000000,4.064130,2.902950,0.000000
3263,2015,5,16,23,0.000000,0.000000,0.000000,0.928340,0.663100,0.000000
3264,2015,5,16,24,0.000000,0.000000,0.000000,0.000000,0.000000,0.000000
3265,2015,5,17,1,0.000000,0.000000,0.000000,0.000000,0.000000,0.000000
3266,2015,5,17,2,0.000000,0.000000,0.000000,0.000000,0.000000,0.000000
3267,2015,5,17,3,0.000000,0.000000,0.000000,0.000000,0.000000,0.000000
3268,2015,5,17,4,0.000000,0.000000,0.000000,3.043390,2.173850,0.000000
3269,2015,5,17,5,0.000000,0.000000,0.000000,7.421470,5.301050,0.000000
3270,2015,5,17,6,0.000000,0.000000,0.000000,7.938560,5.670400,0.000000
3271,2015,5,17,7,0.000000,0.000000,0.000000,12.223470,8.731050,0.000000
3272,2015,5,17,8,0.000000,0.000000,0.000000,10.008110,7.148650,0.000000
3273,2015,5,17,9,0.000000,0.000000,0.000000,10.992800,7.852000,0.000000
3274,2015,5,17,10,0.000000,0.000000,0.000000,11.144280,7.960200,0.000000
3275,2015,5,17,11,0.000000,0.000000,0.000000,9.317070,6.655050,0.000000
3276,2015,5,17,12,0.000000,0.000000,0.000000,9.902130,7.072950,0.000000
3277,2015,5,17,13,0.000000,0.000000,0.000000,10.783990,7.702850,0.000000
3278,2015,5,17,14,0.000000,0.000000,0.000000,11.457110,8.183650,0.000000
3279,2015,5,17,15,0.000000,0.000000,0.000000,12.086340,8.633100,0.000000
3280,2015,5,17,16,0.000000,0.000000,0.000000,8.693440,6.209600,0.000000
3281,2015,5,17,17,0.000000,0.000000,0.000000,7.448490,5.320350,0.000000
3282,2015,5,17,18,0.000000,0.000000,0.000000,6.537230,4.669450,0.000000
3283,2015,5,17,19,0.000000,0.000000,0.000000,6.397020,4.569300,0.000000
3284,2015,5,17,20,0.000000,0.000000,0.000000,7.314510,5.224650,0.000000
3285,2015,5,17,21,0.000000,0.000000,0.000000,6.113240,4.366600,0.000000
3286,2015,5,17,22,0.000000,0.000000,0.000000,5.320840,3.800600,0.000000
3287,2015,5,17,23,0.000000,0.000000,0.000000,0.622440,0.444600,0.000000
3288,2015,5,17,24,0.000000,0.000000,0.000000,0.000000,0.000000,0.000000
3289,2015,5,18,1,0.000000,0.000000,0.000000,0.000000,0.000000,0.000000
3290,2015,5,18,2,0.000000,0.000000,0.000000,0.000000,0.000000,0.000000
3291,2015,5,18,3,0.000000,0.000000,0.000000,0.000000,0.000000,0.000000
3292,2015,5,18,4,0.000000,0.000000,0.000000,0.000000,0.000000,0.000000
3293,2015,5,18,5,0.000000,0.000000,0.000000,0.000000,0.000000,0.000000
3294,2015,5,18,6,0.000000,0.000000,0.000000,0.000000,0.000000,0.000000
3295,2015,5,18,7,0.000000,0.000000,0.000000,0.000000,0.000000,0.000000
3296,2015,5,18,8,0.000000,0.000000,0.000000,0.000000,0.000000,0.000000
3297,2015,5,18,9,0.000000,0.000000,0.000000,2.060520,1.471800,0.000000
3298,2015,5,18,10,0.000000,0.000000,0.000000,3.610180,2.578700,0.000000
3299,2015,5,18,11,0.000000,0.000000,0.000000,5.777940,4.127100,0.000000
3300,2015,5,18,12,0.000000,0.000000,0.000000,6.783070,4.845050,0.000000
3301,2015,5,18,13,0.000000,0.000000,0.000000,9.644950,6.889250,0.000000
3302,2015,5,18,14,0.000000,0.000000,0.000000,12.437390,8.883850,0.000000
3303,2015,5,18,15,0.000000,0.000000,0.000000,16.349060,11.677900,0.000000
3304,2015,5,18,16,0.000000,0.000000,0.000000,17.258780,12.327700,0.000000
3305,2015,5,18,17,0.000000,0.000000,0.000000,14.310800,10.222000,0.000000
3306,2015,5,18,18,0.000000,0.000000,0.000000,13.174630,9.410450,0.000000
3307,2015,5,18,19,0.000000,0.000000,0.000000,13.271300,9.479500,0.000000
3308,2015,5,18,20,0.000000,0.000000,0.000000,14.153020,10.109300,0.000000
3309,2015,5,18,21,0.000000,0.000000,0.000000,17.605700,12.575500,0.000000
3310,2015,5,18,22,0.000000,0.000000,0.000000,9.002490,6.430350,0.000000
3311,2015,5,18,23,0.000000,0.000000,0.000000,3.470950,2.479250,0.000000
3312,2015,5,18,24,0.000000,0.000000,0.000000,4.050270,2.893050,0.000000
3313,2015,5,19,1,0.000000,0.000000,0.000000,4.377940,3.127100,0.000000
3314,2015,5,19,2,0.000000,0.000000,0.000000,4.422110,3.158650,0.000000
3315,2015,5,19,3,0.000000,0.000000,0.000000,2.926070,2.090050,0.000000
3316,2015,5,19,4,0.000000,0.000000,0.000000,2.950850,2.107750,0.000000
3317,2015,5,19,5,0.000000,0.000000,0.000000,2.334360,1.667400,0.000000
3318,2015,5,19,6,0.000000,0.000000,0.000000,2.431800,1.737000,0.000000
3319,2015,5,19,7,0.000000,0.000000,0.000000,1.249010,0.892150,0.000000
3320,2015,5,19,8,0.000000,0.000000,0.000000,0.718410,0.513150,0.000000
3321,2015,5,19,9,0.000000,0.000000,0.000000,1.881530,1.343950,0.000000
3322,2015,5,19,10,0.000000,0.000000,0.000000,2.797060,1.997900,0.000000
3323,2015,5,19,11,0.000000,0.000000,0.000000,4.011420,2.865300,0.000000
3324,2015,5,19,12,0.000000,0.000000,0.000000,4.844700,3.460500,0.000000
3325,2015,5,19,13,0.000000,0.000000,0.000000,8.764350,6.260250,0.000000
3326,2015,5,19,14,0.000000,0.000000,0.000000,11.018560,7.870400,0.000000
3327,2015,5,19,15,0.000000,0.000000,0.000000,13.828220,9.877300,0.000000
3328,2015,5,19,16,0.000000,0.000000,0.000000,14.234710,10.167650,0.000000
3329,2015,5,19,17,0.000000,0.000000,0.000000,15.116640,10.797600,0.000000
3330,2015,5,19,18,0.000000,0.000000,0.000000,9.572920,6.837800,0.000000
3331,2015,5,19,19,0.000000,0.000000,0.000000,9.293340,6.638100,0.000000
3332,2015,5,19,20,0.000000,0.000000,0.000000,8.802290,6.287350,0.000000
3333,2015,5,19,21,0.000000,0.000000,0.000000,8.349250,5.963750,0.000000
3334,2015,5,19,22,0.000000,0.000000,0.000000,6.474230,4.624450,0.000000
3335,2015,5,19,23,0.000000,0.000000,0.000000,1.697360,1.212400,0.000000
3336,2015,5,19,24,0.000000,0.000000,0.000000,0.665490,0.475350,0.000000
3337,2015,5,20,1,0.000000,0.000000,0.000000,2.066820,1.476300,0.000000
3338,2015,5,20,2,0.000000,0.000000,0.000000,0.576940,0.412100,0.000000
3339,2015,5,20,3,0.000000,0.000000,0.000000,0.644630,0.460450,0.000000
3340,2015,5,20,4,0.000000,0.000000,0.000000,0.607390,0.433850,0.000000
3341,2015,5,20,5,0.000000,0.000000,0.000000,0.000000,0.000000,0.000000
3342,2015,5,20,6,0.000000,0.000000,0.000000,0.000000,0.000000,0.000000
3343,2015,5,20,7,0.000000,0.000000,0.000000,0.000000,0.000000,0.000000
3344,2015,5,20,8,0.000000,0.000000,0.000000,0.000000,0.000000,0.000000
3345,2015,5,20,9,0.000000,0.000000,0.000000,0.000000,0.000000,0.000000
3346,2015,5,20,10,0.000000,0.000000,0.000000,0.000000,0.000000,0.000000
3347,2015,5,20,11,0.000000,0.000000,0.000000,0.482720,0.344800,0.000000
3348,2015,5,20,12,0.000000,0.000000,0.000000,0.673610,0.481150,0.000000
3349,2015,5,20,13,0.000000,0.000000,0.000000,0.514990,0.367850,0.000000
3350,2015,5,20,14,0.000000,0.000000,0.000000,0.513380,0.366700,0.000000
3351,2015,5,20,15,0.000000,0.000000,0.000000,0.427420,0.305300,0.000000
3352,2015,5,20,16,0.000000,0.000000,0.000000,0.000000,0.000000,0.000000
3353,2015,5,20,17,0.000000,0.000000,0.000000,0.000000,0.000000,0.000000
3354,2015,5,20,18,0.000000,0.000000,0.000000,0.000000,0.000000,0.000000
3355,2015,5,20,19,0.000000,0.000000,0.000000,0.000000,0.000000,0.000000
3356,2015,5,20,20,0.000000,0.000000,0.000000,1.195320,0.853800,0.000000
3357,2015,5,20,21,0.000000,0.000000,0.000000,1.113560,0.795400,0.000000
3358,2015,5,20,22,0.000000,0.000000,0.000000,0.000000,0.000000,0.000000
3359,2015,5,20,23,0.000000,0.000000,0.000000,0.737100,0.526500,0.000000
3360,2015,5,20,24,0.000000,0.000000,0.000000,0.000000,0.000000,0.000000
3361,2015,5,21,1,0.000000,0.000000,0.000000,0.000000,0.000000,0.000000
3362,2015,5,21,2,0.000000,0.000000,0.000000,0.000000,0.000000,0.000000
3363,2015,5,21,3,0.000000,0.000000,0.000000,0.000000,0.000000,0.000000
3364,2015,5,21,4,0.000000,0.000000,0.000000,0.678510,0.484650,0.000000
3365,2015,5,21,5,0.000000,0.000000,0.000000,3.064530,2.188950,0.000000
3366,2015,5,21,6,0.000000,0.000000,0.000000,4.674530,3.338950,0.000000
3367,2015,5,21,7,0.000000,0.000000,0.000000,4.329780,3.092700,0.000000
3368,2015,5,21,8,0.000000,0.000000,0.000000,2.945740,2.104100,0.000000
3369,2015,5,21,9,0.000000,0.000000,0.000000,5.079200,3.628000,0.000000
3370,2015,5,21,10,0.000000,0.000000,0.000000,2.779140,1.985100,0.000000
3371,2015,5,21,11,0.000000,0.000000,0.000000,1.833370,1.309550,0.000000
3372,2015,5,21,12,0.000000,0.000000,0.000000,1.392160,0.994400,0.000000
3373,2015,5,21,13,0.000000,0.000000,0.000000,3.077340,2.198100,0.000000
3374,2015,5,21,14,0.000000,0.000000,0.000000,4.569670,3.264050,0.000000
3375,2015,5,21,15,0.000000,0.000000,0.000000,4.168570,2.977550,0.000000
3376,2015,5,21,16,0.000000,0.000000,0.000000,3.157910,2.255650,0.000000
3377,2015,5,21,17,0.000000,0.000000,0.000000,0.820190,0.585850,0.000000
3378,2015,5,21,18,0.000000,0.000000,0.000000,2.706130,1.932950,0.000000
3379,2015,5,21,19,0.000000,0.000000,0.000000,3.880870,2.772050,0.000000
3380,2015,5,21,20,0.000000,0.000000,0.000000,2.218930,1.584950,0.000000
3381,2015,5,21,21,0.000000,0.000000,0.000000,3.490480,2.493200,0.000000
3382,2015,5,21,22,0.000000,0.000000,0.000000,3.107650,2.219750,0.000000
3383,2015,5,21,23,0.000000,0.000000,0.000000,0.768810,0.549150,0.000000
3384,2015,5,21,24,0.000000,0.000000,0.000000,0.000000,0.000000,0.000000
3385,2015,5,22,1,0.000000,0.000000,0.000000,0.644070,0.460050,0.000000
3386,2015,5,22,2,0.000000,0.000000,0.000000,2.203460,1.573900,0.000000
3387,2015,5,22,3,0.000000,0.000000,0.000000,4.467820,3.191300,0.000000
3388,2015,5,22,4,0.000000,0.000000,0.000000,4.532010,3.237150,0.000000
3389,2015,5,22,5,0.000000,0.000000,0.000000,4.336290,3.097350,0.000000
3390,2015,5,22,6,0.000000,0.000000,0.000000,0.643370,0.459550,0.000000
3391,2015,5,22,7,0.000000,0.000000,0.000000,0.529200,0.378000,0.000000
3392,2015,5,22,8,0.000000,0.000000,0.000000,0.000000,0.000000,0.000000
3393,2015,5,22,9,0.000000,0.000000,0.000000,0.000000,0.000000,0.000000
3394,2015,5,22,10,0.000000,0.000000,0.000000,1.186570,0.847550,0.000000
3395,2015,5,22,11,0.000000,0.000000,0.000000,3.459190,2.470850,0.000000
3396,2015,5,22,12,0.000000,0.000000,0.000000,2.775500,1.982500,0.000000
3397,2015,5,22,13,0.000000,0.000000,0.000000,2.666370,1.904550,0.000000
3398,2015,5,22,14,0.000000,0.000000,0.000000,3.610110,2.578650,0.000000
3399,2015,5,22,15,0.000000,0.000000,0.000000,5.151020,3.679300,0.000000
3400,2015,5,22,16,0.000000,0.000000,0.000000,3.570560,2.550400,0.000000
3401,2015,5,22,17,0.000000,0.000000,0.000000,2.913540,2.081100,0.000000
3402,2015,5,22,18,0.000000,0.000000,0.000000,2.649500,1.892500,0.000000
3403,2015,5,22,19,0.000000,0.000000,0.000000,2.458680,1.756200,0.000000
3404,2015,5,22,20,0.000000,0.000000,0.000000,2.279550,1.628250,0.000000
3405,2015,5,22,21,0.000000,0.000000,0.000000,3.619490,2.585350,0.000000
3406,2015,5,22,22,0.000000,0.000000,0.000000,3.401020,2.429300,0.000000
3407,2015,5,22,23,0.000000,0.000000,0.000000,0.000000,0.000000,0.000000
3408,2015,5,22,24,0.000000,0.000000,0.000000,0.000000,0.000000,0.000000
3409,2015,5,23,1,0.000000,0.000000,0.000000,0.682920,0.487800,0.000000
3410,2015,5,23,2,0.000000,0.000000,0.000000,0.000000,0.000000,0.000000
3411,2015,5,23,3,0.000000,0.000000,0.000000,0.000000,0.000000,0.000000
3412,2015,5,23,4,0.000000,0.000000,0.000000,1.191960,0.851400,0.000000
3413,2015,5,23,5,0.000000,0.000000,0.000000,3.587710,2.562650,0.000000
3414,2015,5,23,6,0.000000,0.000000,0.000000,5.061210,3.615150,0.000000
3415,2015,5,23,7,0.000000,0.000000,0.000000,9.210040,6.578600,0.000000
3416,2015,5,23,8,0.000000,0.000000,0.000000,9.787120,6.990800,0.000000
3417,2015,5,23,9,0.000000,0.000000,0.000000,13.020420,9.300300,0.000000
3418,2015,5,23,10,0.000000,0.000000,0.000000,14.963130,10.687950,0.000000
3419,2015,5,23,11,0.000000,0.000000,0.000000,20.007260,14.290900,0.000000
3420,2015,5,23,12,0.000000,0.000000,0.000000,20.689620,14.778300,0.000000
3421,2015,5,23,13,0.000000,0.000000,0.000000,22.197490,15.855350,0.000000
3422,2015,5,23,14,0.000000,0.000000,0.000000,25.372970,18.123550,0.000000
3423,2015,5,23,15,0.000000,0.000000,0.000000,29.216390,20.868850,0.000000
3424,2015,5,23,16,0.000000,0.000000,0.000000,33.189660,23.706900,0.000000
3425,2015,5,23,17,0.000000,0.000000,0.000000,36.371300,25.979500,0.000000
3426,2015,5,23,18,0.000000,0.000000,0.000000,35.289240,25.206600,0.000000
3427,2015,5,23,19,0.000000,0.000000,0.000000,32.657730,23.326950,0.000000
3428,2015,5,23,20,0.000000,0.000000,0.000000,26.522720,18.944800,0.000000
3429,2015,5,23,21,0.000000,0.000000,0.000000,17.895570,12.782550,0.000000
3430,2015,5,23,22,0.000000,0.000000,0.000000,10.397940,7.427100,0.000000
3431,2015,5,23,23,0.000000,0.000000,0.000000,1.921920,1.372800,0.000000
3432,2015,5,23,24,0.000000,0.000000,0.000000,0.000000,0.000000,0.000000
3433,2015,5,24,1,0.000000,0.000000,0.000000,0.000000,0.000000,0.000000
3434,2015,5,24,2,0.000000,0.000000,0.000000,0.000000,0.000000,0.000000
3435,2015,5,24,3,0.000000,0.000000,0.000000,0.000000,0.000000,0.000000
3436,2015,5,24,4,0.000000,0.000000,0.000000,2.787400,1.991000,0.000000
3437,2015,5,24,5,0.000000,0.000000,0.000000,5.543160,3.959400,0.000000
3438,2015,5,24,6,0.000000,0.000000,0.000000,11.272660,8.051900,0.000000
3439,2015,5,24,7,0.000000,0.000000,0.000000,24.286640,17.347600,0.000000
3440,2015,5,24,8,0.000000,0.000000,0.000000,24.735130,17.667950,0.000000
3441,2015,5,24,9,0.000000,0.000000,0.000000,27.883730,19.916950,0.000000
3442,2015,5,24,10,0.000000,0.000000,0.000000,30.798880,21.999200,0.000000
3443,2015,5,24,11,0.000000,0.000000,0.000000,32.845540,23.461100,0.000000
3444,2015,5,24,12,0.000000,0.000000,0.000000,28.328160,20.234400,0.000000
3445,2015,5,24,13,0.000000,0.000000,0.000000,22.650670,16.179050,0.000000
3446,2015,5,24,14,0.000000,0.000000,0.000000,21.487200,15.348000,0.000000
3447,2015,5,24,15,0.000000,0.000000,0.000000,20.163290,14.402350,0.000000
3448,2015,5,24,16,0.000000,0.000000,0.000000,16.992150,12.137250,0.000000
3449,2015,5,24,17,0.000000,0.000000,0.000000,12.917940,9.227100,0.000000
3450,2015,5,24,18,0.000000,0.000000,0.000000,6.368040,4.548600,0.000000
3451,2015,5,24,19,0.000000,0.000000,0.000000,4.536350,3.240250,0.000000
3452,2015,5,24,20,0.000000,0.000000,0.000000,5.399660,3.856900,0.000000
3453,2015,5,24,21,0.000000,0.000000,0.000000,6.737780,4.812700,0.000000
3454,2015,5,24,22,0.000000,0.000000,0.000000,13.234480,9.453200,0.000000
3455,2015,5,24,23,0.000000,0.000000,0.000000,12.028870,8.592050,0.000000
3456,2015,5,24,24,0.000000,0.000000,0.000000,11.306330,8.075950,0.000000
3457,2015,5,25,1,0.000000,0.000000,0.000000,8.395520,5.996800,0.000000
3458,2015,5,25,2,0.000000,0.000000,0.000000,3.736390,2.668850,0.000000
3459,2015,5,25,3,0.000000,0.000000,0.000000,1.356600,0.969000,0.000000
3460,2015,5,25,4,0.000000,0.000000,0.000000,2.127300,1.519500,0.000000
3461,2015,5,25,5,0.000000,0.000000,0.000000,2.432850,1.737750,0.000000
3462,2015,5,25,6,0.000000,0.000000,0.000000,7.456610,5.326150,0.000000
3463,2015,5,25,7,0.000000,0.000000,0.000000,13.852370,9.894550,0.000000
3464,2015,5,25,8,0.000000,0.000000,0.000000,18.964260,13.545900,0.000000
3465,2015,5,25,9,0.000000,0.000000,0.000000,21.318220,15.227300,0.000000
3466,2015,5,25,10,0.000000,0.000000,0.000000,20.350400,14.536000,0.000000
3467,2015,5,25,11,0.000000,0.000000,0.000000,17.076710,12.197650,0.000000
3468,2015,5,25,12,0.000000,0.000000,0.000000,13.425860,9.589900,0.000000
3469,2015,5,25,13,0.000000,0.000000,0.000000,11.005820,7.861300,0.000000
3470,2015,5,25,14,0.000000,0.000000,0.000000,6.969830,4.978450,0.000000
3471,2015,5,25,15,0.000000,0.000000,0.000000,2.664340,1.903100,0.000000
3472,2015,5,25,16,0.000000,0.000000,0.000000,0.926380,0.661700,0.000000
3473,2015,5,25,17,0.000000,0.000000,0.000000,0.000000,0.000000,0.000000
3474,2015,5,25,18,0.000000,0.000000,0.000000,0.468020,0.334300,0.000000
3475,2015,5,25,19,0.000000,0.000000,0.000000,1.764770,1.260550,0.000000
3476,2015,5,25,20,0.000000,0.000000,0.000000,3.142860,2.244900,0.000000
3477,2015,5,25,21,0.000000,0.000000,0.000000,4.016950,2.869250,0.000000
3478,2015,5,25,22,0.000000,0.000000,0.000000,2.255680,1.611200,0.000000
3479,2015,5,25,23,0.000000,0.000000,0.000000,3.143490,2.245350,0.000000
3480,2015,5,25,24,0.000000,0.000000,0.000000,5.666290,4.047350,0.000000
3481,2015,5,26,1,0.000000,0.000000,0.000000,6.783280,4.845200,0.000000
3482,2015,5,26,2,0.000000,0.000000,0.000000,11.146520,7.961800,0.000000
3483,2015,5,26,3,0.000000,0.000000,0.000000,7.576240,5.411600,0.000000
3484,2015,5,26,4,0.000000,0.000000,0.000000,4.855760,3.468400,0.000000
3485,2015,5,26,5,0.000000,0.000000,0.000000,4.585980,3.275700,0.000000
3486,2015,5,26,6,0.000000,0.000000,0.000000,9.801120,7.000800,0.000000
3487,2015,5,26,7,0.000000,0.000000,0.000000,19.886230,14.204450,0.000000
3488,2015,5,26,8,0.000000,0.000000,0.000000,47.629820,34.021300,0.000000
3489,2015,5,26,9,0.000000,0.000000,0.000000,60.428550,43.163250,0.000000
3490,2015,5,26,10,0.000000,0.000000,0.000000,68.340580,48.814700,0.000000
3491,2015,5,26,11,0.000000,0.000000,0.000000,65.150050,46.535750,0.000000
3492,2015,5,26,12,0.000000,0.000000,0.000000,57.551340,41.108100,0.000000
3493,2015,5,26,13,0.000000,0.000000,0.000000,57.956990,41.397850,0.000000
3494,2015,5,26,14,0.000000,0.000000,0.000000,57.496460,41.068900,0.000000
3495,2015,5,26,15,0.000000,0.000000,0.000000,54.013330,38.580950,0.000000
3496,2015,5,26,16,0.000000,0.000000,0.000000,53.211340,38.008100,0.000000
3497,2015,5,26,17,0.000000,0.000000,0.000000,48.683740,34.774100,0.000000
3498,2015,5,26,18,0.000000,0.000000,0.000000,50.753710,36.252650,0.000000
3499,2015,5,26,19,0.000000,0.000000,0.000000,48.951420,34.965300,0.000000
3500,2015,5,26,20,0.000000,0.000000,0.000000,45.694670,32.639050,0.000000
3501,2015,5,26,21,0.000000,0.000000,0.000000,43.664950,31.189250,0.000000
3502,2015,5,26,22,0.000000,0.000000,0.000000,35.126770,25.090550,0.000000
3503,2015,5,26,23,0.000000,0.000000,0.000000,39.070010,27.907150,0.000000
3504,2015,5,26,24,0.000000,0.000000,0.000000,40.110070,28.650050,0.000000
3505,2015,5,27,1,0.000000,0.000000,0.000000,34.948270,24.963050,0.000000
3506,2015,5,27,2,0.000000,0.000000,0.000000,33.834640,24.167600,0.000000
3507,2015,5,27,3,0.000000,0.000000,0.000000,33.377820,23.841300,0.000000
3508,2015,5,27,4,0.000000,0.000000,0.000000,34.233990,24.452850,0.000000
3509,2015,5,27,5,0.000000,0.000000,0.000000,33.208700,23.720500,0.000000
3510,2015,5,27,6,0.000000,0.000000,0.000000,23.335410,16.668150,0.000000
3511,2015,5,27,7,0.000000,0.000000,0.000000,30.615900,21.868500,0.000000
3512,2015,5,27,8,0.000000,0.000000,0.000000,37.195550,26.568250,0.000000
3513,2015,5,27,9,0.000000,0.000000,0.000000,38.342850,27.387750,0.000000
3514,2015,5,27,10,0.000000,0.000000,0.000000,42.419790,30.299850,0.000000
3515,2015,5,27,11,0.000000,0.000000,0.000000,40.713960,29.081400,0.000000
3516,2015,5,27,12,0.000000,0.000000,0.000000,41.526940,29.662100,0.000000
3517,2015,5,27,13,0.000000,0.000000,0.000000,40.885110,29.203650,0.000000
3518,2015,5,27,14,0.000000,0.000000,0.000000,43.036350,30.740250,0.000000
3519,2015,5,27,15,0.000000,0.000000,0.000000,47.027890,33.591350,0.000000
3520,2015,5,27,16,0.000000,0.000000,0.000000,45.562790,32.544850,0.000000
3521,2015,5,27,17,0.000000,0.000000,0.000000,42.557340,30.398100,0.000000
3522,2015,5,27,18,0.000000,0.000000,0.000000,39.594100,28.281500,0.000000
3523,2015,5,27,19,0.000000,0.000000,0.000000,37.555210,26.825150,0.000000
3524,2015,5,27,20,0.000000,0.000000,0.000000,38.571750,27.551250,0.000000
3525,2015,5,27,21,0.000000,0.000000,0.000000,37.025590,26.446850,0.000000
3526,2015,5,27,22,0.000000,0.000000,0.000000,35.563710,25.402650,0.000000
3527,2015,5,27,23,0.000000,0.000000,0.000000,28.922180,20.658700,0.000000
3528,2015,5,27,24,0.000000,0.000000,0.000000,19.257840,13.755600,0.000000
3529,2015,5,28,1,0.000000,0.000000,0.000000,14.091910,10.065650,0.000000
3530,2015,5,28,2,0.000000,0.000000,0.000000,9.376290,6.697350,0.000000
3531,2015,5,28,3,0.000000,0.000000,0.000000,7.112630,5.080450,0.000000
3532,2015,5,28,4,0.000000,0.000000,0.000000,4.896920,3.497800,0.000000
3533,2015,5,28,5,0.000000,0.000000,0.000000,4.581990,3.272850,0.000000
3534,2015,5,28,6,0.000000,0.000000,0.000000,5.855640,4.182600,0.000000
3535,2015,5,28,7,0.000000,0.000000,0.000000,6.854050,4.895750,0.000000
3536,2015,5,28,8,0.000000,0.000000,0.000000,7.891380,5.636700,0.000000
3537,2015,5,28,9,0.000000,0.000000,0.000000,9.674980,6.910700,0.000000
3538,2015,5,28,10,0.000000,0.000000,0.000000,10.113040,7.223600,0.000000
3539,2015,5,28,11,0.000000,0.000000,0.000000,12.111680,8.651200,0.000000
3540,2015,5,28,12,0.000000,0.000000,0.000000,12.553800,8.967000,0.000000
3541,2015,5,28,13,0.000000,0.000000,0.000000,15.746570,11.247550,0.000000
3542,2015,5,28,14,0.000000,0.000000,0.000000,16.472960,11.766400,0.000000
3543,2015,5,28,15,0.000000,0.000000,0.000000,16.990750,12.136250,0.000000
3544,2015,5,28,16,0.000000,0.000000,0.000000,17.990210,12.850150,0.000000
3545,2015,5,28,17,0.000000,0.000000,0.000000,15.151570,10.822550,0.000000
3546,2015,5,28,18,0.000000,0.000000,0.000000,12.305160,8.789400,0.000000
3547,2015,5,28,19,0.000000,0.000000,0.000000,9.476670,6.769050,0.000000
3548,2015,5,28,20,0.000000,0.000000,0.000000,6.977740,4.984100,0.000000
3549,2015,5,28,21,0.000000,0.000000,0.000000,6.212430,4.437450,0.000000
3550,2015,5,28,22,0.000000,0.000000,0.000000,11.077780,7.912700,0.000000
3551,2015,5,28,23,0.000000,0.000000,0.000000,15.399300,10.999500,0.000000
3552,2015,5,28,24,0.000000,0.000000,0.000000,11.599140,8.285100,0.000000
3553,2015,5,29,1,0.000000,0.000000,0.000000,6.315050,4.510750,0.000000
3554,2015,5,29,2,0.000000,0.000000,0.000000,6.552140,4.680100,0.000000
3555,2015,5,29,3,0.000000,0.000000,0.000000,5.193160,3.709400,0.000000
3556,2015,5,29,4,0.000000,0.000000,0.000000,7.680190,5.485850,0.000000
3557,2015,5,29,5,0.000000,0.000000,0.000000,7.115710,5.082650,0.000000
3558,2015,5,29,6,0.000000,0.000000,0.000000,11.865140,8.475100,0.000000
3559,2015,5,29,7,0.000000,0.000000,0.000000,15.516900,11.083500,0.000000
3560,2015,5,29,8,0.000000,0.000000,0.000000,18.160100,12.971500,0.000000
3561,2015,5,29,9,0.000000,0.000000,0.000000,20.305740,14.504100,0.000000
3562,2015,5,29,10,0.000000,0.000000,0.000000,17.423840,12.445600,0.000000
3563,2015,5,29,11,0.000000,0.000000,0.000000,13.328980,9.520700,0.000000
3564,2015,5,29,12,0.000000,0.000000,0.000000,19.182730,13.701950,0.000000
3565,2015,5,29,13,0.000000,0.000000,0.000000,24.123890,17.231350,0.000000
3566,2015,5,29,14,0.000000,0.000000,0.000000,33.197570,23.712550,0.000000
3567,2015,5,29,15,0.000000,0.000000,0.000000,30.461620,21.758300,0.000000
3568,2015,5,29,16,0.000000,0.000000,0.000000,27.105890,19.361350,0.000000
3569,2015,5,29,17,0.000000,0.000000,0.000000,29.007650,20.719750,0.000000
3570,2015,5,29,18,0.000000,0.000000,0.000000,26.807830,19.148450,0.000000
3571,2015,5,29,19,0.000000,0.000000,0.000000,25.799270,18.428050,0.000000
3572,2015,5,29,20,0.000000,0.000000,0.000000,24.051860,17.179900,0.000000
3573,2015,5,29,21,0.000000,0.000000,0.000000,21.223370,15.159550,0.000000
3574,2015,5,29,22,0.000000,0.000000,0.000000,20.058150,14.327250,0.000000
3575,2015,5,29,23,0.000000,0.000000,0.000000,15.708000,11.220000,0.000000
3576,2015,5,29,24,0.000000,0.000000,0.000000,10.033240,7.166600,0.000000
3577,2015,5,30,1,0.000000,0.000000,0.000000,3.251990,2.322850,0.000000
3578,2015,5,30,2,0.000000,0.000000,0.000000,2.991800,2.137000,0.000000
3579,2015,5,30,3,0.000000,0.000000,0.000000,2.747500,1.962500,0.000000
3580,2015,5,30,4,0.000000,0.000000,0.000000,0.721420,0.515300,0.000000
3581,2015,5,30,5,0.000000,0.000000,0.000000,2.021950,1.444250,0.000000
3582,2015,5,30,6,0.000000,0.000000,0.000000,3.906140,2.790100,0.000000
3583,2015,5,30,7,0.000000,0.000000,0.000000,4.174800,2.982000,0.000000
3584,2015,5,30,8,0.000000,0.000000,0.000000,4.105710,2.932650,0.000000
3585,2015,5,30,9,0.000000,0.000000,0.000000,3.420480,2.443200,0.000000
3586,2015,5,30,10,0.000000,0.000000,0.000000,1.968120,1.405800,0.000000
3587,2015,5,30,11,0.000000,0.000000,0.000000,4.016670,2.869050,0.000000
3588,2015,5,30,12,0.000000,0.000000,0.000000,3.370570,2.407550,0.000000
3589,2015,5,30,13,0.000000,0.000000,0.000000,2.988230,2.134450,0.000000
3590,2015,5,30,14,0.000000,0.000000,0.000000,1.145200,0.818000,0.000000
3591,2015,5,30,15,0.000000,0.000000,0.000000,0.000000,0.000000,0.000000
3592,2015,5,30,16,0.000000,0.000000,0.000000,0.000000,0.000000,0.000000
3593,2015,5,30,17,0.000000,0.000000,0.000000,0.532210,0.380150,0.000000
3594,2015,5,30,18,0.000000,0.000000,0.000000,5.727400,4.091000,0.000000
3595,2015,5,30,19,0.000000,0.000000,0.000000,35.376040,25.268600,0.000000
3596,2015,5,30,20,0.000000,0.000000,0.000000,56.018620,40.013300,0.000000
3597,2015,5,30,21,0.000000,0.000000,0.000000,64.970290,46.407350,0.000000
3598,2015,5,30,22,0.000000,0.000000,0.000000,68.841150,49.172250,0.000000
3599,2015,5,30,23,0.000000,0.000000,0.000000,68.142410,48.673150,0.000000
3600,2015,5,30,24,0.000000,0.000000,0.000000,69.024760,49.303400,0.000000
3601,2015,5,31,1,0.000000,0.000000,0.000000,69.770820,49.836300,0.000000
3602,2015,5,31,2,0.000000,0.000000,0.000000,69.562570,49.687550,0.000000
3603,2015,5,31,3,0.000000,0.000000,0.000000,69.406470,49.576050,0.000000
3604,2015,5,31,4,0.000000,0.000000,0.000000,69.230490,49.450350,0.000000
3605,2015,5,31,5,0.000000,0.000000,0.000000,69.482350,49.630250,0.000000
3606,2015,5,31,6,0.000000,0.000000,0.000000,69.357470,49.541050,0.000000
3607,2015,5,31,7,0.000000,0.000000,0.000000,69.114780,49.367700,0.000000
3608,2015,5,31,8,0.000000,0.000000,0.000000,68.645850,49.032750,0.000000
3609,2015,5,31,9,0.000000,0.000000,0.000000,67.763010,48.402150,0.000000
3610,2015,5,31,10,0.000000,0.000000,0.000000,65.319660,46.656900,0.000000
3611,2015,5,31,11,0.000000,0.000000,0.000000,62.489420,44.635300,0.000000
3612,2015,5,31,12,0.000000,0.000000,0.000000,56.809620,40.578300,0.000000
3613,2015,5,31,13,0.000000,0.000000,0.000000,46.583320,33.273800,0.000000
3614,2015,5,31,14,0.000000,0.000000,0.000000,37.633610,26.881150,0.000000
3615,2015,5,31,15,0.000000,0.000000,0.000000,30.132130,21.522950,0.000000
3616,2015,5,31,16,0.000000,0.000000,0.000000,31.819270,22.728050,0.000000
3617,2015,5,31,17,0.000000,0.000000,0.000000,31.226790,22.304850,0.000000
3618,2015,5,31,18,0.000000,0.000000,0.000000,31.361680,22.401200,0.000000
3619,2015,5,31,19,0.000000,0.000000,0.000000,32.268670,23.049050,0.000000
3620,2015,5,31,20,0.000000,0.000000,0.000000,25.164020,17.974300,0.000000
3621,2015,5,31,21,0.000000,0.000000,0.000000,17.813670,12.724050,0.000000
3622,2015,5,31,22,0.000000,0.000000,0.000000,12.114480,8.653200,0.000000
3623,2015,5,31,23,0.000000,0.000000,0.000000,10.125360,7.232400,0.000000
3624,2015,5,31,24,0.000000,0.000000,0.000000,11.932410,8.523150,0.000000
3625,2015,6,1,1,0.000000,0.000000,0.000000,10.577350,7.555250,0.000000
3626,2015,6,1,2,0.000000,0.000000,0.000000,9.984520,7.131800,0.000000
3627,2015,6,1,3,0.000000,0.000000,0.000000,8.315300,5.939500,0.000000
3628,2015,6,1,4,0.000000,0.000000,0.000000,7.883330,5.630950,0.000000
3629,2015,6,1,5,0.000000,0.000000,0.000000,7.636720,5.454800,0.000000
3630,2015,6,1,6,0.000000,0.000000,0.000000,5.681760,4.058400,0.000000
3631,2015,6,1,7,0.000000,0.000000,0.000000,5.734960,4.096400,0.000000
3632,2015,6,1,8,0.000000,0.000000,0.000000,2.640820,1.886300,0.000000
3633,2015,6,1,9,0.000000,0.000000,0.000000,1.207990,0.862850,0.000000
3634,2015,6,1,10,0.000000,0.000000,0.000000,0.789670,0.564050,0.000000
3635,2015,6,1,11,0.000000,0.000000,0.000000,2.410450,1.721750,0.000000
3636,2015,6,1,12,0.000000,0.000000,0.000000,3.430000,2.450000,0.000000
3637,2015,6,1,13,0.000000,0.000000,0.000000,2.863350,2.045250,0.000000
3638,2015,6,1,14,0.000000,0.000000,0.000000,3.987550,2.848250,0.000000
3639,2015,6,1,15,0.000000,0.000000,0.000000,3.686760,2.633400,0.000000
3640,2015,6,1,16,0.000000,0.000000,0.000000,1.925770,1.375550,0.000000
3641,2015,6,1,17,0.000000,0.000000,0.000000,2.894360,2.067400,0.000000
3642,2015,6,1,18,0.000000,0.000000,0.000000,3.380440,2.414600,0.000000
3643,2015,6,1,19,0.000000,0.000000,0.000000,1.873900,1.338500,0.000000
3644,2015,6,1,20,0.000000,0.000000,0.000000,2.719360,1.942400,0.000000
3645,2015,6,1,21,0.000000,0.000000,0.000000,5.068000,3.620000,0.000000
3646,2015,6,1,22,0.000000,0.000000,0.000000,7.186270,5.133050,0.000000
3647,2015,6,1,23,0.000000,0.000000,0.000000,3.530590,2.521850,0.000000
3648,2015,6,1,24,0.000000,0.000000,0.000000,1.740270,1.243050,0.000000
3649,2015,6,2,1,0.000000,0.000000,0.000000,2.289560,1.635400,0.000000
3650,2015,6,2,2,0.000000,0.000000,0.000000,1.894340,1.353100,0.000000
3651,2015,6,2,3,0.000000,0.000000,0.000000,0.474880,0.339200,0.000000
3652,2015,6,2,4,0.000000,0.000000,0.000000,0.000000,0.000000,0.000000
3653,2015,6,2,5,0.000000,0.000000,0.000000,0.000000,0.000000,0.000000
3654,2015,6,2,6,0.000000,0.000000,0.000000,0.000000,0.000000,0.000000
3655,2015,6,2,7,0.000000,0.000000,0.000000,1.047200,0.748000,0.000000
3656,2015,6,2,8,0.000000,0.000000,0.000000,3.539620,2.528300,0.000000
3657,2015,6,2,9,0.000000,0.000000,0.000000,6.675970,4.768550,0.000000
3658,2015,6,2,10,0.000000,0.000000,0.000000,13.288310,9.491650,0.000000
3659,2015,6,2,11,0.000000,0.000000,0.000000,15.532160,11.094400,0.000000
3660,2015,6,2,12,0.000000,0.000000,0.000000,14.023590,10.016850,0.000000
3661,2015,6,2,13,0.000000,0.000000,0.000000,15.347430,10.962450,0.000000
3662,2015,6,2,14,0.000000,0.000000,0.000000,18.216940,13.012100,0.000000
3663,2015,6,2,15,0.000000,0.000000,0.000000,22.267630,15.905450,0.000000
3664,2015,6,2,16,0.000000,0.000000,0.000000,17.358180,12.398700,0.000000
3665,2015,6,2,17,0.000000,0.000000,0.000000,17.549630,12.535450,0.000000
3666,2015,6,2,18,0.000000,0.000000,0.000000,17.384360,12.417400,0.000000
3667,2015,6,2,19,0.000000,0.000000,0.000000,17.564680,12.546200,0.000000
3668,2015,6,2,20,0.000000,0.000000,0.000000,20.330030,14.521450,0.000000
3669,2015,6,2,21,0.000000,0.000000,0.000000,21.266700,15.190500,0.000000
3670,2015,6,2,22,0.000000,0.000000,0.000000,12.943140,9.245100,0.000000
3671,2015,6,2,23,0.000000,0.000000,0.000000,2.496830,1.783450,0.000000
3672,2015,6,2,24,0.000000,0.000000,0.000000,4.798920,3.427800,0.000000
3673,2015,6,3,1,0.000000,0.000000,0.000000,3.300220,2.357300,0.000000
3674,2015,6,3,2,0.000000,0.000000,0.000000,2.295930,1.639950,0.000000
3675,2015,6,3,3,0.000000,0.000000,0.000000,1.080520,0.771800,0.000000
3676,2015,6,3,4,0.000000,0.000000,0.000000,0.583660,0.416900,0.000000
3677,2015,6,3,5,0.000000,0.000000,0.000000,0.518560,0.370400,0.000000
3678,2015,6,3,6,0.000000,0.000000,0.000000,0.572250,0.408750,0.000000
3679,2015,6,3,7,0.000000,0.000000,0.000000,0.723240,0.516600,0.000000
3680,2015,6,3,8,0.000000,0.000000,0.000000,0.720720,0.514800,0.000000
3681,2015,6,3,9,0.000000,0.000000,0.000000,1.194690,0.853350,0.000000
3682,2015,6,3,10,0.000000,0.000000,0.000000,1.551340,1.108100,0.000000
3683,2015,6,3,11,0.000000,0.000000,0.000000,0.706930,0.504950,0.000000
3684,2015,6,3,12,0.000000,0.000000,0.000000,0.775250,0.553750,0.000000
3685,2015,6,3,13,0.000000,0.000000,0.000000,0.763000,0.545000,0.000000
3686,2015,6,3,14,0.000000,0.000000,0.000000,1.295910,0.925650,0.000000
3687,2015,6,3,15,0.000000,0.000000,0.000000,1.179990,0.842850,0.000000
3688,2015,6,3,16,0.000000,0.000000,0.000000,1.778770,1.270550,0.000000
3689,2015,6,3,17,0.000000,0.000000,0.000000,2.406950,1.719250,0.000000
3690,2015,6,3,18,0.000000,0.000000,0.000000,2.256030,1.611450,0.000000
3691,2015,6,3,19,0.000000,0.000000,0.000000,1.870400,1.336000,0.000000
3692,2015,6,3,20,0.000000,0.000000,0.000000,2.842490,2.030350,0.000000
3693,2015,6,3,21,0.000000,0.000000,0.000000,3.406900,2.433500,0.000000
3694,2015,6,3,22,0.000000,0.000000,0.000000,1.211210,0.865150,0.000000
3695,2015,6,3,23,0.000000,0.000000,0.000000,0.000000,0.000000,0.000000
3696,2015,6,3,24,0.000000,0.000000,0.000000,0.000000,0.000000,0.000000
3697,2015,6,4,1,0.000000,0.000000,0.000000,0.000000,0.000000,0.000000
3698,2015,6,4,2,0.000000,0.000000,0.000000,0.000000,0.000000,0.000000
3699,2015,6,4,3,0.000000,0.000000,0.000000,0.000000,0.000000,0.000000
3700,2015,6,4,4,0.000000,0.000000,0.000000,2.051140,1.465100,0.000000
3701,2015,6,4,5,0.000000,0.000000,0.000000,3.803240,2.716600,0.000000
3702,2015,6,4,6,0.000000,0.000000,0.000000,4.399570,3.142550,0.000000
3703,2015,6,4,7,0.000000,0.000000,0.000000,5.682600,4.059000,0.000000
3704,2015,6,4,8,0.000000,0.000000,0.000000,1.953910,1.395650,0.000000
3705,2015,6,4,9,0.000000,0.000000,0.000000,2.812740,2.009100,0.000000
3706,2015,6,4,10,0.000000,0.000000,0.000000,2.751070,1.965050,0.000000
3707,2015,6,4,11,0.000000,0.000000,0.000000,2.470860,1.764900,0.000000
3708,2015,6,4,12,0.000000,0.000000,0.000000,2.795100,1.996500,0.000000
3709,2015,6,4,13,0.000000,0.000000,0.000000,5.962040,4.258600,0.000000
3710,2015,6,4,14,0.000000,0.000000,0.000000,6.491940,4.637100,0.000000
3711,2015,6,4,15,0.000000,0.000000,0.000000,5.399100,3.856500,0.000000
3712,2015,6,4,16,0.000000,0.000000,0.000000,3.246250,2.318750,0.000000
3713,2015,6,4,17,0.000000,0.000000,0.000000,4.056710,2.897650,0.000000
3714,2015,6,4,18,0.000000,0.000000,0.000000,3.174290,2.267350,0.000000
3715,2015,6,4,19,0.000000,0.000000,0.000000,3.611860,2.579900,0.000000
3716,2015,6,4,20,0.000000,0.000000,0.000000,4.110680,2.936200,0.000000
3717,2015,6,4,21,0.000000,0.000000,0.000000,4.470830,3.193450,0.000000
3718,2015,6,4,22,0.000000,0.000000,0.000000,4.371080,3.122200,0.000000
3719,2015,6,4,23,0.000000,0.000000,0.000000,0.000000,0.000000,0.000000
3720,2015,6,4,24,0.000000,0.000000,0.000000,0.000000,0.000000,0.000000
3721,2015,6,5,1,0.000000,0.000000,0.000000,0.000000,0.000000,0.000000
3722,2015,6,5,2,0.000000,0.000000,0.000000,0.000000,0.000000,0.000000
3723,2015,6,5,3,0.000000,0.000000,0.000000,0.000000,0.000000,0.000000
3724,2015,6,5,4,0.000000,0.000000,0.000000,0.000000,0.000000,0.000000
3725,2015,6,5,5,0.000000,0.000000,0.000000,0.000000,0.000000,0.000000
3726,2015,6,5,6,0.000000,0.000000,0.000000,0.000000,0.000000,0.000000
3727,2015,6,5,7,0.000000,0.000000,0.000000,1.044820,0.746300,0.000000
3728,2015,6,5,8,0.000000,0.000000,0.000000,0.520870,0.372050,0.000000
3729,2015,6,5,9,0.000000,0.000000,0.000000,0.000000,0.000000,0.000000
3730,2015,6,5,10,0.000000,0.000000,0.000000,0.541240,0.386600,0.000000
3731,2015,6,5,11,0.000000,0.000000,0.000000,1.157940,0.827100,0.000000
3732,2015,6,5,12,0.000000,0.000000,0.000000,3.496710,2.497650,0.000000
3733,2015,6,5,13,0.000000,0.000000,0.000000,6.506010,4.647150,0.000000
3734,2015,6,5,14,0.000000,0.000000,0.000000,6.766480,4.833200,0.000000
3735,2015,6,5,15,0.000000,0.000000,0.000000,7.676830,5.483450,0.000000
3736,2015,6,5,16,0.000000,0.000000,0.000000,7.890260,5.635900,0.000000
3737,2015,6,5,17,0.000000,0.000000,0.000000,8.447390,6.033850,0.000000
3738,2015,6,5,18,0.000000,0.000000,0.000000,8.969800,6.407000,0.000000
3739,2015,6,5,19,0.000000,0.000000,0.000000,10.280970,7.343550,0.000000
3740,2015,6,5,20,0.000000,0.000000,0.000000,11.537330,8.240950,0.000000
3741,2015,6,5,21,0.000000,0.000000,0.000000,10.983000,7.845000,0.000000
3742,2015,6,5,22,0.000000,0.000000,0.000000,9.644180,6.888700,0.000000
3743,2015,6,5,23,0.000000,0.000000,0.000000,8.110410,5.793150,0.000000
3744,2015,6,5,24,0.000000,0.000000,0.000000,5.409880,3.864200,0.000000
3745,2015,6,6,1,0.000000,0.000000,0.000000,5.540010,3.957150,0.000000
3746,2015,6,6,2,0.000000,0.000000,0.000000,6.792380,4.851700,0.000000
3747,2015,6,6,3,0.000000,0.000000,0.000000,7.699860,5.499900,0.000000
3748,2015,6,6,4,0.000000,0.000000,0.000000,7.365400,5.261000,0.000000
3749,2015,6,6,5,0.000000,0.000000,0.000000,7.264110,5.188650,0.000000
3750,2015,6,6,6,0.000000,0.000000,0.000000,10.219090,7.299350,0.000000
3751,2015,6,6,7,0.000000,0.000000,0.000000,12.031670,8.594050,0.000000
3752,2015,6,6,8,0.000000,0.000000,0.000000,13.539330,9.670950,0.000000
3753,2015,6,6,9,0.000000,0.000000,0.000000,13.891010,9.922150,0.000000
3754,2015,6,6,10,0.000000,0.000000,0.000000,25.444650,18.174750,0.000000
3755,2015,6,6,11,0.000000,0.000000,0.000000,38.125780,27.232700,0.000000
3756,2015,6,6,12,0.000000,0.000000,0.000000,43.937110,31.383650,0.000000
3757,2015,6,6,13,0.000000,0.000000,0.000000,46.012330,32.865950,0.000000
3758,2015,6,6,14,0.000000,0.000000,0.000000,43.872220,31.337300,0.000000
3759,2015,6,6,15,0.000000,0.000000,0.000000,46.083590,32.916850,0.000000
3760,2015,6,6,16,0.000000,0.000000,0.000000,50.259930,35.899950,0.000000
3761,2015,6,6,17,0.000000,0.000000,0.000000,53.120760,37.943400,0.000000
3762,2015,6,6,18,0.000000,0.000000,0.000000,50.217300,35.869500,0.000000
3763,2015,6,6,19,0.000000,0.000000,0.000000,40.516140,28.940100,0.000000
3764,2015,6,6,20,0.000000,0.000000,0.000000,30.384830,21.703450,0.000000
3765,2015,6,6,21,0.000000,0.000000,0.000000,26.578020,18.984300,0.000000
3766,2015,6,6,22,0.000000,0.000000,0.000000,20.257160,14.469400,0.000000
3767,2015,6,6,23,0.000000,0.000000,0.000000,25.941720,18.529800,0.000000
3768,2015,6,6,24,0.000000,0.000000,0.000000,29.509270,21.078050,0.000000
3769,2015,6,7,1,0.000000,0.000000,0.000000,25.602150,18.287250,0.000000
3770,2015,6,7,2,0.000000,0.000000,0.000000,24.896900,17.783500,0.000000
3771,2015,6,7,3,0.000000,0.000000,0.000000,25.977490,18.555350,0.000000
3772,2015,6,7,4,0.000000,0.000000,0.000000,25.087230,17.919450,0.000000
3773,2015,6,7,5,0.000000,0.000000,0.000000,26.095370,18.639550,0.000000
3774,2015,6,7,6,0.000000,0.000000,0.000000,15.898890,11.356350,0.000000
3775,2015,6,7,7,0.000000,0.000000,0.000000,14.708050,10.505750,0.000000
3776,2015,6,7,8,0.000000,0.000000,0.000000,14.279370,10.199550,0.000000
3777,2015,6,7,9,0.000000,0.000000,0.000000,10.389260,7.420900,0.000000
3778,2015,6,7,10,0.000000,0.000000,0.000000,10.423770,7.445550,0.000000
3779,2015,6,7,11,0.000000,0.000000,0.000000,7.255640,5.182600,0.000000
3780,2015,6,7,12,0.000000,0.000000,0.000000,3.286360,2.347400,0.000000
3781,2015,6,7,13,0.000000,0.000000,0.000000,1.970080,1.407200,0.000000
3782,2015,6,7,14,0.000000,0.000000,0.000000,3.434900,2.453500,0.000000
3783,2015,6,7,15,0.000000,0.000000,0.000000,3.593940,2.567100,0.000000
3784,2015,6,7,16,0.000000,0.000000,0.000000,2.550520,1.821800,0.000000
3785,2015,6,7,17,0.000000,0.000000,0.000000,3.057250,2.183750,0.000000
3786,2015,6,7,18,0.000000,0.000000,0.000000,2.774800,1.982000,0.000000
3787,2015,6,7,19,0.000000,0.000000,0.000000,3.275370,2.339550,0.000000
3788,2015,6,7,20,0.000000,0.000000,0.000000,2.725940,1.947100,0.000000
3789,2015,6,7,21,0.000000,0.000000,0.000000,3.837610,2.741150,0.000000
3790,2015,6,7,22,0.000000,0.000000,0.000000,5.984510,4.274650,0.000000
3791,2015,6,7,23,0.000000,0.000000,0.000000,0.000000,0.000000,0.000000
3792,2015,6,7,24,0.000000,0.000000,0.000000,0.000000,0.000000,0.000000
3793,2015,6,8,1,0.000000,0.000000,0.000000,0.000000,0.000000,0.000000
3794,2015,6,8,2,0.000000,0.000000,0.000000,0.000000,0.000000,0.000000
3795,2015,6,8,3,0.000000,0.000000,0.000000,0.000000,0.000000,0.000000
3796,2015,6,8,4,0.000000,0.000000,0.000000,0.000000,0.000000,0.000000
3797,2015,6,8,5,0.000000,0.000000,0.000000,0.000000,0.000000,0.000000
3798,2015,6,8,6,0.000000,0.000000,0.000000,0.000000,0.000000,0.000000
3799,2015,6,8,7,0.000000,0.000000,0.000000,0.000000,0.000000,0.000000
3800,2015,6,8,8,0.000000,0.000000,0.000000,0.000000,0.000000,0.000000
3801,2015,6,8,9,0.000000,0.000000,0.000000,1.666070,1.190050,0.000000
3802,2015,6,8,10,0.000000,0.000000,0.000000,3.620540,2.586100,0.000000
3803,2015,6,8,11,0.000000,0.000000,0.000000,6.201090,4.429350,0.000000
3804,2015,6,8,12,0.000000,0.000000,0.000000,5.329100,3.806500,0.000000
3805,2015,6,8,13,0.000000,0.000000,0.000000,6.965280,4.975200,0.000000
3806,2015,6,8,14,0.000000,0.000000,0.000000,10.388350,7.420250,0.000000
3807,2015,6,8,15,0.000000,0.000000,0.000000,11.213580,8.009700,0.000000
3808,2015,6,8,16,0.000000,0.000000,0.000000,13.382460,9.558900,0.000000
3809,2015,6,8,17,0.000000,0.000000,0.000000,13.803720,9.859800,0.000000
3810,2015,6,8,18,0.000000,0.000000,0.000000,16.639070,11.885050,0.000000
3811,2015,6,8,19,0.000000,0.000000,0.000000,19.121130,13.657950,0.000000
3812,2015,6,8,20,0.000000,0.000000,0.000000,19.968410,14.263150,0.000000
3813,2015,6,8,21,0.000000,0.000000,0.000000,24.701600,17.644000,0.000000
3814,2015,6,8,22,0.000000,0.000000,0.000000,13.892130,9.922950,0.000000
3815,2015,6,8,23,0.000000,0.000000,0.000000,10.317930,7.369950,0.000000
3816,2015,6,8,24,0.000000,0.000000,0.000000,13.081530,9.343950,0.000000
3817,2015,6,9,1,0.000000,0.000000,0.000000,18.251660,13.036900,0.000000
3818,2015,6,9,2,0.000000,0.000000,0.000000,27.444410,19.603150,0.000000
3819,2015,6,9,3,0.000000,0.000000,0.000000,29.520750,21.086250,0.000000
3820,2015,6,9,4,0.000000,0.000000,0.000000,28.005810,20.004150,0.000000
3821,2015,6,9,5,0.000000,0.000000,0.000000,22.619870,16.157050,0.000000
3822,2015,6,9,6,0.000000,0.000000,0.000000,12.716760,9.083400,0.000000
3823,2015,6,9,7,0.000000,0.000000,0.000000,15.198750,10.856250,0.000000
3824,2015,6,9,8,0.000000,0.000000,0.000000,20.810720,14.864800,0.000000
3825,2015,6,9,9,0.000000,0.000000,0.000000,29.679090,21.199350,0.000000
3826,2015,6,9,10,0.000000,0.000000,0.000000,37.124500,26.517500,0.000000
3827,2015,6,9,11,0.000000,0.000000,0.000000,45.604650,32.574750,0.000000
3828,2015,6,9,12,0.000000,0.000000,0.000000,52.132570,37.237550,0.000000
3829,2015,6,9,13,0.000000,0.000000,0.000000,54.615330,39.010950,0.000000
3830,2015,6,9,14,0.000000,0.000000,0.000000,57.735370,41.239550,0.000000
3831,2015,6,9,15,0.000000,0.000000,0.000000,63.131600,45.094000,0.000000
3832,2015,6,9,16,0.000000,0.000000,0.000000,66.167360,47.262400,0.000000
3833,2015,6,9,17,0.000000,0.000000,0.000000,68.181960,48.701400,0.000000
3834,2015,6,9,18,0.000000,0.000000,0.000000,68.323710,48.802650,0.000000
3835,2015,6,9,19,0.000000,0.000000,0.000000,69.283480,49.488200,0.000000
3836,2015,6,9,20,0.000000,0.000000,0.000000,69.883800,49.917000,0.000000
3837,2015,6,9,21,0.000000,0.000000,0.000000,69.897310,49.926650,0.000000
3838,2015,6,9,22,0.000000,0.000000,0.000000,69.446930,49.604950,0.000000
3839,2015,6,9,23,0.000000,0.000000,0.000000,69.511820,49.651300,0.000000
3840,2015,6,9,24,0.000000,0.000000,0.000000,69.944070,49.960050,0.000000
3841,2015,6,10,1,0.000000,0.000000,0.000000,69.912920,49.937800,0.000000
3842,2015,6,10,2,0.000000,0.000000,0.000000,68.467070,48.905050,0.000000
3843,2015,6,10,3,0.000000,0.000000,0.000000,68.926480,49.233200,0.000000
3844,2015,6,10,4,0.000000,0.000000,0.000000,67.808020,48.434300,0.000000
3845,2015,6,10,5,0.000000,0.000000,0.000000,67.027940,47.877100,0.000000
3846,2015,6,10,6,0.000000,0.000000,0.000000,69.199480,49.428200,0.000000
3847,2015,6,10,7,0.000000,0.000000,0.000000,66.873170,47.766550,0.000000
3848,2015,6,10,8,0.000000,0.000000,0.000000,67.512200,48.223000,0.000000
3849,2015,6,10,9,0.000000,0.000000,0.000000,67.154290,47.967350,0.000000
3850,2015,6,10,10,0.000000,0.000000,0.000000,67.825870,48.447050,0.000000
3851,2015,6,10,11,0.000000,0.000000,0.000000,69.469610,49.621150,0.000000
3852,2015,6,10,12,0.000000,0.000000,0.000000,68.199040,48.713600,0.000000
3853,2015,6,10,13,0.000000,0.000000,0.000000,68.072340,48.623100,0.000000
3854,2015,6,10,14,0.000000,0.000000,0.000000,62.824300,44.874500,0.000000
3855,2015,6,10,15,0.000000,0.000000,0.000000,68.211010,48.722150,0.000000
3856,2015,6,10,16,0.000000,0.000000,0.000000,65.823660,47.016900,0.000000
3857,2015,6,10,17,0.000000,0.000000,0.000000,64.443260,46.030900,0.000000
3858,2015,6,10,18,0.000000,0.000000,0.000000,62.531910,44.665650,0.000000
3859,2015,6,10,19,0.000000,0.000000,0.000000,59.241770,42.315550,0.000000
3860,2015,6,10,20,0.000000,0.000000,0.000000,53.719960,38.371400,0.000000
3861,2015,6,10,21,0.000000,0.000000,0.000000,56.524300,40.374500,0.000000
3862,2015,6,10,22,0.000000,0.000000,0.000000,51.224670,36.589050,0.000000
3863,2015,6,10,23,0.000000,0.000000,0.000000,55.998670,39.999050,0.000000
3864,2015,6,10,24,0.000000,0.000000,0.000000,56.452900,40.323500,0.000000
3865,2015,6,11,1,0.000000,0.000000,0.000000,51.733150,36.952250,0.000000
3866,2015,6,11,2,0.000000,0.000000,0.000000,56.190680,40.136200,0.000000
3867,2015,6,11,3,0.000000,0.000000,0.000000,60.141830,42.958450,0.000000
3868,2015,6,11,4,0.000000,0.000000,0.000000,51.600150,36.857250,0.000000
3869,2015,6,11,5,0.000000,0.000000,0.000000,50.753780,36.252700,0.000000
3870,2015,6,11,6,0.000000,0.000000,0.000000,46.600050,33.285750,0.000000
3871,2015,6,11,7,0.000000,0.000000,0.000000,50.646050,36.175750,0.000000
3872,2015,6,11,8,0.000000,0.000000,0.000000,61.564020,43.974300,0.000000
3873,2015,6,11,9,0.000000,0.000000,0.000000,65.822960,47.016400,0.000000
3874,2015,6,11,10,0.000000,0.000000,0.000000,62.280190,44.485850,0.000000
3875,2015,6,11,11,0.000000,0.000000,0.000000,65.200940,46.572100,0.000000
3876,2015,6,11,12,0.000000,0.000000,0.000000,66.363430,47.402450,0.000000
3877,2015,6,11,13,0.000000,0.000000,0.000000,66.495800,47.497000,0.000000
3878,2015,6,11,14,0.000000,0.000000,0.000000,65.238250,46.598750,0.000000
3879,2015,6,11,15,0.000000,0.000000,0.000000,62.063680,44.331200,0.000000
3880,2015,6,11,16,0.000000,0.000000,0.000000,62.025110,44.303650,0.000000
3881,2015,6,11,17,0.000000,0.000000,0.000000,64.248800,45.892000,0.000000
3882,2015,6,11,18,0.000000,0.000000,0.000000,65.185750,46.561250,0.000000
3883,2015,6,11,19,0.000000,0.000000,0.000000,66.305610,47.361150,0.000000
3884,2015,6,11,20,0.000000,0.000000,0.000000,63.154770,45.110550,0.000000
3885,2015,6,11,21,0.000000,0.000000,0.000000,62.956600,44.969000,0.000000
3886,2015,6,11,22,0.000000,0.000000,0.000000,63.873460,45.623900,0.000000
3887,2015,6,11,23,0.000000,0.000000,0.000000,65.347030,46.676450,0.000000
3888,2015,6,11,24,0.000000,0.000000,0.000000,66.175830,47.268450,0.000000
3889,2015,6,12,1,0.000000,0.000000,0.000000,64.912890,46.366350,0.000000
3890,2015,6,12,2,0.000000,0.000000,0.000000,58.021040,41.443600,0.000000
3891,2015,6,12,3,0.000000,0.000000,0.000000,52.340680,37.386200,0.000000
3892,2015,6,12,4,0.000000,0.000000,0.000000,51.795660,36.996900,0.000000
3893,2015,6,12,5,0.000000,0.000000,0.000000,64.151710,45.822650,0.000000
3894,2015,6,12,6,0.000000,0.000000,0.000000,54.712700,39.080500,0.000000
3895,2015,6,12,7,0.000000,0.000000,0.000000,47.155850,33.682750,0.000000
3896,2015,6,12,8,0.000000,0.000000,0.000000,44.341010,31.672150,0.000000
3897,2015,6,12,9,0.000000,0.000000,0.000000,42.955780,30.682700,0.000000
3898,2015,6,12,10,0.000000,0.000000,0.000000,49.225960,35.161400,0.000000
3899,2015,6,12,11,0.000000,0.000000,0.000000,54.325320,38.803800,0.000000
3900,2015,6,12,12,0.000000,0.000000,0.000000,46.777780,33.412700,0.000000
3901,2015,6,12,13,0.000000,0.000000,0.000000,45.275790,32.339850,0.000000
3902,2015,6,12,14,0.000000,0.000000,0.000000,45.165750,32.261250,0.000000
3903,2015,6,12,15,0.000000,0.000000,0.000000,41.710200,29.793000,0.000000
3904,2015,6,12,16,0.000000,0.000000,0.000000,43.186920,30.847800,0.000000
3905,2015,6,12,17,0.000000,0.000000,0.000000,50.142120,35.815800,0.000000
3906,2015,6,12,18,0.000000,0.000000,0.000000,42.448350,30.320250,0.000000
3907,2015,6,12,19,0.000000,0.000000,0.000000,50.081430,35.772450,0.000000
3908,2015,6,12,20,0.000000,0.000000,0.000000,41.233080,29.452200,0.000000
3909,2015,6,12,21,0.000000,0.000000,0.000000,42.760690,30.543350,0.000000
3910,2015,6,12,22,0.000000,0.000000,0.000000,47.044620,33.603300,0.000000
3911,2015,6,12,23,0.000000,0.000000,0.000000,63.166810,45.119150,0.000000
3912,2015,6,12,24,0.000000,0.000000,0.000000,53.637780,38.312700,0.000000
3913,2015,6,13,1,0.000000,0.000000,0.000000,47.597410,33.998150,0.000000
3914,2015,6,13,2,0.000000,0.000000,0.000000,40.683440,29.059600,0.000000
3915,2015,6,13,3,0.000000,0.000000,0.000000,29.371440,20.979600,0.000000
3916,2015,6,13,4,0.000000,0.000000,0.000000,24.151120,17.250800,0.000000
3917,2015,6,13,5,0.000000,0.000000,0.000000,18.811590,13.436850,0.000000
3918,2015,6,13,6,0.000000,0.000000,0.000000,9.201290,6.572350,0.000000
3919,2015,6,13,7,0.000000,0.000000,0.000000,6.990130,4.992950,0.000000
3920,2015,6,13,8,0.000000,0.000000,0.000000,7.990150,5.707250,0.000000
3921,2015,6,13,9,0.000000,0.000000,0.000000,10.818780,7.727700,0.000000
3922,2015,6,13,10,0.000000,0.000000,0.000000,18.597950,13.284250,0.000000
3923,2015,6,13,11,0.000000,0.000000,0.000000,18.046000,12.890000,0.000000
3924,2015,6,13,12,0.000000,0.000000,0.000000,16.837240,12.026600,0.000000
3925,2015,6,13,13,0.000000,0.000000,0.000000,18.635190,13.310850,0.000000
3926,2015,6,13,14,0.000000,0.000000,0.000000,18.664800,13.332000,0.000000
3927,2015,6,13,15,0.000000,0.000000,0.000000,17.672690,12.623350,0.000000
3928,2015,6,13,16,0.000000,0.000000,0.000000,19.481420,13.915300,0.000000
3929,2015,6,13,17,0.000000,0.000000,0.000000,20.605830,14.718450,0.000000
3930,2015,6,13,18,0.000000,0.000000,0.000000,19.225780,13.732700,0.000000
3931,2015,6,13,19,0.000000,0.000000,0.000000,17.909290,12.792350,0.000000
3932,2015,6,13,20,0.000000,0.000000,0.000000,18.251730,13.036950,0.000000
3933,2015,6,13,21,0.000000,0.000000,0.000000,18.025420,12.875300,0.000000
3934,2015,6,13,22,0.000000,0.000000,0.000000,15.650320,11.178800,0.000000
3935,2015,6,13,23,0.000000,0.000000,0.000000,7.933660,5.666900,0.000000
3936,2015,6,13,24,0.000000,0.000000,0.000000,10.890810,7.779150,0.000000
3937,2015,6,14,1,0.000000,0.000000,0.000000,9.387910,6.705650,0.000000
3938,2015,6,14,2,0.000000,0.000000,0.000000,8.762810,6.259150,0.000000
3939,2015,6,14,3,0.000000,0.000000,0.000000,7.268170,5.191550,0.000000
3940,2015,6,14,4,0.000000,0.000000,0.000000,6.869940,4.907100,0.000000
3941,2015,6,14,5,0.000000,0.000000,0.000000,6.361880,4.544200,0.000000
3942,2015,6,14,6,0.000000,0.000000,0.000000,5.458390,3.898850,0.000000
3943,2015,6,14,7,0.000000,0.000000,0.000000,7.168000,5.120000,0.000000
3944,2015,6,14,8,0.000000,0.000000,0.000000,9.144030,6.531450,0.000000
3945,2015,6,14,9,0.000000,0.000000,0.000000,11.570930,8.264950,0.000000
3946,2015,6,14,10,0.000000,0.000000,0.000000,13.409830,9.578450,0.000000
3947,2015,6,14,11,0.000000,0.000000,0.000000,13.190800,9.422000,0.000000
3948,2015,6,14,12,0.000000,0.000000,0.000000,14.014980,10.010700,0.000000
3949,2015,6,14,13,0.000000,0.000000,0.000000,18.980080,13.557200,0.000000
3950,2015,6,14,14,0.000000,0.000000,0.000000,20.582450,14.701750,0.000000
3951,2015,6,14,15,0.000000,0.000000,0.000000,18.853380,13.466700,0.000000
3952,2015,6,14,16,0.000000,0.000000,0.000000,17.462340,12.473100,0.000000
3953,2015,6,14,17,0.000000,0.000000,0.000000,20.243090,14.459350,0.000000
3954,2015,6,14,18,0.000000,0.000000,0.000000,11.273080,8.052200,0.000000
3955,2015,6,14,19,0.000000,0.000000,0.000000,8.492400,6.066000,0.000000
3956,2015,6,14,20,0.000000,0.000000,0.000000,8.283520,5.916800,0.000000
3957,2015,6,14,21,0.000000,0.000000,0.000000,7.443590,5.316850,0.000000
3958,2015,6,14,22,0.000000,0.000000,0.000000,6.885060,4.917900,0.000000
3959,2015,6,14,23,0.000000,0.000000,0.000000,2.268210,1.620150,0.000000
3960,2015,6,14,24,0.000000,0.000000,0.000000,0.000000,0.000000,0.000000
3961,2015,6,15,1,0.000000,0.000000,0.000000,0.000000,0.000000,0.000000
3962,2015,6,15,2,0.000000,0.000000,0.000000,0.000000,0.000000,0.000000
3963,2015,6,15,3,0.000000,0.000000,0.000000,0.000000,0.000000,0.000000
3964,2015,6,15,4,0.000000,0.000000,0.000000,0.000000,0.000000,0.000000
3965,2015,6,15,5,0.000000,0.000000,0.000000,0.000000,0.000000,0.000000
3966,2015,6,15,6,0.000000,0.000000,0.000000,0.000000,0.000000,0.000000
3967,2015,6,15,7,0.000000,0.000000,0.000000,0.000000,0.000000,0.000000
3968,2015,6,15,8,0.000000,0.000000,0.000000,0.417270,0.298050,0.000000
3969,2015,6,15,9,0.000000,0.000000,0.000000,3.772090,2.694350,0.000000
3970,2015,6,15,10,0.000000,0.000000,0.000000,5.765970,4.118550,0.000000
3971,2015,6,15,11,0.000000,0.000000,0.000000,10.959690,7.828350,0.000000
3972,2015,6,15,12,0.000000,0.000000,0.000000,13.294610,9.496150,0.000000
3973,2015,6,15,13,0.000000,0.000000,0.000000,19.957140,14.255100,0.000000
3974,2015,6,15,14,0.000000,0.000000,0.000000,13.912990,9.937850,0.000000
3975,2015,6,15,15,0.000000,0.000000,0.000000,15.865010,11.332150,0.000000
3976,2015,6,15,16,0.000000,0.000000,0.000000,16.264990,11.617850,0.000000
3977,2015,6,15,17,0.000000,0.000000,0.000000,19.544700,13.960500,0.000000
3978,2015,6,15,18,0.000000,0.000000,0.000000,23.189880,16.564200,0.000000
3979,2015,6,15,19,0.000000,0.000000,0.000000,23.359070,16.685050,0.000000
3980,2015,6,15,20,0.000000,0.000000,0.000000,24.138310,17.241650,0.000000
3981,2015,6,15,21,0.000000,0.000000,0.000000,28.309680,20.221200,0.000000
3982,2015,6,15,22,0.000000,0.000000,0.000000,23.172520,16.551800,0.000000
3983,2015,6,15,23,0.000000,0.000000,0.000000,11.033680,7.881200,0.000000
3984,2015,6,15,24,0.000000,0.000000,0.000000,13.920830,9.943450,0.000000
3985,2015,6,16,1,0.000000,0.000000,0.000000,13.765710,9.832650,0.000000
3986,2015,6,16,2,0.000000,0.000000,0.000000,15.428420,11.020300,0.000000
3987,2015,6,16,3,0.000000,0.000000,0.000000,12.952310,9.251650,0.000000
3988,2015,6,16,4,0.000000,0.000000,0.000000,8.491490,6.065350,0.000000
3989,2015,6,16,5,0.000000,0.000000,0.000000,3.760260,2.685900,0.000000
3990,2015,6,16,6,0.000000,0.000000,0.000000,0.609420,0.435300,0.000000
3991,2015,6,16,7,0.000000,0.000000,0.000000,0.000000,0.000000,0.000000
3992,2015,6,16,8,0.000000,0.000000,0.000000,1.206100,0.861500,0.000000
3993,2015,6,16,9,0.000000,0.000000,0.000000,7.682220,5.487300,0.000000
3994,2015,6,16,10,0.000000,0.000000,0.000000,7.157640,5.112600,0.000000
3995,2015,6,16,11,0.000000,0.000000,0.000000,10.673810,7.624150,0.000000
3996,2015,6,16,12,0.000000,0.000000,0.000000,14.153090,10.109350,0.000000
3997,2015,6,16,13,0.000000,0.000000,0.000000,14.453390,10.323850,0.000000
3998,2015,6,16,14,0.000000,0.000000,0.000000,14.902370,10.644550,0.000000
3999,2015,6,16,15,0.000000,0.000000,0.000000,17.360140,12.400100,0.000000
4000,2015,6,16,16,0.000000,0.000000,0.000000,19.685680,14.061200,0.000000
4001,2015,6,16,17,0.000000,0.000000,0.000000,21.829570,15.592550,0.000000
4002,2015,6,16,18,0.000000,0.000000,0.000000,23.821490,17.015350,0.000000
4003,2015,6,16,19,0.000000,0.000000,0.000000,22.457820,16.041300,0.000000
4004,2015,6,16,20,0.000000,0.000000,0.000000,19.205620,13.718300,0.000000
4005,2015,6,16,21,0.000000,0.000000,0.000000,20.649230,14.749450,0.000000
4006,2015,6,16,22,0.000000,0.000000,0.000000,21.109200,15.078000,0.000000
4007,2015,6,16,23,0.000000,0.000000,0.000000,15.967000,11.405000,0.000000
4008,2015,6,16,24,0.000000,0.000000,0.000000,30.754360,21.967400,0.000000
4009,2015,6,17,1,0.000000,0.000000,0.000000,28.970480,20.693200,0.000000
4010,2015,6,17,2,0.000000,0.000000,0.000000,31.865190,22.760850,0.000000
4011,2015,6,17,3,0.000000,0.000000,0.000000,34.307210,24.505150,0.000000
4012,2015,6,17,4,0.000000,0.000000,0.000000,37.152430,26.537450,0.000000
4013,2015,6,17,5,0.000000,0.000000,0.000000,45.665620,32.618300,0.000000
4014,2015,6,17,6,0.000000,0.000000,0.000000,49.243040,35.173600,0.000000
4015,2015,6,17,7,0.000000,0.000000,0.000000,53.676070,38.340050,0.000000
4016,2015,6,17,8,0.000000,0.000000,0.000000,60.195590,42.996850,0.000000
4017,2015,6,17,9,0.000000,0.000000,0.000000,65.515660,46.796900,0.000000
4018,2015,6,17,10,0.000000,0.000000,0.000000,69.090070,49.350050,0.000000
4019,2015,6,17,11,0.000000,0.000000,0.000000,69.920130,49.942950,0.000000
4020,2015,6,17,12,0.000000,0.000000,0.000000,69.923070,49.945050,0.000000
4021,2015,6,17,13,0.000000,0.000000,0.000000,69.962480,49.973200,0.000000
4022,2015,6,17,14,0.000000,0.000000,0.000000,69.981940,49.987100,0.000000
4023,2015,6,17,15,0.000000,0.000000,0.000000,69.988380,49.991700,0.000000
4024,2015,6,17,16,0.000000,0.000000,0.000000,69.971650,49.979750,0.000000
4025,2015,6,17,17,0.000000,0.000000,0.000000,69.985860,49.989900,0.000000
4026,2015,6,17,18,0.000000,0.000000,0.000000,69.997760,49.998400,0.000000
4027,2015,6,17,19,0.000000,0.000000,0.000000,69.998110,49.998650,0.000000
4028,2015,6,17,20,0.000000,0.000000,0.000000,69.993070,49.995050,0.000000
4029,2015,6,17,21,0.000000,0.000000,0.000000,69.586090,49.704350,0.000000
4030,2015,6,17,22,0.000000,0.000000,0.000000,69.262340,49.473100,0.000000
4031,2015,6,17,23,0.000000,0.000000,0.000000,69.322540,49.516100,0.000000
4032,2015,6,17,24,0.000000,0.000000,0.000000,68.667200,49.048000,0.000000
4033,2015,6,18,1,0.000000,0.000000,0.000000,68.048120,48.605800,0.000000
4034,2015,6,18,2,0.000000,0.000000,0.000000,67.928000,48.520000,0.000000
4035,2015,6,18,3,0.000000,0.000000,0.000000,69.885690,49.918350,0.000000
4036,2015,6,18,4,0.000000,0.000000,0.000000,60.832380,43.451700,0.000000
4037,2015,6,18,5,0.000000,0.000000,0.000000,49.707630,35.505450,0.000000
4038,2015,6,18,6,0.000000,0.000000,0.000000,40.131280,28.665200,0.000000
4039,2015,6,18,7,0.000000,0.000000,0.000000,55.658540,39.756100,0.000000
4040,2015,6,18,8,0.000000,0.000000,0.000000,66.982370,47.844550,0.000000
4041,2015,6,18,9,0.000000,0.000000,0.000000,68.187070,48.705050,0.000000
4042,2015,6,18,10,0.000000,0.000000,0.000000,65.465260,46.760900,0.000000
4043,2015,6,18,11,0.000000,0.000000,0.000000,63.870870,45.622050,0.000000
4044,2015,6,18,12,0.000000,0.000000,0.000000,61.428080,43.877200,0.000000
4045,2015,6,18,13,0.000000,0.000000,0.000000,63.064330,45.045950,0.000000
4046,2015,6,18,14,0.000000,0.000000,0.000000,64.807470,46.291050,0.000000
4047,2015,6,18,15,0.000000,0.000000,0.000000,62.011810,44.294150,0.000000
4048,2015,6,18,16,0.000000,0.000000,0.000000,62.694940,44.782100,0.000000
4049,2015,6,18,17,0.000000,0.000000,0.000000,63.262850,45.187750,0.000000
4050,2015,6,18,18,0.000000,0.000000,0.000000,64.455160,46.039400,0.000000
4051,2015,6,18,19,0.000000,0.000000,0.000000,67.249700,48.035500,0.000000
4052,2015,6,18,20,0.000000,0.000000,0.000000,65.351580,46.679700,0.000000
4053,2015,6,18,21,0.000000,0.000000,0.000000,66.208030,47.291450,0.000000
4054,2015,6,18,22,0.000000,0.000000,0.000000,64.837430,46.312450,0.000000
4055,2015,6,18,23,0.000000,0.000000,0.000000,67.282950,48.059250,0.000000
4056,2015,6,18,24,0.000000,0.000000,0.000000,68.823510,49.159650,0.000000
4057,2015,6,19,1,0.000000,0.000000,0.000000,68.615120,49.010800,0.000000
4058,2015,6,19,2,0.000000,0.000000,0.000000,69.091120,49.350800,0.000000
4059,2015,6,19,3,0.000000,0.000000,0.000000,69.217610,49.441150,0.000000
4060,2015,6,19,4,0.000000,0.000000,0.000000,68.488490,48.920350,0.000000
4061,2015,6,19,5,0.000000,0.000000,0.000000,67.526900,48.233500,0.000000
4062,2015,6,19,6,0.000000,0.000000,0.000000,67.586120,48.275800,0.000000
4063,2015,6,19,7,0.000000,0.000000,0.000000,68.976600,49.269000,0.000000
4064,2015,6,19,8,0.000000,0.000000,0.000000,69.638800,49.742000,0.000000
4065,2015,6,19,9,0.000000,0.000000,0.000000,69.919850,49.942750,0.000000
4066,2015,6,19,10,0.000000,0.000000,0.000000,69.913760,49.938400,0.000000
4067,2015,6,19,11,0.000000,0.000000,0.000000,69.988590,49.991850,0.000000
4068,2015,6,19,12,0.000000,0.000000,0.000000,69.994750,49.996250,0.000000
4069,2015,6,19,13,0.000000,0.000000,0.000000,69.975430,49.982450,0.000000
4070,2015,6,19,14,0.000000,0.000000,0.000000,69.993980,49.995700,0.000000
4071,2015,6,19,15,0.000000,0.000000,0.000000,69.973470,49.981050,0.000000
4072,2015,6,19,16,0.000000,0.000000,0.000000,69.987610,49.991150,0.000000
4073,2015,6,19,17,0.000000,0.000000,0.000000,69.964930,49.974950,0.000000
4074,2015,6,19,18,0.000000,0.000000,0.000000,69.988450,49.991750,0.000000
4075,2015,6,19,19,0.000000,0.000000,0.000000,69.728960,49.806400,0.000000
4076,2015,6,19,20,0.000000,0.000000,0.000000,68.318530,48.798950,0.000000
4077,2015,6,19,21,0.000000,0.000000,0.000000,65.773050,46.980750,0.000000
4078,2015,6,19,22,0.000000,0.000000,0.000000,66.249680,47.321200,0.000000
4079,2015,6,19,23,0.000000,0.000000,0.000000,66.697190,47.640850,0.000000
4080,2015,6,19,24,0.000000,0.000000,0.000000,67.862480,48.473200,0.000000
4081,2015,6,20,1,0.000000,0.000000,0.000000,68.737690,49.098350,0.000000
4082,2015,6,20,2,0.000000,0.000000,0.000000,67.103540,47.931100,0.000000
4083,2015,6,20,3,0.000000,0.000000,0.000000,65.443840,46.745600,0.000000
4084,2015,6,20,4,0.000000,0.000000,0.000000,61.019000,43.585000,0.000000
4085,2015,6,20,5,0.000000,0.000000,0.000000,57.747690,41.248350,0.000000
4086,2015,6,20,6,0.000000,0.000000,0.000000,54.185110,38.703650,0.000000
4087,2015,6,20,7,0.000000,0.000000,0.000000,52.854340,37.753100,0.000000
4088,2015,6,20,8,0.000000,0.000000,0.000000,59.587010,42.562150,0.000000
4089,2015,6,20,9,0.000000,0.000000,0.000000,66.349990,47.392850,0.000000
4090,2015,6,20,10,0.000000,0.000000,0.000000,66.608640,47.577600,0.000000
4091,2015,6,20,11,0.000000,0.000000,0.000000,65.232300,46.594500,0.000000
4092,2015,6,20,12,0.000000,0.000000,0.000000,64.969660,46.406900,0.000000
4093,2015,6,20,13,0.000000,0.000000,0.000000,66.474590,47.481850,0.000000
4094,2015,6,20,14,0.000000,0.000000,0.000000,62.475280,44.625200,0.000000
4095,2015,6,20,15,0.000000,0.000000,0.000000,61.470500,43.907500,0.000000
4096,2015,6,20,16,0.000000,0.000000,0.000000,57.892170,41.351550,0.000000
4097,2015,6,20,17,0.000000,0.000000,0.000000,52.927210,37.805150,0.000000
4098,2015,6,20,18,0.000000,0.000000,0.000000,51.195270,36.568050,0.000000
4099,2015,6,20,19,0.000000,0.000000,0.000000,41.192200,29.423000,0.000000
4100,2015,6,20,20,0.000000,0.000000,0.000000,27.199410,19.428150,0.000000
4101,2015,6,20,21,0.000000,0.000000,0.000000,16.813510,12.009650,0.000000
4102,2015,6,20,22,0.000000,0.000000,0.000000,12.838700,9.170500,0.000000
4103,2015,6,20,23,0.000000,0.000000,0.000000,6.443360,4.602400,0.000000
4104,2015,6,20,24,0.000000,0.000000,0.000000,2.688840,1.920600,0.000000
4105,2015,6,21,1,0.000000,0.000000,0.000000,2.605540,1.861100,0.000000
4106,2015,6,21,2,0.000000,0.000000,0.000000,0.000000,0.000000,0.000000
4107,2015,6,21,3,0.000000,0.000000,0.000000,0.000000,0.000000,0.000000
4108,2015,6,21,4,0.000000,0.000000,0.000000,0.000000,0.000000,0.000000
4109,2015,6,21,5,0.000000,0.000000,0.000000,1.394330,0.995950,0.000000
4110,2015,6,21,6,0.000000,0.000000,0.000000,0.690690,0.493350,0.000000
4111,2015,6,21,7,0.000000,0.000000,0.000000,0.672070,0.480050,0.000000
4112,2015,6,21,8,0.000000,0.000000,0.000000,0.000000,0.000000,0.000000
4113,2015,6,21,9,0.000000,0.000000,0.000000,0.000000,0.000000,0.000000
4114,2015,6,21,10,0.000000,0.000000,0.000000,0.000000,0.000000,0.000000
4115,2015,6,21,11,0.000000,0.000000,0.000000,0.000000,0.000000,0.000000
4116,2015,6,21,12,0.000000,0.000000,0.000000,0.000000,0.000000,0.000000
4117,2015,6,21,13,0.000000,0.000000,0.000000,0.532770,0.380550,0.000000
4118,2015,6,21,14,0.000000,0.000000,0.000000,1.118950,0.799250,0.000000
4119,2015,6,21,15,0.000000,0.000000,0.000000,2.468760,1.763400,0.000000
4120,2015,6,21,16,0.000000,0.000000,0.000000,3.687040,2.633600,0.000000
4121,2015,6,21,17,0.000000,0.000000,0.000000,2.888130,2.062950,0.000000
4122,2015,6,21,18,0.000000,0.000000,0.000000,2.189740,1.564100,0.000000
4123,2015,6,21,19,0.000000,0.000000,0.000000,3.745210,2.675150,0.000000
4124,2015,6,21,20,0.000000,0.000000,0.000000,2.658810,1.899150,0.000000
4125,2015,6,21,21,0.000000,0.000000,0.000000,3.726730,2.661950,0.000000
4126,2015,6,21,22,0.000000,0.000000,0.000000,6.405000,4.575000,0.000000
4127,2015,6,21,23,0.000000,0.000000,0.000000,2.289070,1.635050,0.000000
4128,2015,6,21,24,0.000000,0.000000,0.000000,0.000000,0.000000,0.000000
4129,2015,6,22,1,0.000000,0.000000,0.000000,0.529410,0.378150,0.000000
4130,2015,6,22,2,0.000000,0.000000,0.000000,0.000000,0.000000,0.000000
4131,2015,6,22,3,0.000000,0.000000,0.000000,0.592410,0.423150,0.000000
4132,2015,6,22,4,0.000000,0.000000,0.000000,0.577220,0.412300,0.000000
4133,2015,6,22,5,0.000000,0.000000,0.000000,0.721070,0.515050,0.000000
4134,2015,6,22,6,0.000000,0.000000,0.000000,0.000000,0.000000,0.000000
4135,2015,6,22,7,0.000000,0.000000,0.000000,0.000000,0.000000,0.000000
4136,2015,6,22,8,0.000000,0.000000,0.000000,0.438970,0.313550,0.000000
4137,2015,6,22,9,0.000000,0.000000,0.000000,0.648620,0.463300,0.000000
4138,2015,6,22,10,0.000000,0.000000,0.000000,1.302770,0.930550,0.000000
4139,2015,6,22,11,0.000000,0.000000,0.000000,1.454600,1.039000,0.000000
4140,2015,6,22,12,0.000000,0.000000,0.000000,2.490600,1.779000,0.000000
4141,2015,6,22,13,0.000000,0.000000,0.000000,4.042220,2.887300,0.000000
4142,2015,6,22,14,0.000000,0.000000,0.000000,6.560260,4.685900,0.000000
4143,2015,6,22,15,0.000000,0.000000,0.000000,7.600530,5.428950,0.000000
4144,2015,6,22,16,0.000000,0.000000,0.000000,3.719730,2.656950,0.000000
4145,2015,6,22,17,0.000000,0.000000,0.000000,2.806930,2.004950,0.000000
4146,2015,6,22,18,0.000000,0.000000,0.000000,4.241790,3.029850,0.000000
4147,2015,6,22,19,0.000000,0.000000,0.000000,3.147620,2.248300,0.000000
4148,2015,6,22,20,0.000000,0.000000,0.000000,5.033980,3.595700,0.000000
4149,2015,6,22,21,0.000000,0.000000,0.000000,7.510720,5.364800,0.000000
4150,2015,6,22,22,0.000000,0.000000,0.000000,10.392410,7.423150,0.000000
4151,2015,6,22,23,0.000000,0.000000,0.000000,10.068450,7.191750,0.000000
4152,2015,6,22,24,0.000000,0.000000,0.000000,14.021070,10.015050,0.000000
4153,2015,6,23,1,0.000000,0.000000,0.000000,13.179530,9.413950,0.000000
4154,2015,6,23,2,0.000000,0.000000,0.000000,13.713490,9.795350,0.000000
4155,2015,6,23,3,0.000000,0.000000,0.000000,13.561590,9.686850,0.000000
4156,2015,6,23,4,0.000000,0.000000,0.000000,12.909190,9.220850,0.000000
4157,2015,6,23,5,0.000000,0.000000,0.000000,10.354750,7.396250,0.000000
4158,2015,6,23,6,0.000000,0.000000,0.000000,13.403250,9.573750,0.000000
4159,2015,6,23,7,0.000000,0.000000,0.000000,19.242440,13.744600,0.000000
4160,2015,6,23,8,0.000000,0.000000,0.000000,25.343220,18.102300,0.000000
4161,2015,6,23,9,0.000000,0.000000,0.000000,35.146510,25.104650,0.000000
4162,2015,6,23,10,0.000000,0.000000,0.000000,42.007490,30.005350,0.000000
4163,2015,6,23,11,0.000000,0.000000,0.000000,44.714180,31.938700,0.000000
4164,2015,6,23,12,0.000000,0.000000,0.000000,45.308830,32.363450,0.000000
4165,2015,6,23,13,0.000000,0.000000,0.000000,44.711170,31.936550,0.000000
4166,2015,6,23,14,0.000000,0.000000,0.000000,43.965810,31.404150,0.000000
4167,2015,6,23,15,0.000000,0.000000,0.000000,41.038620,29.313300,0.000000
4168,2015,6,23,16,0.000000,0.000000,0.000000,40.461260,28.900900,0.000000
4169,2015,6,23,17,0.000000,0.000000,0.000000,31.200540,22.286100,0.000000
4170,2015,6,23,18,0.000000,0.000000,0.000000,21.830130,15.592950,0.000000
4171,2015,6,23,19,0.000000,0.000000,0.000000,17.943940,12.817100,0.000000
4172,2015,6,23,20,0.000000,0.000000,0.000000,15.975050,11.410750,0.000000
4173,2015,6,23,21,0.000000,0.000000,0.000000,15.342180,10.958700,0.000000
4174,2015,6,23,22,0.000000,0.000000,0.000000,12.104960,8.646400,0.000000
4175,2015,6,23,23,0.000000,0.000000,0.000000,2.833530,2.023950,0.000000
4176,2015,6,23,24,0.000000,0.000000,0.000000,0.000000,0.000000,0.000000
4177,2015,6,24,1,0.000000,0.000000,0.000000,1.433740,1.024100,0.000000
4178,2015,6,24,2,0.000000,0.000000,0.000000,0.624540,0.446100,0.000000
4179,2015,6,24,3,0.000000,0.000000,0.000000,0.527380,0.376700,0.000000
4180,2015,6,24,4,0.000000,0.000000,0.000000,0.000000,0.000000,0.000000
4181,2015,6,24,5,0.000000,0.000000,0.000000,0.528640,0.377600,0.000000
4182,2015,6,24,6,0.000000,0.000000,0.000000,2.386300,1.704500,0.000000
4183,2015,6,24,7,0.000000,0.000000,0.000000,5.589150,3.992250,0.000000
4184,2015,6,24,8,0.000000,0.000000,0.000000,10.172610,7.266150,0.000000
4185,2015,6,24,9,0.000000,0.000000,0.000000,16.870910,12.050650,0.000000
4186,2015,6,24,10,0.000000,0.000000,0.000000,21.168980,15.120700,0.000000
4187,2015,6,24,11,0.000000,0.000000,0.000000,20.512590,14.651850,0.000000
4188,2015,6,24,12,0.000000,0.000000,0.000000,20.240290,14.457350,0.000000
4189,2015,6,24,13,0.000000,0.000000,0.000000,22.174040,15.838600,0.000000
4190,2015,6,24,14,0.000000,0.000000,0.000000,22.494360,16.067400,0.000000
4191,2015,6,24,15,0.000000,0.000000,0.000000,22.649830,16.178450,0.000000
4192,2015,6,24,16,0.000000,0.000000,0.000000,26.827360,19.162400,0.000000
4193,2015,6,24,17,0.000000,0.000000,0.000000,33.014380,23.581700,0.000000
4194,2015,6,24,18,0.000000,0.000000,0.000000,27.008170,19.291550,0.000000
4195,2015,6,24,19,0.000000,0.000000,0.000000,26.839890,19.171350,0.000000
4196,2015,6,24,20,0.000000,0.000000,0.000000,25.480560,18.200400,0.000000
4197,2015,6,24,21,0.000000,0.000000,0.000000,27.938750,19.956250,0.000000
4198,2015,6,24,22,0.000000,0.000000,0.000000,31.946250,22.818750,0.000000
4199,2015,6,24,23,0.000000,0.000000,0.000000,22.722350,16.230250,0.000000
4200,2015,6,24,24,0.000000,0.000000,0.000000,25.291070,18.065050,0.000000
4201,2015,6,25,1,0.000000,0.000000,0.000000,25.909240,18.506600,0.000000
4202,2015,6,25,2,0.000000,0.000000,0.000000,27.282430,19.487450,0.000000
4203,2015,6,25,3,0.000000,0.000000,0.000000,26.528040,18.948600,0.000000
4204,2015,6,25,4,0.000000,0.000000,0.000000,20.623050,14.730750,0.000000
4205,2015,6,25,5,0.000000,0.000000,0.000000,15.389360,10.992400,0.000000
4206,2015,6,25,6,0.000000,0.000000,0.000000,12.366060,8.832900,0.000000
4207,2015,6,25,7,0.000000,0.000000,0.000000,17.808980,12.720700,0.000000
4208,2015,6,25,8,0.000000,0.000000,0.000000,33.245380,23.746700,0.000000
4209,2015,6,25,9,0.000000,0.000000,0.000000,40.363890,28.831350,0.000000
4210,2015,6,25,10,0.000000,0.000000,0.000000,40.315730,28.796950,0.000000
4211,2015,6,25,11,0.000000,0.000000,0.000000,43.260980,30.900700,0.000000
4212,2015,6,25,12,0.000000,0.000000,0.000000,46.933880,33.524200,0.000000
4213,2015,6,25,13,0.000000,0.000000,0.000000,51.702000,36.930000,0.000000
4214,2015,6,25,14,0.000000,0.000000,0.000000,50.915480,36.368200,0.000000
4215,2015,6,25,15,0.000000,0.000000,0.000000,53.131960,37.951400,0.000000
4216,2015,6,25,16,0.000000,0.000000,0.000000,53.624900,38.303500,0.000000
4217,2015,6,25,17,0.000000,0.000000,0.000000,56.120820,40.086300,0.000000
4218,2015,6,25,18,0.000000,0.000000,0.000000,61.375370,43.839550,0.000000
4219,2015,6,25,19,0.000000,0.000000,0.000000,62.771380,44.836700,0.000000
4220,2015,6,25,20,0.000000,0.000000,0.000000,62.754580,44.824700,0.000000
4221,2015,6,25,21,0.000000,0.000000,0.000000,61.585510,43.989650,0.000000
4222,2015,6,25,22,0.000000,0.000000,0.000000,57.991850,41.422750,0.000000
4223,2015,6,25,23,0.000000,0.000000,0.000000,60.991140,43.565100,0.000000
4224,2015,6,25,24,0.000000,0.000000,0.000000,61.714170,44.081550,0.000000
4225,2015,6,26,1,0.000000,0.000000,0.000000,59.793370,42.709550,0.000000
4226,2015,6,26,2,0.000000,0.000000,0.000000,58.086350,41.490250,0.000000
4227,2015,6,26,3,0.000000,0.000000,0.000000,53.383260,38.130900,0.000000
4228,2015,6,26,4,0.000000,0.000000,0.000000,52.289720,37.349800,0.000000
4229,2015,6,26,5,0.000000,0.000000,0.000000,46.429950,33.164250,0.000000
4230,2015,6,26,6,0.000000,0.000000,0.000000,51.809940,37.007100,0.000000
4231,2015,6,26,7,0.000000,0.000000,0.000000,47.278700,33.770500,0.000000
4232,2015,6,26,8,0.000000,0.000000,0.000000,48.051920,34.322800,0.000000
4233,2015,6,26,9,0.000000,0.000000,0.000000,54.887560,39.205400,0.000000
4234,2015,6,26,10,0.000000,0.000000,0.000000,58.816660,42.011900,0.000000
4235,2015,6,26,11,0.000000,0.000000,0.000000,61.523770,43.945550,0.000000
4236,2015,6,26,12,0.000000,0.000000,0.000000,45.354190,32.395850,0.000000
4237,2015,6,26,13,0.000000,0.000000,0.000000,38.752630,27.680450,0.000000
4238,2015,6,26,14,0.000000,0.000000,0.000000,43.654310,31.181650,0.000000
4239,2015,6,26,15,0.000000,0.000000,0.000000,45.692850,32.637750,0.000000
4240,2015,6,26,16,0.000000,0.000000,0.000000,42.033600,30.024000,0.000000
4241,2015,6,26,17,0.000000,0.000000,0.000000,35.730800,25.522000,0.000000
4242,2015,6,26,18,0.000000,0.000000,0.000000,36.839110,26.313650,0.000000
4243,2015,6,26,19,0.000000,0.000000,0.000000,40.041750,28.601250,0.000000
4244,2015,6,26,20,0.000000,0.000000,0.000000,32.777780,23.412700,0.000000
4245,2015,6,26,21,0.000000,0.000000,0.000000,30.405200,21.718000,0.000000
4246,2015,6,26,22,0.000000,0.000000,0.000000,26.226130,18.732950,0.000000
4247,2015,6,26,23,0.000000,0.000000,0.000000,22.742510,16.244650,0.000000
4248,2015,6,26,24,0.000000,0.000000,0.000000,32.260200,23.043000,0.000000
4249,2015,6,27,1,0.000000,0.000000,0.000000,29.481200,21.058000,0.000000
4250,2015,6,27,2,0.000000,0.000000,0.000000,18.977840,13.555600,0.000000
4251,2015,6,27,3,0.000000,0.000000,0.000000,15.970920,11.407800,0.000000
4252,2015,6,27,4,0.000000,0.000000,0.000000,23.551290,16.822350,0.000000
4253,2015,6,27,5,0.000000,0.000000,0.000000,28.117040,20.083600,0.000000
4254,2015,6,27,6,0.000000,0.000000,0.000000,13.720280,9.800200,0.000000
4255,2015,6,27,7,0.000000,0.000000,0.000000,12.227460,8.733900,0.000000
4256,2015,6,27,8,0.000000,0.000000,0.000000,9.082710,6.487650,0.000000
4257,2015,6,27,9,0.000000,0.000000,0.000000,7.261730,5.186950,0.000000
4258,2015,6,27,10,0.000000,0.000000,0.000000,7.739480,5.528200,0.000000
4259,2015,6,27,11,0.000000,0.000000,0.000000,8.288700,5.920500,0.000000
4260,2015,6,27,12,0.000000,0.000000,0.000000,6.029590,4.306850,0.000000
4261,2015,6,27,13,0.000000,0.000000,0.000000,6.888980,4.920700,0.000000
4262,2015,6,27,14,0.000000,0.000000,0.000000,5.723270,4.088050,0.000000
4263,2015,6,27,15,0.000000,0.000000,0.000000,7.046200,5.033000,0.000000
4264,2015,6,27,16,0.000000,0.000000,0.000000,7.198590,5.141850,0.000000
4265,2015,6,27,17,0.000000,0.000000,0.000000,8.586060,6.132900,0.000000
4266,2015,6,27,18,0.000000,0.000000,0.000000,8.088220,5.777300,0.000000
4267,2015,6,27,19,0.000000,0.000000,0.000000,9.389800,6.707000,0.000000
4268,2015,6,27,20,0.000000,0.000000,0.000000,10.937080,7.812200,0.000000
4269,2015,6,27,21,0.000000,0.000000,0.000000,11.218480,8.013200,0.000000
4270,2015,6,27,22,0.000000,0.000000,0.000000,10.170300,7.264500,0.000000
4271,2015,6,27,23,0.000000,0.000000,0.000000,6.570060,4.692900,0.000000
4272,2015,6,27,24,0.000000,0.000000,0.000000,5.175380,3.696700,0.000000
4273,2015,6,28,1,0.000000,0.000000,0.000000,7.186130,5.132950,0.000000
4274,2015,6,28,2,0.000000,0.000000,0.000000,10.136700,7.240500,0.000000
4275,2015,6,28,3,0.000000,0.000000,0.000000,11.501980,8.215700,0.000000
4276,2015,6,28,4,0.000000,0.000000,0.000000,9.768850,6.977750,0.000000
4277,2015,6,28,5,0.000000,0.000000,0.000000,7.294420,5.210300,0.000000
4278,2015,6,28,6,0.000000,0.000000,0.000000,4.678310,3.341650,0.000000
4279,2015,6,28,7,0.000000,0.000000,0.000000,11.569180,8.263700,0.000000
4280,2015,6,28,8,0.000000,0.000000,0.000000,14.089740,10.064100,0.000000
4281,2015,6,28,9,0.000000,0.000000,0.000000,14.481320,10.343800,0.000000
4282,2015,6,28,10,0.000000,0.000000,0.000000,15.924160,11.374400,0.000000
4283,2015,6,28,11,0.000000,0.000000,0.000000,16.657410,11.898150,0.000000
4284,2015,6,28,12,0.000000,0.000000,0.000000,16.584190,11.845850,0.000000
4285,2015,6,28,13,0.000000,0.000000,0.000000,19.465040,13.903600,0.000000
4286,2015,6,28,14,0.000000,0.000000,0.000000,23.541630,16.815450,0.000000
4287,2015,6,28,15,0.000000,0.000000,0.000000,26.601610,19.001150,0.000000
4288,2015,6,28,16,0.000000,0.000000,0.000000,26.500390,18.928850,0.000000
4289,2015,6,28,17,0.000000,0.000000,0.000000,25.535790,18.239850,0.000000
4290,2015,6,28,18,0.000000,0.000000,0.000000,25.255720,18.039800,0.000000
4291,2015,6,28,19,0.000000,0.000000,0.000000,27.346480,19.533200,0.000000
4292,2015,6,28,20,0.000000,0.000000,0.000000,29.155910,20.825650,0.000000
4293,2015,6,28,21,0.000000,0.000000,0.000000,34.305250,24.503750,0.000000
4294,2015,6,28,22,0.000000,0.000000,0.000000,22.730890,16.236350,0.000000
4295,2015,6,28,23,0.000000,0.000000,0.000000,11.840990,8.457850,0.000000
4296,2015,6,28,24,0.000000,0.000000,0.000000,18.118380,12.941700,0.000000
4297,2015,6,29,1,0.000000,0.000000,0.000000,20.950020,14.964300,0.000000
4298,2015,6,29,2,0.000000,0.000000,0.000000,24.972080,17.837200,0.000000
4299,2015,6,29,3,0.000000,0.000000,0.000000,22.668170,16.191550,0.000000
4300,2015,6,29,4,0.000000,0.000000,0.000000,21.998270,15.713050,0.000000
4301,2015,6,29,5,0.000000,0.000000,0.000000,23.535120,16.810800,0.000000
4302,2015,6,29,6,0.000000,0.000000,0.000000,18.835110,13.453650,0.000000
4303,2015,6,29,7,0.000000,0.000000,0.000000,35.517510,25.369650,0.000000
4304,2015,6,29,8,0.000000,0.000000,0.000000,48.420540,34.586100,0.000000
4305,2015,6,29,9,0.000000,0.000000,0.000000,62.156080,44.397200,0.000000
4306,2015,6,29,10,0.000000,0.000000,0.000000,66.579240,47.556600,0.000000
4307,2015,6,29,11,0.000000,0.000000,0.000000,66.838520,47.741800,0.000000
4308,2015,6,29,12,0.000000,0.000000,0.000000,67.382980,48.130700,0.000000
4309,2015,6,29,13,0.000000,0.000000,0.000000,68.839260,49.170900,0.000000
4310,2015,6,29,14,0.000000,0.000000,0.000000,69.815270,49.868050,0.000000
4311,2015,6,29,15,0.000000,0.000000,0.000000,69.905570,49.932550,0.000000
4312,2015,6,29,16,0.000000,0.000000,0.000000,69.911590,49.936850,0.000000
4313,2015,6,29,17,0.000000,0.000000,0.000000,69.936300,49.954500,0.000000
4314,2015,6,29,18,0.000000,0.000000,0.000000,69.816670,49.869050,0.000000
4315,2015,6,29,19,0.000000,0.000000,0.000000,69.798890,49.856350,0.000000
4316,2015,6,29,20,0.000000,0.000000,0.000000,69.870780,49.907700,0.000000
4317,2015,6,29,21,0.000000,0.000000,0.000000,69.861750,49.901250,0.000000
4318,2015,6,29,22,0.000000,0.000000,0.000000,69.832420,49.880300,0.000000
4319,2015,6,29,23,0.000000,0.000000,0.000000,69.933640,49.952600,0.000000
4320,2015,6,29,24,0.000000,0.000000,0.000000,69.861680,49.901200,0.000000
4321,2015,6,30,1,0.000000,0.000000,0.000000,69.781320,49.843800,0.000000
4322,2015,6,30,2,0.000000,0.000000,0.000000,69.729310,49.806650,0.000000
4323,2015,6,30,3,0.000000,0.000000,0.000000,69.404370,49.574550,0.000000
4324,2015,6,30,4,0.000000,0.000000,0.000000,67.322570,48.087550,0.000000
4325,2015,6,30,5,0.000000,0.000000,0.000000,65.548280,46.820200,0.000000
4326,2015,6,30,6,0.000000,0.000000,0.000000,60.561760,43.258400,0.000000
4327,2015,6,30,7,0.000000,0.000000,0.000000,59.453590,42.466850,0.000000
4328,2015,6,30,8,0.000000,0.000000,0.000000,65.271990,46.622850,0.000000
4329,2015,6,30,9,0.000000,0.000000,0.000000,65.176790,46.554850,0.000000
4330,2015,6,30,10,0.000000,0.000000,0.000000,64.164800,45.832000,0.000000
4331,2015,6,30,11,0.000000,0.000000,0.000000,63.038640,45.027600,0.000000
4332,2015,6,30,12,0.000000,0.000000,0.000000,61.476310,43.911650,0.000000
4333,2015,6,30,13,0.000000,0.000000,0.000000,63.949900,45.678500,0.000000
4334,2015,6,30,14,0.000000,0.000000,0.000000,61.269110,43.763650,0.000000
4335,2015,6,30,15,0.000000,0.000000,0.000000,60.503660,43.216900,0.000000
4336,2015,6,30,16,0.000000,0.000000,0.000000,56.201600,40.144000,0.000000
4337,2015,6,30,17,0.000000,0.000000,0.000000,50.813700,36.295500,0.000000
4338,2015,6,30,18,0.000000,0.000000,0.000000,51.516290,36.797350,0.000000
4339,2015,6,30,19,0.000000,0.000000,0.000000,50.508920,36.077800,0.000000
4340,2015,6,30,20,0.000000,0.000000,0.000000,50.614480,36.153200,0.000000
4341,2015,6,30,21,0.000000,0.000000,0.000000,51.702770,36.930550,0.000000
4342,2015,6,30,22,0.000000,0.000000,0.000000,47.381110,33.843650,0.000000
4343,2015,6,30,23,0.000000,0.000000,0.000000,53.069450,37.906750,0.000000
4344,2015,6,30,24,0.000000,0.000000,0.000000,49.106050,35.075750,0.000000
4345,2015,7,1,1,0.000000,0.000000,0.000000,67.269650,48.049750,0.000000
4346,2015,7,1,2,0.000000,0.000000,0.000000,65.971430,47.122450,0.000000
4347,2015,7,1,3,0.000000,0.000000,0.000000,68.982340,49.273100,0.000000
4348,2015,7,1,4,0.000000,0.000000,0.000000,66.744650,47.674750,0.000000
4349,2015,7,1,5,0.000000,0.000000,0.000000,65.791390,46.993850,0.000000
4350,2015,7,1,6,0.000000,0.000000,0.000000,63.041020,45.029300,0.000000
4351,2015,7,1,7,0.000000,0.000000,0.000000,68.760510,49.114650,0.000000
4352,2015,7,1,8,0.000000,0.000000,0.000000,69.971930,49.979950,0.000000
4353,2015,7,1,9,0.000000,0.000000,0.000000,67.152890,47.966350,0.000000
4354,2015,7,1,10,0.000000,0.000000,0.000000,68.126800,48.662000,0.000000
4355,2015,7,1,11,0.000000,0.000000,0.000000,69.919290,49.942350,0.000000
4356,2015,7,1,12,0.000000,0.000000,0.000000,69.969690,49.978350,0.000000
4357,2015,7,1,13,0.000000,0.000000,0.000000,69.986210,49.990150,0.000000
4358,2015,7,1,14,0.000000,0.000000,0.000000,69.096510,49.354650,0.000000
4359,2015,7,1,15,0.000000,0.000000,0.000000,69.991460,49.993900,0.000000
4360,2015,7,1,16,0.000000,0.000000,0.000000,69.724340,49.803100,0.000000
4361,2015,7,1,17,0.000000,0.000000,0.000000,69.620040,49.728600,0.000000
4362,2015,7,1,18,0.000000,0.000000,0.000000,67.035500,47.882500,0.000000
4363,2015,7,1,19,0.000000,0.000000,0.000000,69.453300,49.609500,0.000000
4364,2015,7,1,20,0.000000,0.000000,0.000000,69.812050,49.865750,0.000000
4365,2015,7,1,21,0.000000,0.000000,0.000000,69.364120,49.545800,0.000000
4366,2015,7,1,22,0.000000,0.000000,0.000000,69.262830,49.473450,0.000000
4367,2015,7,1,23,0.000000,0.000000,0.000000,68.458530,48.898950,0.000000
4368,2015,7,1,24,0.000000,0.000000,0.000000,63.670040,45.478600,0.000000
4369,2015,7,2,1,0.000000,0.000000,0.000000,66.639300,47.599500,0.000000
4370,2015,7,2,2,0.000000,0.000000,0.000000,57.708560,41.220400,0.000000
4371,2015,7,2,3,0.000000,0.000000,0.000000,58.475760,41.768400,0.000000
4372,2015,7,2,4,0.000000,0.000000,0.000000,68.121410,48.658150,0.000000
4373,2015,7,2,5,0.000000,0.000000,0.000000,68.364310,48.831650,0.000000
4374,2015,7,2,6,0.000000,0.000000,0.000000,69.458410,49.613150,0.000000
4375,2015,7,2,7,0.000000,0.000000,0.000000,65.045050,46.460750,0.000000
4376,2015,7,2,8,0.000000,0.000000,0.000000,63.805770,45.575550,0.000000
4377,2015,7,2,9,0.000000,0.000000,0.000000,64.308650,45.934750,0.000000
4378,2015,7,2,10,0.000000,0.000000,0.000000,60.902870,43.502050,0.000000
4379,2015,7,2,11,0.000000,0.000000,0.000000,60.578000,43.270000,0.000000
4380,2015,7,2,12,0.000000,0.000000,0.000000,63.390740,45.279100,0.000000
4381,2015,7,2,13,0.000000,0.000000,0.000000,68.485060,48.917900,0.000000
4382,2015,7,2,14,0.000000,0.000000,0.000000,69.916490,49.940350,0.000000
4383,2015,7,2,15,0.000000,0.000000,0.000000,69.425930,49.589950,0.000000
4384,2015,7,2,16,0.000000,0.000000,0.000000,67.971540,48.551100,0.000000
4385,2015,7,2,17,0.000000,0.000000,0.000000,63.714490,45.510350,0.000000
4386,2015,7,2,18,0.000000,0.000000,0.000000,58.087610,41.491150,0.000000
4387,2015,7,2,19,0.000000,0.000000,0.000000,55.850970,39.893550,0.000000
4388,2015,7,2,20,0.000000,0.000000,0.000000,54.792570,39.137550,0.000000
4389,2015,7,2,21,0.000000,0.000000,0.000000,55.639850,39.742750,0.000000
4390,2015,7,2,22,0.000000,0.000000,0.000000,60.627560,43.305400,0.000000
4391,2015,7,2,23,0.000000,0.000000,0.000000,62.405980,44.575700,0.000000
4392,2015,7,2,24,0.000000,0.000000,0.000000,59.653510,42.609650,0.000000
4393,2015,7,3,1,0.000000,0.000000,0.000000,58.072070,41.480050,0.000000
4394,2015,7,3,2,0.000000,0.000000,0.000000,65.862580,47.044700,0.000000
4395,2015,7,3,3,0.000000,0.000000,0.000000,66.369870,47.407050,0.000000
4396,2015,7,3,4,0.000000,0.000000,0.000000,69.168470,49.406050,0.000000
4397,2015,7,3,5,0.000000,0.000000,0.000000,68.616100,49.011500,0.000000
4398,2015,7,3,6,0.000000,0.000000,0.000000,67.913860,48.509900,0.000000
4399,2015,7,3,7,0.000000,0.000000,0.000000,68.715640,49.082600,0.000000
4400,2015,7,3,8,0.000000,0.000000,0.000000,69.518820,49.656300,0.000000
4401,2015,7,3,9,0.000000,0.000000,0.000000,67.497640,48.212600,0.000000
4402,2015,7,3,10,0.000000,0.000000,0.000000,69.542060,49.672900,0.000000
4403,2015,7,3,11,0.000000,0.000000,0.000000,69.225730,49.446950,0.000000
4404,2015,7,3,12,0.000000,0.000000,0.000000,68.147030,48.676450,0.000000
4405,2015,7,3,13,0.000000,0.000000,0.000000,67.528090,48.234350,0.000000
4406,2015,7,3,14,0.000000,0.000000,0.000000,67.066930,47.904950,0.000000
4407,2015,7,3,15,0.000000,0.000000,0.000000,66.909850,47.792750,0.000000
4408,2015,7,3,16,0.000000,0.000000,0.000000,66.350760,47.393400,0.000000
4409,2015,7,3,17,0.000000,0.000000,0.000000,66.767120,47.690800,0.000000
4410,2015,7,3,18,0.000000,0.000000,0.000000,68.128690,48.663350,0.000000
4411,2015,7,3,19,0.000000,0.000000,0.000000,65.348920,46.677800,0.000000
4412,2015,7,3,20,0.000000,0.000000,0.000000,64.952440,46.394600,0.000000
4413,2015,7,3,21,0.000000,0.000000,0.000000,61.326230,43.804450,0.000000
4414,2015,7,3,22,0.000000,0.000000,0.000000,58.849070,42.035050,0.000000
4415,2015,7,3,23,0.000000,0.000000,0.000000,49.555870,35.397050,0.000000
4416,2015,7,3,24,0.000000,0.000000,0.000000,63.059710,45.042650,0.000000
4417,2015,7,4,1,0.000000,0.000000,0.000000,66.099810,47.214150,0.000000
4418,2015,7,4,2,0.000000,0.000000,0.000000,67.571770,48.265550,0.000000
4419,2015,7,4,3,0.000000,0.000000,0.000000,67.090170,47.921550,0.000000
4420,2015,7,4,4,0.000000,0.000000,0.000000,68.837930,49.169950,0.000000
4421,2015,7,4,5,0.000000,0.000000,0.000000,69.063960,49.331400,0.000000
4422,2015,7,4,6,0.000000,0.000000,0.000000,68.582220,48.987300,0.000000
4423,2015,7,4,7,0.000000,0.000000,0.000000,69.676600,49.769000,0.000000
4424,2015,7,4,8,0.000000,0.000000,0.000000,68.748330,49.105950,0.000000
4425,2015,7,4,9,0.000000,0.000000,0.000000,68.701360,49.072400,0.000000
4426,2015,7,4,10,0.000000,0.000000,0.000000,68.120990,48.657850,0.000000
4427,2015,7,4,11,0.000000,0.000000,0.000000,67.244870,48.032050,0.000000
4428,2015,7,4,12,0.000000,0.000000,0.000000,67.489590,48.206850,0.000000
4429,2015,7,4,13,0.000000,0.000000,0.000000,68.281710,48.772650,0.000000
4430,2015,7,4,14,0.000000,0.000000,0.000000,67.516890,48.226350,0.000000
4431,2015,7,4,15,0.000000,0.000000,0.000000,67.814320,48.438800,0.000000
4432,2015,7,4,16,0.000000,0.000000,0.000000,68.758200,49.113000,0.000000
4433,2015,7,4,17,0.000000,0.000000,0.000000,66.806460,47.718900,0.000000
4434,2015,7,4,18,0.000000,0.000000,0.000000,69.106380,49.361700,0.000000
4435,2015,7,4,19,0.000000,0.000000,0.000000,66.151120,47.250800,0.000000
4436,2015,7,4,20,0.000000,0.000000,0.000000,65.587410,46.848150,0.000000
4437,2015,7,4,21,0.000000,0.000000,0.000000,66.673810,47.624150,0.000000
4438,2015,7,4,22,0.000000,0.000000,0.000000,62.902770,44.930550,0.000000
4439,2015,7,4,23,0.000000,0.000000,0.000000,66.965570,47.832550,0.000000
4440,2015,7,4,24,0.000000,0.000000,0.000000,66.112690,47.223350,0.000000
4441,2015,7,5,1,0.000000,0.000000,0.000000,60.272940,43.052100,0.000000
4442,2015,7,5,2,0.000000,0.000000,0.000000,55.915440,39.939600,0.000000
4443,2015,7,5,3,0.000000,0.000000,0.000000,57.338960,40.956400,0.000000
4444,2015,7,5,4,0.000000,0.000000,0.000000,55.049470,39.321050,0.000000
4445,2015,7,5,5,0.000000,0.000000,0.000000,47.906950,34.219250,0.000000
4446,2015,7,5,6,0.000000,0.000000,0.000000,36.407700,26.005500,0.000000
4447,2015,7,5,7,0.000000,0.000000,0.000000,29.575840,21.125600,0.000000
4448,2015,7,5,8,0.000000,0.000000,0.000000,29.405810,21.004150,0.000000
4449,2015,7,5,9,0.000000,0.000000,0.000000,36.120560,25.800400,0.000000
4450,2015,7,5,10,0.000000,0.000000,0.000000,36.079050,25.770750,0.000000
4451,2015,7,5,11,0.000000,0.000000,0.000000,38.829070,27.735050,0.000000
4452,2015,7,5,12,0.000000,0.000000,0.000000,28.958090,20.684350,0.000000
4453,2015,7,5,13,0.000000,0.000000,0.000000,26.917590,19.226850,0.000000
4454,2015,7,5,14,0.000000,0.000000,0.000000,29.441650,21.029750,0.000000
4455,2015,7,5,15,0.000000,0.000000,0.000000,26.733350,19.095250,0.000000
4456,2015,7,5,16,0.000000,0.000000,0.000000,28.960470,20.686050,0.000000
4457,2015,7,5,17,0.000000,0.000000,0.000000,32.331950,23.094250,0.000000
4458,2015,7,5,18,0.000000,0.000000,0.000000,34.234270,24.453050,0.000000
4459,2015,7,5,19,0.000000,0.000000,0.000000,36.152900,25.823500,0.000000
4460,2015,7,5,20,0.000000,0.000000,0.000000,37.850960,27.036400,0.000000
4461,2015,7,5,21,0.000000,0.000000,0.000000,37.171260,26.550900,0.000000
4462,2015,7,5,22,0.000000,0.000000,0.000000,35.401870,25.287050,0.000000
4463,2015,7,5,23,0.000000,0.000000,0.000000,41.416410,29.583150,0.000000
4464,2015,7,5,24,0.000000,0.000000,0.000000,48.244490,34.460350,0.000000
4465,2015,7,6,1,0.000000,0.000000,0.000000,46.412940,33.152100,0.000000
4466,2015,7,6,2,0.000000,0.000000,0.000000,48.042470,34.316050,0.000000
4467,2015,7,6,3,0.000000,0.000000,0.000000,53.412800,38.152000,0.000000
4468,2015,7,6,4,0.000000,0.000000,0.000000,53.686010,38.347150,0.000000
4469,2015,7,6,5,0.000000,0.000000,0.000000,38.974530,27.838950,0.000000
4470,2015,7,6,6,0.000000,0.000000,0.000000,27.393730,19.566950,0.000000
4471,2015,7,6,7,0.000000,0.000000,0.000000,25.874660,18.481900,0.000000
4472,2015,7,6,8,0.000000,0.000000,0.000000,28.674380,20.481700,0.000000
4473,2015,7,6,9,0.000000,0.000000,0.000000,24.720780,17.657700,0.000000
4474,2015,7,6,10,0.000000,0.000000,0.000000,23.560740,16.829100,0.000000
4475,2015,7,6,11,0.000000,0.000000,0.000000,9.785160,6.989400,0.000000
4476,2015,7,6,12,0.000000,0.000000,0.000000,4.863670,3.474050,0.000000
4477,2015,7,6,13,0.000000,0.000000,0.000000,5.606510,4.004650,0.000000
4478,2015,7,6,14,0.000000,0.000000,0.000000,4.869340,3.478100,0.000000
4479,2015,7,6,15,0.000000,0.000000,0.000000,1.746360,1.247400,0.000000
4480,2015,7,6,16,0.000000,0.000000,0.000000,0.556010,0.397150,0.000000
4481,2015,7,6,17,0.000000,0.000000,0.000000,1.575630,1.125450,0.000000
4482,2015,7,6,18,0.000000,0.000000,0.000000,1.705970,1.218550,0.000000
4483,2015,7,6,19,0.000000,0.000000,0.000000,1.334480,0.953200,0.000000
4484,2015,7,6,20,0.000000,0.000000,0.000000,1.405460,1.003900,0.000000
4485,2015,7,6,21,0.000000,0.000000,0.000000,3.041150,2.172250,0.000000
4486,2015,7,6,22,0.000000,0.000000,0.000000,3.591350,2.565250,0.000000
4487,2015,7,6,23,0.000000,0.000000,0.000000,1.556520,1.111800,0.000000
4488,2015,7,6,24,0.000000,0.000000,0.000000,4.845120,3.460800,0.000000
4489,2015,7,7,1,0.000000,0.000000,0.000000,6.750450,4.821750,0.000000
4490,2015,7,7,2,0.000000,0.000000,0.000000,7.535710,5.382650,0.000000
4491,2015,7,7,3,0.000000,0.000000,0.000000,8.969100,6.406500,0.000000
4492,2015,7,7,4,0.000000,0.000000,0.000000,9.404080,6.717200,0.000000
4493,2015,7,7,5,0.000000,0.000000,0.000000,9.111550,6.508250,0.000000
4494,2015,7,7,6,0.000000,0.000000,0.000000,9.976820,7.126300,0.000000
4495,2015,7,7,7,0.000000,0.000000,0.000000,14.645540,10.461100,0.000000
4496,2015,7,7,8,0.000000,0.000000,0.000000,23.075220,16.482300,0.000000
4497,2015,7,7,9,0.000000,0.000000,0.000000,28.290220,20.207300,0.000000
4498,2015,7,7,10,0.000000,0.000000,0.000000,29.917440,21.369600,0.000000
4499,2015,7,7,11,0.000000,0.000000,0.000000,31.587990,22.562850,0.000000
4500,2015,7,7,12,0.000000,0.000000,0.000000,30.205630,21.575450,0.000000
4501,2015,7,7,13,0.000000,0.000000,0.000000,35.112350,25.080250,0.000000
4502,2015,7,7,14,0.000000,0.000000,0.000000,37.972900,27.123500,0.000000
4503,2015,7,7,15,0.000000,0.000000,0.000000,39.244170,28.031550,0.000000
4504,2015,7,7,16,0.000000,0.000000,0.000000,37.793280,26.995200,0.000000
4505,2015,7,7,17,0.000000,0.000000,0.000000,33.443900,23.888500,0.000000
4506,2015,7,7,18,0.000000,0.000000,0.000000,29.612450,21.151750,0.000000
4507,2015,7,7,19,0.000000,0.000000,0.000000,26.686940,19.062100,0.000000
4508,2015,7,7,20,0.000000,0.000000,0.000000,22.488060,16.062900,0.000000
4509,2015,7,7,21,0.000000,0.000000,0.000000,19.739020,14.099300,0.000000
4510,2015,7,7,22,0.000000,0.000000,0.000000,13.000400,9.286000,0.000000
4511,2015,7,7,23,0.000000,0.000000,0.000000,3.698940,2.642100,0.000000
4512,2015,7,7,24,0.000000,0.000000,0.000000,2.033850,1.452750,0.000000
4513,2015,7,8,1,0.000000,0.000000,0.000000,0.960050,0.685750,0.000000
4514,2015,7,8,2,0.000000,0.000000,0.000000,0.549920,0.392800,0.000000
4515,2015,7,8,3,0.000000,0.000000,0.000000,0.000000,0.000000,0.000000
4516,2015,7,8,4,0.000000,0.000000,0.000000,0.000000,0.000000,0.000000
4517,2015,7,8,5,0.000000,0.000000,0.000000,1.084230,0.774450,0.000000
4518,2015,7,8,6,0.000000,0.000000,0.000000,3.219580,2.299700,0.000000
4519,2015,7,8,7,0.000000,0.000000,0.000000,5.679030,4.056450,0.000000
4520,2015,7,8,8,0.000000,0.000000,0.000000,6.646570,4.747550,0.000000
4521,2015,7,8,9,0.000000,0.000000,0.000000,12.092430,8.637450,0.000000
4522,2015,7,8,10,0.000000,0.000000,0.000000,13.346900,9.533500,0.000000
4523,2015,7,8,11,0.000000,0.000000,0.000000,14.416990,10.297850,0.000000
4524,2015,7,8,12,0.000000,0.000000,0.000000,17.855670,12.754050,0.000000
4525,2015,7,8,13,0.000000,0.000000,0.000000,20.404090,14.574350,0.000000
4526,2015,7,8,14,0.000000,0.000000,0.000000,24.215100,17.296500,0.000000
4527,2015,7,8,15,0.000000,0.000000,0.000000,26.360390,18.828850,0.000000
4528,2015,7,8,16,0.000000,0.000000,0.000000,28.959210,20.685150,0.000000
4529,2015,7,8,17,0.000000,0.000000,0.000000,33.575780,23.982700,0.000000
4530,2015,7,8,18,0.000000,0.000000,0.000000,23.805530,17.003950,0.000000
4531,2015,7,8,19,0.000000,0.000000,0.000000,17.703840,12.645600,0.000000
4532,2015,7,8,20,0.000000,0.000000,0.000000,11.295200,8.068000,0.000000
4533,2015,7,8,21,0.000000,0.000000,0.000000,10.324650,7.374750,0.000000
4534,2015,7,8,22,0.000000,0.000000,0.000000,7.302260,5.215900,0.000000
4535,2015,7,8,23,0.000000,0.000000,0.000000,3.335080,2.382200,0.000000
4536,2015,7,8,24,0.000000,0.000000,0.000000,0.000000,0.000000,0.000000
4537,2015,7,9,1,0.000000,0.000000,0.000000,0.000000,0.000000,0.000000
4538,2015,7,9,2,0.000000,0.000000,0.000000,0.000000,0.000000,0.000000
4539,2015,7,9,3,0.000000,0.000000,0.000000,1.815380,1.296700,0.000000
4540,2015,7,9,4,0.000000,0.000000,0.000000,3.341310,2.386650,0.000000
4541,2015,7,9,5,0.000000,0.000000,0.000000,4.843790,3.459850,0.000000
4542,2015,7,9,6,0.000000,0.000000,0.000000,9.300340,6.643100,0.000000
4543,2015,7,9,7,0.000000,0.000000,0.000000,14.845040,10.603600,0.000000
4544,2015,7,9,8,0.000000,0.000000,0.000000,19.421570,13.872550,0.000000
4545,2015,7,9,9,0.000000,0.000000,0.000000,34.008240,24.291600,0.000000
4546,2015,7,9,10,0.000000,0.000000,0.000000,53.688320,38.348800,0.000000
4547,2015,7,9,11,0.000000,0.000000,0.000000,65.680440,46.914600,0.000000
4548,2015,7,9,12,0.000000,0.000000,0.000000,63.659400,45.471000,0.000000
4549,2015,7,9,13,0.000000,0.000000,0.000000,50.365560,35.975400,0.000000
4550,2015,7,9,14,0.000000,0.000000,0.000000,29.966160,21.404400,0.000000
4551,2015,7,9,15,0.000000,0.000000,0.000000,15.804110,11.288650,0.000000
4552,2015,7,9,16,0.000000,0.000000,0.000000,8.966860,6.404900,0.000000
4553,2015,7,9,17,0.000000,0.000000,0.000000,24.354820,17.396300,0.000000
4554,2015,7,9,18,0.000000,0.000000,0.000000,39.208470,28.006050,0.000000
4555,2015,7,9,19,0.000000,0.000000,0.000000,55.933920,39.952800,0.000000
4556,2015,7,9,20,0.000000,0.000000,0.000000,58.866920,42.047800,0.000000
4557,2015,7,9,21,0.000000,0.000000,0.000000,61.935930,44.239950,0.000000
4558,2015,7,9,22,0.000000,0.000000,0.000000,43.786890,31.276350,0.000000
4559,2015,7,9,23,0.000000,0.000000,0.000000,16.126250,11.518750,0.000000
4560,2015,7,9,24,0.000000,0.000000,0.000000,8.183420,5.845300,0.000000
4561,2015,7,10,1,0.000000,0.000000,0.000000,17.385760,12.418400,0.000000
4562,2015,7,10,2,0.000000,0.000000,0.000000,23.793980,16.995700,0.000000
4563,2015,7,10,3,0.000000,0.000000,0.000000,40.297740,28.784100,0.000000
4564,2015,7,10,4,0.000000,0.000000,0.000000,56.737660,40.526900,0.000000
4565,2015,7,10,5,0.000000,0.000000,0.000000,60.235490,43.025350,0.000000
4566,2015,7,10,6,0.000000,0.000000,0.000000,56.341040,40.243600,0.000000
4567,2015,7,10,7,0.000000,0.000000,0.000000,51.352210,36.680150,0.000000
4568,2015,7,10,8,0.000000,0.000000,0.000000,50.059590,35.756850,0.000000
4569,2015,7,10,9,0.000000,0.000000,0.000000,48.640060,34.742900,0.000000
4570,2015,7,10,10,0.000000,0.000000,0.000000,38.017560,27.155400,0.000000
4571,2015,7,10,11,0.000000,0.000000,0.000000,33.499200,23.928000,0.000000
4572,2015,7,10,12,0.000000,0.000000,0.000000,26.474980,18.910700,0.000000
4573,2015,7,10,13,0.000000,0.000000,0.000000,22.386280,15.990200,0.000000
4574,2015,7,10,14,0.000000,0.000000,0.000000,32.404400,23.146000,0.000000
4575,2015,7,10,15,0.000000,0.000000,0.000000,35.533190,25.380850,0.000000
4576,2015,7,10,16,0.000000,0.000000,0.000000,46.822650,33.444750,0.000000
4577,2015,7,10,17,0.000000,0.000000,0.000000,55.012930,39.294950,0.000000
4578,2015,7,10,18,0.000000,0.000000,0.000000,55.859370,39.899550,0.000000
4579,2015,7,10,19,0.000000,0.000000,0.000000,54.199600,38.714000,0.000000
4580,2015,7,10,20,0.000000,0.000000,0.000000,52.874150,37.767250,0.000000
4581,2015,7,10,21,0.000000,0.000000,0.000000,53.601100,38.286500,0.000000
4582,2015,7,10,22,0.000000,0.000000,0.000000,52.122980,37.230700,0.000000
4583,2015,7,10,23,0.000000,0.000000,0.000000,52.758860,37.684900,0.000000
4584,2015,7,10,24,0.000000,0.000000,0.000000,58.823170,42.016550,0.000000
4585,2015,7,11,1,0.000000,0.000000,0.000000,57.484000,41.060000,0.000000
4586,2015,7,11,2,0.000000,0.000000,0.000000,57.222690,40.873350,0.000000
4587,2015,7,11,3,0.000000,0.000000,0.000000,55.541850,39.672750,0.000000
4588,2015,7,11,4,0.000000,0.000000,0.000000,55.523090,39.659350,0.000000
4589,2015,7,11,5,0.000000,0.000000,0.000000,57.775060,41.267900,0.000000
4590,2015,7,11,6,0.000000,0.000000,0.000000,53.487700,38.205500,0.000000
4591,2015,7,11,7,0.000000,0.000000,0.000000,49.693700,35.495500,0.000000
4592,2015,7,11,8,0.000000,0.000000,0.000000,58.255960,41.611400,0.000000
4593,2015,7,11,9,0.000000,0.000000,0.000000,62.757870,44.827050,0.000000
4594,2015,7,11,10,0.000000,0.000000,0.000000,63.543620,45.388300,0.000000
4595,2015,7,11,11,0.000000,0.000000,0.000000,62.188070,44.420050,0.000000
4596,2015,7,11,12,0.000000,0.000000,0.000000,57.640520,41.171800,0.000000
4597,2015,7,11,13,0.000000,0.000000,0.000000,58.602460,41.858900,0.000000
4598,2015,7,11,14,0.000000,0.000000,0.000000,59.642240,42.601600,0.000000
4599,2015,7,11,15,0.000000,0.000000,0.000000,56.846370,40.604550,0.000000
4600,2015,7,11,16,0.000000,0.000000,0.000000,52.108420,37.220300,0.000000
4601,2015,7,11,17,0.000000,0.000000,0.000000,45.747660,32.676900,0.000000
4602,2015,7,11,18,0.000000,0.000000,0.000000,45.866590,32.761850,0.000000
4603,2015,7,11,19,0.000000,0.000000,0.000000,47.144650,33.674750,0.000000
4604,2015,7,11,20,0.000000,0.000000,0.000000,45.778670,32.699050,0.000000
4605,2015,7,11,21,0.000000,0.000000,0.000000,46.688950,33.349250,0.000000
4606,2015,7,11,22,0.000000,0.000000,0.000000,54.848360,39.177400,0.000000
4607,2015,7,11,23,0.000000,0.000000,0.000000,54.443200,38.888000,0.000000
4608,2015,7,11,24,0.000000,0.000000,0.000000,58.678900,41.913500,0.000000
4609,2015,7,12,1,0.000000,0.000000,0.000000,60.685870,43.347050,0.000000
4610,2015,7,12,2,0.000000,0.000000,0.000000,60.198250,42.998750,0.000000
4611,2015,7,12,3,0.000000,0.000000,0.000000,51.031610,36.451150,0.000000
4612,2015,7,12,4,0.000000,0.000000,0.000000,39.011910,27.865650,0.000000
4613,2015,7,12,5,0.000000,0.000000,0.000000,50.080170,35.771550,0.000000
4614,2015,7,12,6,0.000000,0.000000,0.000000,63.973490,45.695350,0.000000
4615,2015,7,12,7,0.000000,0.000000,0.000000,64.873550,46.338250,0.000000
4616,2015,7,12,8,0.000000,0.000000,0.000000,65.909060,47.077900,0.000000
4617,2015,7,12,9,0.000000,0.000000,0.000000,68.223820,48.731300,0.000000
4618,2015,7,12,10,0.000000,0.000000,0.000000,68.825330,49.160950,0.000000
4619,2015,7,12,11,0.000000,0.000000,0.000000,68.791660,49.136900,0.000000
4620,2015,7,12,12,0.000000,0.000000,0.000000,65.182390,46.558850,0.000000
4621,2015,7,12,13,0.000000,0.000000,0.000000,65.912910,47.080650,0.000000
4622,2015,7,12,14,0.000000,0.000000,0.000000,65.889810,47.064150,0.000000
4623,2015,7,12,15,0.000000,0.000000,0.000000,66.863720,47.759800,0.000000
4624,2015,7,12,16,0.000000,0.000000,0.000000,65.358510,46.684650,0.000000
4625,2015,7,12,17,0.000000,0.000000,0.000000,61.717110,44.083650,0.000000
4626,2015,7,12,18,0.000000,0.000000,0.000000,60.324810,43.089150,0.000000
4627,2015,7,12,19,0.000000,0.000000,0.000000,58.098390,41.498850,0.000000
4628,2015,7,12,20,0.000000,0.000000,0.000000,55.993980,39.995700,0.000000
4629,2015,7,12,21,0.000000,0.000000,0.000000,54.727470,39.091050,0.000000
4630,2015,7,12,22,0.000000,0.000000,0.000000,45.910900,32.793500,0.000000
4631,2015,7,12,23,0.000000,0.000000,0.000000,38.839640,27.742600,0.000000
4632,2015,7,12,24,0.000000,0.000000,0.000000,44.392390,31.708850,0.000000
4633,2015,7,13,1,0.000000,0.000000,0.000000,50.294790,35.924850,0.000000
4634,2015,7,13,2,0.000000,0.000000,0.000000,48.101340,34.358100,0.000000
4635,2015,7,13,3,0.000000,0.000000,0.000000,39.538240,28.241600,0.000000
4636,2015,7,13,4,0.000000,0.000000,0.000000,31.314430,22.367450,0.000000
4637,2015,7,13,5,0.000000,0.000000,0.000000,18.087160,12.919400,0.000000
4638,2015,7,13,6,0.000000,0.000000,0.000000,14.575470,10.411050,0.000000
4639,2015,7,13,7,0.000000,0.000000,0.000000,17.590930,12.564950,0.000000
4640,2015,7,13,8,0.000000,0.000000,0.000000,27.027140,19.305100,0.000000
4641,2015,7,13,9,0.000000,0.000000,0.000000,29.952020,21.394300,0.000000
4642,2015,7,13,10,0.000000,0.000000,0.000000,29.062320,20.758800,0.000000
4643,2015,7,13,11,0.000000,0.000000,0.000000,31.690120,22.635800,0.000000
4644,2015,7,13,12,0.000000,0.000000,0.000000,37.455810,26.754150,0.000000
4645,2015,7,13,13,0.000000,0.000000,0.000000,37.220330,26.585950,0.000000
4646,2015,7,13,14,0.000000,0.000000,0.000000,39.140920,27.957800,0.000000
4647,2015,7,13,15,0.000000,0.000000,0.000000,36.858990,26.327850,0.000000
4648,2015,7,13,16,0.000000,0.000000,0.000000,36.990380,26.421700,0.000000
4649,2015,7,13,17,0.000000,0.000000,0.000000,39.796330,28.425950,0.000000
4650,2015,7,13,18,0.000000,0.000000,0.000000,35.207760,25.148400,0.000000
4651,2015,7,13,19,0.000000,0.000000,0.000000,31.195710,22.282650,0.000000
4652,2015,7,13,20,0.000000,0.000000,0.000000,30.392180,21.708700,0.000000
4653,2015,7,13,21,0.000000,0.000000,0.000000,29.254610,20.896150,0.000000
4654,2015,7,13,22,0.000000,0.000000,0.000000,29.360520,20.971800,0.000000
4655,2015,7,13,23,0.000000,0.000000,0.000000,23.080610,16.486150,0.000000
4656,2015,7,13,24,0.000000,0.000000,0.000000,17.690610,12.636150,0.000000
4657,2015,7,14,1,0.000000,0.000000,0.000000,13.758080,9.827200,0.000000
4658,2015,7,14,2,0.000000,0.000000,0.000000,14.007770,10.005550,0.000000
4659,2015,7,14,3,0.000000,0.000000,0.000000,14.072520,10.051800,0.000000
4660,2015,7,14,4,0.000000,0.000000,0.000000,11.012120,7.865800,0.000000
4661,2015,7,14,5,0.000000,0.000000,0.000000,9.548630,6.820450,0.000000
4662,2015,7,14,6,0.000000,0.000000,0.000000,4.989600,3.564000,0.000000
4663,2015,7,14,7,0.000000,0.000000,0.000000,5.216190,3.725850,0.000000
4664,2015,7,14,8,0.000000,0.000000,0.000000,6.365450,4.546750,0.000000
4665,2015,7,14,9,0.000000,0.000000,0.000000,9.127580,6.519700,0.000000
4666,2015,7,14,10,0.000000,0.000000,0.000000,15.956500,11.397500,0.000000
4667,2015,7,14,11,0.000000,0.000000,0.000000,20.683040,14.773600,0.000000
4668,2015,7,14,12,0.000000,0.000000,0.000000,22.648640,16.177600,0.000000
4669,2015,7,14,13,0.000000,0.000000,0.000000,26.596640,18.997600,0.000000
4670,2015,7,14,14,0.000000,0.000000,0.000000,26.558630,18.970450,0.000000
4671,2015,7,14,15,0.000000,0.000000,0.000000,26.058480,18.613200,0.000000
4672,2015,7,14,16,0.000000,0.000000,0.000000,24.991960,17.851400,0.000000
4673,2015,7,14,17,0.000000,0.000000,0.000000,24.698450,17.641750,0.000000
4674,2015,7,14,18,0.000000,0.000000,0.000000,24.970610,17.836150,0.000000
4675,2015,7,14,19,0.000000,0.000000,0.000000,22.380820,15.986300,0.000000
4676,2015,7,14,20,0.000000,0.000000,0.000000,20.160770,14.400550,0.000000
4677,2015,7,14,21,0.000000,0.000000,0.000000,17.842090,12.744350,0.000000
4678,2015,7,14,22,0.000000,0.000000,0.000000,15.671530,11.193950,0.000000
4679,2015,7,14,23,0.000000,0.000000,0.000000,8.319710,5.942650,0.000000
4680,2015,7,14,24,0.000000,0.000000,0.000000,6.180650,4.414750,0.000000
4681,2015,7,15,1,0.000000,0.000000,0.000000,6.535270,4.668050,0.000000
4682,2015,7,15,2,0.000000,0.000000,0.000000,5.311040,3.793600,0.000000
4683,2015,7,15,3,0.000000,0.000000,0.000000,5.101950,3.644250,0.000000
4684,2015,7,15,4,0.000000,0.000000,0.000000,5.385800,3.847000,0.000000
4685,2015,7,15,5,0.000000,0.000000,0.000000,3.113740,2.224100,0.000000
4686,2015,7,15,6,0.000000,0.000000,0.000000,1.582070,1.130050,0.000000
4687,2015,7,15,7,0.000000,0.000000,0.000000,1.115800,0.797000,0.000000
4688,2015,7,15,8,0.000000,0.000000,0.000000,2.813860,2.009900,0.000000
4689,2015,7,15,9,0.000000,0.000000,0.000000,2.972480,2.123200,0.000000
4690,2015,7,15,10,0.000000,0.000000,0.000000,2.634030,1.881450,0.000000
4691,2015,7,15,11,0.000000,0.000000,0.000000,3.146990,2.247850,0.000000
4692,2015,7,15,12,0.000000,0.000000,0.000000,2.895760,2.068400,0.000000
4693,2015,7,15,13,0.000000,0.000000,0.000000,3.039820,2.171300,0.000000
4694,2015,7,15,14,0.000000,0.000000,0.000000,3.394580,2.424700,0.000000
4695,2015,7,15,15,0.000000,0.000000,0.000000,3.931340,2.808100,0.000000
4696,2015,7,15,16,0.000000,0.000000,0.000000,3.479000,2.485000,0.000000
4697,2015,7,15,17,0.000000,0.000000,0.000000,2.352280,1.680200,0.000000
4698,2015,7,15,18,0.000000,0.000000,0.000000,2.091390,1.493850,0.000000
4699,2015,7,15,19,0.000000,0.000000,0.000000,2.514750,1.796250,0.000000
4700,2015,7,15,20,0.000000,0.000000,0.000000,2.465330,1.760950,0.000000
4701,2015,7,15,21,0.000000,0.000000,0.000000,3.557190,2.540850,0.000000
4702,2015,7,15,22,0.000000,0.000000,0.000000,2.928100,2.091500,0.000000
4703,2015,7,15,23,0.000000,0.000000,0.000000,2.203110,1.573650,0.000000
4704,2015,7,15,24,0.000000,0.000000,0.000000,1.180760,0.843400,0.000000
4705,2015,7,16,1,0.000000,0.000000,0.000000,1.423310,1.016650,0.000000
4706,2015,7,16,2,0.000000,0.000000,0.000000,2.895900,2.068500,0.000000
4707,2015,7,16,3,0.000000,0.000000,0.000000,3.231200,2.308000,0.000000
4708,2015,7,16,4,0.000000,0.000000,0.000000,2.703610,1.931150,0.000000
4709,2015,7,16,5,0.000000,0.000000,0.000000,1.786820,1.276300,0.000000
4710,2015,7,16,6,0.000000,0.000000,0.000000,3.569300,2.549500,0.000000
4711,2015,7,16,7,0.000000,0.000000,0.000000,6.643980,4.745700,0.000000
4712,2015,7,16,8,0.000000,0.000000,0.000000,7.191590,5.136850,0.000000
4713,2015,7,16,9,0.000000,0.000000,0.000000,5.163760,3.688400,0.000000
4714,2015,7,16,10,0.000000,0.000000,0.000000,2.205210,1.575150,0.000000
4715,2015,7,16,11,0.000000,0.000000,0.000000,0.539700,0.385500,0.000000
4716,2015,7,16,12,0.000000,0.000000,0.000000,0.000000,0.000000,0.000000
4717,2015,7,16,13,0.000000,0.000000,0.000000,0.000000,0.000000,0.000000
4718,2015,7,16,14,0.000000,0.000000,0.000000,0.000000,0.000000,0.000000
4719,2015,7,16,15,0.000000,0.000000,0.000000,0.000000,0.000000,0.000000
4720,2015,7,16,16,0.000000,0.000000,0.000000,0.000000,0.000000,0.000000
4721,2015,7,16,17,0.000000,0.000000,0.000000,0.619150,0.442250,0.000000
4722,2015,7,16,18,0.000000,0.000000,0.000000,3.161970,2.258550,0.000000
4723,2015,7,16,19,0.000000,0.000000,0.000000,2.878400,2.056000,0.000000
4724,2015,7,16,20,0.000000,0.000000,0.000000,6.103230,4.359450,0.000000
4725,2015,7,16,21,0.000000,0.000000,0.000000,15.424990,11.017850,0.000000
4726,2015,7,16,22,0.000000,0.000000,0.000000,25.396490,18.140350,0.000000
4727,2015,7,16,23,0.000000,0.000000,0.000000,37.595040,26.853600,0.000000
4728,2015,7,16,24,0.000000,0.000000,0.000000,50.863190,36.330850,0.000000
4729,2015,7,17,1,0.000000,0.000000,0.000000,50.019970,35.728550,0.000000
4730,2015,7,17,2,0.000000,0.000000,0.000000,42.790020,30.564300,0.000000
4731,2015,7,17,3,0.000000,0.000000,0.000000,28.639100,20.456500,0.000000
4732,2015,7,17,4,0.000000,0.000000,0.000000,18.811870,13.437050,0.000000
4733,2015,7,17,5,0.000000,0.000000,0.000000,13.650840,9.750600,0.000000
4734,2015,7,17,6,0.000000,0.000000,0.000000,17.152380,12.251700,0.000000
4735,2015,7,17,7,0.000000,0.000000,0.000000,30.886730,22.061950,0.000000
4736,2015,7,17,8,0.000000,0.000000,0.000000,34.219080,24.442200,0.000000
4737,2015,7,17,9,0.000000,0.000000,0.000000,38.422930,27.444950,0.000000
4738,2015,7,17,10,0.000000,0.000000,0.000000,43.173200,30.838000,0.000000
4739,2015,7,17,11,0.000000,0.000000,0.000000,45.981880,32.844200,0.000000
4740,2015,7,17,12,0.000000,0.000000,0.000000,48.373990,34.552850,0.000000
4741,2015,7,17,13,0.000000,0.000000,0.000000,48.590710,34.707650,0.000000
4742,2015,7,17,14,0.000000,0.000000,0.000000,43.628270,31.163050,0.000000
4743,2015,7,17,15,0.000000,0.000000,0.000000,36.292690,25.923350,0.000000
4744,2015,7,17,16,0.000000,0.000000,0.000000,29.555680,21.111200,0.000000
4745,2015,7,17,17,0.000000,0.000000,0.000000,25.851490,18.465350,0.000000
4746,2015,7,17,18,0.000000,0.000000,0.000000,26.838420,19.170300,0.000000
4747,2015,7,17,19,0.000000,0.000000,0.000000,28.935690,20.668350,0.000000
4748,2015,7,17,20,0.000000,0.000000,0.000000,28.224210,20.160150,0.000000
4749,2015,7,17,21,0.000000,0.000000,0.000000,32.195730,22.996950,0.000000
4750,2015,7,17,22,0.000000,0.000000,0.000000,32.798360,23.427400,0.000000
4751,2015,7,17,23,0.000000,0.000000,0.000000,40.083610,28.631150,0.000000
4752,2015,7,17,24,0.000000,0.000000,0.000000,52.961790,37.829850,0.000000
4753,2015,7,18,1,0.000000,0.000000,0.000000,59.789380,42.706700,0.000000
4754,2015,7,18,2,0.000000,0.000000,0.000000,62.121850,44.372750,0.000000
4755,2015,7,18,3,0.000000,0.000000,0.000000,57.229340,40.878100,0.000000
4756,2015,7,18,4,0.000000,0.000000,0.000000,50.717590,36.226850,0.000000
4757,2015,7,18,5,0.000000,0.000000,0.000000,43.636460,31.168900,0.000000
4758,2015,7,18,6,0.000000,0.000000,0.000000,32.392150,23.137250,0.000000
4759,2015,7,18,7,0.000000,0.000000,0.000000,43.341830,30.958450,0.000000
4760,2015,7,18,8,0.000000,0.000000,0.000000,55.694520,39.781800,0.000000
4761,2015,7,18,9,0.000000,0.000000,0.000000,62.559630,44.685450,0.000000
4762,2015,7,18,10,0.000000,0.000000,0.000000,68.997460,49.283900,0.000000
4763,2015,7,18,11,0.000000,0.000000,0.000000,69.742820,49.816300,0.000000
4764,2015,7,18,12,0.000000,0.000000,0.000000,69.902980,49.930700,0.000000
4765,2015,7,18,13,0.000000,0.000000,0.000000,69.894860,49.924900,0.000000
4766,2015,7,18,14,0.000000,0.000000,0.000000,69.095950,49.354250,0.000000
4767,2015,7,18,15,0.000000,0.000000,0.000000,68.606720,49.004800,0.000000
4768,2015,7,18,16,0.000000,0.000000,0.000000,68.579700,48.985500,0.000000
4769,2015,7,18,17,0.000000,0.000000,0.000000,69.386450,49.561750,0.000000
4770,2015,7,18,18,0.000000,0.000000,0.000000,69.660360,49.757400,0.000000
4771,2015,7,18,19,0.000000,0.000000,0.000000,69.233780,49.452700,0.000000
4772,2015,7,18,20,0.000000,0.000000,0.000000,68.268550,48.763250,0.000000
4773,2015,7,18,21,0.000000,0.000000,0.000000,69.267520,49.476800,0.000000
4774,2015,7,18,22,0.000000,0.000000,0.000000,68.374110,48.838650,0.000000
4775,2015,7,18,23,0.000000,0.000000,0.000000,68.257700,48.755500,0.000000
4776,2015,7,18,24,0.000000,0.000000,0.000000,68.124070,48.660050,0.000000
4777,2015,7,19,1,0.000000,0.000000,0.000000,67.798010,48.427150,0.000000
4778,2015,7,19,2,0.000000,0.000000,0.000000,68.432770,48.880550,0.000000
4779,2015,7,19,3,0.000000,0.000000,0.000000,67.569460,48.263900,0.000000
4780,2015,7,19,4,0.000000,0.000000,0.000000,65.711730,46.936950,0.000000
4781,2015,7,19,5,0.000000,0.000000,0.000000,63.429590,45.306850,0.000000
4782,2015,7,19,6,0.000000,0.000000,0.000000,53.478740,38.199100,0.000000
4783,2015,7,19,7,0.000000,0.000000,0.000000,46.318370,33.084550,0.000000
4784,2015,7,19,8,0.000000,0.000000,0.000000,56.494830,40.353450,0.000000
4785,2015,7,19,9,0.000000,0.000000,0.000000,62.838440,44.884600,0.000000
4786,2015,7,19,10,0.000000,0.000000,0.000000,63.915600,45.654000,0.000000
4787,2015,7,19,11,0.000000,0.000000,0.000000,66.378270,47.413050,0.000000
4788,2015,7,19,12,0.000000,0.000000,0.000000,67.664310,48.331650,0.000000
4789,2015,7,19,13,0.000000,0.000000,0.000000,68.168520,48.691800,0.000000
4790,2015,7,19,14,0.000000,0.000000,0.000000,68.407360,48.862400,0.000000
4791,2015,7,19,15,0.000000,0.000000,0.000000,69.601070,49.715050,0.000000
4792,2015,7,19,16,0.000000,0.000000,0.000000,69.589940,49.707100,0.000000
4793,2015,7,19,17,0.000000,0.000000,0.000000,69.675830,49.768450,0.000000
4794,2015,7,19,18,0.000000,0.000000,0.000000,69.769910,49.835650,0.000000
4795,2015,7,19,19,0.000000,0.000000,0.000000,69.760600,49.829000,0.000000
4796,2015,7,19,20,0.000000,0.000000,0.000000,69.847540,49.891100,0.000000
4797,2015,7,19,21,0.000000,0.000000,0.000000,69.907880,49.934200,0.000000
4798,2015,7,19,22,0.000000,0.000000,0.000000,69.939100,49.956500,0.000000
4799,2015,7,19,23,0.000000,0.000000,0.000000,69.961780,49.972700,0.000000
4800,2015,7,19,24,0.000000,0.000000,0.000000,69.959470,49.971050,0.000000
4801,2015,7,20,1,0.000000,0.000000,0.000000,69.974100,49.981500,0.000000
4802,2015,7,20,2,0.000000,0.000000,0.000000,69.980260,49.985900,0.000000
4803,2015,7,20,3,0.000000,0.000000,0.000000,69.984530,49.988950,0.000000
4804,2015,7,20,4,0.000000,0.000000,0.000000,69.983760,49.988400,0.000000
4805,2015,7,20,5,0.000000,0.000000,0.000000,69.981240,49.986600,0.000000
4806,2015,7,20,6,0.000000,0.000000,0.000000,69.953240,49.966600,0.000000
4807,2015,7,20,7,0.000000,0.000000,0.000000,69.909140,49.935100,0.000000
4808,2015,7,20,8,0.000000,0.000000,0.000000,69.921740,49.944100,0.000000
4809,2015,7,20,9,0.000000,0.000000,0.000000,68.907790,49.219850,0.000000
4810,2015,7,20,10,0.000000,0.000000,0.000000,53.272940,38.052100,0.000000
4811,2015,7,20,11,0.000000,0.000000,0.000000,41.762980,29.830700,0.000000
4812,2015,7,20,12,0.000000,0.000000,0.000000,31.267670,22.334050,0.000000
4813,2015,7,20,13,0.000000,0.000000,0.000000,26.373620,18.838300,0.000000
4814,2015,7,20,14,0.000000,0.000000,0.000000,29.061410,20.758150,0.000000
4815,2015,7,20,15,0.000000,0.000000,0.000000,38.321430,27.372450,0.000000
4816,2015,7,20,16,0.000000,0.000000,0.000000,49.621180,35.443700,0.000000
4817,2015,7,20,17,0.000000,0.000000,0.000000,54.055260,38.610900,0.000000
4818,2015,7,20,18,0.000000,0.000000,0.000000,55.595470,39.711050,0.000000
4819,2015,7,20,19,0.000000,0.000000,0.000000,61.120780,43.657700,0.000000
4820,2015,7,20,20,0.000000,0.000000,0.000000,61.984230,44.274450,0.000000
4821,2015,7,20,21,0.000000,0.000000,0.000000,60.817610,43.441150,0.000000
4822,2015,7,20,22,0.000000,0.000000,0.000000,63.938000,45.670000,0.000000
4823,2015,7,20,23,0.000000,0.000000,0.000000,65.347660,46.676900,0.000000
4824,2015,7,20,24,0.000000,0.000000,0.000000,67.771970,48.408550,0.000000
4825,2015,7,21,1,0.000000,0.000000,0.000000,64.999830,46.428450,0.000000
4826,2015,7,21,2,0.000000,0.000000,0.000000,62.492430,44.637450,0.000000
4827,2015,7,21,3,0.000000,0.000000,0.000000,68.944820,49.246300,0.000000
4828,2015,7,21,4,0.000000,0.000000,0.000000,68.862430,49.187450,0.000000
4829,2015,7,21,5,0.000000,0.000000,0.000000,68.639130,49.027950,0.000000
4830,2015,7,21,6,0.000000,0.000000,0.000000,65.398760,46.713400,0.000000
4831,2015,7,21,7,0.000000,0.000000,0.000000,65.297960,46.641400,0.000000
4832,2015,7,21,8,0.000000,0.000000,0.000000,67.377940,48.127100,0.000000
4833,2015,7,21,9,0.000000,0.000000,0.000000,67.855200,48.468000,0.000000
4834,2015,7,21,10,0.000000,0.000000,0.000000,68.352550,48.823250,0.000000
4835,2015,7,21,11,0.000000,0.000000,0.000000,67.821390,48.443850,0.000000
4836,2015,7,21,12,0.000000,0.000000,0.000000,67.742430,48.387450,0.000000
4837,2015,7,21,13,0.000000,0.000000,0.000000,64.723330,46.230950,0.000000
4838,2015,7,21,14,0.000000,0.000000,0.000000,63.804860,45.574900,0.000000
4839,2015,7,21,15,0.000000,0.000000,0.000000,65.121840,46.515600,0.000000
4840,2015,7,21,16,0.000000,0.000000,0.000000,55.314280,39.510200,0.000000
4841,2015,7,21,17,0.000000,0.000000,0.000000,51.269470,36.621050,0.000000
4842,2015,7,21,18,0.000000,0.000000,0.000000,48.041980,34.315700,0.000000
4843,2015,7,21,19,0.000000,0.000000,0.000000,48.560820,34.686300,0.000000
4844,2015,7,21,20,0.000000,0.000000,0.000000,54.676300,39.054500,0.000000
4845,2015,7,21,21,0.000000,0.000000,0.000000,55.011180,39.293700,0.000000
4846,2015,7,21,22,0.000000,0.000000,0.000000,50.926610,36.376150,0.000000
4847,2015,7,21,23,0.000000,0.000000,0.000000,57.281280,40.915200,0.000000
4848,2015,7,21,24,0.000000,0.000000,0.000000,59.234770,42.310550,0.000000
4849,2015,7,22,1,0.000000,0.000000,0.000000,63.246260,45.175900,0.000000
4850,2015,7,22,2,0.000000,0.000000,0.000000,60.586540,43.276100,0.000000
4851,2015,7,22,3,0.000000,0.000000,0.000000,47.705420,34.075300,0.000000
4852,2015,7,22,4,0.000000,0.000000,0.000000,26.576410,18.983150,0.000000
4853,2015,7,22,5,0.000000,0.000000,0.000000,54.260430,38.757450,0.000000
4854,2015,7,22,6,0.000000,0.000000,0.000000,42.349160,30.249400,0.000000
4855,2015,7,22,7,0.000000,0.000000,0.000000,60.663750,43.331250,0.000000
4856,2015,7,22,8,0.000000,0.000000,0.000000,69.503280,49.645200,0.000000
4857,2015,7,22,9,0.000000,0.000000,0.000000,64.198190,45.855850,0.000000
4858,2015,7,22,10,0.000000,0.000000,0.000000,65.431030,46.736450,0.000000
4859,2015,7,22,11,0.000000,0.000000,0.000000,69.076280,49.340200,0.000000
4860,2015,7,22,12,0.000000,0.000000,0.000000,69.476960,49.626400,0.000000
4861,2015,7,22,13,0.000000,0.000000,0.000000,69.661620,49.758300,0.000000
4862,2015,7,22,14,0.000000,0.000000,0.000000,69.659380,49.756700,0.000000
4863,2015,7,22,15,0.000000,0.000000,0.000000,68.936210,49.240150,0.000000
4864,2015,7,22,16,0.000000,0.000000,0.000000,64.780870,46.272050,0.000000
4865,2015,7,22,17,0.000000,0.000000,0.000000,63.460320,45.328800,0.000000
4866,2015,7,22,18,0.000000,0.000000,0.000000,58.363410,41.688150,0.000000
4867,2015,7,22,19,0.000000,0.000000,0.000000,53.977560,38.555400,0.000000
4868,2015,7,22,20,0.000000,0.000000,0.000000,63.978460,45.698900,0.000000
4869,2015,7,22,21,0.000000,0.000000,0.000000,62.685770,44.775550,0.000000
4870,2015,7,22,22,0.000000,0.000000,0.000000,52.839290,37.742350,0.000000
4871,2015,7,22,23,0.000000,0.000000,0.000000,42.234220,30.167300,0.000000
4872,2015,7,22,24,0.000000,0.000000,0.000000,32.471600,23.194000,0.000000
4873,2015,7,23,1,0.000000,0.000000,0.000000,29.377740,20.984100,0.000000
4874,2015,7,23,2,0.000000,0.000000,0.000000,22.257130,15.897950,0.000000
4875,2015,7,23,3,0.000000,0.000000,0.000000,13.580280,9.700200,0.000000
4876,2015,7,23,4,0.000000,0.000000,0.000000,9.376850,6.697750,0.000000
4877,2015,7,23,5,0.000000,0.000000,0.000000,6.135080,4.382200,0.000000
4878,2015,7,23,6,0.000000,0.000000,0.000000,5.580260,3.985900,0.000000
4879,2015,7,23,7,0.000000,0.000000,0.000000,7.629930,5.449950,0.000000
4880,2015,7,23,8,0.000000,0.000000,0.000000,6.310150,4.507250,0.000000
4881,2015,7,23,9,0.000000,0.000000,0.000000,4.196990,2.997850,0.000000
4882,2015,7,23,10,0.000000,0.000000,0.000000,3.763550,2.688250,0.000000
4883,2015,7,23,11,0.000000,0.000000,0.000000,4.176410,2.983150,0.000000
4884,2015,7,23,12,0.000000,0.000000,0.000000,4.508910,3.220650,0.000000
4885,2015,7,23,13,0.000000,0.000000,0.000000,8.097600,5.784000,0.000000
4886,2015,7,23,14,0.000000,0.000000,0.000000,8.489880,6.064200,0.000000
4887,2015,7,23,15,0.000000,0.000000,0.000000,13.694450,9.781750,0.000000
4888,2015,7,23,16,0.000000,0.000000,0.000000,17.529610,12.521150,0.000000
4889,2015,7,23,17,0.000000,0.000000,0.000000,20.709920,14.792800,0.000000
4890,2015,7,23,18,0.000000,0.000000,0.000000,12.666220,9.047300,0.000000
4891,2015,7,23,19,0.000000,0.000000,0.000000,14.482790,10.344850,0.000000
4892,2015,7,23,20,0.000000,0.000000,0.000000,14.538930,10.384950,0.000000
4893,2015,7,23,21,0.000000,0.000000,0.000000,17.425730,12.446950,0.000000
4894,2015,7,23,22,0.000000,0.000000,0.000000,16.053520,11.466800,0.000000
4895,2015,7,23,23,0.000000,0.000000,0.000000,12.744550,9.103250,0.000000
4896,2015,7,23,24,0.000000,0.000000,0.000000,11.774140,8.410100,0.000000
4897,2015,7,24,1,0.000000,0.000000,0.000000,17.049760,12.178400,0.000000
4898,2015,7,24,2,0.000000,0.000000,0.000000,23.300830,16.643450,0.000000
4899,2015,7,24,3,0.000000,0.000000,0.000000,31.378970,22.413550,0.000000
4900,2015,7,24,4,0.000000,0.000000,0.000000,31.198790,22.284850,0.000000
4901,2015,7,24,5,0.000000,0.000000,0.000000,29.652980,21.180700,0.000000
4902,2015,7,24,6,0.000000,0.000000,0.000000,19.808950,14.149250,0.000000
4903,2015,7,24,7,0.000000,0.000000,0.000000,31.585960,22.561400,0.000000
4904,2015,7,24,8,0.000000,0.000000,0.000000,50.674400,36.196000,0.000000
4905,2015,7,24,9,0.000000,0.000000,0.000000,61.075420,43.625300,0.000000
4906,2015,7,24,10,0.000000,0.000000,0.000000,66.207890,47.291350,0.000000
4907,2015,7,24,11,0.000000,0.000000,0.000000,67.889850,48.492750,0.000000
4908,2015,7,24,12,0.000000,0.000000,0.000000,68.858860,49.184900,0.000000
4909,2015,7,24,13,0.000000,0.000000,0.000000,69.037710,49.312650,0.000000
4910,2015,7,24,14,0.000000,0.000000,0.000000,68.103070,48.645050,0.000000
4911,2015,7,24,15,0.000000,0.000000,0.000000,66.865890,47.761350,0.000000
4912,2015,7,24,16,0.000000,0.000000,0.000000,60.301500,43.072500,0.000000
4913,2015,7,24,17,0.000000,0.000000,0.000000,54.039020,38.599300,0.000000
4914,2015,7,24,18,0.000000,0.000000,0.000000,51.686810,36.919150,0.000000
4915,2015,7,24,19,0.000000,0.000000,0.000000,44.669240,31.906600,0.000000
4916,2015,7,24,20,0.000000,0.000000,0.000000,40.040070,28.600050,0.000000
4917,2015,7,24,21,0.000000,0.000000,0.000000,34.107150,24.362250,0.000000
4918,2015,7,24,22,0.000000,0.000000,0.000000,28.911750,20.651250,0.000000
4919,2015,7,24,23,0.000000,0.000000,0.000000,17.528700,12.520500,0.000000
4920,2015,7,24,24,0.000000,0.000000,0.000000,14.845530,10.603950,0.000000
4921,2015,7,25,1,0.000000,0.000000,0.000000,14.419370,10.299550,0.000000
4922,2015,7,25,2,0.000000,0.000000,0.000000,11.854150,8.467250,0.000000
4923,2015,7,25,3,0.000000,0.000000,0.000000,9.979060,7.127900,0.000000
4924,2015,7,25,4,0.000000,0.000000,0.000000,7.048440,5.034600,0.000000
4925,2015,7,25,5,0.000000,0.000000,0.000000,3.696000,2.640000,0.000000
4926,2015,7,25,6,0.000000,0.000000,0.000000,0.717990,0.512850,0.000000
4927,2015,7,25,7,0.000000,0.000000,0.000000,0.000000,0.000000,0.000000
4928,2015,7,25,8,0.000000,0.000000,0.000000,0.000000,0.000000,0.000000
4929,2015,7,25,9,0.000000,0.000000,0.000000,4.877530,3.483950,0.000000
4930,2015,7,25,10,0.000000,0.000000,0.000000,6.938540,4.956100,0.000000
4931,2015,7,25,11,0.000000,0.000000,0.000000,12.630030,9.021450,0.000000
4932,2015,7,25,12,0.000000,0.000000,0.000000,22.919960,16.371400,0.000000
4933,2015,7,25,13,0.000000,0.000000,0.000000,25.274970,18.053550,0.000000
4934,2015,7,25,14,0.000000,0.000000,0.000000,29.222620,20.873300,0.000000
4935,2015,7,25,15,0.000000,0.000000,0.000000,35.780360,25.557400,0.000000
4936,2015,7,25,16,0.000000,0.000000,0.000000,38.096450,27.211750,0.000000
4937,2015,7,25,17,0.000000,0.000000,0.000000,37.635290,26.882350,0.000000
4938,2015,7,25,18,0.000000,0.000000,0.000000,37.072140,26.480100,0.000000
4939,2015,7,25,19,0.000000,0.000000,0.000000,36.327900,25.948500,0.000000
4940,2015,7,25,20,0.000000,0.000000,0.000000,32.774700,23.410500,0.000000
4941,2015,7,25,21,0.000000,0.000000,0.000000,35.887530,25.633950,0.000000
4942,2015,7,25,22,0.000000,0.000000,0.000000,36.312220,25.937300,0.000000
4943,2015,7,25,23,0.000000,0.000000,0.000000,37.397710,26.712650,0.000000
4944,2015,7,25,24,0.000000,0.000000,0.000000,42.377230,30.269450,0.000000
4945,2015,7,26,1,0.000000,0.000000,0.000000,40.441240,28.886600,0.000000
4946,2015,7,26,2,0.000000,0.000000,0.000000,48.426490,34.590350,0.000000
4947,2015,7,26,3,0.000000,0.000000,0.000000,49.132230,35.094450,0.000000
4948,2015,7,26,4,0.000000,0.000000,0.000000,51.664550,36.903250,0.000000
4949,2015,7,26,5,0.000000,0.000000,0.000000,39.199440,27.999600,0.000000
4950,2015,7,26,6,0.000000,0.000000,0.000000,22.741460,16.243900,0.000000
4951,2015,7,26,7,0.000000,0.000000,0.000000,22.605240,16.146600,0.000000
4952,2015,7,26,8,0.000000,0.000000,0.000000,30.405550,21.718250,0.000000
4953,2015,7,26,9,0.000000,0.000000,0.000000,43.192800,30.852000,0.000000
4954,2015,7,26,10,0.000000,0.000000,0.000000,52.808000,37.720000,0.000000
4955,2015,7,26,11,0.000000,0.000000,0.000000,53.223730,38.016950,0.000000
4956,2015,7,26,12,0.000000,0.000000,0.000000,56.441980,40.315700,0.000000
4957,2015,7,26,13,0.000000,0.000000,0.000000,56.086590,40.061850,0.000000
4958,2015,7,26,14,0.000000,0.000000,0.000000,57.647450,41.176750,0.000000
4959,2015,7,26,15,0.000000,0.000000,0.000000,55.807500,39.862500,0.000000
4960,2015,7,26,16,0.000000,0.000000,0.000000,56.442050,40.315750,0.000000
4961,2015,7,26,17,0.000000,0.000000,0.000000,60.137980,42.955700,0.000000
4962,2015,7,26,18,0.000000,0.000000,0.000000,60.066300,42.904500,0.000000
4963,2015,7,26,19,0.000000,0.000000,0.000000,59.154760,42.253400,0.000000
4964,2015,7,26,20,0.000000,0.000000,0.000000,64.036910,45.740650,0.000000
4965,2015,7,26,21,0.000000,0.000000,0.000000,66.487120,47.490800,0.000000
4966,2015,7,26,22,0.000000,0.000000,0.000000,66.884160,47.774400,0.000000
4967,2015,7,26,23,0.000000,0.000000,0.000000,66.426430,47.447450,0.000000
4968,2015,7,26,24,0.000000,0.000000,0.000000,67.483500,48.202500,0.000000
4969,2015,7,27,1,0.000000,0.000000,0.000000,68.671610,49.051150,0.000000
4970,2015,7,27,2,0.000000,0.000000,0.000000,67.849180,48.463700,0.000000
4971,2015,7,27,3,0.000000,0.000000,0.000000,65.684430,46.917450,0.000000
4972,2015,7,27,4,0.000000,0.000000,0.000000,57.943340,41.388100,0.000000
4973,2015,7,27,5,0.000000,0.000000,0.000000,58.824360,42.017400,0.000000
4974,2015,7,27,6,0.000000,0.000000,0.000000,56.395220,40.282300,0.000000
4975,2015,7,27,7,0.000000,0.000000,0.000000,50.827420,36.305300,0.000000
4976,2015,7,27,8,0.000000,0.000000,0.000000,57.116640,40.797600,0.000000
4977,2015,7,27,9,0.000000,0.000000,0.000000,60.709740,43.364100,0.000000
4978,2015,7,27,10,0.000000,0.000000,0.000000,49.976290,35.697350,0.000000
4979,2015,7,27,11,0.000000,0.000000,0.000000,45.455130,32.467950,0.000000
4980,2015,7,27,12,0.000000,0.000000,0.000000,50.952230,36.394450,0.000000
4981,2015,7,27,13,0.000000,0.000000,0.000000,58.533790,41.809850,0.000000
4982,2015,7,27,14,0.000000,0.000000,0.000000,59.527650,42.519750,0.000000
4983,2015,7,27,15,0.000000,0.000000,0.000000,56.731780,40.522700,0.000000
4984,2015,7,27,16,0.000000,0.000000,0.000000,54.092850,38.637750,0.000000
4985,2015,7,27,17,0.000000,0.000000,0.000000,53.900770,38.500550,0.000000
4986,2015,7,27,18,0.000000,0.000000,0.000000,56.664020,40.474300,0.000000
4987,2015,7,27,19,0.000000,0.000000,0.000000,57.662850,41.187750,0.000000
4988,2015,7,27,20,0.000000,0.000000,0.000000,60.722060,43.372900,0.000000
4989,2015,7,27,21,0.000000,0.000000,0.000000,63.938980,45.670700,0.000000
4990,2015,7,27,22,0.000000,0.000000,0.000000,64.079120,45.770800,0.000000
4991,2015,7,27,23,0.000000,0.000000,0.000000,64.628130,46.162950,0.000000
4992,2015,7,27,24,0.000000,0.000000,0.000000,63.772170,45.551550,0.000000
4993,2015,7,28,1,0.000000,0.000000,0.000000,63.290500,45.207500,0.000000
4994,2015,7,28,2,0.000000,0.000000,0.000000,65.397150,46.712250,0.000000
4995,2015,7,28,3,0.000000,0.000000,0.000000,65.581810,46.844150,0.000000
4996,2015,7,28,4,0.000000,0.000000,0.000000,65.296910,46.640650,0.000000
4997,2015,7,28,5,0.000000,0.000000,0.000000,63.844410,45.603150,0.000000
4998,2015,7,28,6,0.000000,0.000000,0.000000,61.268410,43.763150,0.000000
4999,2015,7,28,7,0.000000,0.000000,0.000000,62.006700,44.290500,0.000000
5000,2015,7,28,8,0.000000,0.000000,0.000000,66.288110,47.348650,0.000000
5001,2015,7,28,9,0.000000,0.000000,0.000000,66.396330,47.425950,0.000000
5002,2015,7,28,10,0.000000,0.000000,0.000000,65.748270,46.963050,0.000000
5003,2015,7,28,11,0.000000,0.000000,0.000000,66.416840,47.440600,0.000000
5004,2015,7,28,12,0.000000,0.000000,0.000000,67.808020,48.434300,0.000000
5005,2015,7,28,13,0.000000,0.000000,0.000000,69.023570,49.302550,0.000000
5006,2015,7,28,14,0.000000,0.000000,0.000000,68.940130,49.242950,0.000000
5007,2015,7,28,15,0.000000,0.000000,0.000000,68.502420,48.930300,0.000000
5008,2015,7,28,16,0.000000,0.000000,0.000000,67.521790,48.229850,0.000000
5009,2015,7,28,17,0.000000,0.000000,0.000000,66.685920,47.632800,0.000000
5010,2015,7,28,18,0.000000,0.000000,0.000000,63.576800,45.412000,0.000000
5011,2015,7,28,19,0.000000,0.000000,0.000000,62.736240,44.811600,0.000000
5012,2015,7,28,20,0.000000,0.000000,0.000000,57.711500,41.222500,0.000000
5013,2015,7,28,21,0.000000,0.000000,0.000000,51.319310,36.656650,0.000000
5014,2015,7,28,22,0.000000,0.000000,0.000000,46.800460,33.428900,0.000000
5015,2015,7,28,23,0.000000,0.000000,0.000000,42.250180,30.178700,0.000000
5016,2015,7,28,24,0.000000,0.000000,0.000000,44.098040,31.498600,0.000000
5017,2015,7,29,1,0.000000,0.000000,0.000000,46.344900,33.103500,0.000000
5018,2015,7,29,2,0.000000,0.000000,0.000000,48.141870,34.387050,0.000000
5019,2015,7,29,3,0.000000,0.000000,0.000000,54.155710,38.682650,0.000000
5020,2015,7,29,4,0.000000,0.000000,0.000000,54.797820,39.141300,0.000000
5021,2015,7,29,5,0.000000,0.000000,0.000000,53.488750,38.206250,0.000000
5022,2015,7,29,6,0.000000,0.000000,0.000000,54.132400,38.666000,0.000000
5023,2015,7,29,7,0.000000,0.000000,0.000000,45.913350,32.795250,0.000000
5024,2015,7,29,8,0.000000,0.000000,0.000000,41.408570,29.577550,0.000000
5025,2015,7,29,9,0.000000,0.000000,0.000000,43.450330,31.035950,0.000000
5026,2015,7,29,10,0.000000,0.000000,0.000000,50.719060,36.227900,0.000000
5027,2015,7,29,11,0.000000,0.000000,0.000000,45.897110,32.783650,0.000000
5028,2015,7,29,12,0.000000,0.000000,0.000000,37.154950,26.539250,0.000000
5029,2015,7,29,13,0.000000,0.000000,0.000000,38.991890,27.851350,0.000000
5030,2015,7,29,14,0.000000,0.000000,0.000000,43.540070,31.100050,0.000000
5031,2015,7,29,15,0.000000,0.000000,0.000000,54.717040,39.083600,0.000000
5032,2015,7,29,16,0.000000,0.000000,0.000000,61.157880,43.684200,0.000000
5033,2015,7,29,17,0.000000,0.000000,0.000000,62.265560,44.475400,0.000000
5034,2015,7,29,18,0.000000,0.000000,0.000000,62.628440,44.734600,0.000000
5035,2015,7,29,19,0.000000,0.000000,0.000000,62.091400,44.351000,0.000000
5036,2015,7,29,20,0.000000,0.000000,0.000000,62.279210,44.485150,0.000000
5037,2015,7,29,21,0.000000,0.000000,0.000000,63.618520,45.441800,0.000000
5038,2015,7,29,22,0.000000,0.000000,0.000000,65.916760,47.083400,0.000000
5039,2015,7,29,23,0.000000,0.000000,0.000000,67.794370,48.424550,0.000000
5040,2015,7,29,24,0.000000,0.000000,0.000000,68.945730,49.246950,0.000000
5041,2015,7,30,1,0.000000,0.000000,0.000000,69.010340,49.293100,0.000000
5042,2015,7,30,2,0.000000,0.000000,0.000000,69.123600,49.374000,0.000000
5043,2015,7,30,3,0.000000,0.000000,0.000000,69.252820,49.466300,0.000000
5044,2015,7,30,4,0.000000,0.000000,0.000000,66.954580,47.824700,0.000000
5045,2015,7,30,5,0.000000,0.000000,0.000000,65.403030,46.716450,0.000000
5046,2015,7,30,6,0.000000,0.000000,0.000000,65.970870,47.122050,0.000000
5047,2015,7,30,7,0.000000,0.000000,0.000000,67.738580,48.384700,0.000000
5048,2015,7,30,8,0.000000,0.000000,0.000000,67.290790,48.064850,0.000000
5049,2015,7,30,9,0.000000,0.000000,0.000000,67.504080,48.217200,0.000000
5050,2015,7,30,10,0.000000,0.000000,0.000000,67.450390,48.178850,0.000000
5051,2015,7,30,11,0.000000,0.000000,0.000000,64.727250,46.233750,0.000000
5052,2015,7,30,12,0.000000,0.000000,0.000000,62.493760,44.638400,0.000000
5053,2015,7,30,13,0.000000,0.000000,0.000000,49.917210,35.655150,0.000000
5054,2015,7,30,14,0.000000,0.000000,0.000000,30.900030,22.071450,0.000000
5055,2015,7,30,15,0.000000,0.000000,0.000000,20.364610,14.546150,0.000000
5056,2015,7,30,16,0.000000,0.000000,0.000000,20.020490,14.300350,0.000000
5057,2015,7,30,17,0.000000,0.000000,0.000000,23.727060,16.947900,0.000000
5058,2015,7,30,18,0.000000,0.000000,0.000000,27.823180,19.873700,0.000000
5059,2015,7,30,19,0.000000,0.000000,0.000000,29.906660,21.361900,0.000000
5060,2015,7,30,20,0.000000,0.000000,0.000000,27.694450,19.781750,0.000000
5061,2015,7,30,21,0.000000,0.000000,0.000000,28.341460,20.243900,0.000000
5062,2015,7,30,22,0.000000,0.000000,0.000000,25.772530,18.408950,0.000000
5063,2015,7,30,23,0.000000,0.000000,0.000000,24.127740,17.234100,0.000000
5064,2015,7,30,24,0.000000,0.000000,0.000000,43.245930,30.889950,0.000000
5065,2015,7,31,1,0.000000,0.000000,0.000000,58.113440,41.509600,0.000000
5066,2015,7,31,2,0.000000,0.000000,0.000000,64.865360,46.332400,0.000000
5067,2015,7,31,3,0.000000,0.000000,0.000000,67.842530,48.458950,0.000000
5068,2015,7,31,4,0.000000,0.000000,0.000000,66.061590,47.186850,0.000000
5069,2015,7,31,5,0.000000,0.000000,0.000000,61.324270,43.803050,0.000000
5070,2015,7,31,6,0.000000,0.000000,0.000000,52.578820,37.556300,0.000000
5071,2015,7,31,7,0.000000,0.000000,0.000000,44.022300,31.444500,0.000000
5072,2015,7,31,8,0.000000,0.000000,0.000000,45.059490,32.185350,0.000000
5073,2015,7,31,9,0.000000,0.000000,0.000000,54.327000,38.805000,0.000000
5074,2015,7,31,10,0.000000,0.000000,0.000000,52.165820,37.261300,0.000000
5075,2015,7,31,11,0.000000,0.000000,0.000000,45.624530,32.588950,0.000000
5076,2015,7,31,12,0.000000,0.000000,0.000000,45.606260,32.575900,0.000000
5077,2015,7,31,13,0.000000,0.000000,0.000000,50.477910,36.055650,0.000000
5078,2015,7,31,14,0.000000,0.000000,0.000000,51.371390,36.693850,0.000000
5079,2015,7,31,15,0.000000,0.000000,0.000000,63.181300,45.129500,0.000000
5080,2015,7,31,16,0.000000,0.000000,0.000000,65.631790,46.879850,0.000000
5081,2015,7,31,17,0.000000,0.000000,0.000000,67.335660,48.096900,0.000000
5082,2015,7,31,18,0.000000,0.000000,0.000000,66.878280,47.770200,0.000000
5083,2015,7,31,19,0.000000,0.000000,0.000000,68.753020,49.109300,0.000000
5084,2015,7,31,20,0.000000,0.000000,0.000000,69.079220,49.342300,0.000000
5085,2015,7,31,21,0.000000,0.000000,0.000000,67.266220,48.047300,0.000000
5086,2015,7,31,22,0.000000,0.000000,0.000000,67.544890,48.246350,0.000000
5087,2015,7,31,23,0.000000,0.000000,0.000000,68.183920,48.702800,0.000000
5088,2015,7,31,24,0.000000,0.000000,0.000000,68.589080,48.992200,0.000000
5089,2015,8,1,1,0.000000,0.000000,0.000000,69.009150,49.292250,0.000000
5090,2015,8,1,2,0.000000,0.000000,0.000000,69.128920,49.377800,0.000000
5091,2015,8,1,3,0.000000,0.000000,0.000000,68.864670,49.189050,0.000000
5092,2015,8,1,4,0.000000,0.000000,0.000000,67.571000,48.265000,0.000000
5093,2015,8,1,5,0.000000,0.000000,0.000000,66.093020,47.209300,0.000000
5094,2015,8,1,6,0.000000,0.000000,0.000000,65.741410,46.958150,0.000000
5095,2015,8,1,7,0.000000,0.000000,0.000000,62.080270,44.343050,0.000000
5096,2015,8,1,8,0.000000,0.000000,0.000000,60.192090,42.994350,0.000000
5097,2015,8,1,9,0.000000,0.000000,0.000000,56.931350,40.665250,0.000000
5098,2015,8,1,10,0.000000,0.000000,0.000000,49.933940,35.667100,0.000000
5099,2015,8,1,11,0.000000,0.000000,0.000000,42.374640,30.267600,0.000000
5100,2015,8,1,12,0.000000,0.000000,0.000000,43.497300,31.069500,0.000000
5101,2015,8,1,13,0.000000,0.000000,0.000000,41.972630,29.980450,0.000000
5102,2015,8,1,14,0.000000,0.000000,0.000000,42.666330,30.475950,0.000000
5103,2015,8,1,15,0.000000,0.000000,0.000000,48.119470,34.371050,0.000000
5104,2015,8,1,16,0.000000,0.000000,0.000000,43.965320,31.403800,0.000000
5105,2015,8,1,17,0.000000,0.000000,0.000000,47.876920,34.197800,0.000000
5106,2015,8,1,18,0.000000,0.000000,0.000000,48.544020,34.674300,0.000000
5107,2015,8,1,19,0.000000,0.000000,0.000000,51.782010,36.987150,0.000000
5108,2015,8,1,20,0.000000,0.000000,0.000000,62.248760,44.463400,0.000000
5109,2015,8,1,21,0.000000,0.000000,0.000000,63.754390,45.538850,0.000000
5110,2015,8,1,22,0.000000,0.000000,0.000000,65.809310,47.006650,0.000000
5111,2015,8,1,23,0.000000,0.000000,0.000000,66.144120,47.245800,0.000000
5112,2015,8,1,24,0.000000,0.000000,0.000000,68.194490,48.710350,0.000000
5113,2015,8,2,1,0.000000,0.000000,0.000000,67.824470,48.446050,0.000000
5114,2015,8,2,2,0.000000,0.000000,0.000000,68.109790,48.649850,0.000000
5115,2015,8,2,3,0.000000,0.000000,0.000000,68.490520,48.921800,0.000000
5116,2015,8,2,4,0.000000,0.000000,0.000000,69.083140,49.345100,0.000000
5117,2015,8,2,5,0.000000,0.000000,0.000000,68.443970,48.888550,0.000000
5118,2015,8,2,6,0.000000,0.000000,0.000000,67.595080,48.282200,0.000000
5119,2015,8,2,7,0.000000,0.000000,0.000000,67.206440,48.004600,0.000000
5120,2015,8,2,8,0.000000,0.000000,0.000000,69.740930,49.814950,0.000000
5121,2015,8,2,9,0.000000,0.000000,0.000000,69.897310,49.926650,0.000000
5122,2015,8,2,10,0.000000,0.000000,0.000000,69.973610,49.981150,0.000000
5123,2015,8,2,11,0.000000,0.000000,0.000000,69.989640,49.992600,0.000000
5124,2015,8,2,12,0.000000,0.000000,0.000000,70.000000,50.000000,0.000000
5125,2015,8,2,13,0.000000,0.000000,0.000000,69.996920,49.997800,0.000000
5126,2015,8,2,14,0.000000,0.000000,0.000000,70.000000,50.000000,0.000000
5127,2015,8,2,15,0.000000,0.000000,0.000000,69.997690,49.998350,0.000000
5128,2015,8,2,16,0.000000,0.000000,0.000000,69.300560,49.500400,0.000000
5129,2015,8,2,17,0.000000,0.000000,0.000000,68.873770,49.195550,0.000000
5130,2015,8,2,18,0.000000,0.000000,0.000000,67.247110,48.033650,0.000000
5131,2015,8,2,19,0.000000,0.000000,0.000000,67.976440,48.554600,0.000000
5132,2015,8,2,20,0.000000,0.000000,0.000000,69.236160,49.454400,0.000000
5133,2015,8,2,21,0.000000,0.000000,0.000000,64.699740,46.214100,0.000000
5134,2015,8,2,22,0.000000,0.000000,0.000000,65.721180,46.943700,0.000000
5135,2015,8,2,23,0.000000,0.000000,0.000000,69.989500,49.992500,0.000000
5136,2015,8,2,24,0.000000,0.000000,0.000000,69.893390,49.923850,0.000000
5137,2015,8,3,1,0.000000,0.000000,0.000000,69.238610,49.456150,0.000000
5138,2015,8,3,2,0.000000,0.000000,0.000000,68.628350,49.020250,0.000000
5139,2015,8,3,3,0.000000,0.000000,0.000000,65.792090,46.994350,0.000000
5140,2015,8,3,4,0.000000,0.000000,0.000000,61.540010,43.957150,0.000000
5141,2015,8,3,5,0.000000,0.000000,0.000000,47.631360,34.022400,0.000000
5142,2015,8,3,6,0.000000,0.000000,0.000000,30.074870,21.482050,0.000000
5143,2015,8,3,7,0.000000,0.000000,0.000000,21.000700,15.000500,0.000000
5144,2015,8,3,8,0.000000,0.000000,0.000000,22.900290,16.357350,0.000000
5145,2015,8,3,9,0.000000,0.000000,0.000000,25.073090,17.909350,0.000000
5146,2015,8,3,10,0.000000,0.000000,0.000000,36.314390,25.938850,0.000000
5147,2015,8,3,11,0.000000,0.000000,0.000000,49.919030,35.656450,0.000000
5148,2015,8,3,12,0.000000,0.000000,0.000000,60.314310,43.081650,0.000000
5149,2015,8,3,13,0.000000,0.000000,0.000000,62.559490,44.685350,0.000000
5150,2015,8,3,14,0.000000,0.000000,0.000000,65.461760,46.758400,0.000000
5151,2015,8,3,15,0.000000,0.000000,0.000000,68.589010,48.992150,0.000000
5152,2015,8,3,16,0.000000,0.000000,0.000000,69.436220,49.597300,0.000000
5153,2015,8,3,17,0.000000,0.000000,0.000000,69.950440,49.964600,0.000000
5154,2015,8,3,18,0.000000,0.000000,0.000000,69.983060,49.987900,0.000000
5155,2015,8,3,19,0.000000,0.000000,0.000000,69.957930,49.969950,0.000000
5156,2015,8,3,20,0.000000,0.000000,0.000000,68.123160,48.659400,0.000000
5157,2015,8,3,21,0.000000,0.000000,0.000000,66.766700,47.690500,0.000000
5158,2015,8,3,22,0.000000,0.000000,0.000000,69.038060,49.312900,0.000000
5159,2015,8,3,23,0.000000,0.000000,0.000000,69.008730,49.291950,0.000000
5160,2015,8,3,24,0.000000,0.000000,0.000000,68.395950,48.854250,0.000000
5161,2015,8,4,1,0.000000,0.000000,0.000000,66.780280,47.700200,0.000000
5162,2015,8,4,2,0.000000,0.000000,0.000000,65.407790,46.719850,0.000000
5163,2015,8,4,3,0.000000,0.000000,0.000000,62.267450,44.476750,0.000000
5164,2015,8,4,4,0.000000,0.000000,0.000000,53.653040,38.323600,0.000000
5165,2015,8,4,5,0.000000,0.000000,0.000000,38.893890,27.781350,0.000000
5166,2015,8,4,6,0.000000,0.000000,0.000000,31.065650,22.189750,0.000000
5167,2015,8,4,7,0.000000,0.000000,0.000000,20.324640,14.517600,0.000000
5168,2015,8,4,8,0.000000,0.000000,0.000000,18.868500,13.477500,0.000000
5169,2015,8,4,9,0.000000,0.000000,0.000000,17.252410,12.323150,0.000000
5170,2015,8,4,10,0.000000,0.000000,0.000000,17.417260,12.440900,0.000000
5171,2015,8,4,11,0.000000,0.000000,0.000000,13.288520,9.491800,0.000000
5172,2015,8,4,12,0.000000,0.000000,0.000000,10.712240,7.651600,0.000000
5173,2015,8,4,13,0.000000,0.000000,0.000000,11.288270,8.063050,0.000000
5174,2015,8,4,14,0.000000,0.000000,0.000000,11.897200,8.498000,0.000000
5175,2015,8,4,15,0.000000,0.000000,0.000000,12.568640,8.977600,0.000000
5176,2015,8,4,16,0.000000,0.000000,0.000000,13.813170,9.866550,0.000000
5177,2015,8,4,17,0.000000,0.000000,0.000000,17.590160,12.564400,0.000000
5178,2015,8,4,18,0.000000,0.000000,0.000000,23.200450,16.571750,0.000000
5179,2015,8,4,19,0.000000,0.000000,0.000000,25.848760,18.463400,0.000000
5180,2015,8,4,20,0.000000,0.000000,0.000000,31.731210,22.665150,0.000000
5181,2015,8,4,21,0.000000,0.000000,0.000000,39.499530,28.213950,0.000000
5182,2015,8,4,22,0.000000,0.000000,0.000000,38.633210,27.595150,0.000000
5183,2015,8,4,23,0.000000,0.000000,0.000000,41.245820,29.461300,0.000000
5184,2015,8,4,24,0.000000,0.000000,0.000000,42.299670,30.214050,0.000000
5185,2015,8,5,1,0.000000,0.000000,0.000000,52.298610,37.356150,0.000000
5186,2015,8,5,2,0.000000,0.000000,0.000000,56.691180,40.493700,0.000000
5187,2015,8,5,3,0.000000,0.000000,0.000000,51.179870,36.557050,0.000000
5188,2015,8,5,4,0.000000,0.000000,0.000000,47.939150,34.242250,0.000000
5189,2015,8,5,5,0.000000,0.000000,0.000000,49.700770,35.500550,0.000000
5190,2015,8,5,6,0.000000,0.000000,0.000000,30.972690,22.123350,0.000000
5191,2015,8,5,7,0.000000,0.000000,0.000000,29.779330,21.270950,0.000000
5192,2015,8,5,8,0.000000,0.000000,0.000000,39.032280,27.880200,0.000000
5193,2015,8,5,9,0.000000,0.000000,0.000000,53.335520,38.096800,0.000000
5194,2015,8,5,10,0.000000,0.000000,0.000000,60.078620,42.913300,0.000000
5195,2015,8,5,11,0.000000,0.000000,0.000000,62.489350,44.635250,0.000000
5196,2015,8,5,12,0.000000,0.000000,0.000000,64.781570,46.272550,0.000000
5197,2015,8,5,13,0.000000,0.000000,0.000000,65.719290,46.942350,0.000000
5198,2015,8,5,14,0.000000,0.000000,0.000000,66.481170,47.486550,0.000000
5199,2015,8,5,15,0.000000,0.000000,0.000000,66.468710,47.477650,0.000000
5200,2015,8,5,16,0.000000,0.000000,0.000000,66.796730,47.711950,0.000000
5201,2015,8,5,17,0.000000,0.000000,0.000000,66.454290,47.467350,0.000000
5202,2015,8,5,18,0.000000,0.000000,0.000000,65.484300,46.774500,0.000000
5203,2015,8,5,19,0.000000,0.000000,0.000000,65.571520,46.836800,0.000000
5204,2015,8,5,20,0.000000,0.000000,0.000000,65.302020,46.644300,0.000000
5205,2015,8,5,21,0.000000,0.000000,0.000000,66.716440,47.654600,0.000000
5206,2015,8,5,22,0.000000,0.000000,0.000000,67.663960,48.331400,0.000000
5207,2015,8,5,23,0.000000,0.000000,0.000000,67.915610,48.511150,0.000000
5208,2015,8,5,24,0.000000,0.000000,0.000000,68.073740,48.624100,0.000000
5209,2015,8,6,1,0.000000,0.000000,0.000000,68.064290,48.617350,0.000000
5210,2015,8,6,2,0.000000,0.000000,0.000000,67.845190,48.460850,0.000000
5211,2015,8,6,3,0.000000,0.000000,0.000000,67.981340,48.558100,0.000000
5212,2015,8,6,4,0.000000,0.000000,0.000000,68.176430,48.697450,0.000000
5213,2015,8,6,5,0.000000,0.000000,0.000000,68.069050,48.620750,0.000000
5214,2015,8,6,6,0.000000,0.000000,0.000000,68.144930,48.674950,0.000000
5215,2015,8,6,7,0.000000,0.000000,0.000000,69.158530,49.398950,0.000000
5216,2015,8,6,8,0.000000,0.000000,0.000000,69.747230,49.819450,0.000000
5217,2015,8,6,9,0.000000,0.000000,0.000000,69.896330,49.925950,0.000000
5218,2015,8,6,10,0.000000,0.000000,0.000000,69.930630,49.950450,0.000000
5219,2015,8,6,11,0.000000,0.000000,0.000000,69.989570,49.992550,0.000000
5220,2015,8,6,12,0.000000,0.000000,0.000000,69.994890,49.996350,0.000000
5221,2015,8,6,13,0.000000,0.000000,0.000000,69.989710,49.992650,0.000000
5222,2015,8,6,14,0.000000,0.000000,0.000000,69.990760,49.993400,0.000000
5223,2015,8,6,15,0.000000,0.000000,0.000000,69.987190,49.990850,0.000000
5224,2015,8,6,16,0.000000,0.000000,0.000000,69.985230,49.989450,0.000000
5225,2015,8,6,17,0.000000,0.000000,0.000000,69.967800,49.977000,0.000000
5226,2015,8,6,18,0.000000,0.000000,0.000000,69.959050,49.970750,0.000000
5227,2015,8,6,19,0.000000,0.000000,0.000000,65.785300,46.989500,0.000000
5228,2015,8,6,20,0.000000,0.000000,0.000000,66.450510,47.464650,0.000000
5229,2015,8,6,21,0.000000,0.000000,0.000000,64.316210,45.940150,0.000000
5230,2015,8,6,22,0.000000,0.000000,0.000000,58.364180,41.688700,0.000000
5231,2015,8,6,23,0.000000,0.000000,0.000000,49.869820,35.621300,0.000000
5232,2015,8,6,24,0.000000,0.000000,0.000000,56.352870,40.252050,0.000000
5233,2015,8,7,1,0.000000,0.000000,0.000000,68.854030,49.181450,0.000000
5234,2015,8,7,2,0.000000,0.000000,0.000000,68.083050,48.630750,0.000000
5235,2015,8,7,3,0.000000,0.000000,0.000000,62.502230,44.644450,0.000000
5236,2015,8,7,4,0.000000,0.000000,0.000000,58.969610,42.121150,0.000000
5237,2015,8,7,5,0.000000,0.000000,0.000000,66.998540,47.856100,0.000000
5238,2015,8,7,6,0.000000,0.000000,0.000000,68.140520,48.671800,0.000000
5239,2015,8,7,7,0.000000,0.000000,0.000000,61.521110,43.943650,0.000000
5240,2015,8,7,8,0.000000,0.000000,0.000000,53.509540,38.221100,0.000000
5241,2015,8,7,9,0.000000,0.000000,0.000000,44.529030,31.806450,0.000000
5242,2015,8,7,10,0.000000,0.000000,0.000000,36.295350,25.925250,0.000000
5243,2015,8,7,11,0.000000,0.000000,0.000000,35.615650,25.439750,0.000000
5244,2015,8,7,12,0.000000,0.000000,0.000000,28.286230,20.204450,0.000000
5245,2015,8,7,13,0.000000,0.000000,0.000000,26.756100,19.111500,0.000000
5246,2015,8,7,14,0.000000,0.000000,0.000000,29.041040,20.743600,0.000000
5247,2015,8,7,15,0.000000,0.000000,0.000000,34.678140,24.770100,0.000000
5248,2015,8,7,16,0.000000,0.000000,0.000000,41.046110,29.318650,0.000000
5249,2015,8,7,17,0.000000,0.000000,0.000000,43.794240,31.281600,0.000000
5250,2015,8,7,18,0.000000,0.000000,0.000000,44.583490,31.845350,0.000000
5251,2015,8,7,19,0.000000,0.000000,0.000000,45.661350,32.615250,0.000000
5252,2015,8,7,20,0.000000,0.000000,0.000000,45.423070,32.445050,0.000000
5253,2015,8,7,21,0.000000,0.000000,0.000000,49.927360,35.662400,0.000000
5254,2015,8,7,22,0.000000,0.000000,0.000000,42.706650,30.504750,0.000000
5255,2015,8,7,23,0.000000,0.000000,0.000000,42.271390,30.193850,0.000000
5256,2015,8,7,24,0.000000,0.000000,0.000000,33.058480,23.613200,0.000000
5257,2015,8,8,1,0.000000,0.000000,0.000000,41.046950,29.319250,0.000000
5258,2015,8,8,2,0.000000,0.000000,0.000000,42.465290,30.332350,0.000000
5259,2015,8,8,3,0.000000,0.000000,0.000000,37.496060,26.782900,0.000000
5260,2015,8,8,4,0.000000,0.000000,0.000000,31.484880,22.489200,0.000000
5261,2015,8,8,5,0.000000,0.000000,0.000000,22.049440,15.749600,0.000000
5262,2015,8,8,6,0.000000,0.000000,0.000000,12.348490,8.820350,0.000000
5263,2015,8,8,7,0.000000,0.000000,0.000000,10.716790,7.654850,0.000000
5264,2015,8,8,8,0.000000,0.000000,0.000000,5.496260,3.925900,0.000000
5265,2015,8,8,9,0.000000,0.000000,0.000000,7.000350,5.000250,0.000000
5266,2015,8,8,10,0.000000,0.000000,0.000000,9.871680,7.051200,0.000000
5267,2015,8,8,11,0.000000,0.000000,0.000000,20.960730,14.971950,0.000000
5268,2015,8,8,12,0.000000,0.000000,0.000000,29.004780,20.717700,0.000000
5269,2015,8,8,13,0.000000,0.000000,0.000000,32.164370,22.974550,0.000000
5270,2015,8,8,14,0.000000,0.000000,0.000000,34.404860,24.574900,0.000000
5271,2015,8,8,15,0.000000,0.000000,0.000000,36.135120,25.810800,0.000000
5272,2015,8,8,16,0.000000,0.000000,0.000000,37.052470,26.466050,0.000000
5273,2015,8,8,17,0.000000,0.000000,0.000000,39.902940,28.502100,0.000000
5274,2015,8,8,18,0.000000,0.000000,0.000000,35.276710,25.197650,0.000000
5275,2015,8,8,19,0.000000,0.000000,0.000000,38.052700,27.180500,0.000000
5276,2015,8,8,20,0.000000,0.000000,0.000000,40.676020,29.054300,0.000000
5277,2015,8,8,21,0.000000,0.000000,0.000000,41.033160,29.309400,0.000000
5278,2015,8,8,22,0.000000,0.000000,0.000000,37.748060,26.962900,0.000000
5279,2015,8,8,23,0.000000,0.000000,0.000000,26.829810,19.164150,0.000000
5280,2015,8,8,24,0.000000,0.000000,0.000000,20.382110,14.558650,0.000000
5281,2015,8,9,1,0.000000,0.000000,0.000000,15.980510,11.414650,0.000000
5282,2015,8,9,2,0.000000,0.000000,0.000000,14.836990,10.597850,0.000000
5283,2015,8,9,3,0.000000,0.000000,0.000000,13.267100,9.476500,0.000000
5284,2015,8,9,4,0.000000,0.000000,0.000000,8.163400,5.831000,0.000000
5285,2015,8,9,5,0.000000,0.000000,0.000000,4.516190,3.225850,0.000000
5286,2015,8,9,6,0.000000,0.000000,0.000000,1.922620,1.373300,0.000000
5287,2015,8,9,7,0.000000,0.000000,0.000000,0.000000,0.000000,0.000000
5288,2015,8,9,8,0.000000,0.000000,0.000000,0.000000,0.000000,0.000000
5289,2015,8,9,9,0.000000,0.000000,0.000000,2.125550,1.518250,0.000000
5290,2015,8,9,10,0.000000,0.000000,0.000000,4.823630,3.445450,0.000000
5291,2015,8,9,11,0.000000,0.000000,0.000000,7.592200,5.423000,0.000000
5292,2015,8,9,12,0.000000,0.000000,0.000000,10.066000,7.190000,0.000000
5293,2015,8,9,13,0.000000,0.000000,0.000000,18.030670,12.879050,0.000000
5294,2015,8,9,14,0.000000,0.000000,0.000000,17.260880,12.329200,0.000000
5295,2015,8,9,15,0.000000,0.000000,0.000000,14.987280,10.705200,0.000000
5296,2015,8,9,16,0.000000,0.000000,0.000000,10.284820,7.346300,0.000000
5297,2015,8,9,17,0.000000,0.000000,0.000000,1.559180,1.113700,0.000000
5298,2015,8,9,18,0.000000,0.000000,0.000000,0.772940,0.552100,0.000000
5299,2015,8,9,19,0.000000,0.000000,0.000000,3.914610,2.796150,0.000000
5300,2015,8,9,20,0.000000,0.000000,0.000000,5.388670,3.849050,0.000000
5301,2015,8,9,21,0.000000,0.000000,0.000000,6.110510,4.364650,0.000000
5302,2015,8,9,22,0.000000,0.000000,0.000000,6.133680,4.381200,0.000000
5303,2015,8,9,23,0.000000,0.000000,0.000000,5.857320,4.183800,0.000000
5304,2015,8,9,24,0.000000,0.000000,0.000000,4.590950,3.279250,0.000000
5305,2015,8,10,1,0.000000,0.000000,0.000000,5.333300,3.809500,0.000000
5306,2015,8,10,2,0.000000,0.000000,0.000000,7.039130,5.027950,0.000000
5307,2015,8,10,3,0.000000,0.000000,0.000000,13.262060,9.472900,0.000000
5308,2015,8,10,4,0.000000,0.000000,0.000000,17.466470,12.476050,0.000000
5309,2015,8,10,5,0.000000,0.000000,0.000000,29.461600,21.044000,0.000000
5310,2015,8,10,6,0.000000,0.000000,0.000000,36.309700,25.935500,0.000000
5311,2015,8,10,7,0.000000,0.000000,0.000000,31.220980,22.300700,0.000000
5312,2015,8,10,8,0.000000,0.000000,0.000000,29.234660,20.881900,0.000000
5313,2015,8,10,9,0.000000,0.000000,0.000000,25.798430,18.427450,0.000000
5314,2015,8,10,10,0.000000,0.000000,0.000000,22.246770,15.890550,0.000000
5315,2015,8,10,11,0.000000,0.000000,0.000000,14.891660,10.636900,0.000000
5316,2015,8,10,12,0.000000,0.000000,0.000000,13.533170,9.666550,0.000000
5317,2015,8,10,13,0.000000,0.000000,0.000000,15.722910,11.230650,0.000000
5318,2015,8,10,14,0.000000,0.000000,0.000000,22.422680,16.016200,0.000000
5319,2015,8,10,15,0.000000,0.000000,0.000000,13.704320,9.788800,0.000000
5320,2015,8,10,16,0.000000,0.000000,0.000000,6.162310,4.401650,0.000000
5321,2015,8,10,17,0.000000,0.000000,0.000000,1.580950,1.129250,0.000000
5322,2015,8,10,18,0.000000,0.000000,0.000000,3.013360,2.152400,0.000000
5323,2015,8,10,19,0.000000,0.000000,0.000000,3.816050,2.725750,0.000000
5324,2015,8,10,20,0.000000,0.000000,0.000000,7.683340,5.488100,0.000000
5325,2015,8,10,21,0.000000,0.000000,0.000000,17.799320,12.713800,0.000000
5326,2015,8,10,22,0.000000,0.000000,0.000000,20.931750,14.951250,0.000000
5327,2015,8,10,23,0.000000,0.000000,0.000000,19.831070,14.165050,0.000000
5328,2015,8,10,24,0.000000,0.000000,0.000000,17.063620,12.188300,0.000000
5329,2015,8,11,1,0.000000,0.000000,0.000000,13.283760,9.488400,0.000000
5330,2015,8,11,2,0.000000,0.000000,0.000000,13.290900,9.493500,0.000000
5331,2015,8,11,3,0.000000,0.000000,0.000000,9.524200,6.803000,0.000000
5332,2015,8,11,4,0.000000,0.000000,0.000000,7.803670,5.574050,0.000000
5333,2015,8,11,5,0.000000,0.000000,0.000000,12.216540,8.726100,0.000000
5334,2015,8,11,6,0.000000,0.000000,0.000000,11.386830,8.133450,0.000000
5335,2015,8,11,7,0.000000,0.000000,0.000000,11.402370,8.144550,0.000000
5336,2015,8,11,8,0.000000,0.000000,0.000000,10.720430,7.657450,0.000000
5337,2015,8,11,9,0.000000,0.000000,0.000000,10.053190,7.180850,0.000000
5338,2015,8,11,10,0.000000,0.000000,0.000000,10.889060,7.777900,0.000000
5339,2015,8,11,11,0.000000,0.000000,0.000000,10.114650,7.224750,0.000000
5340,2015,8,11,12,0.000000,0.000000,0.000000,7.153440,5.109600,0.000000
5341,2015,8,11,13,0.000000,0.000000,0.000000,3.725890,2.661350,0.000000
5342,2015,8,11,14,0.000000,0.000000,0.000000,1.306970,0.933550,0.000000
5343,2015,8,11,15,0.000000,0.000000,0.000000,0.000000,0.000000,0.000000
5344,2015,8,11,16,0.000000,0.000000,0.000000,0.000000,0.000000,0.000000
5345,2015,8,11,17,0.000000,0.000000,0.000000,0.430290,0.307350,0.000000
5346,2015,8,11,18,0.000000,0.000000,0.000000,0.520660,0.371900,0.000000
5347,2015,8,11,19,0.000000,0.000000,0.000000,0.000000,0.000000,0.000000
5348,2015,8,11,20,0.000000,0.000000,0.000000,0.759360,0.542400,0.000000
5349,2015,8,11,21,0.000000,0.000000,0.000000,0.000000,0.000000,0.000000
5350,2015,8,11,22,0.000000,0.000000,0.000000,0.764470,0.546050,0.000000
5351,2015,8,11,23,0.000000,0.000000,0.000000,0.612920,0.437800,0.000000
5352,2015,8,11,24,0.000000,0.000000,0.000000,0.664370,0.474550,0.000000
5353,2015,8,12,1,0.000000,0.000000,0.000000,0.000000,0.000000,0.000000
5354,2015,8,12,2,0.000000,0.000000,0.000000,0.000000,0.000000,0.000000
5355,2015,8,12,3,0.000000,0.000000,0.000000,1.058470,0.756050,0.000000
5356,2015,8,12,4,0.000000,0.000000,0.000000,1.924090,1.374350,0.000000
5357,2015,8,12,5,0.000000,0.000000,0.000000,3.601710,2.572650,0.000000
5358,2015,8,12,6,0.000000,0.000000,0.000000,4.731930,3.379950,0.000000
5359,2015,8,12,7,0.000000,0.000000,0.000000,10.237850,7.312750,0.000000
5360,2015,8,12,8,0.000000,0.000000,0.000000,18.389560,13.135400,0.000000
5361,2015,8,12,9,0.000000,0.000000,0.000000,25.812710,18.437650,0.000000
5362,2015,8,12,10,0.000000,0.000000,0.000000,36.390270,25.993050,0.000000
5363,2015,8,12,11,0.000000,0.000000,0.000000,45.997910,32.855650,0.000000
5364,2015,8,12,12,0.000000,0.000000,0.000000,40.953290,29.252350,0.000000
5365,2015,8,12,13,0.000000,0.000000,0.000000,40.725790,29.089850,0.000000
5366,2015,8,12,14,0.000000,0.000000,0.000000,42.877520,30.626800,0.000000
5367,2015,8,12,15,0.000000,0.000000,0.000000,45.756620,32.683300,0.000000
5368,2015,8,12,16,0.000000,0.000000,0.000000,49.164220,35.117300,0.000000
5369,2015,8,12,17,0.000000,0.000000,0.000000,53.688530,38.348950,0.000000
5370,2015,8,12,18,0.000000,0.000000,0.000000,57.222200,40.873000,0.000000
5371,2015,8,12,19,0.000000,0.000000,0.000000,55.955270,39.968050,0.000000
5372,2015,8,12,20,0.000000,0.000000,0.000000,52.190460,37.278900,0.000000
5373,2015,8,12,21,0.000000,0.000000,0.000000,50.326780,35.947700,0.000000
5374,2015,8,12,22,0.000000,0.000000,0.000000,43.703590,31.216850,0.000000
5375,2015,8,12,23,0.000000,0.000000,0.000000,44.071300,31.479500,0.000000
5376,2015,8,12,24,0.000000,0.000000,0.000000,46.799130,33.427950,0.000000
5377,2015,8,13,1,0.000000,0.000000,0.000000,47.454750,33.896250,0.000000
5378,2015,8,13,2,0.000000,0.000000,0.000000,47.488210,33.920150,0.000000
5379,2015,8,13,3,0.000000,0.000000,0.000000,40.336170,28.811550,0.000000
5380,2015,8,13,4,0.000000,0.000000,0.000000,36.179290,25.842350,0.000000
5381,2015,8,13,5,0.000000,0.000000,0.000000,38.678220,27.627300,0.000000
5382,2015,8,13,6,0.000000,0.000000,0.000000,42.698530,30.498950,0.000000
5383,2015,8,13,7,0.000000,0.000000,0.000000,44.573760,31.838400,0.000000
5384,2015,8,13,8,0.000000,0.000000,0.000000,42.413070,30.295050,0.000000
5385,2015,8,13,9,0.000000,0.000000,0.000000,39.824260,28.445900,0.000000
5386,2015,8,13,10,0.000000,0.000000,0.000000,38.916360,27.797400,0.000000
5387,2015,8,13,11,0.000000,0.000000,0.000000,39.441570,28.172550,0.000000
5388,2015,8,13,12,0.000000,0.000000,0.000000,35.658070,25.470050,0.000000
5389,2015,8,13,13,0.000000,0.000000,0.000000,31.810100,22.721500,0.000000
5390,2015,8,13,14,0.000000,0.000000,0.000000,31.844400,22.746000,0.000000
5391,2015,8,13,15,0.000000,0.000000,0.000000,34.672330,24.765950,0.000000
5392,2015,8,13,16,0.000000,0.000000,0.000000,35.730100,25.521500,0.000000
5393,2015,8,13,17,0.000000,0.000000,0.000000,41.244560,29.460400,0.000000
5394,2015,8,13,18,0.000000,0.000000,0.000000,35.484890,25.346350,0.000000
5395,2015,8,13,19,0.000000,0.000000,0.000000,36.372560,25.980400,0.000000
5396,2015,8,13,20,0.000000,0.000000,0.000000,35.528360,25.377400,0.000000
5397,2015,8,13,21,0.000000,0.000000,0.000000,39.735080,28.382200,0.000000
5398,2015,8,13,22,0.000000,0.000000,0.000000,43.117760,30.798400,0.000000
5399,2015,8,13,23,0.000000,0.000000,0.000000,40.308170,28.791550,0.000000
5400,2015,8,13,24,0.000000,0.000000,0.000000,31.967670,22.834050,0.000000
5401,2015,8,14,1,0.000000,0.000000,0.000000,26.565560,18.975400,0.000000
5402,2015,8,14,2,0.000000,0.000000,0.000000,21.825370,15.589550,0.000000
5403,2015,8,14,3,0.000000,0.000000,0.000000,19.023060,13.587900,0.000000
5404,2015,8,14,4,0.000000,0.000000,0.000000,13.680380,9.771700,0.000000
5405,2015,8,14,5,0.000000,0.000000,0.000000,9.505370,6.789550,0.000000
5406,2015,8,14,6,0.000000,0.000000,0.000000,5.588800,3.992000,0.000000
5407,2015,8,14,7,0.000000,0.000000,0.000000,3.685010,2.632150,0.000000
5408,2015,8,14,8,0.000000,0.000000,0.000000,3.911180,2.793700,0.000000
5409,2015,8,14,9,0.000000,0.000000,0.000000,10.465070,7.475050,0.000000
5410,2015,8,14,10,0.000000,0.000000,0.000000,14.838250,10.598750,0.000000
5411,2015,8,14,11,0.000000,0.000000,0.000000,19.633320,14.023800,0.000000
5412,2015,8,14,12,0.000000,0.000000,0.000000,30.161390,21.543850,0.000000
5413,2015,8,14,13,0.000000,0.000000,0.000000,42.305130,30.217950,0.000000
5414,2015,8,14,14,0.000000,0.000000,0.000000,42.587300,30.419500,0.000000
5415,2015,8,14,15,0.000000,0.000000,0.000000,47.157390,33.683850,0.000000
5416,2015,8,14,16,0.000000,0.000000,0.000000,50.794660,36.281900,0.000000
5417,2015,8,14,17,0.000000,0.000000,0.000000,54.936000,39.240000,0.000000
5418,2015,8,14,18,0.000000,0.000000,0.000000,56.857430,40.612450,0.000000
5419,2015,8,14,19,0.000000,0.000000,0.000000,59.956960,42.826400,0.000000
5420,2015,8,14,20,0.000000,0.000000,0.000000,63.596890,45.426350,0.000000
5421,2015,8,14,21,0.000000,0.000000,0.000000,66.214610,47.296150,0.000000
5422,2015,8,14,22,0.000000,0.000000,0.000000,67.136300,47.954500,0.000000
5423,2015,8,14,23,0.000000,0.000000,0.000000,68.000310,48.571650,0.000000
5424,2015,8,14,24,0.000000,0.000000,0.000000,67.927650,48.519750,0.000000
5425,2015,8,15,1,0.000000,0.000000,0.000000,67.680900,48.343500,0.000000
5426,2015,8,15,2,0.000000,0.000000,0.000000,67.263280,48.045200,0.000000
5427,2015,8,15,3,0.000000,0.000000,0.000000,67.573660,48.266900,0.000000
5428,2015,8,15,4,0.000000,0.000000,0.000000,67.342660,48.101900,0.000000
5429,2015,8,15,5,0.000000,0.000000,0.000000,67.430230,48.164450,0.000000
5430,2015,8,15,6,0.000000,0.000000,0.000000,67.126640,47.947600,0.000000
5431,2015,8,15,7,0.000000,0.000000,0.000000,68.656280,49.040200,0.000000
5432,2015,8,15,8,0.000000,0.000000,0.000000,68.976810,49.269150,0.000000
5433,2015,8,15,9,0.000000,0.000000,0.000000,68.792430,49.137450,0.000000
5434,2015,8,15,10,0.000000,0.000000,0.000000,68.509000,48.935000,0.000000
5435,2015,8,15,11,0.000000,0.000000,0.000000,69.065640,49.332600,0.000000
5436,2015,8,15,12,0.000000,0.000000,0.000000,69.912780,49.937700,0.000000
5437,2015,8,15,13,0.000000,0.000000,0.000000,69.926430,49.947450,0.000000
5438,2015,8,15,14,0.000000,0.000000,0.000000,69.849780,49.892700,0.000000
5439,2015,8,15,15,0.000000,0.000000,0.000000,69.913130,49.937950,0.000000
5440,2015,8,15,16,0.000000,0.000000,0.000000,69.987050,49.990750,0.000000
5441,2015,8,15,17,0.000000,0.000000,0.000000,69.997550,49.998250,0.000000
5442,2015,8,15,18,0.000000,0.000000,0.000000,70.000000,50.000000,0.000000
5443,2015,8,15,19,0.000000,0.000000,0.000000,70.000000,50.000000,0.000000
5444,2015,8,15,20,0.000000,0.000000,0.000000,70.000000,50.000000,0.000000
5445,2015,8,15,21,0.000000,0.000000,0.000000,69.997690,49.998350,0.000000
5446,2015,8,15,22,0.000000,0.000000,0.000000,70.000000,50.000000,0.000000
5447,2015,8,15,23,0.000000,0.000000,0.000000,49.101710,35.072650,0.000000
5448,2015,8,15,24,0.000000,0.000000,0.000000,59.976630,42.840450,0.000000
5449,2015,8,16,1,0.000000,0.000000,0.000000,49.661850,35.472750,0.000000
5450,2015,8,16,2,0.000000,0.000000,0.000000,70.000000,50.000000,0.000000
5451,2015,8,16,3,0.000000,0.000000,0.000000,69.718390,49.798850,0.000000
5452,2015,8,16,4,0.000000,0.000000,0.000000,66.122980,47.230700,0.000000
5453,2015,8,16,5,0.000000,0.000000,0.000000,64.046710,45.747650,0.000000
5454,2015,8,16,6,0.000000,0.000000,0.000000,59.198160,42.284400,0.000000
5455,2015,8,16,7,0.000000,0.000000,0.000000,49.290640,35.207600,0.000000
5456,2015,8,16,8,0.000000,0.000000,0.000000,43.308510,30.934650,0.000000
5457,2015,8,16,9,0.000000,0.000000,0.000000,22.046850,15.747750,0.000000
5458,2015,8,16,10,0.000000,0.000000,0.000000,36.041880,25.744200,0.000000
5459,2015,8,16,11,0.000000,0.000000,0.000000,58.183090,41.559350,0.000000
5460,2015,8,16,12,0.000000,0.000000,0.000000,69.042610,49.316150,0.000000
5461,2015,8,16,13,0.000000,0.000000,0.000000,69.043520,49.316800,0.000000
5462,2015,8,16,14,0.000000,0.000000,0.000000,69.842010,49.887150,0.000000
5463,2015,8,16,15,0.000000,0.000000,0.000000,69.488370,49.634550,0.000000
5464,2015,8,16,16,0.000000,0.000000,0.000000,69.903120,49.930800,0.000000
5465,2015,8,16,17,0.000000,0.000000,0.000000,69.258700,49.470500,0.000000
5466,2015,8,16,18,0.000000,0.000000,0.000000,69.888630,49.920450,0.000000
5467,2015,8,16,19,0.000000,0.000000,0.000000,69.885760,49.918400,0.000000
5468,2015,8,16,20,0.000000,0.000000,0.000000,68.835900,49.168500,0.000000
5469,2015,8,16,21,0.000000,0.000000,0.000000,66.752910,47.680650,0.000000
5470,2015,8,16,22,0.000000,0.000000,0.000000,69.890030,49.921450,0.000000
5471,2015,8,16,23,0.000000,0.000000,0.000000,69.956180,49.968700,0.000000
5472,2015,8,16,24,0.000000,0.000000,0.000000,69.845650,49.889750,0.000000
5473,2015,8,17,1,0.000000,0.000000,0.000000,69.714890,49.796350,0.000000
5474,2015,8,17,2,0.000000,0.000000,0.000000,69.003270,49.288050,0.000000
5475,2015,8,17,3,0.000000,0.000000,0.000000,68.000100,48.571500,0.000000
5476,2015,8,17,4,0.000000,0.000000,0.000000,68.857250,49.183750,0.000000
5477,2015,8,17,5,0.000000,0.000000,0.000000,65.068080,46.477200,0.000000
5478,2015,8,17,6,0.000000,0.000000,0.000000,55.555990,39.682850,0.000000
5479,2015,8,17,7,0.000000,0.000000,0.000000,48.490680,34.636200,0.000000
5480,2015,8,17,8,0.000000,0.000000,0.000000,40.019280,28.585200,0.000000
5481,2015,8,17,9,0.000000,0.000000,0.000000,32.736340,23.383100,0.000000
5482,2015,8,17,10,0.000000,0.000000,0.000000,44.565570,31.832550,0.000000
5483,2015,8,17,11,0.000000,0.000000,0.000000,56.727440,40.519600,0.000000
5484,2015,8,17,12,0.000000,0.000000,0.000000,64.036350,45.740250,0.000000
5485,2015,8,17,13,0.000000,0.000000,0.000000,64.476440,46.054600,0.000000
5486,2015,8,17,14,0.000000,0.000000,0.000000,57.764770,41.260550,0.000000
5487,2015,8,17,15,0.000000,0.000000,0.000000,52.607450,37.576750,0.000000
5488,2015,8,17,16,0.000000,0.000000,0.000000,53.099060,37.927900,0.000000
5489,2015,8,17,17,0.000000,0.000000,0.000000,49.701470,35.501050,0.000000
5490,2015,8,17,18,0.000000,0.000000,0.000000,49.313250,35.223750,0.000000
5491,2015,8,17,19,0.000000,0.000000,0.000000,49.341250,35.243750,0.000000
5492,2015,8,17,20,0.000000,0.000000,0.000000,48.004180,34.288700,0.000000
5493,2015,8,17,21,0.000000,0.000000,0.000000,48.152230,34.394450,0.000000
5494,2015,8,17,22,0.000000,0.000000,0.000000,41.169380,29.406700,0.000000
5495,2015,8,17,23,0.000000,0.000000,0.000000,36.197630,25.855450,0.000000
5496,2015,8,17,24,0.000000,0.000000,0.000000,31.552010,22.537150,0.000000
5497,2015,8,18,1,0.000000,0.000000,0.000000,31.811780,22.722700,0.000000
5498,2015,8,18,2,0.000000,0.000000,0.000000,26.982130,19.272950,0.000000
5499,2015,8,18,3,0.000000,0.000000,0.000000,19.257140,13.755100,0.000000
5500,2015,8,18,4,0.000000,0.000000,0.000000,16.004310,11.431650,0.000000
5501,2015,8,18,5,0.000000,0.000000,0.000000,11.406990,8.147850,0.000000
5502,2015,8,18,6,0.000000,0.000000,0.000000,7.605710,5.432650,0.000000
5503,2015,8,18,7,0.000000,0.000000,0.000000,4.445000,3.175000,0.000000
5504,2015,8,18,8,0.000000,0.000000,0.000000,2.636760,1.883400,0.000000
5505,2015,8,18,9,0.000000,0.000000,0.000000,5.660340,4.043100,0.000000
5506,2015,8,18,10,0.000000,0.000000,0.000000,13.174000,9.410000,0.000000
5507,2015,8,18,11,0.000000,0.000000,0.000000,24.612560,17.580400,0.000000
5508,2015,8,18,12,0.000000,0.000000,0.000000,30.487870,21.777050,0.000000
5509,2015,8,18,13,0.000000,0.000000,0.000000,33.262180,23.758700,0.000000
5510,2015,8,18,14,0.000000,0.000000,0.000000,33.725790,24.089850,0.000000
5511,2015,8,18,15,0.000000,0.000000,0.000000,36.550080,26.107200,0.000000
5512,2015,8,18,16,0.000000,0.000000,0.000000,39.944800,28.532000,0.000000
5513,2015,8,18,17,0.000000,0.000000,0.000000,44.981230,32.129450,0.000000
5514,2015,8,18,18,0.000000,0.000000,0.000000,43.778910,31.270650,0.000000
5515,2015,8,18,19,0.000000,0.000000,0.000000,44.382730,31.701950,0.000000
5516,2015,8,18,20,0.000000,0.000000,0.000000,46.637570,33.312550,0.000000
5517,2015,8,18,21,0.000000,0.000000,0.000000,48.722800,34.802000,0.000000
5518,2015,8,18,22,0.000000,0.000000,0.000000,44.186030,31.561450,0.000000
5519,2015,8,18,23,0.000000,0.000000,0.000000,44.477230,31.769450,0.000000
5520,2015,8,18,24,0.000000,0.000000,0.000000,41.399820,29.571300,0.000000
5521,2015,8,19,1,0.000000,0.000000,0.000000,40.486390,28.918850,0.000000
5522,2015,8,19,2,0.000000,0.000000,0.000000,37.375310,26.696650,0.000000
5523,2015,8,19,3,0.000000,0.000000,0.000000,36.693300,26.209500,0.000000
5524,2015,8,19,4,0.000000,0.000000,0.000000,33.329520,23.806800,0.000000
5525,2015,8,19,5,0.000000,0.000000,0.000000,26.203310,18.716650,0.000000
5526,2015,8,19,6,0.000000,0.000000,0.000000,27.695010,19.782150,0.000000
5527,2015,8,19,7,0.000000,0.000000,0.000000,29.337910,20.955650,0.000000
5528,2015,8,19,8,0.000000,0.000000,0.000000,34.886390,24.918850,0.000000
5529,2015,8,19,9,0.000000,0.000000,0.000000,38.179120,27.270800,0.000000
5530,2015,8,19,10,0.000000,0.000000,0.000000,40.926410,29.233150,0.000000
5531,2015,8,19,11,0.000000,0.000000,0.000000,42.699230,30.499450,0.000000
5532,2015,8,19,12,0.000000,0.000000,0.000000,48.518680,34.656200,0.000000
5533,2015,8,19,13,0.000000,0.000000,0.000000,59.681790,42.629850,0.000000
5534,2015,8,19,14,0.000000,0.000000,0.000000,59.040240,42.171600,0.000000
5535,2015,8,19,15,0.000000,0.000000,0.000000,58.235240,41.596600,0.000000
5536,2015,8,19,16,0.000000,0.000000,0.000000,60.231780,43.022700,0.000000
5537,2015,8,19,17,0.000000,0.000000,0.000000,62.464920,44.617800,0.000000
5538,2015,8,19,18,0.000000,0.000000,0.000000,63.056700,45.040500,0.000000
5539,2015,8,19,19,0.000000,0.000000,0.000000,53.910500,38.507500,0.000000
5540,2015,8,19,20,0.000000,0.000000,0.000000,56.457030,40.326450,0.000000
5541,2015,8,19,21,0.000000,0.000000,0.000000,31.759840,22.685600,0.000000
5542,2015,8,19,22,0.000000,0.000000,0.000000,24.675980,17.625700,0.000000
5543,2015,8,19,23,0.000000,0.000000,0.000000,32.776940,23.412100,0.000000
5544,2015,8,19,24,0.000000,0.000000,0.000000,28.731150,20.522250,0.000000
5545,2015,8,20,1,0.000000,0.000000,0.000000,17.858750,12.756250,0.000000
5546,2015,8,20,2,0.000000,0.000000,0.000000,20.703620,14.788300,0.000000
5547,2015,8,20,3,0.000000,0.000000,0.000000,15.218490,10.870350,0.000000
5548,2015,8,20,4,0.000000,0.000000,0.000000,17.012590,12.151850,0.000000
5549,2015,8,20,5,0.000000,0.000000,0.000000,17.751580,12.679700,0.000000
5550,2015,8,20,6,0.000000,0.000000,0.000000,28.876820,20.626300,0.000000
5551,2015,8,20,7,0.000000,0.000000,0.000000,23.669660,16.906900,0.000000
5552,2015,8,20,8,0.000000,0.000000,0.000000,46.348820,33.106300,0.000000
5553,2015,8,20,9,0.000000,0.000000,0.000000,46.820130,33.442950,0.000000
5554,2015,8,20,10,0.000000,0.000000,0.000000,15.319360,10.942400,0.000000
5555,2015,8,20,11,0.000000,0.000000,0.000000,12.322030,8.801450,0.000000
5556,2015,8,20,12,0.000000,0.000000,0.000000,25.189290,17.992350,0.000000
5557,2015,8,20,13,0.000000,0.000000,0.000000,28.540540,20.386100,0.000000
5558,2015,8,20,14,0.000000,0.000000,0.000000,26.506060,18.932900,0.000000
5559,2015,8,20,15,0.000000,0.000000,0.000000,34.628930,24.734950,0.000000
5560,2015,8,20,16,0.000000,0.000000,0.000000,44.956730,32.111950,0.000000
5561,2015,8,20,17,0.000000,0.000000,0.000000,46.867800,33.477000,0.000000
5562,2015,8,20,18,0.000000,0.000000,0.000000,58.139760,41.528400,0.000000
5563,2015,8,20,19,0.000000,0.000000,0.000000,64.865990,46.332850,0.000000
5564,2015,8,20,20,0.000000,0.000000,0.000000,58.867340,42.048100,0.000000
5565,2015,8,20,21,0.000000,0.000000,0.000000,68.327070,48.805050,0.000000
5566,2015,8,20,22,0.000000,0.000000,0.000000,69.030640,49.307600,0.000000
5567,2015,8,20,23,0.000000,0.000000,0.000000,69.767460,49.833900,0.000000
5568,2015,8,20,24,0.000000,0.000000,0.000000,68.244750,48.746250,0.000000
5569,2015,8,21,1,0.000000,0.000000,0.000000,69.713210,49.795150,0.000000
5570,2015,8,21,2,0.000000,0.000000,0.000000,56.328860,40.234900,0.000000
5571,2015,8,21,3,0.000000,0.000000,0.000000,64.533980,46.095700,0.000000
5572,2015,8,21,4,0.000000,0.000000,0.000000,69.043380,49.316700,0.000000
5573,2015,8,21,5,0.000000,0.000000,0.000000,65.813650,47.009750,0.000000
5574,2015,8,21,6,0.000000,0.000000,0.000000,63.264250,45.188750,0.000000
5575,2015,8,21,7,0.000000,0.000000,0.000000,63.376810,45.269150,0.000000
5576,2015,8,21,8,0.000000,0.000000,0.000000,64.731030,46.236450,0.000000
5577,2015,8,21,9,0.000000,0.000000,0.000000,64.240330,45.885950,0.000000
5578,2015,8,21,10,0.000000,0.000000,0.000000,62.292020,44.494300,0.000000
5579,2015,8,21,11,0.000000,0.000000,0.000000,59.816610,42.726150,0.000000
5580,2015,8,21,12,0.000000,0.000000,0.000000,63.973000,45.695000,0.000000
5581,2015,8,21,13,0.000000,0.000000,0.000000,59.696630,42.640450,0.000000
5582,2015,8,21,14,0.000000,0.000000,0.000000,61.371380,43.836700,0.000000
5583,2015,8,21,15,0.000000,0.000000,0.000000,66.346420,47.390300,0.000000
5584,2015,8,21,16,0.000000,0.000000,0.000000,60.462500,43.187500,0.000000
5585,2015,8,21,17,0.000000,0.000000,0.000000,57.381870,40.987050,0.000000
5586,2015,8,21,18,0.000000,0.000000,0.000000,56.995120,40.710800,0.000000
5587,2015,8,21,19,0.000000,0.000000,0.000000,56.247520,40.176800,0.000000
5588,2015,8,21,20,0.000000,0.000000,0.000000,56.390390,40.278850,0.000000
5589,2015,8,21,21,0.000000,0.000000,0.000000,52.713150,37.652250,0.000000
5590,2015,8,21,22,0.000000,0.000000,0.000000,51.717470,36.941050,0.000000
5591,2015,8,21,23,0.000000,0.000000,0.000000,51.520910,36.800650,0.000000
5592,2015,8,21,24,0.000000,0.000000,0.000000,55.988380,39.991700,0.000000
5593,2015,8,22,1,0.000000,0.000000,0.000000,59.941210,42.815150,0.000000
5594,2015,8,22,2,0.000000,0.000000,0.000000,61.505010,43.932150,0.000000
5595,2015,8,22,3,0.000000,0.000000,0.000000,62.351030,44.536450,0.000000
5596,2015,8,22,4,0.000000,0.000000,0.000000,60.608730,43.291950,0.000000
5597,2015,8,22,5,0.000000,0.000000,0.000000,59.721130,42.657950,0.000000
5598,2015,8,22,6,0.000000,0.000000,0.000000,45.814160,32.724400,0.000000
5599,2015,8,22,7,0.000000,0.000000,0.000000,22.322580,15.944700,0.000000
5600,2015,8,22,8,0.000000,0.000000,0.000000,27.401850,19.572750,0.000000
5601,2015,8,22,9,0.000000,0.000000,0.000000,35.445970,25.318550,0.000000
5602,2015,8,22,10,0.000000,0.000000,0.000000,51.823030,37.016450,0.000000
5603,2015,8,22,11,0.000000,0.000000,0.000000,64.125460,45.803900,0.000000
5604,2015,8,22,12,0.000000,0.000000,0.000000,64.402730,46.001950,0.000000
5605,2015,8,22,13,0.000000,0.000000,0.000000,66.598980,47.570700,0.000000
5606,2015,8,22,14,0.000000,0.000000,0.000000,68.875380,49.196700,0.000000
5607,2015,8,22,15,0.000000,0.000000,0.000000,68.772130,49.122950,0.000000
5608,2015,8,22,16,0.000000,0.000000,0.000000,69.123110,49.373650,0.000000
5609,2015,8,22,17,0.000000,0.000000,0.000000,68.377470,48.841050,0.000000
5610,2015,8,22,18,0.000000,0.000000,0.000000,67.918130,48.512950,0.000000
5611,2015,8,22,19,0.000000,0.000000,0.000000,65.499000,46.785000,0.000000
5612,2015,8,22,20,0.000000,0.000000,0.000000,64.341970,45.958550,0.000000
5613,2015,8,22,21,0.000000,0.000000,0.000000,62.657910,44.755650,0.000000
5614,2015,8,22,22,0.000000,0.000000,0.000000,63.399350,45.285250,0.000000
5615,2015,8,22,23,0.000000,0.000000,0.000000,64.547420,46.105300,0.000000
5616,2015,8,22,24,0.000000,0.000000,0.000000,65.903320,47.073800,0.000000
5617,2015,8,23,1,0.000000,0.000000,0.000000,67.681950,48.344250,0.000000
5618,2015,8,23,2,0.000000,0.000000,0.000000,67.898110,48.498650,0.000000
5619,2015,8,23,3,0.000000,0.000000,0.000000,67.801860,48.429900,0.000000
5620,2015,8,23,4,0.000000,0.000000,0.000000,68.247340,48.748100,0.000000
5621,2015,8,23,5,0.000000,0.000000,0.000000,66.951150,47.822250,0.000000
5622,2015,8,23,6,0.000000,0.000000,0.000000,57.300880,40.929200,0.000000
5623,2015,8,23,7,0.000000,0.000000,0.000000,54.381180,38.843700,0.000000
5624,2015,8,23,8,0.000000,0.000000,0.000000,50.229690,35.878350,0.000000
5625,2015,8,23,9,0.000000,0.000000,0.000000,58.600990,41.857850,0.000000
5626,2015,8,23,10,0.000000,0.000000,0.000000,64.723820,46.231300,0.000000
5627,2015,8,23,11,0.000000,0.000000,0.000000,65.499770,46.785550,0.000000
5628,2015,8,23,12,0.000000,0.000000,0.000000,68.135620,48.668300,0.000000
5629,2015,8,23,13,0.000000,0.000000,0.000000,69.835430,49.882450,0.000000
5630,2015,8,23,14,0.000000,0.000000,0.000000,69.936790,49.954850,0.000000
5631,2015,8,23,15,0.000000,0.000000,0.000000,69.962690,49.973350,0.000000
5632,2015,8,23,16,0.000000,0.000000,0.000000,69.965000,49.975000,0.000000
5633,2015,8,23,17,0.000000,0.000000,0.000000,69.954080,49.967200,0.000000
5634,2015,8,23,18,0.000000,0.000000,0.000000,69.904940,49.932100,0.000000
5635,2015,8,23,19,0.000000,0.000000,0.000000,48.594630,34.710450,0.000000
5636,2015,8,23,20,0.000000,0.000000,0.000000,28.201040,20.143600,0.000000
5637,2015,8,23,21,0.000000,0.000000,0.000000,54.005420,38.575300,0.000000
5638,2015,8,23,22,0.000000,0.000000,0.000000,63.401240,45.286600,0.000000
5639,2015,8,23,23,0.000000,0.000000,0.000000,68.462100,48.901500,0.000000
5640,2015,8,23,24,0.000000,0.000000,0.000000,69.382880,49.559200,0.000000
5641,2015,8,24,1,0.000000,0.000000,0.000000,69.617590,49.726850,0.000000
5642,2015,8,24,2,0.000000,0.000000,0.000000,66.862530,47.758950,0.000000
5643,2015,8,24,3,0.000000,0.000000,0.000000,68.478690,48.913350,0.000000
5644,2015,8,24,4,0.000000,0.000000,0.000000,68.819590,49.156850,0.000000
5645,2015,8,24,5,0.000000,0.000000,0.000000,67.412870,48.152050,0.000000
5646,2015,8,24,6,0.000000,0.000000,0.000000,62.604150,44.717250,0.000000
5647,2015,8,24,7,0.000000,0.000000,0.000000,64.270150,45.907250,0.000000
5648,2015,8,24,8,0.000000,0.000000,0.000000,68.940970,49.243550,0.000000
5649,2015,8,24,9,0.000000,0.000000,0.000000,69.619690,49.728350,0.000000
5650,2015,8,24,10,0.000000,0.000000,0.000000,56.899010,40.642150,0.000000
5651,2015,8,24,11,0.000000,0.000000,0.000000,68.731390,49.093850,0.000000
5652,2015,8,24,12,0.000000,0.000000,0.000000,69.882680,49.916200,0.000000
5653,2015,8,24,13,0.000000,0.000000,0.000000,69.891920,49.922800,0.000000
5654,2015,8,24,14,0.000000,0.000000,0.000000,69.161820,49.401300,0.000000
5655,2015,8,24,15,0.000000,0.000000,0.000000,69.795460,49.853900,0.000000
5656,2015,8,24,16,0.000000,0.000000,0.000000,69.896820,49.926300,0.000000
5657,2015,8,24,17,0.000000,0.000000,0.000000,69.841590,49.886850,0.000000
5658,2015,8,24,18,0.000000,0.000000,0.000000,69.955200,49.968000,0.000000
5659,2015,8,24,19,0.000000,0.000000,0.000000,69.993630,49.995450,0.000000
5660,2015,8,24,20,0.000000,0.000000,0.000000,69.439650,49.599750,0.000000
5661,2015,8,24,21,0.000000,0.000000,0.000000,69.773900,49.838500,0.000000
5662,2015,8,24,22,0.000000,0.000000,0.000000,69.990970,49.993550,0.000000
5663,2015,8,24,23,0.000000,0.000000,0.000000,69.981450,49.986750,0.000000
5664,2015,8,24,24,0.000000,0.000000,0.000000,69.938610,49.956150,0.000000
5665,2015,8,25,1,0.000000,0.000000,0.000000,69.866930,49.904950,0.000000
5666,2015,8,25,2,0.000000,0.000000,0.000000,69.812260,49.865900,0.000000
5667,2015,8,25,3,0.000000,0.000000,0.000000,69.847190,49.890850,0.000000
5668,2015,8,25,4,0.000000,0.000000,0.000000,69.872740,49.909100,0.000000
5669,2015,8,25,5,0.000000,0.000000,0.000000,69.904870,49.932050,0.000000
5670,2015,8,25,6,0.000000,0.000000,0.000000,69.967730,49.976950,0.000000
5671,2015,8,25,7,0.000000,0.000000,0.000000,69.987610,49.991150,0.000000
5672,2015,8,25,8,0.000000,0.000000,0.000000,69.990620,49.993300,0.000000
5673,2015,8,25,9,0.000000,0.000000,0.000000,69.982080,49.987200,0.000000
5674,2015,8,25,10,0.000000,0.000000,0.000000,69.973750,49.981250,0.000000
5675,2015,8,25,11,0.000000,0.000000,0.000000,69.994470,49.996050,0.000000
5676,2015,8,25,12,0.000000,0.000000,0.000000,66.293150,47.352250,0.000000
5677,2015,8,25,13,0.000000,0.000000,0.000000,68.151090,48.679350,0.000000
5678,2015,8,25,14,0.000000,0.000000,0.000000,55.486200,39.633000,0.000000
5679,2015,8,25,15,0.000000,0.000000,0.000000,70.000000,50.000000,0.000000
5680,2015,8,25,16,0.000000,0.000000,0.000000,69.966680,49.976200,0.000000
5681,2015,8,25,17,0.000000,0.000000,0.000000,69.954780,49.967700,0.000000
5682,2015,8,25,18,0.000000,0.000000,0.000000,69.920830,49.943450,0.000000
5683,2015,8,25,19,0.000000,0.000000,0.000000,69.979280,49.985200,0.000000
5684,2015,8,25,20,0.000000,0.000000,0.000000,69.990200,49.993000,0.000000
5685,2015,8,25,21,0.000000,0.000000,0.000000,69.992160,49.994400,0.000000
5686,2015,8,25,22,0.000000,0.000000,0.000000,69.994890,49.996350,0.000000
5687,2015,8,25,23,0.000000,0.000000,0.000000,69.998110,49.998650,0.000000
5688,2015,8,25,24,0.000000,0.000000,0.000000,70.000000,50.000000,0.000000
5689,2015,8,26,1,0.000000,0.000000,0.000000,70.000000,50.000000,0.000000
5690,2015,8,26,2,0.000000,0.000000,0.000000,70.000000,50.000000,0.000000
5691,2015,8,26,3,0.000000,0.000000,0.000000,70.000000,50.000000,0.000000
5692,2015,8,26,4,0.000000,0.000000,0.000000,70.000000,50.000000,0.000000
5693,2015,8,26,5,0.000000,0.000000,0.000000,69.995870,49.997050,0.000000
5694,2015,8,26,6,0.000000,0.000000,0.000000,69.992160,49.994400,0.000000
5695,2015,8,26,7,0.000000,0.000000,0.000000,69.991810,49.994150,0.000000
5696,2015,8,26,8,0.000000,0.000000,0.000000,69.987610,49.991150,0.000000
5697,2015,8,26,9,0.000000,0.000000,0.000000,69.995520,49.996800,0.000000
5698,2015,8,26,10,0.000000,0.000000,0.000000,69.969200,49.978000,0.000000
5699,2015,8,26,11,0.000000,0.000000,0.000000,69.983550,49.988250,0.000000
5700,2015,8,26,12,0.000000,0.000000,0.000000,69.988100,49.991500,0.000000
5701,2015,8,26,13,0.000000,0.000000,0.000000,69.973890,49.981350,0.000000
5702,2015,8,26,14,0.000000,0.000000,0.000000,69.977250,49.983750,0.000000
5703,2015,8,26,15,0.000000,0.000000,0.000000,69.981450,49.986750,0.000000
5704,2015,8,26,16,0.000000,0.000000,0.000000,69.982850,49.987750,0.000000
5705,2015,8,26,17,0.000000,0.000000,0.000000,69.986560,49.990400,0.000000
5706,2015,8,26,18,0.000000,0.000000,0.000000,69.989570,49.992550,0.000000
5707,2015,8,26,19,0.000000,0.000000,0.000000,69.995100,49.996500,0.000000
5708,2015,8,26,20,0.000000,0.000000,0.000000,69.992930,49.994950,0.000000
5709,2015,8,26,21,0.000000,0.000000,0.000000,69.996220,49.997300,0.000000
5710,2015,8,26,22,0.000000,0.000000,0.000000,69.996710,49.997650,0.000000
5711,2015,8,26,23,0.000000,0.000000,0.000000,69.993490,49.995350,0.000000
5712,2015,8,26,24,0.000000,0.000000,0.000000,69.986210,49.990150,0.000000
5713,2015,8,27,1,0.000000,0.000000,0.000000,69.981590,49.986850,0.000000
5714,2015,8,27,2,0.000000,0.000000,0.000000,69.973610,49.981150,0.000000
5715,2015,8,27,3,0.000000,0.000000,0.000000,69.968710,49.977650,0.000000
5716,2015,8,27,4,0.000000,0.000000,0.000000,69.964020,49.974300,0.000000
5717,2015,8,27,5,0.000000,0.000000,0.000000,69.959470,49.971050,0.000000
5718,2015,8,27,6,0.000000,0.000000,0.000000,69.819400,49.871000,0.000000
5719,2015,8,27,7,0.000000,0.000000,0.000000,69.780690,49.843350,0.000000
5720,2015,8,27,8,0.000000,0.000000,0.000000,69.908090,49.934350,0.000000
5721,2015,8,27,9,0.000000,0.000000,0.000000,69.960450,49.971750,0.000000
5722,2015,8,27,10,0.000000,0.000000,0.000000,69.985090,49.989350,0.000000
5723,2015,8,27,11,0.000000,0.000000,0.000000,69.994960,49.996400,0.000000
5724,2015,8,27,12,0.000000,0.000000,0.000000,69.994050,49.995750,0.000000
5725,2015,8,27,13,0.000000,0.000000,0.000000,69.992020,49.994300,0.000000
5726,2015,8,27,14,0.000000,0.000000,0.000000,69.995870,49.997050,0.000000
5727,2015,8,27,15,0.000000,0.000000,0.000000,69.977460,49.983900,0.000000
5728,2015,8,27,16,0.000000,0.000000,0.000000,69.945680,49.961200,0.000000
5729,2015,8,27,17,0.000000,0.000000,0.000000,69.709780,49.792700,0.000000
5730,2015,8,27,18,0.000000,0.000000,0.000000,45.689770,32.635550,0.000000
5731,2015,8,27,19,0.000000,0.000000,0.000000,23.911510,17.079650,0.000000
5732,2015,8,27,20,0.000000,0.000000,0.000000,15.011710,10.722650,0.000000
5733,2015,8,27,21,0.000000,0.000000,0.000000,11.346720,8.104800,0.000000
5734,2015,8,27,22,0.000000,0.000000,0.000000,13.997830,9.998450,0.000000
5735,2015,8,27,23,0.000000,0.000000,0.000000,10.712380,7.651700,0.000000
5736,2015,8,27,24,0.000000,0.000000,0.000000,12.687500,9.062500,0.000000
5737,2015,8,28,1,0.000000,0.000000,0.000000,25.903500,18.502500,0.000000
5738,2015,8,28,2,0.000000,0.000000,0.000000,42.958020,30.684300,0.000000
5739,2015,8,28,3,0.000000,0.000000,0.000000,48.329820,34.521300,0.000000
5740,2015,8,28,4,0.000000,0.000000,0.000000,19.131840,13.665600,0.000000
5741,2015,8,28,5,0.000000,0.000000,0.000000,6.686120,4.775800,0.000000
5742,2015,8,28,6,0.000000,0.000000,0.000000,1.353940,0.967100,0.000000
5743,2015,8,28,7,0.000000,0.000000,0.000000,1.040760,0.743400,0.000000
5744,2015,8,28,8,0.000000,0.000000,0.000000,1.993740,1.424100,0.000000
5745,2015,8,28,9,0.000000,0.000000,0.000000,6.000120,4.285800,0.000000
5746,2015,8,28,10,0.000000,0.000000,0.000000,10.278730,7.341950,0.000000
5747,2015,8,28,11,0.000000,0.000000,0.000000,16.457070,11.755050,0.000000
5748,2015,8,28,12,0.000000,0.000000,0.000000,19.393710,13.852650,0.000000
5749,2015,8,28,13,0.000000,0.000000,0.000000,25.739490,18.385350,0.000000
5750,2015,8,28,14,0.000000,0.000000,0.000000,36.326780,25.947700,0.000000
5751,2015,8,28,15,0.000000,0.000000,0.000000,45.453730,32.466950,0.000000
5752,2015,8,28,16,0.000000,0.000000,0.000000,45.550120,32.535800,0.000000
5753,2015,8,28,17,0.000000,0.000000,0.000000,48.074740,34.339100,0.000000
5754,2015,8,28,18,0.000000,0.000000,0.000000,50.608250,36.148750,0.000000
5755,2015,8,28,19,0.000000,0.000000,0.000000,50.197910,35.855650,0.000000
5756,2015,8,28,20,0.000000,0.000000,0.000000,39.136020,27.954300,0.000000
5757,2015,8,28,21,0.000000,0.000000,0.000000,31.590580,22.564700,0.000000
5758,2015,8,28,22,0.000000,0.000000,0.000000,33.099500,23.642500,0.000000
5759,2015,8,28,23,0.000000,0.000000,0.000000,40.571370,28.979550,0.000000
5760,2015,8,28,24,0.000000,0.000000,0.000000,48.128290,34.377350,0.000000
5761,2015,8,29,1,0.000000,0.000000,0.000000,56.838530,40.598950,0.000000
5762,2015,8,29,2,0.000000,0.000000,0.000000,66.467030,47.476450,0.000000
5763,2015,8,29,3,0.000000,0.000000,0.000000,67.406430,48.147450,0.000000
5764,2015,8,29,4,0.000000,0.000000,0.000000,66.514770,47.510550,0.000000
5765,2015,8,29,5,0.000000,0.000000,0.000000,65.184210,46.560150,0.000000
5766,2015,8,29,6,0.000000,0.000000,0.000000,65.095240,46.496600,0.000000
5767,2015,8,29,7,0.000000,0.000000,0.000000,62.515460,44.653900,0.000000
5768,2015,8,29,8,0.000000,0.000000,0.000000,50.220800,35.872000,0.000000
5769,2015,8,29,9,0.000000,0.000000,0.000000,62.499710,44.642650,0.000000
5770,2015,8,29,10,0.000000,0.000000,0.000000,68.271770,48.765550,0.000000
5771,2015,8,29,11,0.000000,0.000000,0.000000,69.235670,49.454050,0.000000
5772,2015,8,29,12,0.000000,0.000000,0.000000,69.459530,49.613950,0.000000
5773,2015,8,29,13,0.000000,0.000000,0.000000,68.725510,49.089650,0.000000
5774,2015,8,29,14,0.000000,0.000000,0.000000,69.113940,49.367100,0.000000
5775,2015,8,29,15,0.000000,0.000000,0.000000,69.231050,49.450750,0.000000
5776,2015,8,29,16,0.000000,0.000000,0.000000,68.968690,49.263350,0.000000
5777,2015,8,29,17,0.000000,0.000000,0.000000,68.933620,49.238300,0.000000
5778,2015,8,29,18,0.000000,0.000000,0.000000,68.133170,48.666550,0.000000
5779,2015,8,29,19,0.000000,0.000000,0.000000,69.247640,49.462600,0.000000
5780,2015,8,29,20,0.000000,0.000000,0.000000,69.813800,49.867000,0.000000
5781,2015,8,29,21,0.000000,0.000000,0.000000,69.266890,49.476350,0.000000
5782,2015,8,29,22,0.000000,0.000000,0.000000,67.366180,48.118700,0.000000
5783,2015,8,29,23,0.000000,0.000000,0.000000,68.879300,49.199500,0.000000
5784,2015,8,29,24,0.000000,0.000000,0.000000,68.123230,48.659450,0.000000
5785,2015,8,30,1,0.000000,0.000000,0.000000,68.648580,49.034700,0.000000
5786,2015,8,30,2,0.000000,0.000000,0.000000,69.567680,49.691200,0.000000
5787,2015,8,30,3,0.000000,0.000000,0.000000,69.678770,49.770550,0.000000
5788,2015,8,30,4,0.000000,0.000000,0.000000,69.293560,49.495400,0.000000
5789,2015,8,30,5,0.000000,0.000000,0.000000,69.709290,49.792350,0.000000
5790,2015,8,30,6,0.000000,0.000000,0.000000,69.841520,49.886800,0.000000
5791,2015,8,30,7,0.000000,0.000000,0.000000,69.897800,49.927000,0.000000
5792,2015,8,30,8,0.000000,0.000000,0.000000,69.900600,49.929000,0.000000
5793,2015,8,30,9,0.000000,0.000000,0.000000,69.916000,49.940000,0.000000
5794,2015,8,30,10,0.000000,0.000000,0.000000,69.876800,49.912000,0.000000
5795,2015,8,30,11,0.000000,0.000000,0.000000,69.852230,49.894450,0.000000
5796,2015,8,30,12,0.000000,0.000000,0.000000,68.983110,49.273650,0.000000
5797,2015,8,30,13,0.000000,0.000000,0.000000,69.211800,49.437000,0.000000
5798,2015,8,30,14,0.000000,0.000000,0.000000,69.813380,49.866700,0.000000
5799,2015,8,30,15,0.000000,0.000000,0.000000,69.277950,49.484250,0.000000
5800,2015,8,30,16,0.000000,0.000000,0.000000,69.630400,49.736000,0.000000
5801,2015,8,30,17,0.000000,0.000000,0.000000,69.471220,49.622300,0.000000
5802,2015,8,30,18,0.000000,0.000000,0.000000,68.812170,49.151550,0.000000
5803,2015,8,30,19,0.000000,0.000000,0.000000,69.705860,49.789900,0.000000
5804,2015,8,30,20,0.000000,0.000000,0.000000,69.865110,49.903650,0.000000
5805,2015,8,30,21,0.000000,0.000000,0.000000,69.945750,49.961250,0.000000
5806,2015,8,30,22,0.000000,0.000000,0.000000,69.987820,49.991300,0.000000
5807,2015,8,30,23,0.000000,0.000000,0.000000,69.992580,49.994700,0.000000
5808,2015,8,30,24,0.000000,0.000000,0.000000,69.988520,49.991800,0.000000
5809,2015,8,31,1,0.000000,0.000000,0.000000,69.993980,49.995700,0.000000
5810,2015,8,31,2,0.000000,0.000000,0.000000,69.983900,49.988500,0.000000
5811,2015,8,31,3,0.000000,0.000000,0.000000,69.966050,49.975750,0.000000
5812,2015,8,31,4,0.000000,0.000000,0.000000,69.914530,49.938950,0.000000
5813,2015,8,31,5,0.000000,0.000000,0.000000,69.953660,49.966900,0.000000
5814,2015,8,31,6,0.000000,0.000000,0.000000,69.880720,49.914800,0.000000
5815,2015,8,31,7,0.000000,0.000000,0.000000,69.819890,49.871350,0.000000
5816,2015,8,31,8,0.000000,0.000000,0.000000,68.848010,49.177150,0.000000
5817,2015,8,31,9,0.000000,0.000000,0.000000,66.231130,47.307950,0.000000
5818,2015,8,31,10,0.000000,0.000000,0.000000,57.339940,40.957100,0.000000
5819,2015,8,31,11,0.000000,0.000000,0.000000,56.176470,40.126050,0.000000
5820,2015,8,31,12,0.000000,0.000000,0.000000,55.332410,39.523150,0.000000
5821,2015,8,31,13,0.000000,0.000000,0.000000,55.734700,39.810500,0.000000
5822,2015,8,31,14,0.000000,0.000000,0.000000,52.278100,37.341500,0.000000
5823,2015,8,31,15,0.000000,0.000000,0.000000,49.603470,35.431050,0.000000
5824,2015,8,31,16,0.000000,0.000000,0.000000,50.152970,35.823550,0.000000
5825,2015,8,31,17,0.000000,0.000000,0.000000,56.672070,40.480050,0.000000
5826,2015,8,31,18,0.000000,0.000000,0.000000,57.360100,40.971500,0.000000
5827,2015,8,31,19,0.000000,0.000000,0.000000,47.217310,33.726650,0.000000
5828,2015,8,31,20,0.000000,0.000000,0.000000,46.837560,33.455400,0.000000
5829,2015,8,31,21,0.000000,0.000000,0.000000,40.346670,28.819050,0.000000
5830,2015,8,31,22,0.000000,0.000000,0.000000,36.803900,26.288500,0.000000
5831,2015,8,31,23,0.000000,0.000000,0.000000,30.318960,21.656400,0.000000
5832,2015,8,31,24,0.000000,0.000000,0.000000,30.777040,21.983600,0.000000
5833,2015,9,1,1,0.000000,0.000000,0.000000,42.753830,30.538450,0.000000
5834,2015,9,1,2,0.000000,0.000000,0.000000,47.455100,33.896500,0.000000
5835,2015,9,1,3,0.000000,0.000000,0.000000,47.473790,33.909850,0.000000
5836,2015,9,1,4,0.000000,0.000000,0.000000,41.496490,29.640350,0.000000
5837,2015,9,1,5,0.000000,0.000000,0.000000,25.438350,18.170250,0.000000
5838,2015,9,1,6,0.000000,0.000000,0.000000,7.130270,5.093050,0.000000
5839,2015,9,1,7,0.000000,0.000000,0.000000,1.446340,1.033100,0.000000
5840,2015,9,1,8,0.000000,0.000000,0.000000,0.000000,0.000000,0.000000
5841,2015,9,1,9,0.000000,0.000000,0.000000,0.000000,0.000000,0.000000
5842,2015,9,1,10,0.000000,0.000000,0.000000,1.570030,1.121450,0.000000
5843,2015,9,1,11,0.000000,0.000000,0.000000,2.457280,1.755200,0.000000
5844,2015,9,1,12,0.000000,0.000000,0.000000,8.496740,6.069100,0.000000
5845,2015,9,1,13,0.000000,0.000000,0.000000,12.951260,9.250900,0.000000
5846,2015,9,1,14,0.000000,0.000000,0.000000,13.409200,9.578000,0.000000
5847,2015,9,1,15,0.000000,0.000000,0.000000,15.794660,11.281900,0.000000
5848,2015,9,1,16,0.000000,0.000000,0.000000,15.041740,10.744100,0.000000
5849,2015,9,1,17,0.000000,0.000000,0.000000,18.712750,13.366250,0.000000
5850,2015,9,1,18,0.000000,0.000000,0.000000,22.549380,16.106700,0.000000
5851,2015,9,1,19,0.000000,0.000000,0.000000,22.690220,16.207300,0.000000
5852,2015,9,1,20,0.000000,0.000000,0.000000,24.339770,17.385550,0.000000
5853,2015,9,1,21,0.000000,0.000000,0.000000,19.776610,14.126150,0.000000
5854,2015,9,1,22,0.000000,0.000000,0.000000,6.128710,4.377650,0.000000
5855,2015,9,1,23,0.000000,0.000000,0.000000,5.833660,4.166900,0.000000
5856,2015,9,1,24,0.000000,0.000000,0.000000,7.938770,5.670550,0.000000
5857,2015,9,2,1,0.000000,0.000000,0.000000,9.277800,6.627000,0.000000
5858,2015,9,2,2,0.000000,0.000000,0.000000,10.253040,7.323600,0.000000
5859,2015,9,2,3,0.000000,0.000000,0.000000,10.278380,7.341700,0.000000
5860,2015,9,2,4,0.000000,0.000000,0.000000,8.276380,5.911700,0.000000
5861,2015,9,2,5,0.000000,0.000000,0.000000,6.315190,4.510850,0.000000
5862,2015,9,2,6,0.000000,0.000000,0.000000,6.230210,4.450150,0.000000
5863,2015,9,2,7,0.000000,0.000000,0.000000,8.741530,6.243950,0.000000
5864,2015,9,2,8,0.000000,0.000000,0.000000,14.472080,10.337200,0.000000
5865,2015,9,2,9,0.000000,0.000000,0.000000,33.507740,23.934100,0.000000
5866,2015,9,2,10,0.000000,0.000000,0.000000,42.512400,30.366000,0.000000
5867,2015,9,2,11,0.000000,0.000000,0.000000,47.092710,33.637650,0.000000
5868,2015,9,2,12,0.000000,0.000000,0.000000,45.618300,32.584500,0.000000
5869,2015,9,2,13,0.000000,0.000000,0.000000,47.551490,33.965350,0.000000
5870,2015,9,2,14,0.000000,0.000000,0.000000,49.636090,35.454350,0.000000
5871,2015,9,2,15,0.000000,0.000000,0.000000,52.782940,37.702100,0.000000
5872,2015,9,2,16,0.000000,0.000000,0.000000,55.660010,39.757150,0.000000
5873,2015,9,2,17,0.000000,0.000000,0.000000,59.072720,42.194800,0.000000
5874,2015,9,2,18,0.000000,0.000000,0.000000,62.524840,44.660600,0.000000
5875,2015,9,2,19,0.000000,0.000000,0.000000,63.143710,45.102650,0.000000
5876,2015,9,2,20,0.000000,0.000000,0.000000,63.451150,45.322250,0.000000
5877,2015,9,2,21,0.000000,0.000000,0.000000,69.142220,49.387300,0.000000
5878,2015,9,2,22,0.000000,0.000000,0.000000,66.014060,47.152900,0.000000
5879,2015,9,2,23,0.000000,0.000000,0.000000,66.213490,47.295350,0.000000
5880,2015,9,2,24,0.000000,0.000000,0.000000,63.413350,45.295250,0.000000
5881,2015,9,3,1,0.000000,0.000000,0.000000,57.748530,41.248950,0.000000
5882,2015,9,3,2,0.000000,0.000000,0.000000,62.931610,44.951150,0.000000
5883,2015,9,3,3,0.000000,0.000000,0.000000,57.458450,41.041750,0.000000
5884,2015,9,3,4,0.000000,0.000000,0.000000,35.115360,25.082400,0.000000
5885,2015,9,3,5,0.000000,0.000000,0.000000,43.813840,31.295600,0.000000
5886,2015,9,3,6,0.000000,0.000000,0.000000,40.775350,29.125250,0.000000
5887,2015,9,3,7,0.000000,0.000000,0.000000,42.996450,30.711750,0.000000
5888,2015,9,3,8,0.000000,0.000000,0.000000,45.613400,32.581000,0.000000
5889,2015,9,3,9,0.000000,0.000000,0.000000,63.511070,45.365050,0.000000
5890,2015,9,3,10,0.000000,0.000000,0.000000,63.531160,45.379400,0.000000
5891,2015,9,3,11,0.000000,0.000000,0.000000,61.633950,44.024250,0.000000
5892,2015,9,3,12,0.000000,0.000000,0.000000,55.908930,39.934950,0.000000
5893,2015,9,3,13,0.000000,0.000000,0.000000,52.058510,37.184650,0.000000
5894,2015,9,3,14,0.000000,0.000000,0.000000,52.429300,37.449500,0.000000
5895,2015,9,3,15,0.000000,0.000000,0.000000,47.949160,34.249400,0.000000
5896,2015,9,3,16,0.000000,0.000000,0.000000,46.379550,33.128250,0.000000
5897,2015,9,3,17,0.000000,0.000000,0.000000,47.685260,34.060900,0.000000
5898,2015,9,3,18,0.000000,0.000000,0.000000,48.220410,34.443150,0.000000
5899,2015,9,3,19,0.000000,0.000000,0.000000,49.113330,35.080950,0.000000
5900,2015,9,3,20,0.000000,0.000000,0.000000,56.614180,40.438700,0.000000
5901,2015,9,3,21,0.000000,0.000000,0.000000,53.478390,38.198850,0.000000
5902,2015,9,3,22,0.000000,0.000000,0.000000,52.830050,37.735750,0.000000
5903,2015,9,3,23,0.000000,0.000000,0.000000,43.668870,31.192050,0.000000
5904,2015,9,3,24,0.000000,0.000000,0.000000,47.092500,33.637500,0.000000
5905,2015,9,4,1,0.000000,0.000000,0.000000,48.457220,34.612300,0.000000
5906,2015,9,4,2,0.000000,0.000000,0.000000,54.267780,38.762700,0.000000
5907,2015,9,4,3,0.000000,0.000000,0.000000,53.695740,38.354100,0.000000
5908,2015,9,4,4,0.000000,0.000000,0.000000,45.291610,32.351150,0.000000
5909,2015,9,4,5,0.000000,0.000000,0.000000,24.645600,17.604000,0.000000
5910,2015,9,4,6,0.000000,0.000000,0.000000,12.282620,8.773300,0.000000
5911,2015,9,4,7,0.000000,0.000000,0.000000,25.523750,18.231250,0.000000
5912,2015,9,4,8,0.000000,0.000000,0.000000,38.393180,27.423700,0.000000
5913,2015,9,4,9,0.000000,0.000000,0.000000,17.197040,12.283600,0.000000
5914,2015,9,4,10,0.000000,0.000000,0.000000,20.924470,14.946050,0.000000
5915,2015,9,4,11,0.000000,0.000000,0.000000,40.307050,28.790750,0.000000
5916,2015,9,4,12,0.000000,0.000000,0.000000,48.090980,34.350700,0.000000
5917,2015,9,4,13,0.000000,0.000000,0.000000,48.372450,34.551750,0.000000
5918,2015,9,4,14,0.000000,0.000000,0.000000,41.632990,29.737850,0.000000
5919,2015,9,4,15,0.000000,0.000000,0.000000,46.795980,33.425700,0.000000
5920,2015,9,4,16,0.000000,0.000000,0.000000,57.869000,41.335000,0.000000
5921,2015,9,4,17,0.000000,0.000000,0.000000,61.677840,44.055600,0.000000
5922,2015,9,4,18,0.000000,0.000000,0.000000,58.769620,41.978300,0.000000
5923,2015,9,4,19,0.000000,0.000000,0.000000,62.589030,44.706450,0.000000
5924,2015,9,4,20,0.000000,0.000000,0.000000,58.184840,41.560600,0.000000
5925,2015,9,4,21,0.000000,0.000000,0.000000,56.658210,40.470150,0.000000
5926,2015,9,4,22,0.000000,0.000000,0.000000,61.969180,44.263700,0.000000
5927,2015,9,4,23,0.000000,0.000000,0.000000,64.254260,45.895900,0.000000
5928,2015,9,4,24,0.000000,0.000000,0.000000,62.646640,44.747600,0.000000
5929,2015,9,5,1,0.000000,0.000000,0.000000,62.403880,44.574200,0.000000
5930,2015,9,5,2,0.000000,0.000000,0.000000,59.868340,42.763100,0.000000
5931,2015,9,5,3,0.000000,0.000000,0.000000,57.210580,40.864700,0.000000
5932,2015,9,5,4,0.000000,0.000000,0.000000,57.356320,40.968800,0.000000
5933,2015,9,5,5,0.000000,0.000000,0.000000,48.376020,34.554300,0.000000
5934,2015,9,5,6,0.000000,0.000000,0.000000,34.378190,24.555850,0.000000
5935,2015,9,5,7,0.000000,0.000000,0.000000,10.688020,7.634300,0.000000
5936,2015,9,5,8,0.000000,0.000000,0.000000,7.302330,5.215950,0.000000
5937,2015,9,5,9,0.000000,0.000000,0.000000,4.553990,3.252850,0.000000
5938,2015,9,5,10,0.000000,0.000000,0.000000,0.662480,0.473200,0.000000
5939,2015,9,5,11,0.000000,0.000000,0.000000,7.380940,5.272100,0.000000
5940,2015,9,5,12,0.000000,0.000000,0.000000,14.094710,10.067650,0.000000
5941,2015,9,5,13,0.000000,0.000000,0.000000,18.384520,13.131800,0.000000
5942,2015,9,5,14,0.000000,0.000000,0.000000,21.495180,15.353700,0.000000
5943,2015,9,5,15,0.000000,0.000000,0.000000,29.972600,21.409000,0.000000
5944,2015,9,5,16,0.000000,0.000000,0.000000,33.154030,23.681450,0.000000
5945,2015,9,5,17,0.000000,0.000000,0.000000,34.916910,24.940650,0.000000
5946,2015,9,5,18,0.000000,0.000000,0.000000,37.632420,26.880300,0.000000
5947,2015,9,5,19,0.000000,0.000000,0.000000,40.571930,28.979950,0.000000
5948,2015,9,5,20,0.000000,0.000000,0.000000,36.542590,26.101850,0.000000
5949,2015,9,5,21,0.000000,0.000000,0.000000,32.074070,22.910050,0.000000
5950,2015,9,5,22,0.000000,0.000000,0.000000,20.030780,14.307700,0.000000
5951,2015,9,5,23,0.000000,0.000000,0.000000,21.083580,15.059700,0.000000
5952,2015,9,5,24,0.000000,0.000000,0.000000,20.932310,14.951650,0.000000
5953,2015,9,6,1,0.000000,0.000000,0.000000,21.457730,15.326950,0.000000
5954,2015,9,6,2,0.000000,0.000000,0.000000,19.029220,13.592300,0.000000
5955,2015,9,6,3,0.000000,0.000000,0.000000,16.330930,11.664950,0.000000
5956,2015,9,6,4,0.000000,0.000000,0.000000,18.078690,12.913350,0.000000
5957,2015,9,6,5,0.000000,0.000000,0.000000,16.727200,11.948000,0.000000
5958,2015,9,6,6,0.000000,0.000000,0.000000,12.181750,8.701250,0.000000
5959,2015,9,6,7,0.000000,0.000000,0.000000,24.393320,17.423800,0.000000
5960,2015,9,6,8,0.000000,0.000000,0.000000,17.944290,12.817350,0.000000
5961,2015,9,6,9,0.000000,0.000000,0.000000,11.926950,8.519250,0.000000
5962,2015,9,6,10,0.000000,0.000000,0.000000,21.420560,15.300400,0.000000
5963,2015,9,6,11,0.000000,0.000000,0.000000,37.918370,27.084550,0.000000
5964,2015,9,6,12,0.000000,0.000000,0.000000,46.314940,33.082100,0.000000
5965,2015,9,6,13,0.000000,0.000000,0.000000,49.804720,35.574800,0.000000
5966,2015,9,6,14,0.000000,0.000000,0.000000,46.235630,33.025450,0.000000
5967,2015,9,6,15,0.000000,0.000000,0.000000,45.601010,32.572150,0.000000
5968,2015,9,6,16,0.000000,0.000000,0.000000,31.173240,22.266600,0.000000
5969,2015,9,6,17,0.000000,0.000000,0.000000,20.662880,14.759200,0.000000
5970,2015,9,6,18,0.000000,0.000000,0.000000,15.641010,11.172150,0.000000
5971,2015,9,6,19,0.000000,0.000000,0.000000,10.022180,7.158700,0.000000
5972,2015,9,6,20,0.000000,0.000000,0.000000,5.852770,4.180550,0.000000
5973,2015,9,6,21,0.000000,0.000000,0.000000,4.951030,3.536450,0.000000
5974,2015,9,6,22,0.000000,0.000000,0.000000,1.173550,0.838250,0.000000
5975,2015,9,6,23,0.000000,0.000000,0.000000,0.690340,0.493100,0.000000
5976,2015,9,6,24,0.000000,0.000000,0.000000,1.561350,1.115250,0.000000
5977,2015,9,7,1,0.000000,0.000000,0.000000,3.521280,2.515200,0.000000
5978,2015,9,7,2,0.000000,0.000000,0.000000,4.567010,3.262150,0.000000
5979,2015,9,7,3,0.000000,0.000000,0.000000,5.717880,4.084200,0.000000
5980,2015,9,7,4,0.000000,0.000000,0.000000,7.598500,5.427500,0.000000
5981,2015,9,7,5,0.000000,0.000000,0.000000,7.585690,5.418350,0.000000
5982,2015,9,7,6,0.000000,0.000000,0.000000,6.905010,4.932150,0.000000
5983,2015,9,7,7,0.000000,0.000000,0.000000,2.981860,2.129900,0.000000
5984,2015,9,7,8,0.000000,0.000000,0.000000,3.524500,2.517500,0.000000
5985,2015,9,7,9,0.000000,0.000000,0.000000,3.161760,2.258400,0.000000
5986,2015,9,7,10,0.000000,0.000000,0.000000,3.189970,2.278550,0.000000
5987,2015,9,7,11,0.000000,0.000000,0.000000,6.020630,4.300450,0.000000
5988,2015,9,7,12,0.000000,0.000000,0.000000,9.101680,6.501200,0.000000
5989,2015,9,7,13,0.000000,0.000000,0.000000,10.885140,7.775100,0.000000
5990,2015,9,7,14,0.000000,0.000000,0.000000,9.893310,7.066650,0.000000
5991,2015,9,7,15,0.000000,0.000000,0.000000,10.972920,7.837800,0.000000
5992,2015,9,7,16,0.000000,0.000000,0.000000,14.994350,10.710250,0.000000
5993,2015,9,7,17,0.000000,0.000000,0.000000,13.363000,9.545000,0.000000
5994,2015,9,7,18,0.000000,0.000000,0.000000,13.660920,9.757800,0.000000
5995,2015,9,7,19,0.000000,0.000000,0.000000,20.635230,14.739450,0.000000
5996,2015,9,7,20,0.000000,0.000000,0.000000,22.074500,15.767500,0.000000
5997,2015,9,7,21,0.000000,0.000000,0.000000,23.511390,16.793850,0.000000
5998,2015,9,7,22,0.000000,0.000000,0.000000,17.560200,12.543000,0.000000
5999,2015,9,7,23,0.000000,0.000000,0.000000,15.043910,10.745650,0.000000
6000,2015,9,7,24,0.000000,0.000000,0.000000,14.756350,10.540250,0.000000
6001,2015,9,8,1,0.000000,0.000000,0.000000,19.332740,13.809100,0.000000
6002,2015,9,8,2,0.000000,0.000000,0.000000,22.161930,15.829950,0.000000
6003,2015,9,8,3,0.000000,0.000000,0.000000,17.232600,12.309000,0.000000
6004,2015,9,8,4,0.000000,0.000000,0.000000,13.892550,9.923250,0.000000
6005,2015,9,8,5,0.000000,0.000000,0.000000,13.781670,9.844050,0.000000
6006,2015,9,8,6,0.000000,0.000000,0.000000,12.523840,8.945600,0.000000
6007,2015,9,8,7,0.000000,0.000000,0.000000,14.310450,10.221750,0.000000
6008,2015,9,8,8,0.000000,0.000000,0.000000,24.649170,17.606550,0.000000
6009,2015,9,8,9,0.000000,0.000000,0.000000,36.218420,25.870300,0.000000
6010,2015,9,8,10,0.000000,0.000000,0.000000,42.135310,30.096650,0.000000
6011,2015,9,8,11,0.000000,0.000000,0.000000,42.976220,30.697300,0.000000
6012,2015,9,8,12,0.000000,0.000000,0.000000,41.993630,29.995450,0.000000
6013,2015,9,8,13,0.000000,0.000000,0.000000,28.468370,20.334550,0.000000
6014,2015,9,8,14,0.000000,0.000000,0.000000,19.099500,13.642500,0.000000
6015,2015,9,8,15,0.000000,0.000000,0.000000,15.100400,10.786000,0.000000
6016,2015,9,8,16,0.000000,0.000000,0.000000,16.276050,11.625750,0.000000
6017,2015,9,8,17,0.000000,0.000000,0.000000,17.264170,12.331550,0.000000
6018,2015,9,8,18,0.000000,0.000000,0.000000,15.599640,11.142600,0.000000
6019,2015,9,8,19,0.000000,0.000000,0.000000,16.496270,11.783050,0.000000
6020,2015,9,8,20,0.000000,0.000000,0.000000,19.761910,14.115650,0.000000
6021,2015,9,8,21,0.000000,0.000000,0.000000,17.582600,12.559000,0.000000
6022,2015,9,8,22,0.000000,0.000000,0.000000,14.475230,10.339450,0.000000
6023,2015,9,8,23,0.000000,0.000000,0.000000,13.486270,9.633050,0.000000
6024,2015,9,8,24,0.000000,0.000000,0.000000,17.346210,12.390150,0.000000
6025,2015,9,9,1,0.000000,0.000000,0.000000,21.186480,15.133200,0.000000
6026,2015,9,9,2,0.000000,0.000000,0.000000,27.745760,19.818400,0.000000
6027,2015,9,9,3,0.000000,0.000000,0.000000,40.132960,28.666400,0.000000
6028,2015,9,9,4,0.000000,0.000000,0.000000,47.238100,33.741500,0.000000
6029,2015,9,9,5,0.000000,0.000000,0.000000,52.681930,37.629950,0.000000
6030,2015,9,9,6,0.000000,0.000000,0.000000,56.574490,40.410350,0.000000
6031,2015,9,9,7,0.000000,0.000000,0.000000,52.696630,37.640450,0.000000
6032,2015,9,9,8,0.000000,0.000000,0.000000,40.076680,28.626200,0.000000
6033,2015,9,9,9,0.000000,0.000000,0.000000,42.029610,30.021150,0.000000
6034,2015,9,9,10,0.000000,0.000000,0.000000,42.177800,30.127000,0.000000
6035,2015,9,9,11,0.000000,0.000000,0.000000,41.291460,29.493900,0.000000
6036,2015,9,9,12,0.000000,0.000000,0.000000,39.636030,28.311450,0.000000
6037,2015,9,9,13,0.000000,0.000000,0.000000,41.228250,29.448750,0.000000
6038,2015,9,9,14,0.000000,0.000000,0.000000,37.711660,26.936900,0.000000
6039,2015,9,9,15,0.000000,0.000000,0.000000,37.801470,27.001050,0.000000
6040,2015,9,9,16,0.000000,0.000000,0.000000,39.708270,28.363050,0.000000
6041,2015,9,9,17,0.000000,0.000000,0.000000,37.798320,26.998800,0.000000
6042,2015,9,9,18,0.000000,0.000000,0.000000,36.338050,25.955750,0.000000
6043,2015,9,9,19,0.000000,0.000000,0.000000,34.602820,24.716300,0.000000
6044,2015,9,9,20,0.000000,0.000000,0.000000,35.888300,25.634500,0.000000
6045,2015,9,9,21,0.000000,0.000000,0.000000,34.191780,24.422700,0.000000
6046,2015,9,9,22,0.000000,0.000000,0.000000,40.941040,29.243600,0.000000
6047,2015,9,9,23,0.000000,0.000000,0.000000,44.892260,32.065900,0.000000
6048,2015,9,9,24,0.000000,0.000000,0.000000,43.874600,31.339000,0.000000
6049,2015,9,10,1,0.000000,0.000000,0.000000,41.616540,29.726100,0.000000
6050,2015,9,10,2,0.000000,0.000000,0.000000,40.212060,28.722900,0.000000
6051,2015,9,10,3,0.000000,0.000000,0.000000,41.655950,29.754250,0.000000
6052,2015,9,10,4,0.000000,0.000000,0.000000,38.476550,27.483250,0.000000
6053,2015,9,10,5,0.000000,0.000000,0.000000,30.512160,21.794400,0.000000
6054,2015,9,10,6,0.000000,0.000000,0.000000,25.386480,18.133200,0.000000
6055,2015,9,10,7,0.000000,0.000000,0.000000,12.309780,8.792700,0.000000
6056,2015,9,10,8,0.000000,0.000000,0.000000,7.643790,5.459850,0.000000
6057,2015,9,10,9,0.000000,0.000000,0.000000,5.339250,3.813750,0.000000
6058,2015,9,10,10,0.000000,0.000000,0.000000,4.409860,3.149900,0.000000
6059,2015,9,10,11,0.000000,0.000000,0.000000,3.973480,2.838200,0.000000
6060,2015,9,10,12,0.000000,0.000000,0.000000,4.505340,3.218100,0.000000
6061,2015,9,10,13,0.000000,0.000000,0.000000,8.655150,6.182250,0.000000
6062,2015,9,10,14,0.000000,0.000000,0.000000,20.261570,14.472550,0.000000
6063,2015,9,10,15,0.000000,0.000000,0.000000,19.975480,14.268200,0.000000
6064,2015,9,10,16,0.000000,0.000000,0.000000,22.393630,15.995450,0.000000
6065,2015,9,10,17,0.000000,0.000000,0.000000,25.594030,18.281450,0.000000
6066,2015,9,10,18,0.000000,0.000000,0.000000,30.022650,21.444750,0.000000
6067,2015,9,10,19,0.000000,0.000000,0.000000,39.966710,28.547650,0.000000
6068,2015,9,10,20,0.000000,0.000000,0.000000,42.616980,30.440700,0.000000
6069,2015,9,10,21,0.000000,0.000000,0.000000,38.169390,27.263850,0.000000
6070,2015,9,10,22,0.000000,0.000000,0.000000,34.844600,24.889000,0.000000
6071,2015,9,10,23,0.000000,0.000000,0.000000,41.785730,29.846950,0.000000
6072,2015,9,10,24,0.000000,0.000000,0.000000,45.907470,32.791050,0.000000
6073,2015,9,11,1,0.000000,0.000000,0.000000,56.785820,40.561300,0.000000
6074,2015,9,11,2,0.000000,0.000000,0.000000,62.834730,44.881950,0.000000
6075,2015,9,11,3,0.000000,0.000000,0.000000,65.241190,46.600850,0.000000
6076,2015,9,11,4,0.000000,0.000000,0.000000,66.596810,47.569150,0.000000
6077,2015,9,11,5,0.000000,0.000000,0.000000,67.485250,48.203750,0.000000
6078,2015,9,11,6,0.000000,0.000000,0.000000,66.224970,47.303550,0.000000
6079,2015,9,11,7,0.000000,0.000000,0.000000,67.976650,48.554750,0.000000
6080,2015,9,11,8,0.000000,0.000000,0.000000,68.034120,48.595800,0.000000
6081,2015,9,11,9,0.000000,0.000000,0.000000,69.144600,49.389000,0.000000
6082,2015,9,11,10,0.000000,0.000000,0.000000,69.863080,49.902200,0.000000
6083,2015,9,11,11,0.000000,0.000000,0.000000,69.929020,49.949300,0.000000
6084,2015,9,11,12,0.000000,0.000000,0.000000,69.938540,49.956100,0.000000
6085,2015,9,11,13,0.000000,0.000000,0.000000,69.891990,49.922850,0.000000
6086,2015,9,11,14,0.000000,0.000000,0.000000,69.155030,49.396450,0.000000
6087,2015,9,11,15,0.000000,0.000000,0.000000,66.518900,47.513500,0.000000
6088,2015,9,11,16,0.000000,0.000000,0.000000,50.689520,36.206800,0.000000
6089,2015,9,11,17,0.000000,0.000000,0.000000,42.998970,30.713550,0.000000
6090,2015,9,11,18,0.000000,0.000000,0.000000,38.385130,27.417950,0.000000
6091,2015,9,11,19,0.000000,0.000000,0.000000,41.408570,29.577550,0.000000
6092,2015,9,11,20,0.000000,0.000000,0.000000,40.584740,28.989100,0.000000
6093,2015,9,11,21,0.000000,0.000000,0.000000,33.900510,24.214650,0.000000
6094,2015,9,11,22,0.000000,0.000000,0.000000,25.886490,18.490350,0.000000
6095,2015,9,11,23,0.000000,0.000000,0.000000,19.572140,13.980100,0.000000
6096,2015,9,11,24,0.000000,0.000000,0.000000,19.235510,13.739650,0.000000
6097,2015,9,12,1,0.000000,0.000000,0.000000,23.133320,16.523800,0.000000
6098,2015,9,12,2,0.000000,0.000000,0.000000,34.231050,24.450750,0.000000
6099,2015,9,12,3,0.000000,0.000000,0.000000,53.081490,37.915350,0.000000
6100,2015,9,12,4,0.000000,0.000000,0.000000,66.189620,47.278300,0.000000
6101,2015,9,12,5,0.000000,0.000000,0.000000,65.618490,46.870350,0.000000
6102,2015,9,12,6,0.000000,0.000000,0.000000,68.722360,49.087400,0.000000
6103,2015,9,12,7,0.000000,0.000000,0.000000,69.952470,49.966050,0.000000
6104,2015,9,12,8,0.000000,0.000000,0.000000,69.974940,49.982100,0.000000
6105,2015,9,12,9,0.000000,0.000000,0.000000,69.993980,49.995700,0.000000
6106,2015,9,12,10,0.000000,0.000000,0.000000,70.000000,50.000000,0.000000
6107,2015,9,12,11,0.000000,0.000000,0.000000,70.000000,50.000000,0.000000
6108,2015,9,12,12,0.000000,0.000000,0.000000,70.000000,50.000000,0.000000
6109,2015,9,12,13,0.000000,0.000000,0.000000,69.937700,49.955500,0.000000
6110,2015,9,12,14,0.000000,0.000000,0.000000,64.205610,45.861150,0.000000
6111,2015,9,12,15,0.000000,0.000000,0.000000,60.169620,42.978300,0.000000
6112,2015,9,12,16,0.000000,0.000000,0.000000,38.945340,27.818100,0.000000
6113,2015,9,12,17,0.000000,0.000000,0.000000,18.629100,13.306500,0.000000
6114,2015,9,12,18,0.000000,0.000000,0.000000,26.226060,18.732900,0.000000
6115,2015,9,12,19,0.000000,0.000000,0.000000,36.337350,25.955250,0.000000
6116,2015,9,12,20,0.000000,0.000000,0.000000,47.713190,34.080850,0.000000
6117,2015,9,12,21,0.000000,0.000000,0.000000,22.751890,16.251350,0.000000
6118,2015,9,12,22,0.000000,0.000000,0.000000,12.887980,9.205700,0.000000
6119,2015,9,12,23,0.000000,0.000000,0.000000,11.898390,8.498850,0.000000
6120,2015,9,12,24,0.000000,0.000000,0.000000,19.559120,13.970800,0.000000
6121,2015,9,13,1,0.000000,0.000000,0.000000,21.931700,15.665500,0.000000
6122,2015,9,13,2,0.000000,0.000000,0.000000,54.965610,39.261150,0.000000
6123,2015,9,13,3,0.000000,0.000000,0.000000,64.294510,45.924650,0.000000
6124,2015,9,13,4,0.000000,0.000000,0.000000,62.042820,44.316300,0.000000
6125,2015,9,13,5,0.000000,0.000000,0.000000,44.357670,31.684050,0.000000
6126,2015,9,13,6,0.000000,0.000000,0.000000,20.938330,14.955950,0.000000
6127,2015,9,13,7,0.000000,0.000000,0.000000,20.234340,14.453100,0.000000
6128,2015,9,13,8,0.000000,0.000000,0.000000,35.466410,25.333150,0.000000
6129,2015,9,13,9,0.000000,0.000000,0.000000,58.540020,41.814300,0.000000
6130,2015,9,13,10,0.000000,0.000000,0.000000,45.342780,32.387700,0.000000
6131,2015,9,13,11,0.000000,0.000000,0.000000,58.520910,41.800650,0.000000
6132,2015,9,13,12,0.000000,0.000000,0.000000,58.563960,41.831400,0.000000
6133,2015,9,13,13,0.000000,0.000000,0.000000,57.204000,40.860000,0.000000
6134,2015,9,13,14,0.000000,0.000000,0.000000,61.306770,43.790550,0.000000
6135,2015,9,13,15,0.000000,0.000000,0.000000,63.064750,45.046250,0.000000
6136,2015,9,13,16,0.000000,0.000000,0.000000,61.107690,43.648350,0.000000
6137,2015,9,13,17,0.000000,0.000000,0.000000,55.449940,39.607100,0.000000
6138,2015,9,13,18,0.000000,0.000000,0.000000,51.124220,36.517300,0.000000
6139,2015,9,13,19,0.000000,0.000000,0.000000,45.145800,32.247000,0.000000
6140,2015,9,13,20,0.000000,0.000000,0.000000,40.339320,28.813800,0.000000
6141,2015,9,13,21,0.000000,0.000000,0.000000,31.087000,22.205000,0.000000
6142,2015,9,13,22,0.000000,0.000000,0.000000,38.977890,27.841350,0.000000
6143,2015,9,13,23,0.000000,0.000000,0.000000,28.359730,20.256950,0.000000
6144,2015,9,13,24,0.000000,0.000000,0.000000,23.507260,16.790900,0.000000
6145,2015,9,14,1,0.000000,0.000000,0.000000,21.992880,15.709200,0.000000
6146,2015,9,14,2,0.000000,0.000000,0.000000,24.106740,17.219100,0.000000
6147,2015,9,14,3,0.000000,0.000000,0.000000,18.331460,13.093900,0.000000
6148,2015,9,14,4,0.000000,0.000000,0.000000,11.338740,8.099100,0.000000
6149,2015,9,14,5,0.000000,0.000000,0.000000,9.224740,6.589100,0.000000
6150,2015,9,14,6,0.000000,0.000000,0.000000,7.035420,5.025300,0.000000
6151,2015,9,14,7,0.000000,0.000000,0.000000,3.648610,2.606150,0.000000
6152,2015,9,14,8,0.000000,0.000000,0.000000,3.301550,2.358250,0.000000
6153,2015,9,14,9,0.000000,0.000000,0.000000,0.000000,0.000000,0.000000
6154,2015,9,14,10,0.000000,0.000000,0.000000,0.000000,0.000000,0.000000
6155,2015,9,14,11,0.000000,0.000000,0.000000,4.615660,3.296900,0.000000
6156,2015,9,14,12,0.000000,0.000000,0.000000,7.781060,5.557900,0.000000
6157,2015,9,14,13,0.000000,0.000000,0.000000,8.494920,6.067800,0.000000
6158,2015,9,14,14,0.000000,0.000000,0.000000,7.578830,5.413450,0.000000
6159,2015,9,14,15,0.000000,0.000000,0.000000,8.971060,6.407900,0.000000
6160,2015,9,14,16,0.000000,0.000000,0.000000,9.608620,6.863300,0.000000
6161,2015,9,14,17,0.000000,0.000000,0.000000,11.028920,7.877800,0.000000
6162,2015,9,14,18,0.000000,0.000000,0.000000,11.902590,8.501850,0.000000
6163,2015,9,14,19,0.000000,0.000000,0.000000,12.703040,9.073600,0.000000
6164,2015,9,14,20,0.000000,0.000000,0.000000,13.535480,9.668200,0.000000
6165,2015,9,14,21,0.000000,0.000000,0.000000,7.010150,5.007250,0.000000
6166,2015,9,14,22,0.000000,0.000000,0.000000,5.972820,4.266300,0.000000
6167,2015,9,14,23,0.000000,0.000000,0.000000,7.635180,5.453700,0.000000
6168,2015,9,14,24,0.000000,0.000000,0.000000,10.432380,7.451700,0.000000
6169,2015,9,15,1,0.000000,0.000000,0.000000,13.398140,9.570100,0.000000
6170,2015,9,15,2,0.000000,0.000000,0.000000,13.070050,9.335750,0.000000
6171,2015,9,15,3,0.000000,0.000000,0.000000,13.652450,9.751750,0.000000
6172,2015,9,15,4,0.000000,0.000000,0.000000,14.738780,10.527700,0.000000
6173,2015,9,15,5,0.000000,0.000000,0.000000,10.610670,7.579050,0.000000
6174,2015,9,15,6,0.000000,0.000000,0.000000,6.251910,4.465650,0.000000
6175,2015,9,15,7,0.000000,0.000000,0.000000,3.153360,2.252400,0.000000
6176,2015,9,15,8,0.000000,0.000000,0.000000,0.697970,0.498550,0.000000
6177,2015,9,15,9,0.000000,0.000000,0.000000,0.000000,0.000000,0.000000
6178,2015,9,15,10,0.000000,0.000000,0.000000,0.562170,0.401550,0.000000
6179,2015,9,15,11,0.000000,0.000000,0.000000,0.861910,0.615650,0.000000
6180,2015,9,15,12,0.000000,0.000000,0.000000,4.092410,2.923150,0.000000
6181,2015,9,15,13,0.000000,0.000000,0.000000,15.397970,10.998550,0.000000
6182,2015,9,15,14,0.000000,0.000000,0.000000,18.114250,12.938750,0.000000
6183,2015,9,15,15,0.000000,0.000000,0.000000,22.231720,15.879800,0.000000
6184,2015,9,15,16,0.000000,0.000000,0.000000,25.737390,18.383850,0.000000
6185,2015,9,15,17,0.000000,0.000000,0.000000,24.855530,17.753950,0.000000
6186,2015,9,15,18,0.000000,0.000000,0.000000,23.565920,16.832800,0.000000
6187,2015,9,15,19,0.000000,0.000000,0.000000,28.749770,20.535550,0.000000
6188,2015,9,15,20,0.000000,0.000000,0.000000,27.764100,19.831500,0.000000
6189,2015,9,15,21,0.000000,0.000000,0.000000,19.598110,13.998650,0.000000
6190,2015,9,15,22,0.000000,0.000000,0.000000,7.348110,5.248650,0.000000
6191,2015,9,15,23,0.000000,0.000000,0.000000,12.883080,9.202200,0.000000
6192,2015,9,15,24,0.000000,0.000000,0.000000,11.363100,8.116500,0.000000
6193,2015,9,16,1,0.000000,0.000000,0.000000,7.502950,5.359250,0.000000
6194,2015,9,16,2,0.000000,0.000000,0.000000,6.383160,4.559400,0.000000
6195,2015,9,16,3,0.000000,0.000000,0.000000,5.652990,4.037850,0.000000
6196,2015,9,16,4,0.000000,0.000000,0.000000,4.266220,3.047300,0.000000
6197,2015,9,16,5,0.000000,0.000000,0.000000,1.874040,1.338600,0.000000
6198,2015,9,16,6,0.000000,0.000000,0.000000,3.337180,2.383700,0.000000
6199,2015,9,16,7,0.000000,0.000000,0.000000,3.016020,2.154300,0.000000
6200,2015,9,16,8,0.000000,0.000000,0.000000,5.235790,3.739850,0.000000
6201,2015,9,16,9,0.000000,0.000000,0.000000,13.419350,9.585250,0.000000
6202,2015,9,16,10,0.000000,0.000000,0.000000,25.305350,18.075250,0.000000
6203,2015,9,16,11,0.000000,0.000000,0.000000,28.832020,20.594300,0.000000
6204,2015,9,16,12,0.000000,0.000000,0.000000,30.526440,21.804600,0.000000
6205,2015,9,16,13,0.000000,0.000000,0.000000,37.892680,27.066200,0.000000
6206,2015,9,16,14,0.000000,0.000000,0.000000,50.686370,36.204550,0.000000
6207,2015,9,16,15,0.000000,0.000000,0.000000,47.903800,34.217000,0.000000
6208,2015,9,16,16,0.000000,0.000000,0.000000,43.420160,31.014400,0.000000
6209,2015,9,16,17,0.000000,0.000000,0.000000,43.064210,30.760150,0.000000
6210,2015,9,16,18,0.000000,0.000000,0.000000,54.676720,39.054800,0.000000
6211,2015,9,16,19,0.000000,0.000000,0.000000,58.263100,41.616500,0.000000
6212,2015,9,16,20,0.000000,0.000000,0.000000,49.004060,35.002900,0.000000
6213,2015,9,16,21,0.000000,0.000000,0.000000,38.319890,27.371350,0.000000
6214,2015,9,16,22,0.000000,0.000000,0.000000,31.812690,22.723350,0.000000
6215,2015,9,16,23,0.000000,0.000000,0.000000,31.882200,22.773000,0.000000
6216,2015,9,16,24,0.000000,0.000000,0.000000,47.955740,34.254100,0.000000
6217,2015,9,17,1,0.000000,0.000000,0.000000,46.978680,33.556200,0.000000
6218,2015,9,17,2,0.000000,0.000000,0.000000,40.943420,29.245300,0.000000
6219,2015,9,17,3,0.000000,0.000000,0.000000,36.874320,26.338800,0.000000
6220,2015,9,17,4,0.000000,0.000000,0.000000,31.959130,22.827950,0.000000
6221,2015,9,17,5,0.000000,0.000000,0.000000,27.537790,19.669850,0.000000
6222,2015,9,17,6,0.000000,0.000000,0.000000,33.320700,23.800500,0.000000
6223,2015,9,17,7,0.000000,0.000000,0.000000,23.878120,17.055800,0.000000
6224,2015,9,17,8,0.000000,0.000000,0.000000,23.908710,17.077650,0.000000
6225,2015,9,17,9,0.000000,0.000000,0.000000,32.588360,23.277400,0.000000
6226,2015,9,17,10,0.000000,0.000000,0.000000,40.253920,28.752800,0.000000
6227,2015,9,17,11,0.000000,0.000000,0.000000,45.257800,32.327000,0.000000
6228,2015,9,17,12,0.000000,0.000000,0.000000,41.554590,29.681850,0.000000
6229,2015,9,17,13,0.000000,0.000000,0.000000,36.020530,25.728950,0.000000
6230,2015,9,17,14,0.000000,0.000000,0.000000,29.752170,21.251550,0.000000
6231,2015,9,17,15,0.000000,0.000000,0.000000,28.564480,20.403200,0.000000
6232,2015,9,17,16,0.000000,0.000000,0.000000,27.103790,19.359850,0.000000
6233,2015,9,17,17,0.000000,0.000000,0.000000,22.686650,16.204750,0.000000
6234,2015,9,17,18,0.000000,0.000000,0.000000,22.245930,15.889950,0.000000
6235,2015,9,17,19,0.000000,0.000000,0.000000,21.251090,15.179350,0.000000
6236,2015,9,17,20,0.000000,0.000000,0.000000,18.035780,12.882700,0.000000
6237,2015,9,17,21,0.000000,0.000000,0.000000,8.268470,5.906050,0.000000
6238,2015,9,17,22,0.000000,0.000000,0.000000,3.965920,2.832800,0.000000
6239,2015,9,17,23,0.000000,0.000000,0.000000,2.321340,1.658100,0.000000
6240,2015,9,17,24,0.000000,0.000000,0.000000,0.626010,0.447150,0.000000
6241,2015,9,18,1,0.000000,0.000000,0.000000,1.099630,0.785450,0.000000
6242,2015,9,18,2,0.000000,0.000000,0.000000,0.637560,0.455400,0.000000
6243,2015,9,18,3,0.000000,0.000000,0.000000,1.267350,0.905250,0.000000
6244,2015,9,18,4,0.000000,0.000000,0.000000,0.524370,0.374550,0.000000
6245,2015,9,18,5,0.000000,0.000000,0.000000,0.701470,0.501050,0.000000
6246,2015,9,18,6,0.000000,0.000000,0.000000,3.673460,2.623900,0.000000
6247,2015,9,18,7,0.000000,0.000000,0.000000,6.852720,4.894800,0.000000
6248,2015,9,18,8,0.000000,0.000000,0.000000,11.150230,7.964450,0.000000
6249,2015,9,18,9,0.000000,0.000000,0.000000,13.275920,9.482800,0.000000
6250,2015,9,18,10,0.000000,0.000000,0.000000,17.005030,12.146450,0.000000
6251,2015,9,18,11,0.000000,0.000000,0.000000,27.678560,19.770400,0.000000
6252,2015,9,18,12,0.000000,0.000000,0.000000,41.386520,29.561800,0.000000
6253,2015,9,18,13,0.000000,0.000000,0.000000,44.461060,31.757900,0.000000
6254,2015,9,18,14,0.000000,0.000000,0.000000,41.283060,29.487900,0.000000
6255,2015,9,18,15,0.000000,0.000000,0.000000,31.123400,22.231000,0.000000
6256,2015,9,18,16,0.000000,0.000000,0.000000,30.973460,22.123900,0.000000
6257,2015,9,18,17,0.000000,0.000000,0.000000,37.570190,26.835850,0.000000
6258,2015,9,18,18,0.000000,0.000000,0.000000,45.058860,32.184900,0.000000
6259,2015,9,18,19,0.000000,0.000000,0.000000,45.266130,32.332950,0.000000
6260,2015,9,18,20,0.000000,0.000000,0.000000,53.217710,38.012650,0.000000
6261,2015,9,18,21,0.000000,0.000000,0.000000,50.384530,35.988950,0.000000
6262,2015,9,18,22,0.000000,0.000000,0.000000,56.084140,40.060100,0.000000
6263,2015,9,18,23,0.000000,0.000000,0.000000,56.635110,40.453650,0.000000
6264,2015,9,18,24,0.000000,0.000000,0.000000,60.969020,43.549300,0.000000
6265,2015,9,19,1,0.000000,0.000000,0.000000,62.063680,44.331200,0.000000
6266,2015,9,19,2,0.000000,0.000000,0.000000,64.302700,45.930500,0.000000
6267,2015,9,19,3,0.000000,0.000000,0.000000,66.078810,47.199150,0.000000
6268,2015,9,19,4,0.000000,0.000000,0.000000,66.199420,47.285300,0.000000
6269,2015,9,19,5,0.000000,0.000000,0.000000,65.508100,46.791500,0.000000
6270,2015,9,19,6,0.000000,0.000000,0.000000,63.975940,45.697100,0.000000
6271,2015,9,19,7,0.000000,0.000000,0.000000,55.938470,39.956050,0.000000
6272,2015,9,19,8,0.000000,0.000000,0.000000,45.664150,32.617250,0.000000
6273,2015,9,19,9,0.000000,0.000000,0.000000,36.604820,26.146300,0.000000
6274,2015,9,19,10,0.000000,0.000000,0.000000,30.198000,21.570000,0.000000
6275,2015,9,19,11,0.000000,0.000000,0.000000,20.261500,14.472500,0.000000
6276,2015,9,19,12,0.000000,0.000000,0.000000,17.155810,12.254150,0.000000
6277,2015,9,19,13,0.000000,0.000000,0.000000,10.339840,7.385600,0.000000
6278,2015,9,19,14,0.000000,0.000000,0.000000,7.580440,5.414600,0.000000
6279,2015,9,19,15,0.000000,0.000000,0.000000,7.839230,5.599450,0.000000
6280,2015,9,19,16,0.000000,0.000000,0.000000,9.521960,6.801400,0.000000
6281,2015,9,19,17,0.000000,0.000000,0.000000,13.045340,9.318100,0.000000
6282,2015,9,19,18,0.000000,0.000000,0.000000,15.088500,10.777500,0.000000
6283,2015,9,19,19,0.000000,0.000000,0.000000,15.280650,10.914750,0.000000
6284,2015,9,19,20,0.000000,0.000000,0.000000,14.438620,10.313300,0.000000
6285,2015,9,19,21,0.000000,0.000000,0.000000,9.656430,6.897450,0.000000
6286,2015,9,19,22,0.000000,0.000000,0.000000,14.104020,10.074300,0.000000
6287,2015,9,19,23,0.000000,0.000000,0.000000,31.616410,22.583150,0.000000
6288,2015,9,19,24,0.000000,0.000000,0.000000,36.546090,26.104350,0.000000
6289,2015,9,20,1,0.000000,0.000000,0.000000,41.131790,29.379850,0.000000
6290,2015,9,20,2,0.000000,0.000000,0.000000,49.487270,35.348050,0.000000
6291,2015,9,20,3,0.000000,0.000000,0.000000,45.265220,32.332300,0.000000
6292,2015,9,20,4,0.000000,0.000000,0.000000,42.764540,30.546100,0.000000
6293,2015,9,20,5,0.000000,0.000000,0.000000,37.718660,26.941900,0.000000
6294,2015,9,20,6,0.000000,0.000000,0.000000,23.844940,17.032100,0.000000
6295,2015,9,20,7,0.000000,0.000000,0.000000,10.607170,7.576550,0.000000
6296,2015,9,20,8,0.000000,0.000000,0.000000,9.615970,6.868550,0.000000
6297,2015,9,20,9,0.000000,0.000000,0.000000,15.314040,10.938600,0.000000
6298,2015,9,20,10,0.000000,0.000000,0.000000,10.363220,7.402300,0.000000
6299,2015,9,20,11,0.000000,0.000000,0.000000,7.785750,5.561250,0.000000
6300,2015,9,20,12,0.000000,0.000000,0.000000,10.349850,7.392750,0.000000
6301,2015,9,20,13,0.000000,0.000000,0.000000,27.600020,19.714300,0.000000
6302,2015,9,20,14,0.000000,0.000000,0.000000,37.203950,26.574250,0.000000
6303,2015,9,20,15,0.000000,0.000000,0.000000,40.955390,29.253850,0.000000
6304,2015,9,20,16,0.000000,0.000000,0.000000,36.820420,26.300300,0.000000
6305,2015,9,20,17,0.000000,0.000000,0.000000,37.007320,26.433800,0.000000
6306,2015,9,20,18,0.000000,0.000000,0.000000,31.495590,22.496850,0.000000
6307,2015,9,20,19,0.000000,0.000000,0.000000,21.269220,15.192300,0.000000
6308,2015,9,20,20,0.000000,0.000000,0.000000,17.694880,12.639200,0.000000
6309,2015,9,20,21,0.000000,0.000000,0.000000,4.855760,3.468400,0.000000
6310,2015,9,20,22,0.000000,0.000000,0.000000,4.291000,3.065000,0.000000
6311,2015,9,20,23,0.000000,0.000000,0.000000,3.628870,2.592050,0.000000
6312,2015,9,20,24,0.000000,0.000000,0.000000,2.549400,1.821000,0.000000
6313,2015,9,21,1,0.000000,0.000000,0.000000,1.064000,0.760000,0.000000
6314,2015,9,21,2,0.000000,0.000000,0.000000,1.456000,1.040000,0.000000
6315,2015,9,21,3,0.000000,0.000000,0.000000,0.800380,0.571700,0.000000
6316,2015,9,21,4,0.000000,0.000000,0.000000,2.143680,1.531200,0.000000
6317,2015,9,21,5,0.000000,0.000000,0.000000,8.952650,6.394750,0.000000
6318,2015,9,21,6,0.000000,0.000000,0.000000,23.826320,17.018800,0.000000
6319,2015,9,21,7,0.000000,0.000000,0.000000,25.320050,18.085750,0.000000
6320,2015,9,21,8,0.000000,0.000000,0.000000,23.373490,16.695350,0.000000
6321,2015,9,21,9,0.000000,0.000000,0.000000,25.994430,18.567450,0.000000
6322,2015,9,21,10,0.000000,0.000000,0.000000,31.225880,22.304200,0.000000
6323,2015,9,21,11,0.000000,0.000000,0.000000,32.011980,22.865700,0.000000
6324,2015,9,21,12,0.000000,0.000000,0.000000,35.189140,25.135100,0.000000
6325,2015,9,21,13,0.000000,0.000000,0.000000,33.925010,24.232150,0.000000
6326,2015,9,21,14,0.000000,0.000000,0.000000,26.278140,18.770100,0.000000
6327,2015,9,21,15,0.000000,0.000000,0.000000,20.116600,14.369000,0.000000
6328,2015,9,21,16,0.000000,0.000000,0.000000,9.747640,6.962600,0.000000
6329,2015,9,21,17,0.000000,0.000000,0.000000,16.420040,11.728600,0.000000
6330,2015,9,21,18,0.000000,0.000000,0.000000,26.340160,18.814400,0.000000
6331,2015,9,21,19,0.000000,0.000000,0.000000,37.880010,27.057150,0.000000
6332,2015,9,21,20,0.000000,0.000000,0.000000,37.522660,26.801900,0.000000
6333,2015,9,21,21,0.000000,0.000000,0.000000,35.425040,25.303600,0.000000
6334,2015,9,21,22,0.000000,0.000000,0.000000,43.437100,31.026500,0.000000
6335,2015,9,21,23,0.000000,0.000000,0.000000,49.219030,35.156450,0.000000
6336,2015,9,21,24,0.000000,0.000000,0.000000,55.066830,39.333450,0.000000
6337,2015,9,22,1,0.000000,0.000000,0.000000,44.732660,31.951900,0.000000
6338,2015,9,22,2,0.000000,0.000000,0.000000,40.803630,29.145450,0.000000
6339,2015,9,22,3,0.000000,0.000000,0.000000,28.739550,20.528250,0.000000
6340,2015,9,22,4,0.000000,0.000000,0.000000,13.491800,9.637000,0.000000
6341,2015,9,22,5,0.000000,0.000000,0.000000,4.923660,3.516900,0.000000
6342,2015,9,22,6,0.000000,0.000000,0.000000,5.686660,4.061900,0.000000
6343,2015,9,22,7,0.000000,0.000000,0.000000,2.947000,2.105000,0.000000
6344,2015,9,22,8,0.000000,0.000000,0.000000,7.890820,5.636300,0.000000
6345,2015,9,22,9,0.000000,0.000000,0.000000,12.129670,8.664050,0.000000
6346,2015,9,22,10,0.000000,0.000000,0.000000,12.618970,9.013550,0.000000
6347,2015,9,22,11,0.000000,0.000000,0.000000,14.844410,10.603150,0.000000
6348,2015,9,22,12,0.000000,0.000000,0.000000,22.304940,15.932100,0.000000
6349,2015,9,22,13,0.000000,0.000000,0.000000,21.031150,15.022250,0.000000
6350,2015,9,22,14,0.000000,0.000000,0.000000,15.463630,11.045450,0.000000
6351,2015,9,22,15,0.000000,0.000000,0.000000,13.310570,9.507550,0.000000
6352,2015,9,22,16,0.000000,0.000000,0.000000,12.869780,9.192700,0.000000
6353,2015,9,22,17,0.000000,0.000000,0.000000,5.311530,3.793950,0.000000
6354,2015,9,22,18,0.000000,0.000000,0.000000,2.597140,1.855100,0.000000
6355,2015,9,22,19,0.000000,0.000000,0.000000,5.619180,4.013700,0.000000
6356,2015,9,22,20,0.000000,0.000000,0.000000,14.746620,10.533300,0.000000
6357,2015,9,22,21,0.000000,0.000000,0.000000,35.802970,25.573550,0.000000
6358,2015,9,22,22,0.000000,0.000000,0.000000,47.732720,34.094800,0.000000
6359,2015,9,22,23,0.000000,0.000000,0.000000,63.987560,45.705400,0.000000
6360,2015,9,22,24,0.000000,0.000000,0.000000,69.246730,49.461950,0.000000
6361,2015,9,23,1,0.000000,0.000000,0.000000,69.882190,49.915850,0.000000
6362,2015,9,23,2,0.000000,0.000000,0.000000,69.965420,49.975300,0.000000
6363,2015,9,23,3,0.000000,0.000000,0.000000,69.977530,49.983950,0.000000
6364,2015,9,23,4,0.000000,0.000000,0.000000,69.989500,49.992500,0.000000
6365,2015,9,23,5,0.000000,0.000000,0.000000,69.996780,49.997700,0.000000
6366,2015,9,23,6,0.000000,0.000000,0.000000,69.984390,49.988850,0.000000
6367,2015,9,23,7,0.000000,0.000000,0.000000,69.715800,49.797000,0.000000
6368,2015,9,23,8,0.000000,0.000000,0.000000,68.718160,49.084400,0.000000
6369,2015,9,23,9,0.000000,0.000000,0.000000,69.179110,49.413650,0.000000
6370,2015,9,23,10,0.000000,0.000000,0.000000,65.416890,46.726350,0.000000
6371,2015,9,23,11,0.000000,0.000000,0.000000,64.345120,45.960800,0.000000
6372,2015,9,23,12,0.000000,0.000000,0.000000,57.371230,40.979450,0.000000
6373,2015,9,23,13,0.000000,0.000000,0.000000,51.545480,36.818200,0.000000
6374,2015,9,23,14,0.000000,0.000000,0.000000,51.903530,37.073950,0.000000
6375,2015,9,23,15,0.000000,0.000000,0.000000,57.774220,41.267300,0.000000
6376,2015,9,23,16,0.000000,0.000000,0.000000,50.713320,36.223800,0.000000
6377,2015,9,23,17,0.000000,0.000000,0.000000,55.766550,39.833250,0.000000
6378,2015,9,23,18,0.000000,0.000000,0.000000,55.806800,39.862000,0.000000
6379,2015,9,23,19,0.000000,0.000000,0.000000,55.473880,39.624200,0.000000
6380,2015,9,23,20,0.000000,0.000000,0.000000,60.061750,42.901250,0.000000
6381,2015,9,23,21,0.000000,0.000000,0.000000,66.248560,47.320400,0.000000
6382,2015,9,23,22,0.000000,0.000000,0.000000,67.913440,48.509600,0.000000
6383,2015,9,23,23,0.000000,0.000000,0.000000,67.487490,48.205350,0.000000
6384,2015,9,23,24,0.000000,0.000000,0.000000,68.770870,49.122050,0.000000
6385,2015,9,24,1,0.000000,0.000000,0.000000,69.673870,49.767050,0.000000
6386,2015,9,24,2,0.000000,0.000000,0.000000,69.164900,49.403500,0.000000
6387,2015,9,24,3,0.000000,0.000000,0.000000,60.196220,42.997300,0.000000
6388,2015,9,24,4,0.000000,0.000000,0.000000,52.295390,37.353850,0.000000
6389,2015,9,24,5,0.000000,0.000000,0.000000,24.986920,17.847800,0.000000
6390,2015,9,24,6,0.000000,0.000000,0.000000,12.693940,9.067100,0.000000
6391,2015,9,24,7,0.000000,0.000000,0.000000,13.101970,9.358550,0.000000
6392,2015,9,24,8,0.000000,0.000000,0.000000,11.319910,8.085650,0.000000
6393,2015,9,24,9,0.000000,0.000000,0.000000,27.907600,19.934000,0.000000
6394,2015,9,24,10,0.000000,0.000000,0.000000,40.803350,29.145250,0.000000
6395,2015,9,24,11,0.000000,0.000000,0.000000,55.814920,39.867800,0.000000
6396,2015,9,24,12,0.000000,0.000000,0.000000,67.439680,48.171200,0.000000
6397,2015,9,24,13,0.000000,0.000000,0.000000,67.606840,48.290600,0.000000
6398,2015,9,24,14,0.000000,0.000000,0.000000,68.544910,48.960650,0.000000
6399,2015,9,24,15,0.000000,0.000000,0.000000,67.906300,48.504500,0.000000
6400,2015,9,24,16,0.000000,0.000000,0.000000,68.285000,48.775000,0.000000
6401,2015,9,24,17,0.000000,0.000000,0.000000,69.384770,49.560550,0.000000
6402,2015,9,24,18,0.000000,0.000000,0.000000,68.343170,48.816550,0.000000
6403,2015,9,24,19,0.000000,0.000000,0.000000,69.940570,49.957550,0.000000
6404,2015,9,24,20,0.000000,0.000000,0.000000,69.977880,49.984200,0.000000
6405,2015,9,24,21,0.000000,0.000000,0.000000,69.894370,49.924550,0.000000
6406,2015,9,24,22,0.000000,0.000000,0.000000,69.803720,49.859800,0.000000
6407,2015,9,24,23,0.000000,0.000000,0.000000,69.873720,49.909800,0.000000
6408,2015,9,24,24,0.000000,0.000000,0.000000,69.867490,49.905350,0.000000
6409,2015,9,25,1,0.000000,0.000000,0.000000,69.181000,49.415000,0.000000
6410,2015,9,25,2,0.000000,0.000000,0.000000,69.450010,49.607150,0.000000
6411,2015,9,25,3,0.000000,0.000000,0.000000,69.871340,49.908100,0.000000
6412,2015,9,25,4,0.000000,0.000000,0.000000,69.109110,49.363650,0.000000
6413,2015,9,25,5,0.000000,0.000000,0.000000,63.969220,45.692300,0.000000
6414,2015,9,25,6,0.000000,0.000000,0.000000,42.785120,30.560800,0.000000
6415,2015,9,25,7,0.000000,0.000000,0.000000,38.861340,27.758100,0.000000
6416,2015,9,25,8,0.000000,0.000000,0.000000,39.099760,27.928400,0.000000
6417,2015,9,25,9,0.000000,0.000000,0.000000,45.529610,32.521150,0.000000
6418,2015,9,25,10,0.000000,0.000000,0.000000,33.284160,23.774400,0.000000
6419,2015,9,25,11,0.000000,0.000000,0.000000,52.928190,37.805850,0.000000
6420,2015,9,25,12,0.000000,0.000000,0.000000,51.797060,36.997900,0.000000
6421,2015,9,25,13,0.000000,0.000000,0.000000,39.268040,28.048600,0.000000
6422,2015,9,25,14,0.000000,0.000000,0.000000,26.810350,19.150250,0.000000
6423,2015,9,25,15,0.000000,0.000000,0.000000,34.628440,24.734600,0.000000
6424,2015,9,25,16,0.000000,0.000000,0.000000,48.178410,34.413150,0.000000
6425,2015,9,25,17,0.000000,0.000000,0.000000,55.607930,39.719950,0.000000
6426,2015,9,25,18,0.000000,0.000000,0.000000,59.884370,42.774550,0.000000
6427,2015,9,25,19,0.000000,0.000000,0.000000,65.905140,47.075100,0.000000
6428,2015,9,25,20,0.000000,0.000000,0.000000,63.901670,45.644050,0.000000
6429,2015,9,25,21,0.000000,0.000000,0.000000,67.168430,47.977450,0.000000
6430,2015,9,25,22,0.000000,0.000000,0.000000,69.853840,49.895600,0.000000
6431,2015,9,25,23,0.000000,0.000000,0.000000,69.963040,49.973600,0.000000
6432,2015,9,25,24,0.000000,0.000000,0.000000,69.969480,49.978200,0.000000
6433,2015,9,26,1,0.000000,0.000000,0.000000,69.965840,49.975600,0.000000
6434,2015,9,26,2,0.000000,0.000000,0.000000,69.992160,49.994400,0.000000
6435,2015,9,26,3,0.000000,0.000000,0.000000,69.994330,49.995950,0.000000
6436,2015,9,26,4,0.000000,0.000000,0.000000,68.055890,48.611350,0.000000
6437,2015,9,26,5,0.000000,0.000000,0.000000,69.997130,49.997950,0.000000
6438,2015,9,26,6,0.000000,0.000000,0.000000,68.647320,49.033800,0.000000
6439,2015,9,26,7,0.000000,0.000000,0.000000,69.863570,49.902550,0.000000
6440,2015,9,26,8,0.000000,0.000000,0.000000,69.961500,49.972500,0.000000
6441,2015,9,26,9,0.000000,0.000000,0.000000,69.783910,49.845650,0.000000
6442,2015,9,26,10,0.000000,0.000000,0.000000,69.492850,49.637750,0.000000
6443,2015,9,26,11,0.000000,0.000000,0.000000,69.853490,49.895350,0.000000
6444,2015,9,26,12,0.000000,0.000000,0.000000,67.375840,48.125600,0.000000
6445,2015,9,26,13,0.000000,0.000000,0.000000,69.871900,49.908500,0.000000
6446,2015,9,26,14,0.000000,0.000000,0.000000,69.826960,49.876400,0.000000
6447,2015,9,26,15,0.000000,0.000000,0.000000,69.951210,49.965150,0.000000
6448,2015,9,26,16,0.000000,0.000000,0.000000,69.853630,49.895450,0.000000
6449,2015,9,26,17,0.000000,0.000000,0.000000,69.880020,49.914300,0.000000
6450,2015,9,26,18,0.000000,0.000000,0.000000,69.862240,49.901600,0.000000
6451,2015,9,26,19,0.000000,0.000000,0.000000,69.953870,49.967050,0.000000
6452,2015,9,26,20,0.000000,0.000000,0.000000,69.886250,49.918750,0.000000
6453,2015,9,26,21,0.000000,0.000000,0.000000,69.846560,49.890400,0.000000
6454,2015,9,26,22,0.000000,0.000000,0.000000,69.885130,49.917950,0.000000
6455,2015,9,26,23,0.000000,0.000000,0.000000,69.974380,49.981700,0.000000
6456,2015,9,26,24,0.000000,0.000000,0.000000,69.980610,49.986150,0.000000
6457,2015,9,27,1,0.000000,0.000000,0.000000,69.966680,49.976200,0.000000
6458,2015,9,27,2,0.000000,0.000000,0.000000,69.956600,49.969000,0.000000
6459,2015,9,27,3,0.000000,0.000000,0.000000,69.963460,49.973900,0.000000
6460,2015,9,27,4,0.000000,0.000000,0.000000,69.961710,49.972650,0.000000
6461,2015,9,27,5,0.000000,0.000000,0.000000,69.943650,49.959750,0.000000
6462,2015,9,27,6,0.000000,0.000000,0.000000,69.919920,49.942800,0.000000
6463,2015,9,27,7,0.000000,0.000000,0.000000,69.862030,49.901450,0.000000
6464,2015,9,27,8,0.000000,0.000000,0.000000,69.874700,49.910500,0.000000
6465,2015,9,27,9,0.000000,0.000000,0.000000,69.939450,49.956750,0.000000
6466,2015,9,27,10,0.000000,0.000000,0.000000,69.943160,49.959400,0.000000
6467,2015,9,27,11,0.000000,0.000000,0.000000,69.737080,49.812200,0.000000
6468,2015,9,27,12,0.000000,0.000000,0.000000,69.608770,49.720550,0.000000
6469,2015,9,27,13,0.000000,0.000000,0.000000,69.736800,49.812000,0.000000
6470,2015,9,27,14,0.000000,0.000000,0.000000,69.650210,49.750150,0.000000
6471,2015,9,27,15,0.000000,0.000000,0.000000,69.609680,49.721200,0.000000
6472,2015,9,27,16,0.000000,0.000000,0.000000,69.608000,49.720000,0.000000
6473,2015,9,27,17,0.000000,0.000000,0.000000,69.311130,49.507950,0.000000
6474,2015,9,27,18,0.000000,0.000000,0.000000,68.590900,48.993500,0.000000
6475,2015,9,27,19,0.000000,0.000000,0.000000,66.951150,47.822250,0.000000
6476,2015,9,27,20,0.000000,0.000000,0.000000,65.215010,46.582150,0.000000
6477,2015,9,27,21,0.000000,0.000000,0.000000,63.462420,45.330300,0.000000
6478,2015,9,27,22,0.000000,0.000000,0.000000,61.861940,44.187100,0.000000
6479,2015,9,27,23,0.000000,0.000000,0.000000,59.884020,42.774300,0.000000
6480,2015,9,27,24,0.000000,0.000000,0.000000,61.444110,43.888650,0.000000
6481,2015,9,28,1,0.000000,0.000000,0.000000,59.745000,42.675000,0.000000
6482,2015,9,28,2,0.000000,0.000000,0.000000,57.466150,41.047250,0.000000
6483,2015,9,28,3,0.000000,0.000000,0.000000,57.115590,40.796850,0.000000
6484,2015,9,28,4,0.000000,0.000000,0.000000,55.075300,39.339500,0.000000
6485,2015,9,28,5,0.000000,0.000000,0.000000,52.193750,37.281250,0.000000
6486,2015,9,28,6,0.000000,0.000000,0.000000,46.879630,33.485450,0.000000
6487,2015,9,28,7,0.000000,0.000000,0.000000,43.645910,31.175650,0.000000
6488,2015,9,28,8,0.000000,0.000000,0.000000,35.612710,25.437650,0.000000
6489,2015,9,28,9,0.000000,0.000000,0.000000,30.867900,22.048500,0.000000
6490,2015,9,28,10,0.000000,0.000000,0.000000,32.988690,23.563350,0.000000
6491,2015,9,28,11,0.000000,0.000000,0.000000,36.430100,26.021500,0.000000
6492,2015,9,28,12,0.000000,0.000000,0.000000,37.770180,26.978700,0.000000
6493,2015,9,28,13,0.000000,0.000000,0.000000,33.637870,24.027050,0.000000
6494,2015,9,28,14,0.000000,0.000000,0.000000,30.036230,21.454450,0.000000
6495,2015,9,28,15,0.000000,0.000000,0.000000,27.272980,19.480700,0.000000
6496,2015,9,28,16,0.000000,0.000000,0.000000,22.895950,16.354250,0.000000
6497,2015,9,28,17,0.000000,0.000000,0.000000,19.520550,13.943250,0.000000
6498,2015,9,28,18,0.000000,0.000000,0.000000,19.719210,14.085150,0.000000
6499,2015,9,28,19,0.000000,0.000000,0.000000,17.765650,12.689750,0.000000
6500,2015,9,28,20,0.000000,0.000000,0.000000,19.139470,13.671050,0.000000
6501,2015,9,28,21,0.000000,0.000000,0.000000,5.896030,4.211450,0.000000
6502,2015,9,28,22,0.000000,0.000000,0.000000,9.235590,6.596850,0.000000
6503,2015,9,28,23,0.000000,0.000000,0.000000,7.438200,5.313000,0.000000
6504,2015,9,28,24,0.000000,0.000000,0.000000,5.585440,3.989600,0.000000
6505,2015,9,29,1,0.000000,0.000000,0.000000,3.096660,2.211900,0.000000
6506,2015,9,29,2,0.000000,0.000000,0.000000,2.689120,1.920800,0.000000
6507,2015,9,29,3,0.000000,0.000000,0.000000,2.366070,1.690050,0.000000
6508,2015,9,29,4,0.000000,0.000000,0.000000,0.614390,0.438850,0.000000
6509,2015,9,29,5,0.000000,0.000000,0.000000,0.685370,0.489550,0.000000
6510,2015,9,29,6,0.000000,0.000000,0.000000,0.000000,0.000000,0.000000
6511,2015,9,29,7,0.000000,0.000000,0.000000,0.000000,0.000000,0.000000
6512,2015,9,29,8,0.000000,0.000000,0.000000,4.592770,3.280550,0.000000
6513,2015,9,29,9,0.000000,0.000000,0.000000,9.628080,6.877200,0.000000
6514,2015,9,29,10,0.000000,0.000000,0.000000,15.644440,11.174600,0.000000
6515,2015,9,29,11,0.000000,0.000000,0.000000,20.957440,14.969600,0.000000
6516,2015,9,29,12,0.000000,0.000000,0.000000,29.480220,21.057300,0.000000
6517,2015,9,29,13,0.000000,0.000000,0.000000,34.896470,24.926050,0.000000
6518,2015,9,29,14,0.000000,0.000000,0.000000,30.086560,21.490400,0.000000
6519,2015,9,29,15,0.000000,0.000000,0.000000,33.320140,23.800100,0.000000
6520,2015,9,29,16,0.000000,0.000000,0.000000,37.914100,27.081500,0.000000
6521,2015,9,29,17,0.000000,0.000000,0.000000,42.736470,30.526050,0.000000
6522,2015,9,29,18,0.000000,0.000000,0.000000,49.882280,35.630200,0.000000
6523,2015,9,29,19,0.000000,0.000000,0.000000,53.900490,38.500350,0.000000
6524,2015,9,29,20,0.000000,0.000000,0.000000,58.661330,41.900950,0.000000
6525,2015,9,29,21,0.000000,0.000000,0.000000,63.854280,45.610200,0.000000
6526,2015,9,29,22,0.000000,0.000000,0.000000,69.170990,49.407850,0.000000
6527,2015,9,29,23,0.000000,0.000000,0.000000,69.517770,49.655550,0.000000
6528,2015,9,29,24,0.000000,0.000000,0.000000,69.811630,49.865450,0.000000
6529,2015,9,30,1,0.000000,0.000000,0.000000,69.876450,49.911750,0.000000
6530,2015,9,30,2,0.000000,0.000000,0.000000,69.879110,49.913650,0.000000
6531,2015,9,30,3,0.000000,0.000000,0.000000,69.367970,49.548550,0.000000
6532,2015,9,30,4,0.000000,0.000000,0.000000,67.915890,48.511350,0.000000
6533,2015,9,30,5,0.000000,0.000000,0.000000,66.964100,47.831500,0.000000
6534,2015,9,30,6,0.000000,0.000000,0.000000,63.748440,45.534600,0.000000
6535,2015,9,30,7,0.000000,0.000000,0.000000,60.901680,43.501200,0.000000
6536,2015,9,30,8,0.000000,0.000000,0.000000,65.336460,46.668900,0.000000
6537,2015,9,30,9,0.000000,0.000000,0.000000,66.585470,47.561050,0.000000
6538,2015,9,30,10,0.000000,0.000000,0.000000,63.049000,45.035000,0.000000
6539,2015,9,30,11,0.000000,0.000000,0.000000,44.822610,32.016150,0.000000
6540,2015,9,30,12,0.000000,0.000000,0.000000,27.379520,19.556800,0.000000
6541,2015,9,30,13,0.000000,0.000000,0.000000,13.062000,9.330000,0.000000
6542,2015,9,30,14,0.000000,0.000000,0.000000,2.916340,2.083100,0.000000
6543,2015,9,30,15,0.000000,0.000000,0.000000,1.997100,1.426500,0.000000
6544,2015,9,30,16,0.000000,0.000000,0.000000,2.637110,1.883650,0.000000
6545,2015,9,30,17,0.000000,0.000000,0.000000,7.113540,5.081100,0.000000
6546,2015,9,30,18,0.000000,0.000000,0.000000,4.142530,2.958950,0.000000
6547,2015,9,30,19,0.000000,0.000000,0.000000,4.141410,2.958150,0.000000
6548,2015,9,30,20,0.000000,0.000000,0.000000,3.566640,2.547600,0.000000
6549,2015,9,30,21,0.000000,0.000000,0.000000,3.388770,2.420550,0.000000
6550,2015,9,30,22,0.000000,0.000000,0.000000,6.459320,4.613800,0.000000
6551,2015,9,30,23,0.000000,0.000000,0.000000,13.488440,9.634600,0.000000
6552,2015,9,30,24,0.000000,0.000000,0.000000,19.115810,13.654150,0.000000
6553,2015,10,1,1,0.000000,0.000000,0.000000,21.359940,15.257100,0.000000
6554,2015,10,1,2,0.000000,0.000000,0.000000,28.259840,20.185600,0.000000
6555,2015,10,1,3,0.000000,0.000000,0.000000,35.923510,25.659650,0.000000
6556,2015,10,1,4,0.000000,0.000000,0.000000,35.532700,25.380500,0.000000
6557,2015,10,1,5,0.000000,0.000000,0.000000,36.132740,25.809100,0.000000
6558,2015,10,1,6,0.000000,0.000000,0.000000,30.440060,21.742900,0.000000
6559,2015,10,1,7,0.000000,0.000000,0.000000,20.034420,14.310300,0.000000
6560,2015,10,1,8,0.000000,0.000000,0.000000,13.362300,9.544500,0.000000
6561,2015,10,1,9,0.000000,0.000000,0.000000,12.289620,8.778300,0.000000
6562,2015,10,1,10,0.000000,0.000000,0.000000,10.628800,7.592000,0.000000
6563,2015,10,1,11,0.000000,0.000000,0.000000,7.627480,5.448200,0.000000
6564,2015,10,1,12,0.000000,0.000000,0.000000,7.094780,5.067700,0.000000
6565,2015,10,1,13,0.000000,0.000000,0.000000,6.737430,4.812450,0.000000
6566,2015,10,1,14,0.000000,0.000000,0.000000,7.857850,5.612750,0.000000
6567,2015,10,1,15,0.000000,0.000000,0.000000,6.812470,4.866050,0.000000
6568,2015,10,1,16,0.000000,0.000000,0.000000,5.497380,3.926700,0.000000
6569,2015,10,1,17,0.000000,0.000000,0.000000,4.220440,3.014600,0.000000
6570,2015,10,1,18,0.000000,0.000000,0.000000,4.565960,3.261400,0.000000
6571,2015,10,1,19,0.000000,0.000000,0.000000,4.847150,3.462250,0.000000
6572,2015,10,1,20,0.000000,0.000000,0.000000,6.066690,4.333350,0.000000
6573,2015,10,1,21,0.000000,0.000000,0.000000,5.355280,3.825200,0.000000
6574,2015,10,1,22,0.000000,0.000000,0.000000,8.212890,5.866350,0.000000
6575,2015,10,1,23,0.000000,0.000000,0.000000,7.164710,5.117650,0.000000
6576,2015,10,1,24,0.000000,0.000000,0.000000,7.599760,5.428400,0.000000
6577,2015,10,2,1,0.000000,0.000000,0.000000,7.120610,5.086150,0.000000
6578,2015,10,2,2,0.000000,0.000000,0.000000,5.968970,4.263550,0.000000
6579,2015,10,2,3,0.000000,0.000000,0.000000,13.774110,9.838650,0.000000
6580,2015,10,2,4,0.000000,0.000000,0.000000,17.972570,12.837550,0.000000
6581,2015,10,2,5,0.000000,0.000000,0.000000,18.802630,13.430450,0.000000
6582,2015,10,2,6,0.000000,0.000000,0.000000,19.865650,14.189750,0.000000
6583,2015,10,2,7,0.000000,0.000000,0.000000,15.045030,10.746450,0.000000
6584,2015,10,2,8,0.000000,0.000000,0.000000,8.175580,5.839700,0.000000
6585,2015,10,2,9,0.000000,0.000000,0.000000,9.199610,6.571150,0.000000
6586,2015,10,2,10,0.000000,0.000000,0.000000,12.007380,8.576700,0.000000
6587,2015,10,2,11,0.000000,0.000000,0.000000,16.343460,11.673900,0.000000
6588,2015,10,2,12,0.000000,0.000000,0.000000,13.779570,9.842550,0.000000
6589,2015,10,2,13,0.000000,0.000000,0.000000,15.501990,11.072850,0.000000
6590,2015,10,2,14,0.000000,0.000000,0.000000,17.169600,12.264000,0.000000
6591,2015,10,2,15,0.000000,0.000000,0.000000,18.162130,12.972950,0.000000
6592,2015,10,2,16,0.000000,0.000000,0.000000,18.262790,13.044850,0.000000
6593,2015,10,2,17,0.000000,0.000000,0.000000,15.267910,10.905650,0.000000
6594,2015,10,2,18,0.000000,0.000000,0.000000,15.146530,10.818950,0.000000
6595,2015,10,2,19,0.000000,0.000000,0.000000,14.703990,10.502850,0.000000
6596,2015,10,2,20,0.000000,0.000000,0.000000,13.830600,9.879000,0.000000
6597,2015,10,2,21,0.000000,0.000000,0.000000,12.232920,8.737800,0.000000
6598,2015,10,2,22,0.000000,0.000000,0.000000,25.720730,18.371950,0.000000
6599,2015,10,2,23,0.000000,0.000000,0.000000,43.671740,31.194100,0.000000
6600,2015,10,2,24,0.000000,0.000000,0.000000,51.556400,36.826000,0.000000
6601,2015,10,3,1,0.000000,0.000000,0.000000,47.881750,34.201250,0.000000
6602,2015,10,3,2,0.000000,0.000000,0.000000,47.399870,33.857050,0.000000
6603,2015,10,3,3,0.000000,0.000000,0.000000,39.675930,28.339950,0.000000
6604,2015,10,3,4,0.000000,0.000000,0.000000,36.039150,25.742250,0.000000
6605,2015,10,3,5,0.000000,0.000000,0.000000,33.802790,24.144850,0.000000
6606,2015,10,3,6,0.000000,0.000000,0.000000,32.534320,23.238800,0.000000
6607,2015,10,3,7,0.000000,0.000000,0.000000,29.883700,21.345500,0.000000
6608,2015,10,3,8,0.000000,0.000000,0.000000,21.281190,15.200850,0.000000
6609,2015,10,3,9,0.000000,0.000000,0.000000,27.572930,19.694950,0.000000
6610,2015,10,3,10,0.000000,0.000000,0.000000,31.676400,22.626000,0.000000
6611,2015,10,3,11,0.000000,0.000000,0.000000,32.685730,23.346950,0.000000
6612,2015,10,3,12,0.000000,0.000000,0.000000,33.977230,24.269450,0.000000
6613,2015,10,3,13,0.000000,0.000000,0.000000,31.921890,22.801350,0.000000
6614,2015,10,3,14,0.000000,0.000000,0.000000,32.284000,23.060000,0.000000
6615,2015,10,3,15,0.000000,0.000000,0.000000,31.569020,22.549300,0.000000
6616,2015,10,3,16,0.000000,0.000000,0.000000,31.992310,22.851650,0.000000
6617,2015,10,3,17,0.000000,0.000000,0.000000,33.703460,24.073900,0.000000
6618,2015,10,3,18,0.000000,0.000000,0.000000,32.286100,23.061500,0.000000
6619,2015,10,3,19,0.000000,0.000000,0.000000,32.904690,23.503350,0.000000
6620,2015,10,3,20,0.000000,0.000000,0.000000,33.528390,23.948850,0.000000
6621,2015,10,3,21,0.000000,0.000000,0.000000,25.940740,18.529100,0.000000
6622,2015,10,3,22,0.000000,0.000000,0.000000,14.236810,10.169150,0.000000
6623,2015,10,3,23,0.000000,0.000000,0.000000,8.680490,6.200350,0.000000
6624,2015,10,3,24,0.000000,0.000000,0.000000,6.881350,4.915250,0.000000
6625,2015,10,4,1,0.000000,0.000000,0.000000,6.425720,4.589800,0.000000
6626,2015,10,4,2,0.000000,0.000000,0.000000,6.925730,4.946950,0.000000
6627,2015,10,4,3,0.000000,0.000000,0.000000,8.024660,5.731900,0.000000
6628,2015,10,4,4,0.000000,0.000000,0.000000,5.964000,4.260000,0.000000
6629,2015,10,4,5,0.000000,0.000000,0.000000,1.608600,1.149000,0.000000
6630,2015,10,4,6,0.000000,0.000000,0.000000,0.659610,0.471150,0.000000
6631,2015,10,4,7,0.000000,0.000000,0.000000,1.060990,0.757850,0.000000
6632,2015,10,4,8,0.000000,0.000000,0.000000,1.810270,1.293050,0.000000
6633,2015,10,4,9,0.000000,0.000000,0.000000,0.988400,0.706000,0.000000
6634,2015,10,4,10,0.000000,0.000000,0.000000,1.680560,1.200400,0.000000
6635,2015,10,4,11,0.000000,0.000000,0.000000,3.700060,2.642900,0.000000
6636,2015,10,4,12,0.000000,0.000000,0.000000,5.587680,3.991200,0.000000
6637,2015,10,4,13,0.000000,0.000000,0.000000,6.282500,4.487500,0.000000
6638,2015,10,4,14,0.000000,0.000000,0.000000,6.107990,4.362850,0.000000
6639,2015,10,4,15,0.000000,0.000000,0.000000,7.705180,5.503700,0.000000
6640,2015,10,4,16,0.000000,0.000000,0.000000,7.159530,5.113950,0.000000
6641,2015,10,4,17,0.000000,0.000000,0.000000,9.063250,6.473750,0.000000
6642,2015,10,4,18,0.000000,0.000000,0.000000,13.556970,9.683550,0.000000
6643,2015,10,4,19,0.000000,0.000000,0.000000,14.265440,10.189600,0.000000
6644,2015,10,4,20,0.000000,0.000000,0.000000,14.851340,10.608100,0.000000
6645,2015,10,4,21,0.000000,0.000000,0.000000,11.061470,7.901050,0.000000
6646,2015,10,4,22,0.000000,0.000000,0.000000,17.480750,12.486250,0.000000
6647,2015,10,4,23,0.000000,0.000000,0.000000,20.393100,14.566500,0.000000
6648,2015,10,4,24,0.000000,0.000000,0.000000,29.864520,21.331800,0.000000
6649,2015,10,5,1,0.000000,0.000000,0.000000,39.025070,27.875050,0.000000
6650,2015,10,5,2,0.000000,0.000000,0.000000,42.853720,30.609800,0.000000
6651,2015,10,5,3,0.000000,0.000000,0.000000,48.992300,34.994500,0.000000
6652,2015,10,5,4,0.000000,0.000000,0.000000,52.137540,37.241100,0.000000
6653,2015,10,5,5,0.000000,0.000000,0.000000,51.804340,37.003100,0.000000
6654,2015,10,5,6,0.000000,0.000000,0.000000,49.614600,35.439000,0.000000
6655,2015,10,5,7,0.000000,0.000000,0.000000,42.750680,30.536200,0.000000
6656,2015,10,5,8,0.000000,0.000000,0.000000,22.107190,15.790850,0.000000
6657,2015,10,5,9,0.000000,0.000000,0.000000,26.546240,18.961600,0.000000
6658,2015,10,5,10,0.000000,0.000000,0.000000,31.412710,22.437650,0.000000
6659,2015,10,5,11,0.000000,0.000000,0.000000,27.252540,19.466100,0.000000
6660,2015,10,5,12,0.000000,0.000000,0.000000,24.415790,17.439850,0.000000
6661,2015,10,5,13,0.000000,0.000000,0.000000,30.767380,21.976700,0.000000
6662,2015,10,5,14,0.000000,0.000000,0.000000,26.041330,18.600950,0.000000
6663,2015,10,5,15,0.000000,0.000000,0.000000,17.312820,12.366300,0.000000
6664,2015,10,5,16,0.000000,0.000000,0.000000,15.810270,11.293050,0.000000
6665,2015,10,5,17,0.000000,0.000000,0.000000,12.701570,9.072550,0.000000
6666,2015,10,5,18,0.000000,0.000000,0.000000,11.122580,7.944700,0.000000
6667,2015,10,5,19,0.000000,0.000000,0.000000,13.451130,9.607950,0.000000
6668,2015,10,5,20,0.000000,0.000000,0.000000,8.725780,6.232700,0.000000
6669,2015,10,5,21,0.000000,0.000000,0.000000,6.577970,4.698550,0.000000
6670,2015,10,5,22,0.000000,0.000000,0.000000,19.425070,13.875050,0.000000
6671,2015,10,5,23,0.000000,0.000000,0.000000,27.977250,19.983750,0.000000
6672,2015,10,5,24,0.000000,0.000000,0.000000,31.235330,22.310950,0.000000
6673,2015,10,6,1,0.000000,0.000000,0.000000,22.723750,16.231250,0.000000
6674,2015,10,6,2,0.000000,0.000000,0.000000,21.075320,15.053800,0.000000
6675,2015,10,6,3,0.000000,0.000000,0.000000,21.641690,15.458350,0.000000
6676,2015,10,6,4,0.000000,0.000000,0.000000,23.432010,16.737150,0.000000
6677,2015,10,6,5,0.000000,0.000000,0.000000,22.987090,16.419350,0.000000
6678,2015,10,6,6,0.000000,0.000000,0.000000,15.266790,10.904850,0.000000
6679,2015,10,6,7,0.000000,0.000000,0.000000,12.705420,9.075300,0.000000
6680,2015,10,6,8,0.000000,0.000000,0.000000,21.352940,15.252100,0.000000
6681,2015,10,6,9,0.000000,0.000000,0.000000,29.508500,21.077500,0.000000
6682,2015,10,6,10,0.000000,0.000000,0.000000,38.046610,27.176150,0.000000
6683,2015,10,6,11,0.000000,0.000000,0.000000,31.947020,22.819300,0.000000
6684,2015,10,6,12,0.000000,0.000000,0.000000,29.951040,21.393600,0.000000
6685,2015,10,6,13,0.000000,0.000000,0.000000,47.215630,33.725450,0.000000
6686,2015,10,6,14,0.000000,0.000000,0.000000,55.431110,39.593650,0.000000
6687,2015,10,6,15,0.000000,0.000000,0.000000,56.268030,40.191450,0.000000
6688,2015,10,6,16,0.000000,0.000000,0.000000,52.762150,37.687250,0.000000
6689,2015,10,6,17,0.000000,0.000000,0.000000,46.434220,33.167300,0.000000
6690,2015,10,6,18,0.000000,0.000000,0.000000,40.456220,28.897300,0.000000
6691,2015,10,6,19,0.000000,0.000000,0.000000,36.561700,26.115500,0.000000
6692,2015,10,6,20,0.000000,0.000000,0.000000,33.039510,23.599650,0.000000
6693,2015,10,6,21,0.000000,0.000000,0.000000,45.388770,32.420550,0.000000
6694,2015,10,6,22,0.000000,0.000000,0.000000,45.287620,32.348300,0.000000
6695,2015,10,6,23,0.000000,0.000000,0.000000,40.358150,28.827250,0.000000
6696,2015,10,6,24,0.000000,0.000000,0.000000,36.355480,25.968200,0.000000
6697,2015,10,7,1,0.000000,0.000000,0.000000,38.252200,27.323000,0.000000
6698,2015,10,7,2,0.000000,0.000000,0.000000,36.175370,25.839550,0.000000
6699,2015,10,7,3,0.000000,0.000000,0.000000,41.264580,29.474700,0.000000
6700,2015,10,7,4,0.000000,0.000000,0.000000,42.933660,30.666900,0.000000
6701,2015,10,7,5,0.000000,0.000000,0.000000,40.118050,28.655750,0.000000
6702,2015,10,7,6,0.000000,0.000000,0.000000,37.854740,27.039100,0.000000
6703,2015,10,7,7,0.000000,0.000000,0.000000,29.900010,21.357150,0.000000
6704,2015,10,7,8,0.000000,0.000000,0.000000,13.903400,9.931000,0.000000
6705,2015,10,7,9,0.000000,0.000000,0.000000,8.637300,6.169500,0.000000
6706,2015,10,7,10,0.000000,0.000000,0.000000,2.932510,2.094650,0.000000
6707,2015,10,7,11,0.000000,0.000000,0.000000,1.054900,0.753500,0.000000
6708,2015,10,7,12,0.000000,0.000000,0.000000,0.569240,0.406600,0.000000
6709,2015,10,7,13,0.000000,0.000000,0.000000,1.319430,0.942450,0.000000
6710,2015,10,7,14,0.000000,0.000000,0.000000,0.895930,0.639950,0.000000
6711,2015,10,7,15,0.000000,0.000000,0.000000,2.232440,1.594600,0.000000
6712,2015,10,7,16,0.000000,0.000000,0.000000,3.081190,2.200850,0.000000
6713,2015,10,7,17,0.000000,0.000000,0.000000,4.428270,3.163050,0.000000
6714,2015,10,7,18,0.000000,0.000000,0.000000,4.257050,3.040750,0.000000
6715,2015,10,7,19,0.000000,0.000000,0.000000,2.279620,1.628300,0.000000
6716,2015,10,7,20,0.000000,0.000000,0.000000,1.195320,0.853800,0.000000
6717,2015,10,7,21,0.000000,0.000000,0.000000,0.675010,0.482150,0.000000
6718,2015,10,7,22,0.000000,0.000000,0.000000,4.649330,3.320950,0.000000
6719,2015,10,7,23,0.000000,0.000000,0.000000,11.203220,8.002300,0.000000
6720,2015,10,7,24,0.000000,0.000000,0.000000,14.813610,10.581150,0.000000
6721,2015,10,8,1,0.000000,0.000000,0.000000,11.888730,8.491950,0.000000
6722,2015,10,8,2,0.000000,0.000000,0.000000,11.680760,8.343400,0.000000
6723,2015,10,8,3,0.000000,0.000000,0.000000,11.195030,7.996450,0.000000
6724,2015,10,8,4,0.000000,0.000000,0.000000,12.685750,9.061250,0.000000
6725,2015,10,8,5,0.000000,0.000000,0.000000,12.427590,8.876850,0.000000
6726,2015,10,8,6,0.000000,0.000000,0.000000,12.935020,9.239300,0.000000
6727,2015,10,8,7,0.000000,0.000000,0.000000,13.137180,9.383700,0.000000
6728,2015,10,8,8,0.000000,0.000000,0.000000,4.759230,3.399450,0.000000
6729,2015,10,8,9,0.000000,0.000000,0.000000,3.684870,2.632050,0.000000
6730,2015,10,8,10,0.000000,0.000000,0.000000,2.272970,1.623550,0.000000
6731,2015,10,8,11,0.000000,0.000000,0.000000,2.985570,2.132550,0.000000
6732,2015,10,8,12,0.000000,0.000000,0.000000,2.399180,1.713700,0.000000
6733,2015,10,8,13,0.000000,0.000000,0.000000,2.789080,1.992200,0.000000
6734,2015,10,8,14,0.000000,0.000000,0.000000,1.284990,0.917850,0.000000
6735,2015,10,8,15,0.000000,0.000000,0.000000,0.991200,0.708000,0.000000
6736,2015,10,8,16,0.000000,0.000000,0.000000,1.385020,0.989300,0.000000
6737,2015,10,8,17,0.000000,0.000000,0.000000,1.531460,1.093900,0.000000
6738,2015,10,8,18,0.000000,0.000000,0.000000,0.727020,0.519300,0.000000
6739,2015,10,8,19,0.000000,0.000000,0.000000,0.000000,0.000000,0.000000
6740,2015,10,8,20,0.000000,0.000000,0.000000,2.431730,1.736950,0.000000
6741,2015,10,8,21,0.000000,0.000000,0.000000,5.867120,4.190800,0.000000
6742,2015,10,8,22,0.000000,0.000000,0.000000,16.485000,11.775000,0.000000
6743,2015,10,8,23,0.000000,0.000000,0.000000,20.131720,14.379800,0.000000
6744,2015,10,8,24,0.000000,0.000000,0.000000,21.554400,15.396000,0.000000
6745,2015,10,9,1,0.000000,0.000000,0.000000,28.713790,20.509850,0.000000
6746,2015,10,9,2,0.000000,0.000000,0.000000,34.433910,24.595650,0.000000
6747,2015,10,9,3,0.000000,0.000000,0.000000,38.868340,27.763100,0.000000
6748,2015,10,9,4,0.000000,0.000000,0.000000,41.004250,29.288750,0.000000
6749,2015,10,9,5,0.000000,0.000000,0.000000,42.121450,30.086750,0.000000
6750,2015,10,9,6,0.000000,0.000000,0.000000,39.652760,28.323400,0.000000
6751,2015,10,9,7,0.000000,0.000000,0.000000,39.412940,28.152100,0.000000
6752,2015,10,9,8,0.000000,0.000000,0.000000,27.710340,19.793100,0.000000
6753,2015,10,9,9,0.000000,0.000000,0.000000,23.761780,16.972700,0.000000
6754,2015,10,9,10,0.000000,0.000000,0.000000,22.344770,15.960550,0.000000
6755,2015,10,9,11,0.000000,0.000000,0.000000,22.720880,16.229200,0.000000
6756,2015,10,9,12,0.000000,0.000000,0.000000,21.508830,15.363450,0.000000
6757,2015,10,9,13,0.000000,0.000000,0.000000,18.977840,13.555600,0.000000
6758,2015,10,9,14,0.000000,0.000000,0.000000,16.800980,12.000700,0.000000
6759,2015,10,9,15,0.000000,0.000000,0.000000,16.016910,11.440650,0.000000
6760,2015,10,9,16,0.000000,0.000000,0.000000,14.592060,10.422900,0.000000
6761,2015,10,9,17,0.000000,0.000000,0.000000,15.983450,11.416750,0.000000
6762,2015,10,9,18,0.000000,0.000000,0.000000,20.033090,14.309350,0.000000
6763,2015,10,9,19,0.000000,0.000000,0.000000,18.961110,13.543650,0.000000
6764,2015,10,9,20,0.000000,0.000000,0.000000,15.845130,11.317950,0.000000
6765,2015,10,9,21,0.000000,0.000000,0.000000,15.972810,11.409150,0.000000
6766,2015,10,9,22,0.000000,0.000000,0.000000,27.653010,19.752150,0.000000
6767,2015,10,9,23,0.000000,0.000000,0.000000,28.033180,20.023700,0.000000
6768,2015,10,9,24,0.000000,0.000000,0.000000,21.255010,15.182150,0.000000
6769,2015,10,10,1,0.000000,0.000000,0.000000,14.735350,10.525250,0.000000
6770,2015,10,10,2,0.000000,0.000000,0.000000,13.092730,9.351950,0.000000
6771,2015,10,10,3,0.000000,0.000000,0.000000,14.391510,10.279650,0.000000
6772,2015,10,10,4,0.000000,0.000000,0.000000,19.691840,14.065600,0.000000
6773,2015,10,10,5,0.000000,0.000000,0.000000,21.818160,15.584400,0.000000
6774,2015,10,10,6,0.000000,0.000000,0.000000,28.492170,20.351550,0.000000
6775,2015,10,10,7,0.000000,0.000000,0.000000,36.311800,25.937000,0.000000
6776,2015,10,10,8,0.000000,0.000000,0.000000,27.798820,19.856300,0.000000
6777,2015,10,10,9,0.000000,0.000000,0.000000,27.049120,19.320800,0.000000
6778,2015,10,10,10,0.000000,0.000000,0.000000,26.306560,18.790400,0.000000
6779,2015,10,10,11,0.000000,0.000000,0.000000,26.314470,18.796050,0.000000
6780,2015,10,10,12,0.000000,0.000000,0.000000,26.907510,19.219650,0.000000
6781,2015,10,10,13,0.000000,0.000000,0.000000,26.581100,18.986500,0.000000
6782,2015,10,10,14,0.000000,0.000000,0.000000,29.172570,20.837550,0.000000
6783,2015,10,10,15,0.000000,0.000000,0.000000,27.986070,19.990050,0.000000
6784,2015,10,10,16,0.000000,0.000000,0.000000,25.472790,18.194850,0.000000
6785,2015,10,10,17,0.000000,0.000000,0.000000,19.369840,13.835600,0.000000
6786,2015,10,10,18,0.000000,0.000000,0.000000,14.873600,10.624000,0.000000
6787,2015,10,10,19,0.000000,0.000000,0.000000,13.134870,9.382050,0.000000
6788,2015,10,10,20,0.000000,0.000000,0.000000,10.017560,7.155400,0.000000
6789,2015,10,10,21,0.000000,0.000000,0.000000,0.837340,0.598100,0.000000
6790,2015,10,10,22,0.000000,0.000000,0.000000,0.526400,0.376000,0.000000
6791,2015,10,10,23,0.000000,0.000000,0.000000,0.000000,0.000000,0.000000
6792,2015,10,10,24,0.000000,0.000000,0.000000,0.000000,0.000000,0.000000
6793,2015,10,11,1,0.000000,0.000000,0.000000,0.000000,0.000000,0.000000
6794,2015,10,11,2,0.000000,0.000000,0.000000,0.000000,0.000000,0.000000
6795,2015,10,11,3,0.000000,0.000000,0.000000,0.560560,0.400400,0.000000
6796,2015,10,11,4,0.000000,0.000000,0.000000,1.763090,1.259350,0.000000
6797,2015,10,11,5,0.000000,0.000000,0.000000,4.688880,3.349200,0.000000
6798,2015,10,11,6,0.000000,0.000000,0.000000,9.333800,6.667000,0.000000
6799,2015,10,11,7,0.000000,0.000000,0.000000,11.633510,8.309650,0.000000
6800,2015,10,11,8,0.000000,0.000000,0.000000,16.760030,11.971450,0.000000
6801,2015,10,11,9,0.000000,0.000000,0.000000,25.013030,17.866450,0.000000
6802,2015,10,11,10,0.000000,0.000000,0.000000,35.690690,25.493350,0.000000
6803,2015,10,11,11,0.000000,0.000000,0.000000,44.471420,31.765300,0.000000
6804,2015,10,11,12,0.000000,0.000000,0.000000,46.196430,32.997450,0.000000
6805,2015,10,11,13,0.000000,0.000000,0.000000,41.996710,29.997650,0.000000
6806,2015,10,11,14,0.000000,0.000000,0.000000,39.902170,28.501550,0.000000
6807,2015,10,11,15,0.000000,0.000000,0.000000,43.334690,30.953350,0.000000
6808,2015,10,11,16,0.000000,0.000000,0.000000,36.444100,26.031500,0.000000
6809,2015,10,11,17,0.000000,0.000000,0.000000,40.296060,28.782900,0.000000
6810,2015,10,11,18,0.000000,0.000000,0.000000,47.821340,34.158100,0.000000
6811,2015,10,11,19,0.000000,0.000000,0.000000,45.899350,32.785250,0.000000
6812,2015,10,11,20,0.000000,0.000000,0.000000,60.404890,43.146350,0.000000
6813,2015,10,11,21,0.000000,0.000000,0.000000,54.365710,38.832650,0.000000
6814,2015,10,11,22,0.000000,0.000000,0.000000,57.422470,41.016050,0.000000
6815,2015,10,11,23,0.000000,0.000000,0.000000,63.669550,45.478250,0.000000
6816,2015,10,11,24,0.000000,0.000000,0.000000,60.192510,42.994650,0.000000
6817,2015,10,12,1,0.000000,0.000000,0.000000,51.870140,37.050100,0.000000
6818,2015,10,12,2,0.000000,0.000000,0.000000,54.663910,39.045650,0.000000
6819,2015,10,12,3,0.000000,0.000000,0.000000,59.892140,42.780100,0.000000
6820,2015,10,12,4,0.000000,0.000000,0.000000,41.642790,29.744850,0.000000
6821,2015,10,12,5,0.000000,0.000000,0.000000,63.417480,45.298200,0.000000
6822,2015,10,12,6,0.000000,0.000000,0.000000,36.769390,26.263850,0.000000
6823,2015,10,12,7,0.000000,0.000000,0.000000,15.236760,10.883400,0.000000
6824,2015,10,12,8,0.000000,0.000000,0.000000,7.531370,5.379550,0.000000
6825,2015,10,12,9,0.000000,0.000000,0.000000,2.291730,1.636950,0.000000
6826,2015,10,12,10,0.000000,0.000000,0.000000,5.257770,3.755550,0.000000
6827,2015,10,12,11,0.000000,0.000000,0.000000,13.945330,9.960950,0.000000
6828,2015,10,12,12,0.000000,0.000000,0.000000,27.637330,19.740950,0.000000
6829,2015,10,12,13,0.000000,0.000000,0.000000,47.939010,34.242150,0.000000
6830,2015,10,12,14,0.000000,0.000000,0.000000,56.751870,40.537050,0.000000
6831,2015,10,12,15,0.000000,0.000000,0.000000,68.342960,48.816400,0.000000
6832,2015,10,12,16,0.000000,0.000000,0.000000,68.384820,48.846300,0.000000
6833,2015,10,12,17,0.000000,0.000000,0.000000,69.247220,49.462300,0.000000
6834,2015,10,12,18,0.000000,0.000000,0.000000,69.480740,49.629100,0.000000
6835,2015,10,12,19,0.000000,0.000000,0.000000,69.923630,49.945450,0.000000
6836,2015,10,12,20,0.000000,0.000000,0.000000,69.941620,49.958300,0.000000
6837,2015,10,12,21,0.000000,0.000000,0.000000,69.963390,49.973850,0.000000
6838,2015,10,12,22,0.000000,0.000000,0.000000,69.958210,49.970150,0.000000
6839,2015,10,12,23,0.000000,0.000000,0.000000,69.957860,49.969900,0.000000
6840,2015,10,12,24,0.000000,0.000000,0.000000,69.931820,49.951300,0.000000
6841,2015,10,13,1,0.000000,0.000000,0.000000,69.907110,49.933650,0.000000
6842,2015,10,13,2,0.000000,0.000000,0.000000,69.919920,49.942800,0.000000
6843,2015,10,13,3,0.000000,0.000000,0.000000,68.837790,49.169850,0.000000
6844,2015,10,13,4,0.000000,0.000000,0.000000,68.544350,48.960250,0.000000
6845,2015,10,13,5,0.000000,0.000000,0.000000,68.007310,48.576650,0.000000
6846,2015,10,13,6,0.000000,0.000000,0.000000,66.869740,47.764100,0.000000
6847,2015,10,13,7,0.000000,0.000000,0.000000,63.952490,45.680350,0.000000
6848,2015,10,13,8,0.000000,0.000000,0.000000,54.523070,38.945050,0.000000
6849,2015,10,13,9,0.000000,0.000000,0.000000,62.167840,44.405600,0.000000
6850,2015,10,13,10,0.000000,0.000000,0.000000,67.569530,48.263950,0.000000
6851,2015,10,13,11,0.000000,0.000000,0.000000,68.831420,49.165300,0.000000
6852,2015,10,13,12,0.000000,0.000000,0.000000,68.650330,49.035950,0.000000
6853,2015,10,13,13,0.000000,0.000000,0.000000,64.802080,46.287200,0.000000
6854,2015,10,13,14,0.000000,0.000000,0.000000,67.207000,48.005000,0.000000
6855,2015,10,13,15,0.000000,0.000000,0.000000,68.797470,49.141050,0.000000
6856,2015,10,13,16,0.000000,0.000000,0.000000,69.944770,49.960550,0.000000
6857,2015,10,13,17,0.000000,0.000000,0.000000,69.936440,49.954600,0.000000
6858,2015,10,13,18,0.000000,0.000000,0.000000,69.848100,49.891500,0.000000
6859,2015,10,13,19,0.000000,0.000000,0.000000,68.241040,48.743600,0.000000
6860,2015,10,13,20,0.000000,0.000000,0.000000,68.084730,48.631950,0.000000
6861,2015,10,13,21,0.000000,0.000000,0.000000,69.515460,49.653900,0.000000
6862,2015,10,13,22,0.000000,0.000000,0.000000,67.634910,48.310650,0.000000
6863,2015,10,13,23,0.000000,0.000000,0.000000,68.876220,49.197300,0.000000
6864,2015,10,13,24,0.000000,0.000000,0.000000,69.926570,49.947550,0.000000
6865,2015,10,14,1,0.000000,0.000000,0.000000,69.960030,49.971450,0.000000
6866,2015,10,14,2,0.000000,0.000000,0.000000,69.902560,49.930400,0.000000
6867,2015,10,14,3,0.000000,0.000000,0.000000,69.837600,49.884000,0.000000
6868,2015,10,14,4,0.000000,0.000000,0.000000,69.822410,49.873150,0.000000
6869,2015,10,14,5,0.000000,0.000000,0.000000,69.430130,49.592950,0.000000
6870,2015,10,14,6,0.000000,0.000000,0.000000,67.505340,48.218100,0.000000
6871,2015,10,14,7,0.000000,0.000000,0.000000,67.143370,47.959550,0.000000
6872,2015,10,14,8,0.000000,0.000000,0.000000,68.948810,49.249150,0.000000
6873,2015,10,14,9,0.000000,0.000000,0.000000,68.117700,48.655500,0.000000
6874,2015,10,14,10,0.000000,0.000000,0.000000,67.151140,47.965100,0.000000
6875,2015,10,14,11,0.000000,0.000000,0.000000,67.638550,48.313250,0.000000
6876,2015,10,14,12,0.000000,0.000000,0.000000,64.023190,45.730850,0.000000
6877,2015,10,14,13,0.000000,0.000000,0.000000,60.274970,43.053550,0.000000
6878,2015,10,14,14,0.000000,0.000000,0.000000,55.683110,39.773650,0.000000
6879,2015,10,14,15,0.000000,0.000000,0.000000,51.083690,36.488350,0.000000
6880,2015,10,14,16,0.000000,0.000000,0.000000,53.264610,38.046150,0.000000
6881,2015,10,14,17,0.000000,0.000000,0.000000,50.457190,36.040850,0.000000
6882,2015,10,14,18,0.000000,0.000000,0.000000,48.482350,34.630250,0.000000
6883,2015,10,14,19,0.000000,0.000000,0.000000,43.936410,31.383150,0.000000
6884,2015,10,14,20,0.000000,0.000000,0.000000,43.029980,30.735700,0.000000
6885,2015,10,14,21,0.000000,0.000000,0.000000,47.789630,34.135450,0.000000
6886,2015,10,14,22,0.000000,0.000000,0.000000,46.668300,33.334500,0.000000
6887,2015,10,14,23,0.000000,0.000000,0.000000,38.576020,27.554300,0.000000
6888,2015,10,14,24,0.000000,0.000000,0.000000,26.077800,18.627000,0.000000
6889,2015,10,15,1,0.000000,0.000000,0.000000,31.670450,22.621750,0.000000
6890,2015,10,15,2,0.000000,0.000000,0.000000,41.105400,29.361000,0.000000
6891,2015,10,15,3,0.000000,0.000000,0.000000,54.793900,39.138500,0.000000
6892,2015,10,15,4,0.000000,0.000000,0.000000,60.708410,43.363150,0.000000
6893,2015,10,15,5,0.000000,0.000000,0.000000,55.153630,39.395450,0.000000
6894,2015,10,15,6,0.000000,0.000000,0.000000,59.140130,42.242950,0.000000
6895,2015,10,15,7,0.000000,0.000000,0.000000,66.824100,47.731500,0.000000
6896,2015,10,15,8,0.000000,0.000000,0.000000,66.933860,47.809900,0.000000
6897,2015,10,15,9,0.000000,0.000000,0.000000,65.513910,46.795650,0.000000
6898,2015,10,15,10,0.000000,0.000000,0.000000,63.056910,45.040650,0.000000
6899,2015,10,15,11,0.000000,0.000000,0.000000,60.618110,43.298650,0.000000
6900,2015,10,15,12,0.000000,0.000000,0.000000,60.670400,43.336000,0.000000
6901,2015,10,15,13,0.000000,0.000000,0.000000,62.509510,44.649650,0.000000
6902,2015,10,15,14,0.000000,0.000000,0.000000,60.675720,43.339800,0.000000
6903,2015,10,15,15,0.000000,0.000000,0.000000,60.250400,43.036000,0.000000
6904,2015,10,15,16,0.000000,0.000000,0.000000,57.186710,40.847650,0.000000
6905,2015,10,15,17,0.000000,0.000000,0.000000,57.811950,41.294250,0.000000
6906,2015,10,15,18,0.000000,0.000000,0.000000,53.706730,38.361950,0.000000
6907,2015,10,15,19,0.000000,0.000000,0.000000,43.465940,31.047100,0.000000
6908,2015,10,15,20,0.000000,0.000000,0.000000,36.108310,25.791650,0.000000
6909,2015,10,15,21,0.000000,0.000000,0.000000,32.795000,23.425000,0.000000
6910,2015,10,15,22,0.000000,0.000000,0.000000,34.989430,24.992450,0.000000
6911,2015,10,15,23,0.000000,0.000000,0.000000,33.399800,23.857000,0.000000
6912,2015,10,15,24,0.000000,0.000000,0.000000,31.979360,22.842400,0.000000
6913,2015,10,16,1,0.000000,0.000000,0.000000,21.551460,15.393900,0.000000
6914,2015,10,16,2,0.000000,0.000000,0.000000,21.414540,15.296100,0.000000
6915,2015,10,16,3,0.000000,0.000000,0.000000,32.787020,23.419300,0.000000
6916,2015,10,16,4,0.000000,0.000000,0.000000,40.391190,28.850850,0.000000
6917,2015,10,16,5,0.000000,0.000000,0.000000,37.292500,26.637500,0.000000
6918,2015,10,16,6,0.000000,0.000000,0.000000,26.600980,19.000700,0.000000
6919,2015,10,16,7,0.000000,0.000000,0.000000,16.782150,11.987250,0.000000
6920,2015,10,16,8,0.000000,0.000000,0.000000,11.591020,8.279300,0.000000
6921,2015,10,16,9,0.000000,0.000000,0.000000,21.530390,15.378850,0.000000
6922,2015,10,16,10,0.000000,0.000000,0.000000,29.670200,21.193000,0.000000
6923,2015,10,16,11,0.000000,0.000000,0.000000,32.101650,22.929750,0.000000
6924,2015,10,16,12,0.000000,0.000000,0.000000,36.718080,26.227200,0.000000
6925,2015,10,16,13,0.000000,0.000000,0.000000,40.755540,29.111100,0.000000
6926,2015,10,16,14,0.000000,0.000000,0.000000,42.831390,30.593850,0.000000
6927,2015,10,16,15,0.000000,0.000000,0.000000,47.424090,33.874350,0.000000
6928,2015,10,16,16,0.000000,0.000000,0.000000,47.961200,34.258000,0.000000
6929,2015,10,16,17,0.000000,0.000000,0.000000,51.592800,36.852000,0.000000
6930,2015,10,16,18,0.000000,0.000000,0.000000,53.189920,37.992800,0.000000
6931,2015,10,16,19,0.000000,0.000000,0.000000,53.041800,37.887000,0.000000
6932,2015,10,16,20,0.000000,0.000000,0.000000,51.082920,36.487800,0.000000
6933,2015,10,16,21,0.000000,0.000000,0.000000,50.414630,36.010450,0.000000
6934,2015,10,16,22,0.000000,0.000000,0.000000,43.546930,31.104950,0.000000
6935,2015,10,16,23,0.000000,0.000000,0.000000,31.860780,22.757700,0.000000
6936,2015,10,16,24,0.000000,0.000000,0.000000,22.784580,16.274700,0.000000
6937,2015,10,17,1,0.000000,0.000000,0.000000,13.562080,9.687200,0.000000
6938,2015,10,17,2,0.000000,0.000000,0.000000,13.386450,9.561750,0.000000
6939,2015,10,17,3,0.000000,0.000000,0.000000,15.124970,10.803550,0.000000
6940,2015,10,17,4,0.000000,0.000000,0.000000,17.156790,12.254850,0.000000
6941,2015,10,17,5,0.000000,0.000000,0.000000,20.643840,14.745600,0.000000
6942,2015,10,17,6,0.000000,0.000000,0.000000,17.923430,12.802450,0.000000
6943,2015,10,17,7,0.000000,0.000000,0.000000,12.584740,8.989100,0.000000
6944,2015,10,17,8,0.000000,0.000000,0.000000,7.112420,5.080300,0.000000
6945,2015,10,17,9,0.000000,0.000000,0.000000,9.538130,6.812950,0.000000
6946,2015,10,17,10,0.000000,0.000000,0.000000,11.052860,7.894900,0.000000
6947,2015,10,17,11,0.000000,0.000000,0.000000,15.831690,11.308350,0.000000
6948,2015,10,17,12,0.000000,0.000000,0.000000,14.322000,10.230000,0.000000
6949,2015,10,17,13,0.000000,0.000000,0.000000,12.759880,9.114200,0.000000
6950,2015,10,17,14,0.000000,0.000000,0.000000,9.020970,6.443550,0.000000
6951,2015,10,17,15,0.000000,0.000000,0.000000,8.456700,6.040500,0.000000
6952,2015,10,17,16,0.000000,0.000000,0.000000,9.364600,6.689000,0.000000
6953,2015,10,17,17,0.000000,0.000000,0.000000,17.846360,12.747400,0.000000
6954,2015,10,17,18,0.000000,0.000000,0.000000,22.993670,16.424050,0.000000
6955,2015,10,17,19,0.000000,0.000000,0.000000,21.395640,15.282600,0.000000
6956,2015,10,17,20,0.000000,0.000000,0.000000,11.072600,7.909000,0.000000
6957,2015,10,17,21,0.000000,0.000000,0.000000,6.162170,4.401550,0.000000
6958,2015,10,17,22,0.000000,0.000000,0.000000,11.224710,8.017650,0.000000
6959,2015,10,17,23,0.000000,0.000000,0.000000,13.304340,9.503100,0.000000
6960,2015,10,17,24,0.000000,0.000000,0.000000,13.880790,9.914850,0.000000
6961,2015,10,18,1,0.000000,0.000000,0.000000,17.203410,12.288150,0.000000
6962,2015,10,18,2,0.000000,0.000000,0.000000,25.353440,18.109600,0.000000
6963,2015,10,18,3,0.000000,0.000000,0.000000,28.138670,20.099050,0.000000
6964,2015,10,18,4,0.000000,0.000000,0.000000,28.308840,20.220600,0.000000
6965,2015,10,18,5,0.000000,0.000000,0.000000,23.390220,16.707300,0.000000
6966,2015,10,18,6,0.000000,0.000000,0.000000,16.290050,11.635750,0.000000
6967,2015,10,18,7,0.000000,0.000000,0.000000,12.234670,8.739050,0.000000
6968,2015,10,18,8,0.000000,0.000000,0.000000,8.927590,6.376850,0.000000
6969,2015,10,18,9,0.000000,0.000000,0.000000,13.244070,9.460050,0.000000
6970,2015,10,18,10,0.000000,0.000000,0.000000,13.159930,9.399950,0.000000
6971,2015,10,18,11,0.000000,0.000000,0.000000,13.457290,9.612350,0.000000
6972,2015,10,18,12,0.000000,0.000000,0.000000,15.288770,10.920550,0.000000
6973,2015,10,18,13,0.000000,0.000000,0.000000,14.902720,10.644800,0.000000
6974,2015,10,18,14,0.000000,0.000000,0.000000,14.827610,10.591150,0.000000
6975,2015,10,18,15,0.000000,0.000000,0.000000,15.559600,11.114000,0.000000
6976,2015,10,18,16,0.000000,0.000000,0.000000,16.753520,11.966800,0.000000
6977,2015,10,18,17,0.000000,0.000000,0.000000,16.876930,12.054950,0.000000
6978,2015,10,18,18,0.000000,0.000000,0.000000,14.473340,10.338100,0.000000
6979,2015,10,18,19,0.000000,0.000000,0.000000,13.542200,9.673000,0.000000
6980,2015,10,18,20,0.000000,0.000000,0.000000,9.796710,6.997650,0.000000
6981,2015,10,18,21,0.000000,0.000000,0.000000,1.659490,1.185350,0.000000
6982,2015,10,18,22,0.000000,0.000000,0.000000,3.613610,2.581150,0.000000
6983,2015,10,18,23,0.000000,0.000000,0.000000,0.612080,0.437200,0.000000
6984,2015,10,18,24,0.000000,0.000000,0.000000,0.604450,0.431750,0.000000
6985,2015,10,19,1,0.000000,0.000000,0.000000,1.213450,0.866750,0.000000
6986,2015,10,19,2,0.000000,0.000000,0.000000,1.619310,1.156650,0.000000
6987,2015,10,19,3,0.000000,0.000000,0.000000,2.130660,1.521900,0.000000
6988,2015,10,19,4,0.000000,0.000000,0.000000,0.000000,0.000000,0.000000
6989,2015,10,19,5,0.000000,0.000000,0.000000,2.882250,2.058750,0.000000
6990,2015,10,19,6,0.000000,0.000000,0.000000,6.283620,4.488300,0.000000
6991,2015,10,19,7,0.000000,0.000000,0.000000,5.920950,4.229250,0.000000
6992,2015,10,19,8,0.000000,0.000000,0.000000,7.229390,5.163850,0.000000
6993,2015,10,19,9,0.000000,0.000000,0.000000,10.760400,7.686000,0.000000
6994,2015,10,19,10,0.000000,0.000000,0.000000,15.918210,11.370150,0.000000
6995,2015,10,19,11,0.000000,0.000000,0.000000,25.581500,18.272500,0.000000
6996,2015,10,19,12,0.000000,0.000000,0.000000,33.243350,23.745250,0.000000
6997,2015,10,19,13,0.000000,0.000000,0.000000,39.811380,28.436700,0.000000
6998,2015,10,19,14,0.000000,0.000000,0.000000,40.442290,28.887350,0.000000
6999,2015,10,19,15,0.000000,0.000000,0.000000,45.323250,32.373750,0.000000
7000,2015,10,19,16,0.000000,0.000000,0.000000,53.015620,37.868300,0.000000
7001,2015,10,19,17,0.000000,0.000000,0.000000,58.388960,41.706400,0.000000
7002,2015,10,19,18,0.000000,0.000000,0.000000,61.062190,43.615850,0.000000
7003,2015,10,19,19,0.000000,0.000000,0.000000,64.128890,45.806350,0.000000
7004,2015,10,19,20,0.000000,0.000000,0.000000,66.602200,47.573000,0.000000
7005,2015,10,19,21,0.000000,0.000000,0.000000,68.149620,48.678300,0.000000
7006,2015,10,19,22,0.000000,0.000000,0.000000,69.662670,49.759050,0.000000
7007,2015,10,19,23,0.000000,0.000000,0.000000,69.787760,49.848400,0.000000
7008,2015,10,19,24,0.000000,0.000000,0.000000,69.680660,49.771900,0.000000
7009,2015,10,20,1,0.000000,0.000000,0.000000,69.392400,49.566000,0.000000
7010,2015,10,20,2,0.000000,0.000000,0.000000,69.260170,49.471550,0.000000
7011,2015,10,20,3,0.000000,0.000000,0.000000,67.753000,48.395000,0.000000
7012,2015,10,20,4,0.000000,0.000000,0.000000,47.389090,33.849350,0.000000
7013,2015,10,20,5,0.000000,0.000000,0.000000,25.470690,18.193350,0.000000
7014,2015,10,20,6,0.000000,0.000000,0.000000,16.972620,12.123300,0.000000
7015,2015,10,20,7,0.000000,0.000000,0.000000,14.720440,10.514600,0.000000
7016,2015,10,20,8,0.000000,0.000000,0.000000,13.201580,9.429700,0.000000
7017,2015,10,20,9,0.000000,0.000000,0.000000,15.797810,11.284150,0.000000
7018,2015,10,20,10,0.000000,0.000000,0.000000,11.309830,8.078450,0.000000
7019,2015,10,20,11,0.000000,0.000000,0.000000,12.459440,8.899600,0.000000
7020,2015,10,20,12,0.000000,0.000000,0.000000,9.806790,7.004850,0.000000
7021,2015,10,20,13,0.000000,0.000000,0.000000,7.505960,5.361400,0.000000
7022,2015,10,20,14,0.000000,0.000000,0.000000,6.319180,4.513700,0.000000
7023,2015,10,20,15,0.000000,0.000000,0.000000,5.387200,3.848000,0.000000
7024,2015,10,20,16,0.000000,0.000000,0.000000,7.781480,5.558200,0.000000
7025,2015,10,20,17,0.000000,0.000000,0.000000,7.448770,5.320550,0.000000
7026,2015,10,20,18,0.000000,0.000000,0.000000,5.974640,4.267600,0.000000
7027,2015,10,20,19,0.000000,0.000000,0.000000,3.720710,2.657650,0.000000
7028,2015,10,20,20,0.000000,0.000000,0.000000,1.448930,1.034950,0.000000
7029,2015,10,20,21,0.000000,0.000000,0.000000,4.236890,3.026350,0.000000
7030,2015,10,20,22,0.000000,0.000000,0.000000,7.490840,5.350600,0.000000
7031,2015,10,20,23,0.000000,0.000000,0.000000,12.029990,8.592850,0.000000
7032,2015,10,20,24,0.000000,0.000000,0.000000,14.859880,10.614200,0.000000
7033,2015,10,21,1,0.000000,0.000000,0.000000,16.134720,11.524800,0.000000
7034,2015,10,21,2,0.000000,0.000000,0.000000,20.211870,14.437050,0.000000
7035,2015,10,21,3,0.000000,0.000000,0.000000,22.649130,16.177950,0.000000
7036,2015,10,21,4,0.000000,0.000000,0.000000,20.039950,14.314250,0.000000
7037,2015,10,21,5,0.000000,0.000000,0.000000,18.683770,13.345550,0.000000
7038,2015,10,21,6,0.000000,0.000000,0.000000,12.159490,8.685350,0.000000
7039,2015,10,21,7,0.000000,0.000000,0.000000,7.087640,5.062600,0.000000
7040,2015,10,21,8,0.000000,0.000000,0.000000,1.608670,1.149050,0.000000
7041,2015,10,21,9,0.000000,0.000000,0.000000,0.783370,0.559550,0.000000
7042,2015,10,21,10,0.000000,0.000000,0.000000,0.000000,0.000000,0.000000
7043,2015,10,21,11,0.000000,0.000000,0.000000,0.000000,0.000000,0.000000
7044,2015,10,21,12,0.000000,0.000000,0.000000,0.845250,0.603750,0.000000
7045,2015,10,21,13,0.000000,0.000000,0.000000,1.003100,0.716500,0.000000
7046,2015,10,21,14,0.000000,0.000000,0.000000,0.741440,0.529600,0.000000
7047,2015,10,21,15,0.000000,0.000000,0.000000,0.678510,0.484650,0.000000
7048,2015,10,21,16,0.000000,0.000000,0.000000,2.029790,1.449850,0.000000
7049,2015,10,21,17,0.000000,0.000000,0.000000,2.333030,1.666450,0.000000
7050,2015,10,21,18,0.000000,0.000000,0.000000,3.378270,2.413050,0.000000
7051,2015,10,21,19,0.000000,0.000000,0.000000,4.949210,3.535150,0.000000
7052,2015,10,21,20,0.000000,0.000000,0.000000,2.938040,2.098600,0.000000
7053,2015,10,21,21,0.000000,0.000000,0.000000,0.000000,0.000000,0.000000
7054,2015,10,21,22,0.000000,0.000000,0.000000,3.035970,2.168550,0.000000
7055,2015,10,21,23,0.000000,0.000000,0.000000,3.502590,2.501850,0.000000
7056,2015,10,21,24,0.000000,0.000000,0.000000,5.121550,3.658250,0.000000
7057,2015,10,22,1,0.000000,0.000000,0.000000,9.191840,6.565600,0.000000
7058,2015,10,22,2,0.000000,0.000000,0.000000,8.605100,6.146500,0.000000
7059,2015,10,22,3,0.000000,0.000000,0.000000,13.515670,9.654050,0.000000
7060,2015,10,22,4,0.000000,0.000000,0.000000,18.723390,13.373850,0.000000
7061,2015,10,22,5,0.000000,0.000000,0.000000,19.038110,13.598650,0.000000
7062,2015,10,22,6,0.000000,0.000000,0.000000,24.352020,17.394300,0.000000
7063,2015,10,22,7,0.000000,0.000000,0.000000,17.116470,12.226050,0.000000
7064,2015,10,22,8,0.000000,0.000000,0.000000,9.787750,6.991250,0.000000
7065,2015,10,22,9,0.000000,0.000000,0.000000,9.908290,7.077350,0.000000
7066,2015,10,22,10,0.000000,0.000000,0.000000,10.814020,7.724300,0.000000
7067,2015,10,22,11,0.000000,0.000000,0.000000,9.108260,6.505900,0.000000
7068,2015,10,22,12,0.000000,0.000000,0.000000,6.912010,4.937150,0.000000
7069,2015,10,22,13,0.000000,0.000000,0.000000,5.538820,3.956300,0.000000
7070,2015,10,22,14,0.000000,0.000000,0.000000,4.351130,3.107950,0.000000
7071,2015,10,22,15,0.000000,0.000000,0.000000,1.291850,0.922750,0.000000
7072,2015,10,22,16,0.000000,0.000000,0.000000,0.000000,0.000000,0.000000
7073,2015,10,22,17,0.000000,0.000000,0.000000,0.000000,0.000000,0.000000
7074,2015,10,22,18,0.000000,0.000000,0.000000,0.417270,0.298050,0.000000
7075,2015,10,22,19,0.000000,0.000000,0.000000,0.497000,0.355000,0.000000
7076,2015,10,22,20,0.000000,0.000000,0.000000,2.713130,1.937950,0.000000
7077,2015,10,22,21,0.000000,0.000000,0.000000,3.647910,2.605650,0.000000
7078,2015,10,22,22,0.000000,0.000000,0.000000,10.874290,7.767350,0.000000
7079,2015,10,22,23,0.000000,0.000000,0.000000,10.631880,7.594200,0.000000
7080,2015,10,22,24,0.000000,0.000000,0.000000,13.573630,9.695450,0.000000
7081,2015,10,23,1,0.000000,0.000000,0.000000,18.322780,13.087700,0.000000
7082,2015,10,23,2,0.000000,0.000000,0.000000,24.229520,17.306800,0.000000
7083,2015,10,23,3,0.000000,0.000000,0.000000,26.573120,18.980800,0.000000
7084,2015,10,23,4,0.000000,0.000000,0.000000,28.662270,20.473050,0.000000
7085,2015,10,23,5,0.000000,0.000000,0.000000,22.184750,15.846250,0.000000
7086,2015,10,23,6,0.000000,0.000000,0.000000,18.080720,12.914800,0.000000
7087,2015,10,23,7,0.000000,0.000000,0.000000,11.815160,8.439400,0.000000
7088,2015,10,23,8,0.000000,0.000000,0.000000,4.054680,2.896200,0.000000
7089,2015,10,23,9,0.000000,0.000000,0.000000,2.489550,1.778250,0.000000
7090,2015,10,23,10,0.000000,0.000000,0.000000,0.000000,0.000000,0.000000
7091,2015,10,23,11,0.000000,0.000000,0.000000,2.198980,1.570700,0.000000
7092,2015,10,23,12,0.000000,0.000000,0.000000,4.301920,3.072800,0.000000
7093,2015,10,23,13,0.000000,0.000000,0.000000,6.359150,4.542250,0.000000
7094,2015,10,23,14,0.000000,0.000000,0.000000,7.427560,5.305400,0.000000
7095,2015,10,23,15,0.000000,0.000000,0.000000,8.992760,6.423400,0.000000
7096,2015,10,23,16,0.000000,0.000000,0.000000,12.506830,8.933450,0.000000
7097,2015,10,23,17,0.000000,0.000000,0.000000,15.309210,10.935150,0.000000
7098,2015,10,23,18,0.000000,0.000000,0.000000,12.255320,8.753800,0.000000
7099,2015,10,23,19,0.000000,0.000000,0.000000,13.829060,9.877900,0.000000
7100,2015,10,23,20,0.000000,0.000000,0.000000,6.414870,4.582050,0.000000
7101,2015,10,23,21,0.000000,0.000000,0.000000,1.443820,1.031300,0.000000
7102,2015,10,23,22,0.000000,0.000000,0.000000,4.974550,3.553250,0.000000
7103,2015,10,23,23,0.000000,0.000000,0.000000,7.381080,5.272200,0.000000
7104,2015,10,23,24,0.000000,0.000000,0.000000,11.900000,8.500000,0.000000
7105,2015,10,24,1,0.000000,0.000000,0.000000,17.680600,12.629000,0.000000
7106,2015,10,24,2,0.000000,0.000000,0.000000,26.906950,19.219250,0.000000
7107,2015,10,24,3,0.000000,0.000000,0.000000,40.690300,29.064500,0.000000
7108,2015,10,24,4,0.000000,0.000000,0.000000,42.331660,30.236900,0.000000
7109,2015,10,24,5,0.000000,0.000000,0.000000,40.652290,29.037350,0.000000
7110,2015,10,24,6,0.000000,0.000000,0.000000,35.997710,25.712650,0.000000
7111,2015,10,24,7,0.000000,0.000000,0.000000,28.212100,20.151500,0.000000
7112,2015,10,24,8,0.000000,0.000000,0.000000,15.370740,10.979100,0.000000
7113,2015,10,24,9,0.000000,0.000000,0.000000,11.220930,8.014950,0.000000
7114,2015,10,24,10,0.000000,0.000000,0.000000,12.032090,8.594350,0.000000
7115,2015,10,24,11,0.000000,0.000000,0.000000,9.777670,6.984050,0.000000
7116,2015,10,24,12,0.000000,0.000000,0.000000,8.255100,5.896500,0.000000
7117,2015,10,24,13,0.000000,0.000000,0.000000,7.121870,5.087050,0.000000
7118,2015,10,24,14,0.000000,0.000000,0.000000,7.411040,5.293600,0.000000
7119,2015,10,24,15,0.000000,0.000000,0.000000,9.516570,6.797550,0.000000
7120,2015,10,24,16,0.000000,0.000000,0.000000,7.651140,5.465100,0.000000
7121,2015,10,24,17,0.000000,0.000000,0.000000,5.730480,4.093200,0.000000
7122,2015,10,24,18,0.000000,0.000000,0.000000,5.728030,4.091450,0.000000
7123,2015,10,24,19,0.000000,0.000000,0.000000,2.557800,1.827000,0.000000
7124,2015,10,24,20,0.000000,0.000000,0.000000,2.649850,1.892750,0.000000
7125,2015,10,24,21,0.000000,0.000000,0.000000,4.704630,3.360450,0.000000
7126,2015,10,24,22,0.000000,0.000000,0.000000,12.179580,8.699700,0.000000
7127,2015,10,24,23,0.000000,0.000000,0.000000,13.919850,9.942750,0.000000
7128,2015,10,24,24,0.000000,0.000000,0.000000,20.473460,14.623900,0.000000
7129,2015,10,25,1,0.000000,0.000000,0.000000,25.618950,18.299250,0.000000
7130,2015,10,25,2,0.000000,0.000000,0.000000,40.046440,28.604600,0.000000
7131,2015,10,25,3,0.000000,0.000000,0.000000,42.895720,30.639800,0.000000
7132,2015,10,25,4,0.000000,0.000000,0.000000,42.647920,30.462800,0.000000
7133,2015,10,25,5,0.000000,0.000000,0.000000,39.004980,27.860700,0.000000
7134,2015,10,25,6,0.000000,0.000000,0.000000,34.783770,24.845550,0.000000
7135,2015,10,25,7,0.000000,0.000000,0.000000,28.449190,20.320850,0.000000
7136,2015,10,25,8,0.000000,0.000000,0.000000,17.950310,12.821650,0.000000
7137,2015,10,25,9,0.000000,0.000000,0.000000,11.644850,8.317750,0.000000
7138,2015,10,25,10,0.000000,0.000000,0.000000,5.807830,4.148450,0.000000
7139,2015,10,25,11,0.000000,0.000000,0.000000,5.413100,3.866500,0.000000
7140,2015,10,25,12,0.000000,0.000000,0.000000,3.972220,2.837300,0.000000
7141,2015,10,25,13,0.000000,0.000000,0.000000,1.938160,1.384400,0.000000
7142,2015,10,25,14,0.000000,0.000000,0.000000,1.263710,0.902650,0.000000
7143,2015,10,25,15,0.000000,0.000000,0.000000,1.558830,1.113450,0.000000
7144,2015,10,25,16,0.000000,0.000000,0.000000,1.526420,1.090300,0.000000
7145,2015,10,25,17,0.000000,0.000000,0.000000,2.456930,1.754950,0.000000
7146,2015,10,25,18,0.000000,0.000000,0.000000,2.833460,2.023900,0.000000
7147,2015,10,25,19,0.000000,0.000000,0.000000,4.359600,3.114000,0.000000
7148,2015,10,25,20,0.000000,0.000000,0.000000,0.000000,0.000000,0.000000
7149,2015,10,25,21,0.000000,0.000000,0.000000,1.180270,0.843050,0.000000
7150,2015,10,25,22,0.000000,0.000000,0.000000,3.785250,2.703750,0.000000
7151,2015,10,25,23,0.000000,0.000000,0.000000,4.220230,3.014450,0.000000
7152,2015,10,25,24,0.000000,0.000000,0.000000,6.688640,4.777600,0.000000
7153,2015,10,26,1,0.000000,0.000000,0.000000,6.369090,4.549350,0.000000
7154,2015,10,26,2,0.000000,0.000000,0.000000,11.450670,8.179050,0.000000
7155,2015,10,26,3,0.000000,0.000000,0.000000,18.754050,13.395750,0.000000
7156,2015,10,26,4,0.000000,0.000000,0.000000,30.365230,21.689450,0.000000
7157,2015,10,26,5,0.000000,0.000000,0.000000,38.961650,27.829750,0.000000
7158,2015,10,26,6,0.000000,0.000000,0.000000,35.921830,25.658450,0.000000
7159,2015,10,26,7,0.000000,0.000000,0.000000,33.373410,23.838150,0.000000
7160,2015,10,26,8,0.000000,0.000000,0.000000,20.538840,14.670600,0.000000
7161,2015,10,26,9,0.000000,0.000000,0.000000,15.174040,10.838600,0.000000
7162,2015,10,26,10,0.000000,0.000000,0.000000,17.585120,12.560800,0.000000
7163,2015,10,26,11,0.000000,0.000000,0.000000,18.049080,12.892200,0.000000
7164,2015,10,26,12,0.000000,0.000000,0.000000,20.452600,14.609000,0.000000
7165,2015,10,26,13,0.000000,0.000000,0.000000,21.145320,15.103800,0.000000
7166,2015,10,26,14,0.000000,0.000000,0.000000,21.841890,15.601350,0.000000
7167,2015,10,26,15,0.000000,0.000000,0.000000,22.278130,15.912950,0.000000
7168,2015,10,26,16,0.000000,0.000000,0.000000,19.615820,14.011300,0.000000
7169,2015,10,26,17,0.000000,0.000000,0.000000,19.844230,14.174450,0.000000
7170,2015,10,26,18,0.000000,0.000000,0.000000,17.813180,12.723700,0.000000
7171,2015,10,26,19,0.000000,0.000000,0.000000,18.747190,13.390850,0.000000
7172,2015,10,26,20,0.000000,0.000000,0.000000,8.004220,5.717300,0.000000
7173,2015,10,26,21,0.000000,0.000000,0.000000,7.859180,5.613700,0.000000
7174,2015,10,26,22,0.000000,0.000000,0.000000,4.615730,3.296950,0.000000
7175,2015,10,26,23,0.000000,0.000000,0.000000,3.155670,2.254050,0.000000
7176,2015,10,26,24,0.000000,0.000000,0.000000,0.000000,0.000000,0.000000
7177,2015,10,27,1,0.000000,0.000000,0.000000,0.941920,0.672800,0.000000
7178,2015,10,27,2,0.000000,0.000000,0.000000,1.088080,0.777200,0.000000
7179,2015,10,27,3,0.000000,0.000000,0.000000,5.036920,3.597800,0.000000
7180,2015,10,27,4,0.000000,0.000000,0.000000,10.879470,7.771050,0.000000
7181,2015,10,27,5,0.000000,0.000000,0.000000,14.704550,10.503250,0.000000
7182,2015,10,27,6,0.000000,0.000000,0.000000,15.282190,10.915850,0.000000
7183,2015,10,27,7,0.000000,0.000000,0.000000,10.027850,7.162750,0.000000
7184,2015,10,27,8,0.000000,0.000000,0.000000,7.410270,5.293050,0.000000
7185,2015,10,27,9,0.000000,0.000000,0.000000,9.430960,6.736400,0.000000
7186,2015,10,27,10,0.000000,0.000000,0.000000,9.410030,6.721450,0.000000
7187,2015,10,27,11,0.000000,0.000000,0.000000,12.084030,8.631450,0.000000
7188,2015,10,27,12,0.000000,0.000000,0.000000,9.082360,6.487400,0.000000
7189,2015,10,27,13,0.000000,0.000000,0.000000,3.656450,2.611750,0.000000
7190,2015,10,27,14,0.000000,0.000000,0.000000,1.884540,1.346100,0.000000
7191,2015,10,27,15,0.000000,0.000000,0.000000,0.538300,0.384500,0.000000
7192,2015,10,27,16,0.000000,0.000000,0.000000,0.000000,0.000000,0.000000
7193,2015,10,27,17,0.000000,0.000000,0.000000,0.529900,0.378500,0.000000
7194,2015,10,27,18,0.000000,0.000000,0.000000,1.285130,0.917950,0.000000
7195,2015,10,27,19,0.000000,0.000000,0.000000,1.594530,1.138950,0.000000
7196,2015,10,27,20,0.000000,0.000000,0.000000,1.529010,1.092150,0.000000
7197,2015,10,27,21,0.000000,0.000000,0.000000,0.000000,0.000000,0.000000
7198,2015,10,27,22,0.000000,0.000000,0.000000,0.000000,0.000000,0.000000
7199,2015,10,27,23,0.000000,0.000000,0.000000,0.000000,0.000000,0.000000
7200,2015,10,27,24,0.000000,0.000000,0.000000,3.455200,2.468000,0.000000
7201,2015,10,28,1,0.000000,0.000000,0.000000,9.331700,6.665500,0.000000
7202,2015,10,28,2,0.000000,0.000000,0.000000,21.872480,15.623200,0.000000
7203,2015,10,28,3,0.000000,0.000000,0.000000,26.883780,19.202700,0.000000
7204,2015,10,28,4,0.000000,0.000000,0.000000,32.533690,23.238350,0.000000
7205,2015,10,28,5,0.000000,0.000000,0.000000,36.714860,26.224900,0.000000
7206,2015,10,28,6,0.000000,0.000000,0.000000,39.822440,28.444600,0.000000
7207,2015,10,28,7,0.000000,0.000000,0.000000,39.232550,28.023250,0.000000
7208,2015,10,28,8,0.000000,0.000000,0.000000,32.566310,23.261650,0.000000
7209,2015,10,28,9,0.000000,0.000000,0.000000,29.949010,21.392150,0.000000
7210,2015,10,28,10,0.000000,0.000000,0.000000,33.865370,24.189550,0.000000
7211,2015,10,28,11,0.000000,0.000000,0.000000,35.256270,25.183050,0.000000
7212,2015,10,28,12,0.000000,0.000000,0.000000,34.932380,24.951700,0.000000
7213,2015,10,28,13,0.000000,0.000000,0.000000,32.791500,23.422500,0.000000
7214,2015,10,28,14,0.000000,0.000000,0.000000,32.780720,23.414800,0.000000
7215,2015,10,28,15,0.000000,0.000000,0.000000,35.394380,25.281700,0.000000
7216,2015,10,28,16,0.000000,0.000000,0.000000,36.791720,26.279800,0.000000
7217,2015,10,28,17,0.000000,0.000000,0.000000,36.573880,26.124200,0.000000
7218,2015,10,28,18,0.000000,0.000000,0.000000,35.381220,25.272300,0.000000
7219,2015,10,28,19,0.000000,0.000000,0.000000,37.589580,26.849700,0.000000
7220,2015,10,28,20,0.000000,0.000000,0.000000,28.213570,20.152550,0.000000
7221,2015,10,28,21,0.000000,0.000000,0.000000,24.988530,17.848950,0.000000
7222,2015,10,28,22,0.000000,0.000000,0.000000,25.053770,17.895550,0.000000
7223,2015,10,28,23,0.000000,0.000000,0.000000,18.944240,13.531600,0.000000
7224,2015,10,28,24,0.000000,0.000000,0.000000,10.057530,7.183950,0.000000
7225,2015,10,29,1,0.000000,0.000000,0.000000,6.614370,4.724550,0.000000
7226,2015,10,29,2,0.000000,0.000000,0.000000,7.164010,5.117150,0.000000
7227,2015,10,29,3,0.000000,0.000000,0.000000,14.587440,10.419600,0.000000
7228,2015,10,29,4,0.000000,0.000000,0.000000,17.875620,12.768300,0.000000
7229,2015,10,29,5,0.000000,0.000000,0.000000,26.186020,18.704300,0.000000
7230,2015,10,29,6,0.000000,0.000000,0.000000,38.395140,27.425100,0.000000
7231,2015,10,29,7,0.000000,0.000000,0.000000,35.515130,25.367950,0.000000
7232,2015,10,29,8,0.000000,0.000000,0.000000,27.240850,19.457750,0.000000
7233,2015,10,29,9,0.000000,0.000000,0.000000,21.904610,15.646150,0.000000
7234,2015,10,29,10,0.000000,0.000000,0.000000,24.284960,17.346400,0.000000
7235,2015,10,29,11,0.000000,0.000000,0.000000,29.225630,20.875450,0.000000
7236,2015,10,29,12,0.000000,0.000000,0.000000,30.874760,22.053400,0.000000
7237,2015,10,29,13,0.000000,0.000000,0.000000,30.968420,22.120300,0.000000
7238,2015,10,29,14,0.000000,0.000000,0.000000,28.490980,20.350700,0.000000
7239,2015,10,29,15,0.000000,0.000000,0.000000,29.419950,21.014250,0.000000
7240,2015,10,29,16,0.000000,0.000000,0.000000,30.507260,21.790900,0.000000
7241,2015,10,29,17,0.000000,0.000000,0.000000,29.603560,21.145400,0.000000
7242,2015,10,29,18,0.000000,0.000000,0.000000,35.298130,25.212950,0.000000
7243,2015,10,29,19,0.000000,0.000000,0.000000,32.358970,23.113550,0.000000
7244,2015,10,29,20,0.000000,0.000000,0.000000,35.549640,25.392600,0.000000
7245,2015,10,29,21,0.000000,0.000000,0.000000,31.179120,22.270800,0.000000
7246,2015,10,29,22,0.000000,0.000000,0.000000,33.760300,24.114500,0.000000
7247,2015,10,29,23,0.000000,0.000000,0.000000,35.638260,25.455900,0.000000
7248,2015,10,29,24,0.000000,0.000000,0.000000,24.006570,17.147550,0.000000
7249,2015,10,30,1,0.000000,0.000000,0.000000,16.197580,11.569700,0.000000
7250,2015,10,30,2,0.000000,0.000000,0.000000,10.819550,7.728250,0.000000
7251,2015,10,30,3,0.000000,0.000000,0.000000,5.868870,4.192050,0.000000
7252,2015,10,30,4,0.000000,0.000000,0.000000,1.615600,1.154000,0.000000
7253,2015,10,30,5,0.000000,0.000000,0.000000,3.916290,2.797350,0.000000
7254,2015,10,30,6,0.000000,0.000000,0.000000,14.579530,10.413950,0.000000
7255,2015,10,30,7,0.000000,0.000000,0.000000,17.226090,12.304350,0.000000
7256,2015,10,30,8,0.000000,0.000000,0.000000,21.291480,15.208200,0.000000
7257,2015,10,30,9,0.000000,0.000000,0.000000,20.269690,14.478350,0.000000
7258,2015,10,30,10,0.000000,0.000000,0.000000,24.675070,17.625050,0.000000
7259,2015,10,30,11,0.000000,0.000000,0.000000,33.665240,24.046600,0.000000
7260,2015,10,30,12,0.000000,0.000000,0.000000,39.271260,28.050900,0.000000
7261,2015,10,30,13,0.000000,0.000000,0.000000,46.213790,33.009850,0.000000
7262,2015,10,30,14,0.000000,0.000000,0.000000,47.613790,34.009850,0.000000
7263,2015,10,30,15,0.000000,0.000000,0.000000,43.224230,30.874450,0.000000
7264,2015,10,30,16,0.000000,0.000000,0.000000,40.439140,28.885100,0.000000
7265,2015,10,30,17,0.000000,0.000000,0.000000,34.639780,24.742700,0.000000
7266,2015,10,30,18,0.000000,0.000000,0.000000,29.574510,21.124650,0.000000
7267,2015,10,30,19,0.000000,0.000000,0.000000,35.149800,25.107000,0.000000
7268,2015,10,30,20,0.000000,0.000000,0.000000,28.514780,20.367700,0.000000
7269,2015,10,30,21,0.000000,0.000000,0.000000,25.133850,17.952750,0.000000
7270,2015,10,30,22,0.000000,0.000000,0.000000,19.792010,14.137150,0.000000
7271,2015,10,30,23,0.000000,0.000000,0.000000,16.622550,11.873250,0.000000
7272,2015,10,30,24,0.000000,0.000000,0.000000,12.589290,8.992350,0.000000
7273,2015,10,31,1,0.000000,0.000000,0.000000,8.739080,6.242200,0.000000
7274,2015,10,31,2,0.000000,0.000000,0.000000,5.094670,3.639050,0.000000
7275,2015,10,31,3,0.000000,0.000000,0.000000,3.403120,2.430800,0.000000
7276,2015,10,31,4,0.000000,0.000000,0.000000,4.031580,2.879700,0.000000
7277,2015,10,31,5,0.000000,0.000000,0.000000,20.441400,14.601000,0.000000
7278,2015,10,31,6,0.000000,0.000000,0.000000,38.373580,27.409700,0.000000
7279,2015,10,31,7,0.000000,0.000000,0.000000,18.178720,12.984800,0.000000
7280,2015,10,31,8,0.000000,0.000000,0.000000,14.344050,10.245750,0.000000
7281,2015,10,31,9,0.000000,0.000000,0.000000,13.683670,9.774050,0.000000
7282,2015,10,31,10,0.000000,0.000000,0.000000,15.908270,11.363050,0.000000
7283,2015,10,31,11,0.000000,0.000000,0.000000,16.209900,11.578500,0.000000
7284,2015,10,31,12,0.000000,0.000000,0.000000,12.211920,8.722800,0.000000
7285,2015,10,31,13,0.000000,0.000000,0.000000,12.089560,8.635400,0.000000
7286,2015,10,31,14,0.000000,0.000000,0.000000,10.154900,7.253500,0.000000
7287,2015,10,31,15,0.000000,0.000000,0.000000,10.716230,7.654450,0.000000
7288,2015,10,31,16,0.000000,0.000000,0.000000,6.150690,4.393350,0.000000
7289,2015,10,31,17,0.000000,0.000000,0.000000,4.188660,2.991900,0.000000
7290,2015,10,31,18,0.000000,0.000000,0.000000,4.471320,3.193800,0.000000
7291,2015,10,31,19,0.000000,0.000000,0.000000,6.064380,4.331700,0.000000
7292,2015,10,31,20,0.000000,0.000000,0.000000,0.872200,0.623000,0.000000
7293,2015,10,31,21,0.000000,0.000000,0.000000,1.306620,0.933300,0.000000
7294,2015,10,31,22,0.000000,0.000000,0.000000,4.609430,3.292450,0.000000
7295,2015,10,31,23,0.000000,0.000000,0.000000,4.140430,2.957450,0.000000
7296,2015,10,31,24,0.000000,0.000000,0.000000,7.448350,5.320250,0.000000
7297,2015,11,1,1,0.000000,0.000000,0.000000,11.936680,8.526200,0.000000
7298,2015,11,1,2,0.000000,0.000000,0.000000,17.955280,12.825200,0.000000
7299,2015,11,1,3,0.000000,0.000000,0.000000,23.113090,16.509350,0.000000
7300,2015,11,1,4,0.000000,0.000000,0.000000,31.113810,22.224150,0.000000
7301,2015,11,1,5,0.000000,0.000000,0.000000,32.153170,22.966550,0.000000
7302,2015,11,1,6,0.000000,0.000000,0.000000,20.909280,14.935200,0.000000
7303,2015,11,1,7,0.000000,0.000000,0.000000,11.233250,8.023750,0.000000
7304,2015,11,1,8,0.000000,0.000000,0.000000,2.927820,2.091300,0.000000
7305,2015,11,1,9,0.000000,0.000000,0.000000,0.000000,0.000000,0.000000
7306,2015,11,1,10,0.000000,0.000000,0.000000,0.000000,0.000000,0.000000
7307,2015,11,1,11,0.000000,0.000000,0.000000,0.446810,0.319150,0.000000
7308,2015,11,1,12,0.000000,0.000000,0.000000,0.000000,0.000000,0.000000
7309,2015,11,1,13,0.000000,0.000000,0.000000,0.000000,0.000000,0.000000
7310,2015,11,1,14,0.000000,0.000000,0.000000,0.000000,0.000000,0.000000
7311,2015,11,1,15,0.000000,0.000000,0.000000,2.043440,1.459600,0.000000
7312,2015,11,1,16,0.000000,0.000000,0.000000,0.000000,0.000000,0.000000
7313,2015,11,1,17,0.000000,0.000000,0.000000,0.000000,0.000000,0.000000
7314,2015,11,1,18,0.000000,0.000000,0.000000,0.000000,0.000000,0.000000
7315,2015,11,1,19,0.000000,0.000000,0.000000,0.519540,0.371100,0.000000
7316,2015,11,1,20,0.000000,0.000000,0.000000,0.000000,0.000000,0.000000
7317,2015,11,1,21,0.000000,0.000000,0.000000,0.000000,0.000000,0.000000
7318,2015,11,1,22,0.000000,0.000000,0.000000,0.000000,0.000000,0.000000
7319,2015,11,1,23,0.000000,0.000000,0.000000,0.000000,0.000000,0.000000
7320,2015,11,1,24,0.000000,0.000000,0.000000,1.110900,0.793500,0.000000
7321,2015,11,2,1,0.000000,0.000000,0.000000,4.562810,3.259150,0.000000
7322,2015,11,2,2,0.000000,0.000000,0.000000,3.908660,2.791900,0.000000
7323,2015,11,2,3,0.000000,0.000000,0.000000,7.200690,5.143350,0.000000
7324,2015,11,2,4,0.000000,0.000000,0.000000,15.190560,10.850400,0.000000
7325,2015,11,2,5,0.000000,0.000000,0.000000,24.855950,17.754250,0.000000
7326,2015,11,2,6,0.000000,0.000000,0.000000,27.543670,19.674050,0.000000
7327,2015,11,2,7,0.000000,0.000000,0.000000,26.743080,19.102200,0.000000
7328,2015,11,2,8,0.000000,0.000000,0.000000,27.567820,19.691300,0.000000
7329,2015,11,2,9,0.000000,0.000000,0.000000,33.841570,24.172550,0.000000
7330,2015,11,2,10,0.000000,0.000000,0.000000,50.751890,36.251350,0.000000
7331,2015,11,2,11,0.000000,0.000000,0.000000,63.481320,45.343800,0.000000
7332,2015,11,2,12,0.000000,0.000000,0.000000,65.307760,46.648400,0.000000
7333,2015,11,2,13,0.000000,0.000000,0.000000,58.941750,42.101250,0.000000
7334,2015,11,2,14,0.000000,0.000000,0.000000,47.722290,34.087350,0.000000
7335,2015,11,2,15,0.000000,0.000000,0.000000,52.724280,37.660200,0.000000
7336,2015,11,2,16,0.000000,0.000000,0.000000,59.608640,42.577600,0.000000
7337,2015,11,2,17,0.000000,0.000000,0.000000,44.282140,31.630100,0.000000
7338,2015,11,2,18,0.000000,0.000000,0.000000,34.130390,24.378850,0.000000
7339,2015,11,2,19,0.000000,0.000000,0.000000,30.393790,21.709850,0.000000
7340,2015,11,2,20,0.000000,0.000000,0.000000,52.810100,37.721500,0.000000
7341,2015,11,2,21,0.000000,0.000000,0.000000,69.354180,49.538700,0.000000
7342,2015,11,2,22,0.000000,0.000000,0.000000,69.973890,49.981350,0.000000
7343,2015,11,2,23,0.000000,0.000000,0.000000,69.976340,49.983100,0.000000
7344,2015,11,2,24,0.000000,0.000000,0.000000,69.966960,49.976400,0.000000
7345,2015,11,3,1,0.000000,0.000000,0.000000,69.970530,49.978950,0.000000
7346,2015,11,3,2,0.000000,0.000000,0.000000,69.987820,49.991300,0.000000
7347,2015,11,3,3,0.000000,0.000000,0.000000,61.822320,44.158800,0.000000
7348,2015,11,3,4,0.000000,0.000000,0.000000,69.995730,49.996950,0.000000
7349,2015,11,3,5,0.000000,0.000000,0.000000,69.957090,49.969350,0.000000
7350,2015,11,3,6,0.000000,0.000000,0.000000,69.902420,49.930300,0.000000
7351,2015,11,3,7,0.000000,0.000000,0.000000,69.837110,49.883650,0.000000
7352,2015,11,3,8,0.000000,0.000000,0.000000,69.576850,49.697750,0.000000
7353,2015,11,3,9,0.000000,0.000000,0.000000,67.268880,48.049200,0.000000
7354,2015,11,3,10,0.000000,0.000000,0.000000,66.735550,47.668250,0.000000
7355,2015,11,3,11,0.000000,0.000000,0.000000,59.987480,42.848200,0.000000
7356,2015,11,3,12,0.000000,0.000000,0.000000,50.186710,35.847650,0.000000
7357,2015,11,3,13,0.000000,0.000000,0.000000,44.464140,31.760100,0.000000
7358,2015,11,3,14,0.000000,0.000000,0.000000,41.305180,29.503700,0.000000
7359,2015,11,3,15,0.000000,0.000000,0.000000,28.582960,20.416400,0.000000
7360,2015,11,3,16,0.000000,0.000000,0.000000,21.465360,15.332400,0.000000
7361,2015,11,3,17,0.000000,0.000000,0.000000,26.317130,18.797950,0.000000
7362,2015,11,3,18,0.000000,0.000000,0.000000,20.355790,14.539850,0.000000
7363,2015,11,3,19,0.000000,0.000000,0.000000,18.286660,13.061900,0.000000
7364,2015,11,3,20,0.000000,0.000000,0.000000,23.113370,16.509550,0.000000
7365,2015,11,3,21,0.000000,0.000000,0.000000,19.592160,13.994400,0.000000
7366,2015,11,3,22,0.000000,0.000000,0.000000,19.574030,13.981450,0.000000
7367,2015,11,3,23,0.000000,0.000000,0.000000,20.401080,14.572200,0.000000
7368,2015,11,3,24,0.000000,0.000000,0.000000,26.143460,18.673900,0.000000
7369,2015,11,4,1,0.000000,0.000000,0.000000,32.707920,23.362800,0.000000
7370,2015,11,4,2,0.000000,0.000000,0.000000,43.124340,30.803100,0.000000
7371,2015,11,4,3,0.000000,0.000000,0.000000,52.113180,37.223700,0.000000
7372,2015,11,4,4,0.000000,0.000000,0.000000,52.918600,37.799000,0.000000
7373,2015,11,4,5,0.000000,0.000000,0.000000,54.471410,38.908150,0.000000
7374,2015,11,4,6,0.000000,0.000000,0.000000,54.683300,39.059500,0.000000
7375,2015,11,4,7,0.000000,0.000000,0.000000,57.295560,40.925400,0.000000
7376,2015,11,4,8,0.000000,0.000000,0.000000,59.956890,42.826350,0.000000
7377,2015,11,4,9,0.000000,0.000000,0.000000,41.256390,29.468850,0.000000
7378,2015,11,4,10,0.000000,0.000000,0.000000,30.505790,21.789850,0.000000
7379,2015,11,4,11,0.000000,0.000000,0.000000,22.025430,15.732450,0.000000
7380,2015,11,4,12,0.000000,0.000000,0.000000,27.856570,19.897550,0.000000
7381,2015,11,4,13,0.000000,0.000000,0.000000,17.196060,12.282900,0.000000
7382,2015,11,4,14,0.000000,0.000000,0.000000,19.154800,13.682000,0.000000
7383,2015,11,4,15,0.000000,0.000000,0.000000,14.247170,10.176550,0.000000
7384,2015,11,4,16,0.000000,0.000000,0.000000,7.020720,5.014800,0.000000
7385,2015,11,4,17,0.000000,0.000000,0.000000,8.855210,6.325150,0.000000
7386,2015,11,4,18,0.000000,0.000000,0.000000,16.455950,11.754250,0.000000
7387,2015,11,4,19,0.000000,0.000000,0.000000,12.258680,8.756200,0.000000
7388,2015,11,4,20,0.000000,0.000000,0.000000,5.416530,3.868950,0.000000
7389,2015,11,4,21,0.000000,0.000000,0.000000,5.597550,3.998250,0.000000
7390,2015,11,4,22,0.000000,0.000000,0.000000,4.562320,3.258800,0.000000
7391,2015,11,4,23,0.000000,0.000000,0.000000,7.800100,5.571500,0.000000
7392,2015,11,4,24,0.000000,0.000000,0.000000,9.383990,6.702850,0.000000
7393,2015,11,5,1,0.000000,0.000000,0.000000,13.399050,9.570750,0.000000
7394,2015,11,5,2,0.000000,0.000000,0.000000,16.524550,11.803250,0.000000
7395,2015,11,5,3,0.000000,0.000000,0.000000,19.461680,13.901200,0.000000
7396,2015,11,5,4,0.000000,0.000000,0.000000,22.751820,16.251300,0.000000
7397,2015,11,5,5,0.000000,0.000000,0.000000,20.973330,14.980950,0.000000
7398,2015,11,5,6,0.000000,0.000000,0.000000,15.340500,10.957500,0.000000
7399,2015,11,5,7,0.000000,0.000000,0.000000,12.360390,8.828850,0.000000
7400,2015,11,5,8,0.000000,0.000000,0.000000,8.888040,6.348600,0.000000
7401,2015,11,5,9,0.000000,0.000000,0.000000,6.766760,4.833400,0.000000
7402,2015,11,5,10,0.000000,0.000000,0.000000,2.822050,2.015750,0.000000
7403,2015,11,5,11,0.000000,0.000000,0.000000,1.547490,1.105350,0.000000
7404,2015,11,5,12,0.000000,0.000000,0.000000,2.445590,1.746850,0.000000
7405,2015,11,5,13,0.000000,0.000000,0.000000,4.063220,2.902300,0.000000
7406,2015,11,5,14,0.000000,0.000000,0.000000,4.713170,3.366550,0.000000
7407,2015,11,5,15,0.000000,0.000000,0.000000,7.326620,5.233300,0.000000
7408,2015,11,5,16,0.000000,0.000000,0.000000,7.760340,5.543100,0.000000
7409,2015,11,5,17,0.000000,0.000000,0.000000,6.331010,4.522150,0.000000
7410,2015,11,5,18,0.000000,0.000000,0.000000,5.064850,3.617750,0.000000
7411,2015,11,5,19,0.000000,0.000000,0.000000,5.561430,3.972450,0.000000
7412,2015,11,5,20,0.000000,0.000000,0.000000,0.000000,0.000000,0.000000
7413,2015,11,5,21,0.000000,0.000000,0.000000,3.224060,2.302900,0.000000
7414,2015,11,5,22,0.000000,0.000000,0.000000,3.967110,2.833650,0.000000
7415,2015,11,5,23,0.000000,0.000000,0.000000,4.507020,3.219300,0.000000
7416,2015,11,5,24,0.000000,0.000000,0.000000,4.079110,2.913650,0.000000
7417,2015,11,6,1,0.000000,0.000000,0.000000,2.471140,1.765100,0.000000
7418,2015,11,6,2,0.000000,0.000000,0.000000,5.118750,3.656250,0.000000
7419,2015,11,6,3,0.000000,0.000000,0.000000,12.518100,8.941500,0.000000
7420,2015,11,6,4,0.000000,0.000000,0.000000,29.304870,20.932050,0.000000
7421,2015,11,6,5,0.000000,0.000000,0.000000,40.936840,29.240600,0.000000
7422,2015,11,6,6,0.000000,0.000000,0.000000,42.523740,30.374100,0.000000
7423,2015,11,6,7,0.000000,0.000000,0.000000,41.023010,29.302150,0.000000
7424,2015,11,6,8,0.000000,0.000000,0.000000,31.966620,22.833300,0.000000
7425,2015,11,6,9,0.000000,0.000000,0.000000,19.775840,14.125600,0.000000
7426,2015,11,6,10,0.000000,0.000000,0.000000,21.027440,15.019600,0.000000
7427,2015,11,6,11,0.000000,0.000000,0.000000,18.236260,13.025900,0.000000
7428,2015,11,6,12,0.000000,0.000000,0.000000,17.169460,12.263900,0.000000
7429,2015,11,6,13,0.000000,0.000000,0.000000,16.985220,12.132300,0.000000
7430,2015,11,6,14,0.000000,0.000000,0.000000,16.604350,11.860250,0.000000
7431,2015,11,6,15,0.000000,0.000000,0.000000,17.080700,12.200500,0.000000
7432,2015,11,6,16,0.000000,0.000000,0.000000,13.939940,9.957100,0.000000
7433,2015,11,6,17,0.000000,0.000000,0.000000,12.232290,8.737350,0.000000
7434,2015,11,6,18,0.000000,0.000000,0.000000,10.560970,7.543550,0.000000
7435,2015,11,6,19,0.000000,0.000000,0.000000,10.200260,7.285900,0.000000
7436,2015,11,6,20,0.000000,0.000000,0.000000,6.840120,4.885800,0.000000
7437,2015,11,6,21,0.000000,0.000000,0.000000,3.077830,2.198450,0.000000
7438,2015,11,6,22,0.000000,0.000000,0.000000,3.470460,2.478900,0.000000
7439,2015,11,6,23,0.000000,0.000000,0.000000,2.839480,2.028200,0.000000
7440,2015,11,6,24,0.000000,0.000000,0.000000,2.206260,1.575900,0.000000
7441,2015,11,7,1,0.000000,0.000000,0.000000,1.932070,1.380050,0.000000
7442,2015,11,7,2,0.000000,0.000000,0.000000,0.675640,0.482600,0.000000
7443,2015,11,7,3,0.000000,0.000000,0.000000,2.468060,1.762900,0.000000
7444,2015,11,7,4,0.000000,0.000000,0.000000,15.330420,10.950300,0.000000
7445,2015,11,7,5,0.000000,0.000000,0.000000,30.280530,21.628950,0.000000
7446,2015,11,7,6,0.000000,0.000000,0.000000,31.882830,22.773450,0.000000
7447,2015,11,7,7,0.000000,0.000000,0.000000,27.088600,19.349000,0.000000
7448,2015,11,7,8,0.000000,0.000000,0.000000,25.510100,18.221500,0.000000
7449,2015,11,7,9,0.000000,0.000000,0.000000,26.264560,18.760400,0.000000
7450,2015,11,7,10,0.000000,0.000000,0.000000,28.856450,20.611750,0.000000
7451,2015,11,7,11,0.000000,0.000000,0.000000,33.536860,23.954900,0.000000
7452,2015,11,7,12,0.000000,0.000000,0.000000,30.402610,21.716150,0.000000
7453,2015,11,7,13,0.000000,0.000000,0.000000,35.330470,25.236050,0.000000
7454,2015,11,7,14,0.000000,0.000000,0.000000,39.925690,28.518350,0.000000
7455,2015,11,7,15,0.000000,0.000000,0.000000,38.402700,27.430500,0.000000
7456,2015,11,7,16,0.000000,0.000000,0.000000,38.700690,27.643350,0.000000
7457,2015,11,7,17,0.000000,0.000000,0.000000,34.997340,24.998100,0.000000
7458,2015,11,7,18,0.000000,0.000000,0.000000,29.197770,20.855550,0.000000
7459,2015,11,7,19,0.000000,0.000000,0.000000,22.970430,16.407450,0.000000
7460,2015,11,7,20,0.000000,0.000000,0.000000,9.013830,6.438450,0.000000
7461,2015,11,7,21,0.000000,0.000000,0.000000,6.460720,4.614800,0.000000
7462,2015,11,7,22,0.000000,0.000000,0.000000,7.065380,5.046700,0.000000
7463,2015,11,7,23,0.000000,0.000000,0.000000,7.495880,5.354200,0.000000
7464,2015,11,7,24,0.000000,0.000000,0.000000,2.980670,2.129050,0.000000
7465,2015,11,8,1,0.000000,0.000000,0.000000,1.459430,1.042450,0.000000
7466,2015,11,8,2,0.000000,0.000000,0.000000,3.410470,2.436050,0.000000
7467,2015,11,8,3,0.000000,0.000000,0.000000,14.292880,10.209200,0.000000
7468,2015,11,8,4,0.000000,0.000000,0.000000,26.403090,18.859350,0.000000
7469,2015,11,8,5,0.000000,0.000000,0.000000,29.050140,20.750100,0.000000
7470,2015,11,8,6,0.000000,0.000000,0.000000,29.363530,20.973950,0.000000
7471,2015,11,8,7,0.000000,0.000000,0.000000,28.316680,20.226200,0.000000
7472,2015,11,8,8,0.000000,0.000000,0.000000,21.356650,15.254750,0.000000
7473,2015,11,8,9,0.000000,0.000000,0.000000,20.982150,14.987250,0.000000
7474,2015,11,8,10,0.000000,0.000000,0.000000,23.952110,17.108650,0.000000
7475,2015,11,8,11,0.000000,0.000000,0.000000,29.617350,21.155250,0.000000
7476,2015,11,8,12,0.000000,0.000000,0.000000,33.677350,24.055250,0.000000
7477,2015,11,8,13,0.000000,0.000000,0.000000,35.635110,25.453650,0.000000
7478,2015,11,8,14,0.000000,0.000000,0.000000,36.412880,26.009200,0.000000
7479,2015,11,8,15,0.000000,0.000000,0.000000,32.342730,23.101950,0.000000
7480,2015,11,8,16,0.000000,0.000000,0.000000,30.375590,21.696850,0.000000
7481,2015,11,8,17,0.000000,0.000000,0.000000,28.726740,20.519100,0.000000
7482,2015,11,8,18,0.000000,0.000000,0.000000,17.852800,12.752000,0.000000
7483,2015,11,8,19,0.000000,0.000000,0.000000,15.841560,11.315400,0.000000
7484,2015,11,8,20,0.000000,0.000000,0.000000,6.408430,4.577450,0.000000
7485,2015,11,8,21,0.000000,0.000000,0.000000,1.115590,0.796850,0.000000
7486,2015,11,8,22,0.000000,0.000000,0.000000,1.730680,1.236200,0.000000
7487,2015,11,8,23,0.000000,0.000000,0.000000,1.870190,1.335850,0.000000
7488,2015,11,8,24,0.000000,0.000000,0.000000,4.342170,3.101550,0.000000
7489,2015,11,9,1,0.000000,0.000000,0.000000,7.944510,5.674650,0.000000
7490,2015,11,9,2,0.000000,0.000000,0.000000,15.456280,11.040200,0.000000
7491,2015,11,9,3,0.000000,0.000000,0.000000,23.299500,16.642500,0.000000
7492,2015,11,9,4,0.000000,0.000000,0.000000,19.968200,14.263000,0.000000
7493,2015,11,9,5,0.000000,0.000000,0.000000,16.480240,11.771600,0.000000
7494,2015,11,9,6,0.000000,0.000000,0.000000,14.283290,10.202350,0.000000
7495,2015,11,9,7,0.000000,0.000000,0.000000,10.714410,7.653150,0.000000
7496,2015,11,9,8,0.000000,0.000000,0.000000,5.785570,4.132550,0.000000
7497,2015,11,9,9,0.000000,0.000000,0.000000,6.520150,4.657250,0.000000
7498,2015,11,9,10,0.000000,0.000000,0.000000,12.148850,8.677750,0.000000
7499,2015,11,9,11,0.000000,0.000000,0.000000,15.982050,11.415750,0.000000
7500,2015,11,9,12,0.000000,0.000000,0.000000,18.905950,13.504250,0.000000
7501,2015,11,9,13,0.000000,0.000000,0.000000,25.662840,18.330600,0.000000
7502,2015,11,9,14,0.000000,0.000000,0.000000,18.927370,13.519550,0.000000
7503,2015,11,9,15,0.000000,0.000000,0.000000,20.291600,14.494000,0.000000
7504,2015,11,9,16,0.000000,0.000000,0.000000,19.631850,14.022750,0.000000
7505,2015,11,9,17,0.000000,0.000000,0.000000,17.976770,12.840550,0.000000
7506,2015,11,9,18,0.000000,0.000000,0.000000,16.895760,12.068400,0.000000
7507,2015,11,9,19,0.000000,0.000000,0.000000,8.481130,6.057950,0.000000
7508,2015,11,9,20,0.000000,0.000000,0.000000,0.000000,0.000000,0.000000
7509,2015,11,9,21,0.000000,0.000000,0.000000,0.000000,0.000000,0.000000
7510,2015,11,9,22,0.000000,0.000000,0.000000,0.000000,0.000000,0.000000
7511,2015,11,9,23,0.000000,0.000000,0.000000,2.807560,2.005400,0.000000
7512,2015,11,9,24,0.000000,0.000000,0.000000,3.805760,2.718400,0.000000
7513,2015,11,10,1,0.000000,0.000000,0.000000,6.599810,4.714150,0.000000
7514,2015,11,10,2,0.000000,0.000000,0.000000,11.999120,8.570800,0.000000
7515,2015,11,10,3,0.000000,0.000000,0.000000,20.415290,14.582350,0.000000
7516,2015,11,10,4,0.000000,0.000000,0.000000,26.788440,19.134600,0.000000
7517,2015,11,10,5,0.000000,0.000000,0.000000,20.587840,14.705600,0.000000
7518,2015,11,10,6,0.000000,0.000000,0.000000,13.198640,9.427600,0.000000
7519,2015,11,10,7,0.000000,0.000000,0.000000,7.384020,5.274300,0.000000
7520,2015,11,10,8,0.000000,0.000000,0.000000,4.803680,3.431200,0.000000
7521,2015,11,10,9,0.000000,0.000000,0.000000,4.593470,3.281050,0.000000
7522,2015,11,10,10,0.000000,0.000000,0.000000,3.863580,2.759700,0.000000
7523,2015,11,10,11,0.000000,0.000000,0.000000,4.257470,3.041050,0.000000
7524,2015,11,10,12,0.000000,0.000000,0.000000,5.010670,3.579050,0.000000
7525,2015,11,10,13,0.000000,0.000000,0.000000,6.999580,4.999700,0.000000
7526,2015,11,10,14,0.000000,0.000000,0.000000,10.002650,7.144750,0.000000
7527,2015,11,10,15,0.000000,0.000000,0.000000,7.089180,5.063700,0.000000
7528,2015,11,10,16,0.000000,0.000000,0.000000,7.838950,5.599250,0.000000
7529,2015,11,10,17,0.000000,0.000000,0.000000,10.466050,7.475750,0.000000
7530,2015,11,10,18,0.000000,0.000000,0.000000,11.764060,8.402900,0.000000
7531,2015,11,10,19,0.000000,0.000000,0.000000,13.726230,9.804450,0.000000
7532,2015,11,10,20,0.000000,0.000000,0.000000,4.103890,2.931350,0.000000
7533,2015,11,10,21,0.000000,0.000000,0.000000,6.184080,4.417200,0.000000
7534,2015,11,10,22,0.000000,0.000000,0.000000,5.013750,3.581250,0.000000
7535,2015,11,10,23,0.000000,0.000000,0.000000,5.640950,4.029250,0.000000
7536,2015,11,10,24,0.000000,0.000000,0.000000,5.307120,3.790800,0.000000
7537,2015,11,11,1,0.000000,0.000000,0.000000,7.466900,5.333500,0.000000
7538,2015,11,11,2,0.000000,0.000000,0.000000,16.892050,12.065750,0.000000
7539,2015,11,11,3,0.000000,0.000000,0.000000,24.413060,17.437900,0.000000
7540,2015,11,11,4,0.000000,0.000000,0.000000,31.715110,22.653650,0.000000
7541,2015,11,11,5,0.000000,0.000000,0.000000,29.543290,21.102350,0.000000
7542,2015,11,11,6,0.000000,0.000000,0.000000,23.070810,16.479150,0.000000
7543,2015,11,11,7,0.000000,0.000000,0.000000,14.804860,10.574900,0.000000
7544,2015,11,11,8,0.000000,0.000000,0.000000,9.781730,6.986950,0.000000
7545,2015,11,11,9,0.000000,0.000000,0.000000,7.610120,5.435800,0.000000
7546,2015,11,11,10,0.000000,0.000000,0.000000,10.087280,7.205200,0.000000
7547,2015,11,11,11,0.000000,0.000000,0.000000,8.381310,5.986650,0.000000
7548,2015,11,11,12,0.000000,0.000000,0.000000,7.808010,5.577150,0.000000
7549,2015,11,11,13,0.000000,0.000000,0.000000,6.501530,4.643950,0.000000
7550,2015,11,11,14,0.000000,0.000000,0.000000,7.184030,5.131450,0.000000
7551,2015,11,11,15,0.000000,0.000000,0.000000,5.819380,4.156700,0.000000
7552,2015,11,11,16,0.000000,0.000000,0.000000,7.742350,5.530250,0.000000
7553,2015,11,11,17,0.000000,0.000000,0.000000,4.142250,2.958750,0.000000
7554,2015,11,11,18,0.000000,0.000000,0.000000,1.261400,0.901000,0.000000
7555,2015,11,11,19,0.000000,0.000000,0.000000,2.581600,1.844000,0.000000
7556,2015,11,11,20,0.000000,0.000000,0.000000,0.000000,0.000000,0.000000
7557,2015,11,11,21,0.000000,0.000000,0.000000,0.000000,0.000000,0.000000
7558,2015,11,11,22,0.000000,0.000000,0.000000,1.868720,1.334800,0.000000
7559,2015,11,11,23,0.000000,0.000000,0.000000,11.809350,8.435250,0.000000
7560,2015,11,11,24,0.000000,0.000000,0.000000,34.156570,24.397550,0.000000
7561,2015,11,12,1,0.000000,0.000000,0.000000,49.066640,35.047600,0.000000
7562,2015,11,12,2,0.000000,0.000000,0.000000,47.176010,33.697150,0.000000
7563,2015,11,12,3,0.000000,0.000000,0.000000,13.706700,9.790500,0.000000
7564,2015,11,12,4,0.000000,0.000000,0.000000,22.294300,15.924500,0.000000
7565,2015,11,12,5,0.000000,0.000000,0.000000,32.544890,23.246350,0.000000
7566,2015,11,12,6,0.000000,0.000000,0.000000,27.805400,19.861000,0.000000
7567,2015,11,12,7,0.000000,0.000000,0.000000,22.142610,15.816150,0.000000
7568,2015,11,12,8,0.000000,0.000000,0.000000,8.889440,6.349600,0.000000
7569,2015,11,12,9,0.000000,0.000000,0.000000,1.225560,0.875400,0.000000
7570,2015,11,12,10,0.000000,0.000000,0.000000,0.756980,0.540700,0.000000
7571,2015,11,12,11,0.000000,0.000000,0.000000,2.525670,1.804050,0.000000
7572,2015,11,12,12,0.000000,0.000000,0.000000,2.356970,1.683550,0.000000
7573,2015,11,12,13,0.000000,0.000000,0.000000,0.000000,0.000000,0.000000
7574,2015,11,12,14,0.000000,0.000000,0.000000,0.000000,0.000000,0.000000
7575,2015,11,12,15,0.000000,0.000000,0.000000,0.557620,0.398300,0.000000
7576,2015,11,12,16,0.000000,0.000000,0.000000,2.511810,1.794150,0.000000
7577,2015,11,12,17,0.000000,0.000000,0.000000,5.608680,4.006200,0.000000
7578,2015,11,12,18,0.000000,0.000000,0.000000,6.705370,4.789550,0.000000
7579,2015,11,12,19,0.000000,0.000000,0.000000,6.929020,4.949300,0.000000
7580,2015,11,12,20,0.000000,0.000000,0.000000,0.000000,0.000000,0.000000
7581,2015,11,12,21,0.000000,0.000000,0.000000,1.636460,1.168900,0.000000
7582,2015,11,12,22,0.000000,0.000000,0.000000,1.745240,1.246600,0.000000
7583,2015,11,12,23,0.000000,0.000000,0.000000,4.162410,2.973150,0.000000
7584,2015,11,12,24,0.000000,0.000000,0.000000,4.098290,2.927350,0.000000
7585,2015,11,13,1,0.000000,0.000000,0.000000,5.366410,3.833150,0.000000
7586,2015,11,13,2,0.000000,0.000000,0.000000,8.995000,6.425000,0.000000
7587,2015,11,13,3,0.000000,0.000000,0.000000,10.254720,7.324800,0.000000
7588,2015,11,13,4,0.000000,0.000000,0.000000,15.250900,10.893500,0.000000
7589,2015,11,13,5,0.000000,0.000000,0.000000,20.754860,14.824900,0.000000
7590,2015,11,13,6,0.000000,0.000000,0.000000,25.268950,18.049250,0.000000
7591,2015,11,13,7,0.000000,0.000000,0.000000,26.140100,18.671500,0.000000
7592,2015,11,13,8,0.000000,0.000000,0.000000,12.468330,8.905950,0.000000
7593,2015,11,13,9,0.000000,0.000000,0.000000,8.158640,5.827600,0.000000
7594,2015,11,13,10,0.000000,0.000000,0.000000,7.034860,5.024900,0.000000
7595,2015,11,13,11,0.000000,0.000000,0.000000,9.603580,6.859700,0.000000
7596,2015,11,13,12,0.000000,0.000000,0.000000,14.605360,10.432400,0.000000
7597,2015,11,13,13,0.000000,0.000000,0.000000,16.178260,11.555900,0.000000
7598,2015,11,13,14,0.000000,0.000000,0.000000,16.574180,11.838700,0.000000
7599,2015,11,13,15,0.000000,0.000000,0.000000,17.417610,12.441150,0.000000
7600,2015,11,13,16,0.000000,0.000000,0.000000,19.719980,14.085700,0.000000
7601,2015,11,13,17,0.000000,0.000000,0.000000,20.872250,14.908750,0.000000
7602,2015,11,13,18,0.000000,0.000000,0.000000,17.268440,12.334600,0.000000
7603,2015,11,13,19,0.000000,0.000000,0.000000,18.781070,13.415050,0.000000
7604,2015,11,13,20,0.000000,0.000000,0.000000,7.713440,5.509600,0.000000
7605,2015,11,13,21,0.000000,0.000000,0.000000,6.856430,4.897450,0.000000
7606,2015,11,13,22,0.000000,0.000000,0.000000,8.098720,5.784800,0.000000
7607,2015,11,13,23,0.000000,0.000000,0.000000,8.001840,5.715600,0.000000
7608,2015,11,13,24,0.000000,0.000000,0.000000,11.411540,8.151100,0.000000
7609,2015,11,14,1,0.000000,0.000000,0.000000,16.810710,12.007650,0.000000
7610,2015,11,14,2,0.000000,0.000000,0.000000,17.346630,12.390450,0.000000
7611,2015,11,14,3,0.000000,0.000000,0.000000,16.862440,12.044600,0.000000
7612,2015,11,14,4,0.000000,0.000000,0.000000,9.157190,6.540850,0.000000
7613,2015,11,14,5,0.000000,0.000000,0.000000,3.921540,2.801100,0.000000
7614,2015,11,14,6,0.000000,0.000000,0.000000,5.202820,3.716300,0.000000
7615,2015,11,14,7,0.000000,0.000000,0.000000,11.085690,7.918350,0.000000
7616,2015,11,14,8,0.000000,0.000000,0.000000,6.301050,4.500750,0.000000
7617,2015,11,14,9,0.000000,0.000000,0.000000,4.041310,2.886650,0.000000
7618,2015,11,14,10,0.000000,0.000000,0.000000,2.013060,1.437900,0.000000
7619,2015,11,14,11,0.000000,0.000000,0.000000,3.063900,2.188500,0.000000
7620,2015,11,14,12,0.000000,0.000000,0.000000,3.930570,2.807550,0.000000
7621,2015,11,14,13,0.000000,0.000000,0.000000,5.394410,3.853150,0.000000
7622,2015,11,14,14,0.000000,0.000000,0.000000,2.077810,1.484150,0.000000
7623,2015,11,14,15,0.000000,0.000000,0.000000,2.382870,1.702050,0.000000
7624,2015,11,14,16,0.000000,0.000000,0.000000,3.284260,2.345900,0.000000
7625,2015,11,14,17,0.000000,0.000000,0.000000,4.542440,3.244600,0.000000
7626,2015,11,14,18,0.000000,0.000000,0.000000,5.524400,3.946000,0.000000
7627,2015,11,14,19,0.000000,0.000000,0.000000,6.686820,4.776300,0.000000
7628,2015,11,14,20,0.000000,0.000000,0.000000,0.000000,0.000000,0.000000
7629,2015,11,14,21,0.000000,0.000000,0.000000,0.000000,0.000000,0.000000
7630,2015,11,14,22,0.000000,0.000000,0.000000,1.795290,1.282350,0.000000
7631,2015,11,14,23,0.000000,0.000000,0.000000,2.442930,1.744950,0.000000
7632,2015,11,14,24,0.000000,0.000000,0.000000,1.642620,1.173300,0.000000
7633,2015,11,15,1,0.000000,0.000000,0.000000,3.040590,2.171850,0.000000
7634,2015,11,15,2,0.000000,0.000000,0.000000,4.710020,3.364300,0.000000
7635,2015,11,15,3,0.000000,0.000000,0.000000,4.331390,3.093850,0.000000
7636,2015,11,15,4,0.000000,0.000000,0.000000,7.360500,5.257500,0.000000
7637,2015,11,15,5,0.000000,0.000000,0.000000,10.932950,7.809250,0.000000
7638,2015,11,15,6,0.000000,0.000000,0.000000,9.355080,6.682200,0.000000
7639,2015,11,15,7,0.000000,0.000000,0.000000,3.513090,2.509350,0.000000
7640,2015,11,15,8,0.000000,0.000000,0.000000,2.002280,1.430200,0.000000
7641,2015,11,15,9,0.000000,0.000000,0.000000,4.214770,3.010550,0.000000
7642,2015,11,15,10,0.000000,0.000000,0.000000,5.951260,4.250900,0.000000
7643,2015,11,15,11,0.000000,0.000000,0.000000,8.704010,6.217150,0.000000
7644,2015,11,15,12,0.000000,0.000000,0.000000,12.394200,8.853000,0.000000
7645,2015,11,15,13,0.000000,0.000000,0.000000,13.263040,9.473600,0.000000
7646,2015,11,15,14,0.000000,0.000000,0.000000,14.235970,10.168550,0.000000
7647,2015,11,15,15,0.000000,0.000000,0.000000,14.298410,10.213150,0.000000
7648,2015,11,15,16,0.000000,0.000000,0.000000,15.045590,10.746850,0.000000
7649,2015,11,15,17,0.000000,0.000000,0.000000,15.090950,10.779250,0.000000
7650,2015,11,15,18,0.000000,0.000000,0.000000,13.988940,9.992100,0.000000
7651,2015,11,15,19,0.000000,0.000000,0.000000,15.744960,11.246400,0.000000
7652,2015,11,15,20,0.000000,0.000000,0.000000,10.367140,7.405100,0.000000
7653,2015,11,15,21,0.000000,0.000000,0.000000,28.168770,20.120550,0.000000
7654,2015,11,15,22,0.000000,0.000000,0.000000,53.564280,38.260200,0.000000
7655,2015,11,15,23,0.000000,0.000000,0.000000,60.902170,43.501550,0.000000
7656,2015,11,15,24,0.000000,0.000000,0.000000,66.996510,47.854650,0.000000
7657,2015,11,16,1,0.000000,0.000000,0.000000,69.228110,49.448650,0.000000
7658,2015,11,16,2,0.000000,0.000000,0.000000,69.515740,49.654100,0.000000
7659,2015,11,16,3,0.000000,0.000000,0.000000,69.798610,49.856150,0.000000
7660,2015,11,16,4,0.000000,0.000000,0.000000,69.906690,49.933350,0.000000
7661,2015,11,16,5,0.000000,0.000000,0.000000,69.860210,49.900150,0.000000
7662,2015,11,16,6,0.000000,0.000000,0.000000,69.880090,49.914350,0.000000
7663,2015,11,16,7,0.000000,0.000000,0.000000,69.826610,49.876150,0.000000
7664,2015,11,16,8,0.000000,0.000000,0.000000,69.417040,49.583600,0.000000
7665,2015,11,16,9,0.000000,0.000000,0.000000,66.366790,47.404850,0.000000
7666,2015,11,16,10,0.000000,0.000000,0.000000,55.423760,39.588400,0.000000
7667,2015,11,16,11,0.000000,0.000000,0.000000,29.914570,21.367550,0.000000
7668,2015,11,16,12,0.000000,0.000000,0.000000,18.648280,13.320200,0.000000
7669,2015,11,16,13,0.000000,0.000000,0.000000,11.844560,8.460400,0.000000
7670,2015,11,16,14,0.000000,0.000000,0.000000,5.004300,3.574500,0.000000
7671,2015,11,16,15,0.000000,0.000000,0.000000,8.513610,6.081150,0.000000
7672,2015,11,16,16,0.000000,0.000000,0.000000,7.908460,5.648900,0.000000
7673,2015,11,16,17,0.000000,0.000000,0.000000,8.321530,5.943950,0.000000
7674,2015,11,16,18,0.000000,0.000000,0.000000,6.597010,4.712150,0.000000
7675,2015,11,16,19,0.000000,0.000000,0.000000,3.004680,2.146200,0.000000
7676,2015,11,16,20,0.000000,0.000000,0.000000,2.203670,1.574050,0.000000
7677,2015,11,16,21,0.000000,0.000000,0.000000,3.516940,2.512100,0.000000
7678,2015,11,16,22,0.000000,0.000000,0.000000,3.210480,2.293200,0.000000
7679,2015,11,16,23,0.000000,0.000000,0.000000,2.985290,2.132350,0.000000
7680,2015,11,16,24,0.000000,0.000000,0.000000,2.897370,2.069550,0.000000
7681,2015,11,17,1,0.000000,0.000000,0.000000,4.667810,3.334150,0.000000
7682,2015,11,17,2,0.000000,0.000000,0.000000,5.107200,3.648000,0.000000
7683,2015,11,17,3,0.000000,0.000000,0.000000,9.381400,6.701000,0.000000
7684,2015,11,17,4,0.000000,0.000000,0.000000,14.144620,10.103300,0.000000
7685,2015,11,17,5,0.000000,0.000000,0.000000,17.864630,12.760450,0.000000
7686,2015,11,17,6,0.000000,0.000000,0.000000,19.285910,13.775650,0.000000
7687,2015,11,17,7,0.000000,0.000000,0.000000,13.063260,9.330900,0.000000
7688,2015,11,17,8,0.000000,0.000000,0.000000,10.701950,7.644250,0.000000
7689,2015,11,17,9,0.000000,0.000000,0.000000,5.513480,3.938200,0.000000
7690,2015,11,17,10,0.000000,0.000000,0.000000,8.258670,5.899050,0.000000
7691,2015,11,17,11,0.000000,0.000000,0.000000,6.748840,4.820600,0.000000
7692,2015,11,17,12,0.000000,0.000000,0.000000,6.941480,4.958200,0.000000
7693,2015,11,17,13,0.000000,0.000000,0.000000,9.596020,6.854300,0.000000
7694,2015,11,17,14,0.000000,0.000000,0.000000,13.289220,9.492300,0.000000
7695,2015,11,17,15,0.000000,0.000000,0.000000,16.007390,11.433850,0.000000
7696,2015,11,17,16,0.000000,0.000000,0.000000,19.167820,13.691300,0.000000
7697,2015,11,17,17,0.000000,0.000000,0.000000,18.788910,13.420650,0.000000
7698,2015,11,17,18,0.000000,0.000000,0.000000,12.695830,9.068450,0.000000
7699,2015,11,17,19,0.000000,0.000000,0.000000,6.187790,4.419850,0.000000
7700,2015,11,17,20,0.000000,0.000000,0.000000,0.453880,0.324200,0.000000
7701,2015,11,17,21,0.000000,0.000000,0.000000,0.000000,0.000000,0.000000
7702,2015,11,17,22,0.000000,0.000000,0.000000,0.000000,0.000000,0.000000
7703,2015,11,17,23,0.000000,0.000000,0.000000,0.000000,0.000000,0.000000
7704,2015,11,17,24,0.000000,0.000000,0.000000,0.596680,0.426200,0.000000
7705,2015,11,18,1,0.000000,0.000000,0.000000,0.899780,0.642700,0.000000
7706,2015,11,18,2,0.000000,0.000000,0.000000,1.659000,1.185000,0.000000
7707,2015,11,18,3,0.000000,0.000000,0.000000,2.918090,2.084350,0.000000
7708,2015,11,18,4,0.000000,0.000000,0.000000,2.932440,2.094600,0.000000
7709,2015,11,18,5,0.000000,0.000000,0.000000,2.933210,2.095150,0.000000
7710,2015,11,18,6,0.000000,0.000000,0.000000,5.130860,3.664900,0.000000
7711,2015,11,18,7,0.000000,0.000000,0.000000,15.460760,11.043400,0.000000
7712,2015,11,18,8,0.000000,0.000000,0.000000,10.164350,7.260250,0.000000
7713,2015,11,18,9,0.000000,0.000000,0.000000,11.164090,7.974350,0.000000
7714,2015,11,18,10,0.000000,0.000000,0.000000,15.981280,11.415200,0.000000
7715,2015,11,18,11,0.000000,0.000000,0.000000,28.697760,20.498400,0.000000
7716,2015,11,18,12,0.000000,0.000000,0.000000,39.156110,27.968650,0.000000
7717,2015,11,18,13,0.000000,0.000000,0.000000,41.273190,29.480850,0.000000
7718,2015,11,18,14,0.000000,0.000000,0.000000,39.687690,28.348350,0.000000
7719,2015,11,18,15,0.000000,0.000000,0.000000,43.788500,31.277500,0.000000
7720,2015,11,18,16,0.000000,0.000000,0.000000,40.240480,28.743200,0.000000
7721,2015,11,18,17,0.000000,0.000000,0.000000,40.778430,29.127450,0.000000
7722,2015,11,18,18,0.000000,0.000000,0.000000,28.158970,20.113550,0.000000
7723,2015,11,18,19,0.000000,0.000000,0.000000,32.701760,23.358400,0.000000
7724,2015,11,18,20,0.000000,0.000000,0.000000,17.492790,12.494850,0.000000
7725,2015,11,18,21,0.000000,0.000000,0.000000,20.359640,14.542600,0.000000
7726,2015,11,18,22,0.000000,0.000000,0.000000,21.210000,15.150000,0.000000
7727,2015,11,18,23,0.000000,0.000000,0.000000,20.739040,14.813600,0.000000
7728,2015,11,18,24,0.000000,0.000000,0.000000,21.234920,15.167800,0.000000
7729,2015,11,19,1,0.000000,0.000000,0.000000,23.327850,16.662750,0.000000
7730,2015,11,19,2,0.000000,0.000000,0.000000,26.448240,18.891600,0.000000
7731,2015,11,19,3,0.000000,0.000000,0.000000,32.407900,23.148500,0.000000
7732,2015,11,19,4,0.000000,0.000000,0.000000,26.639200,19.028000,0.000000
7733,2015,11,19,5,0.000000,0.000000,0.000000,29.349530,20.963950,0.000000
7734,2015,11,19,6,0.000000,0.000000,0.000000,21.652960,15.466400,0.000000
7735,2015,11,19,7,0.000000,0.000000,0.000000,10.388770,7.420550,0.000000
7736,2015,11,19,8,0.000000,0.000000,0.000000,3.176180,2.268700,0.000000
7737,2015,11,19,9,0.000000,0.000000,0.000000,1.649270,1.178050,0.000000
7738,2015,11,19,10,0.000000,0.000000,0.000000,2.622550,1.873250,0.000000
7739,2015,11,19,11,0.000000,0.000000,0.000000,9.852850,7.037750,0.000000
7740,2015,11,19,12,0.000000,0.000000,0.000000,14.950670,10.679050,0.000000
7741,2015,11,19,13,0.000000,0.000000,0.000000,27.873160,19.909400,0.000000
7742,2015,11,19,14,0.000000,0.000000,0.000000,41.692980,29.780700,0.000000
7743,2015,11,19,15,0.000000,0.000000,0.000000,54.360320,38.828800,0.000000
7744,2015,11,19,16,0.000000,0.000000,0.000000,57.713670,41.224050,0.000000
7745,2015,11,19,17,0.000000,0.000000,0.000000,54.201910,38.715650,0.000000
7746,2015,11,19,18,0.000000,0.000000,0.000000,53.126010,37.947150,0.000000
7747,2015,11,19,19,0.000000,0.000000,0.000000,55.680940,39.772100,0.000000
7748,2015,11,19,20,0.000000,0.000000,0.000000,63.789950,45.564250,0.000000
7749,2015,11,19,21,0.000000,0.000000,0.000000,51.680930,36.914950,0.000000
7750,2015,11,19,22,0.000000,0.000000,0.000000,31.384220,22.417300,0.000000
7751,2015,11,19,23,0.000000,0.000000,0.000000,37.091530,26.493950,0.000000
7752,2015,11,19,24,0.000000,0.000000,0.000000,47.057360,33.612400,0.000000
7753,2015,11,20,1,0.000000,0.000000,0.000000,49.921130,35.657950,0.000000
7754,2015,11,20,2,0.000000,0.000000,0.000000,44.218790,31.584850,0.000000
7755,2015,11,20,3,0.000000,0.000000,0.000000,45.096660,32.211900,0.000000
7756,2015,11,20,4,0.000000,0.000000,0.000000,62.441330,44.600950,0.000000
7757,2015,11,20,5,0.000000,0.000000,0.000000,67.590180,48.278700,0.000000
7758,2015,11,20,6,0.000000,0.000000,0.000000,68.327000,48.805000,0.000000
7759,2015,11,20,7,0.000000,0.000000,0.000000,62.458620,44.613300,0.000000
7760,2015,11,20,8,0.000000,0.000000,0.000000,40.463990,28.902850,0.000000
7761,2015,11,20,9,0.000000,0.000000,0.000000,18.391310,13.136650,0.000000
7762,2015,11,20,10,0.000000,0.000000,0.000000,5.289690,3.778350,0.000000
7763,2015,11,20,11,0.000000,0.000000,0.000000,8.745730,6.246950,0.000000
7764,2015,11,20,12,0.000000,0.000000,0.000000,24.222590,17.301850,0.000000
7765,2015,11,20,13,0.000000,0.000000,0.000000,26.360530,18.828950,0.000000
7766,2015,11,20,14,0.000000,0.000000,0.000000,21.575750,15.411250,0.000000
7767,2015,11,20,15,0.000000,0.000000,0.000000,12.942300,9.244500,0.000000
7768,2015,11,20,16,0.000000,0.000000,0.000000,10.272640,7.337600,0.000000
7769,2015,11,20,17,0.000000,0.000000,0.000000,3.188710,2.277650,0.000000
7770,2015,11,20,18,0.000000,0.000000,0.000000,0.646520,0.461800,0.000000
7771,2015,11,20,19,0.000000,0.000000,0.000000,0.000000,0.000000,0.000000
7772,2015,11,20,20,0.000000,0.000000,0.000000,0.000000,0.000000,0.000000
7773,2015,11,20,21,0.000000,0.000000,0.000000,0.000000,0.000000,0.000000
7774,2015,11,20,22,0.000000,0.000000,0.000000,0.000000,0.000000,0.000000
7775,2015,11,20,23,0.000000,0.000000,0.000000,0.000000,0.000000,0.000000
7776,2015,11,20,24,0.000000,0.000000,0.000000,0.000000,0.000000,0.000000
7777,2015,11,21,1,0.000000,0.000000,0.000000,0.000000,0.000000,0.000000
7778,2015,11,21,2,0.000000,0.000000,0.000000,0.942340,0.673100,0.000000
7779,2015,11,21,3,0.000000,0.000000,0.000000,1.565900,1.118500,0.000000
7780,2015,11,21,4,0.000000,0.000000,0.000000,3.099320,2.213800,0.000000
7781,2015,11,21,5,0.000000,0.000000,0.000000,5.028800,3.592000,0.000000
7782,2015,11,21,6,0.000000,0.000000,0.000000,1.531950,1.094250,0.000000
7783,2015,11,21,7,0.000000,0.000000,0.000000,3.348310,2.391650,0.000000
7784,2015,11,21,8,0.000000,0.000000,0.000000,2.282560,1.630400,0.000000
7785,2015,11,21,9,0.000000,0.000000,0.000000,1.903370,1.359550,0.000000
7786,2015,11,21,10,0.000000,0.000000,0.000000,2.135770,1.525550,0.000000
7787,2015,11,21,11,0.000000,0.000000,0.000000,1.103130,0.787950,0.000000
7788,2015,11,21,12,0.000000,0.000000,0.000000,0.604730,0.431950,0.000000
7789,2015,11,21,13,0.000000,0.000000,0.000000,0.721770,0.515550,0.000000
7790,2015,11,21,14,0.000000,0.000000,0.000000,0.000000,0.000000,0.000000
7791,2015,11,21,15,0.000000,0.000000,0.000000,0.000000,0.000000,0.000000
7792,2015,11,21,16,0.000000,0.000000,0.000000,0.430500,0.307500,0.000000
7793,2015,11,21,17,0.000000,0.000000,0.000000,0.000000,0.000000,0.000000
7794,2015,11,21,18,0.000000,0.000000,0.000000,0.464730,0.331950,0.000000
7795,2015,11,21,19,0.000000,0.000000,0.000000,1.873900,1.338500,0.000000
7796,2015,11,21,20,0.000000,0.000000,0.000000,2.749040,1.963600,0.000000
7797,2015,11,21,21,0.000000,0.000000,0.000000,2.550590,1.821850,0.000000
7798,2015,11,21,22,0.000000,0.000000,0.000000,4.280080,3.057200,0.000000
7799,2015,11,21,23,0.000000,0.000000,0.000000,3.433920,2.452800,0.000000
7800,2015,11,21,24,0.000000,0.000000,0.000000,11.033540,7.881100,0.000000
7801,2015,11,22,1,0.000000,0.000000,0.000000,28.444360,20.317400,0.000000
7802,2015,11,22,2,0.000000,0.000000,0.000000,39.513880,28.224200,0.000000
7803,2015,11,22,3,0.000000,0.000000,0.000000,38.315130,27.367950,0.000000
7804,2015,11,22,4,0.000000,0.000000,0.000000,35.677950,25.484250,0.000000
7805,2015,11,22,5,0.000000,0.000000,0.000000,42.994350,30.710250,0.000000
7806,2015,11,22,6,0.000000,0.000000,0.000000,52.465280,37.475200,0.000000
7807,2015,11,22,7,0.000000,0.000000,0.000000,66.040870,47.172050,0.000000
7808,2015,11,22,8,0.000000,0.000000,0.000000,62.442730,44.601950,0.000000
7809,2015,11,22,9,0.000000,0.000000,0.000000,61.021380,43.586700,0.000000
7810,2015,11,22,10,0.000000,0.000000,0.000000,66.671640,47.622600,0.000000
7811,2015,11,22,11,0.000000,0.000000,0.000000,67.823770,48.445550,0.000000
7812,2015,11,22,12,0.000000,0.000000,0.000000,67.053420,47.895300,0.000000
7813,2015,11,22,13,0.000000,0.000000,0.000000,65.539180,46.813700,0.000000
7814,2015,11,22,14,0.000000,0.000000,0.000000,61.714310,44.081650,0.000000
7815,2015,11,22,15,0.000000,0.000000,0.000000,60.317390,43.083850,0.000000
7816,2015,11,22,16,0.000000,0.000000,0.000000,57.096690,40.783350,0.000000
7817,2015,11,22,17,0.000000,0.000000,0.000000,45.803030,32.716450,0.000000
7818,2015,11,22,18,0.000000,0.000000,0.000000,44.435510,31.739650,0.000000
7819,2015,11,22,19,0.000000,0.000000,0.000000,39.802350,28.430250,0.000000
7820,2015,11,22,20,0.000000,0.000000,0.000000,34.914040,24.938600,0.000000
7821,2015,11,22,21,0.000000,0.000000,0.000000,42.211470,30.151050,0.000000
7822,2015,11,22,22,0.000000,0.000000,0.000000,32.557420,23.255300,0.000000
7823,2015,11,22,23,0.000000,0.000000,0.000000,28.259490,20.185350,0.000000
7824,2015,11,22,24,0.000000,0.000000,0.000000,26.181330,18.700950,0.000000
7825,2015,11,23,1,0.000000,0.000000,0.000000,33.417790,23.869850,0.000000
7826,2015,11,23,2,0.000000,0.000000,0.000000,38.124450,27.231750,0.000000
7827,2015,11,23,3,0.000000,0.000000,0.000000,39.473560,28.195400,0.000000
7828,2015,11,23,4,0.000000,0.000000,0.000000,38.205930,27.289950,0.000000
7829,2015,11,23,5,0.000000,0.000000,0.000000,31.999870,22.857050,0.000000
7830,2015,11,23,6,0.000000,0.000000,0.000000,24.934840,17.810600,0.000000
7831,2015,11,23,7,0.000000,0.000000,0.000000,15.939910,11.385650,0.000000
7832,2015,11,23,8,0.000000,0.000000,0.000000,5.463640,3.902600,0.000000
7833,2015,11,23,9,0.000000,0.000000,0.000000,3.588480,2.563200,0.000000
7834,2015,11,23,10,0.000000,0.000000,0.000000,0.437990,0.312850,0.000000
7835,2015,11,23,11,0.000000,0.000000,0.000000,0.000000,0.000000,0.000000
7836,2015,11,23,12,0.000000,0.000000,0.000000,0.443310,0.316650,0.000000
7837,2015,11,23,13,0.000000,0.000000,0.000000,0.000000,0.000000,0.000000
7838,2015,11,23,14,0.000000,0.000000,0.000000,2.407440,1.719600,0.000000
7839,2015,11,23,15,0.000000,0.000000,0.000000,5.307750,3.791250,0.000000
7840,2015,11,23,16,0.000000,0.000000,0.000000,6.895140,4.925100,0.000000
7841,2015,11,23,17,0.000000,0.000000,0.000000,6.555640,4.682600,0.000000
7842,2015,11,23,18,0.000000,0.000000,0.000000,5.626740,4.019100,0.000000
7843,2015,11,23,19,0.000000,0.000000,0.000000,5.811400,4.151000,0.000000
7844,2015,11,23,20,0.000000,0.000000,0.000000,1.750700,1.250500,0.000000
7845,2015,11,23,21,0.000000,0.000000,0.000000,0.000000,0.000000,0.000000
7846,2015,11,23,22,0.000000,0.000000,0.000000,0.000000,0.000000,0.000000
7847,2015,11,23,23,0.000000,0.000000,0.000000,0.000000,0.000000,0.000000
7848,2015,11,23,24,0.000000,0.000000,0.000000,1.347850,0.962750,0.000000
7849,2015,11,24,1,0.000000,0.000000,0.000000,3.590370,2.564550,0.000000
7850,2015,11,24,2,0.000000,0.000000,0.000000,5.066460,3.618900,0.000000
7851,2015,11,24,3,0.000000,0.000000,0.000000,7.479080,5.342200,0.000000
7852,2015,11,24,4,0.000000,0.000000,0.000000,5.864740,4.189100,0.000000
7853,2015,11,24,5,0.000000,0.000000,0.000000,5.186790,3.704850,0.000000
7854,2015,11,24,6,0.000000,0.000000,0.000000,5.035450,3.596750,0.000000
7855,2015,11,24,7,0.000000,0.000000,0.000000,3.547460,2.533900,0.000000
7856,2015,11,24,8,0.000000,0.000000,0.000000,2.753800,1.967000,0.000000
7857,2015,11,24,9,0.000000,0.000000,0.000000,3.575180,2.553700,0.000000
7858,2015,11,24,10,0.000000,0.000000,0.000000,1.311100,0.936500,0.000000
7859,2015,11,24,11,0.000000,0.000000,0.000000,1.028650,0.734750,0.000000
7860,2015,11,24,12,0.000000,0.000000,0.000000,2.496900,1.783500,0.000000
7861,2015,11,24,13,0.000000,0.000000,0.000000,5.932640,4.237600,0.000000
7862,2015,11,24,14,0.000000,0.000000,0.000000,4.637360,3.312400,0.000000
7863,2015,11,24,15,0.000000,0.000000,0.000000,3.852660,2.751900,0.000000
7864,2015,11,24,16,0.000000,0.000000,0.000000,3.991400,2.851000,0.000000
7865,2015,11,24,17,0.000000,0.000000,0.000000,4.021220,2.872300,0.000000
7866,2015,11,24,18,0.000000,0.000000,0.000000,3.226930,2.304950,0.000000
7867,2015,11,24,19,0.000000,0.000000,0.000000,3.442040,2.458600,0.000000
7868,2015,11,24,20,0.000000,0.000000,0.000000,0.000000,0.000000,0.000000
7869,2015,11,24,21,0.000000,0.000000,0.000000,0.000000,0.000000,0.000000
7870,2015,11,24,22,0.000000,0.000000,0.000000,0.000000,0.000000,0.000000
7871,2015,11,24,23,0.000000,0.000000,0.000000,0.624190,0.445850,0.000000
7872,2015,11,24,24,0.000000,0.000000,0.000000,0.000000,0.000000,0.000000
7873,2015,11,25,1,0.000000,0.000000,0.000000,0.670460,0.478900,0.000000
7874,2015,11,25,2,0.000000,0.000000,0.000000,3.135790,2.239850,0.000000
7875,2015,11,25,3,0.000000,0.000000,0.000000,5.761000,4.115000,0.000000
7876,2015,11,25,4,0.000000,0.000000,0.000000,10.108070,7.220050,0.000000
7877,2015,11,25,5,0.000000,0.000000,0.000000,8.341550,5.958250,0.000000
7878,2015,11,25,6,0.000000,0.000000,0.000000,5.452020,3.894300,0.000000
7879,2015,11,25,7,0.000000,0.000000,0.000000,4.189920,2.992800,0.000000
7880,2015,11,25,8,0.000000,0.000000,0.000000,3.256050,2.325750,0.000000
7881,2015,11,25,9,0.000000,0.000000,0.000000,4.128530,2.948950,0.000000
7882,2015,11,25,10,0.000000,0.000000,0.000000,4.768470,3.406050,0.000000
7883,2015,11,25,11,0.000000,0.000000,0.000000,5.083330,3.630950,0.000000
7884,2015,11,25,12,0.000000,0.000000,0.000000,8.467690,6.048350,0.000000
7885,2015,11,25,13,0.000000,0.000000,0.000000,13.582380,9.701700,0.000000
7886,2015,11,25,14,0.000000,0.000000,0.000000,20.162590,14.401850,0.000000
7887,2015,11,25,15,0.000000,0.000000,0.000000,23.040010,16.457150,0.000000
7888,2015,11,25,16,0.000000,0.000000,0.000000,26.985630,19.275450,0.000000
7889,2015,11,25,17,0.000000,0.000000,0.000000,25.831540,18.451100,0.000000
7890,2015,11,25,18,0.000000,0.000000,0.000000,26.056730,18.611950,0.000000
7891,2015,11,25,19,0.000000,0.000000,0.000000,26.074160,18.624400,0.000000
7892,2015,11,25,20,0.000000,0.000000,0.000000,16.644600,11.889000,0.000000
7893,2015,11,25,21,0.000000,0.000000,0.000000,7.700070,5.500050,0.000000
7894,2015,11,25,22,0.000000,0.000000,0.000000,1.048180,0.748700,0.000000
7895,2015,11,25,23,0.000000,0.000000,0.000000,4.893980,3.495700,0.000000
7896,2015,11,25,24,0.000000,0.000000,0.000000,3.279010,2.342150,0.000000
7897,2015,11,26,1,0.000000,0.000000,0.000000,2.057300,1.469500,0.000000
7898,2015,11,26,2,0.000000,0.000000,0.000000,1.267420,0.905300,0.000000
7899,2015,11,26,3,0.000000,0.000000,0.000000,2.066610,1.476150,0.000000
7900,2015,11,26,4,0.000000,0.000000,0.000000,3.817940,2.727100,0.000000
7901,2015,11,26,5,0.000000,0.000000,0.000000,13.185200,9.418000,0.000000
7902,2015,11,26,6,0.000000,0.000000,0.000000,2.895900,2.068500,0.000000
7903,2015,11,26,7,0.000000,0.000000,0.000000,0.000000,0.000000,0.000000
7904,2015,11,26,8,0.000000,0.000000,0.000000,10.105760,7.218400,0.000000
7905,2015,11,26,9,0.000000,0.000000,0.000000,17.501820,12.501300,0.000000
7906,2015,11,26,10,0.000000,0.000000,0.000000,4.819290,3.442350,0.000000
7907,2015,11,26,11,0.000000,0.000000,0.000000,3.797850,2.712750,0.000000
7908,2015,11,26,12,0.000000,0.000000,0.000000,4.323410,3.088150,0.000000
7909,2015,11,26,13,0.000000,0.000000,0.000000,14.214900,10.153500,0.000000
7910,2015,11,26,14,0.000000,0.000000,0.000000,26.977160,19.269400,0.000000
7911,2015,11,26,15,0.000000,0.000000,0.000000,28.402570,20.287550,0.000000
7912,2015,11,26,16,0.000000,0.000000,0.000000,34.702290,24.787350,0.000000
7913,2015,11,26,17,0.000000,0.000000,0.000000,37.874200,27.053000,0.000000
7914,2015,11,26,18,0.000000,0.000000,0.000000,39.448780,28.177700,0.000000
7915,2015,11,26,19,0.000000,0.000000,0.000000,38.193890,27.281350,0.000000
7916,2015,11,26,20,0.000000,0.000000,0.000000,37.103570,26.502550,0.000000
7917,2015,11,26,21,0.000000,0.000000,0.000000,28.279370,20.199550,0.000000
7918,2015,11,26,22,0.000000,0.000000,0.000000,20.583150,14.702250,0.000000
7919,2015,11,26,23,0.000000,0.000000,0.000000,16.841230,12.029450,0.000000
7920,2015,11,26,24,0.000000,0.000000,0.000000,15.638910,11.170650,0.000000
7921,2015,11,27,1,0.000000,0.000000,0.000000,12.697790,9.069850,0.000000
7922,2015,11,27,2,0.000000,0.000000,0.000000,6.209140,4.435100,0.000000
7923,2015,11,27,3,0.000000,0.000000,0.000000,2.311890,1.651350,0.000000
7924,2015,11,27,4,0.000000,0.000000,0.000000,0.528640,0.377600,0.000000
7925,2015,11,27,5,0.000000,0.000000,0.000000,0.000000,0.000000,0.000000
7926,2015,11,27,6,0.000000,0.000000,0.000000,3.660370,2.614550,0.000000
7927,2015,11,27,7,0.000000,0.000000,0.000000,9.503760,6.788400,0.000000
7928,2015,11,27,8,0.000000,0.000000,0.000000,11.655770,8.325550,0.000000
7929,2015,11,27,9,0.000000,0.000000,0.000000,18.174450,12.981750,0.000000
7930,2015,11,27,10,0.000000,0.000000,0.000000,25.259290,18.042350,0.000000
7931,2015,11,27,11,0.000000,0.000000,0.000000,38.345440,27.389600,0.000000
7932,2015,11,27,12,0.000000,0.000000,0.000000,48.647270,34.748050,0.000000
7933,2015,11,27,13,0.000000,0.000000,0.000000,54.021380,38.586700,0.000000
7934,2015,11,27,14,0.000000,0.000000,0.000000,54.036150,38.597250,0.000000
7935,2015,11,27,15,0.000000,0.000000,0.000000,49.423850,35.302750,0.000000
7936,2015,11,27,16,0.000000,0.000000,0.000000,38.838940,27.742100,0.000000
7937,2015,11,27,17,0.000000,0.000000,0.000000,28.237930,20.169950,0.000000
7938,2015,11,27,18,0.000000,0.000000,0.000000,32.977140,23.555100,0.000000
7939,2015,11,27,19,0.000000,0.000000,0.000000,14.950320,10.678800,0.000000
7940,2015,11,27,20,0.000000,0.000000,0.000000,9.495290,6.782350,0.000000
7941,2015,11,27,21,0.000000,0.000000,0.000000,5.572630,3.980450,0.000000
7942,2015,11,27,22,0.000000,0.000000,0.000000,6.015870,4.297050,0.000000
7943,2015,11,27,23,0.000000,0.000000,0.000000,13.598060,9.712900,0.000000
7944,2015,11,27,24,0.000000,0.000000,0.000000,16.913330,12.080950,0.000000
7945,2015,11,28,1,0.000000,0.000000,0.000000,18.263560,13.045400,0.000000
7946,2015,11,28,2,0.000000,0.000000,0.000000,16.218370,11.584550,0.000000
7947,2015,11,28,3,0.000000,0.000000,0.000000,12.249510,8.749650,0.000000
7948,2015,11,28,4,0.000000,0.000000,0.000000,21.938560,15.670400,0.000000
7949,2015,11,28,5,0.000000,0.000000,0.000000,23.245250,16.603750,0.000000
7950,2015,11,28,6,0.000000,0.000000,0.000000,14.741720,10.529800,0.000000
7951,2015,11,28,7,0.000000,0.000000,0.000000,7.592410,5.423150,0.000000
7952,2015,11,28,8,0.000000,0.000000,0.000000,8.149680,5.821200,0.000000
7953,2015,11,28,9,0.000000,0.000000,0.000000,11.996880,8.569200,0.000000
7954,2015,11,28,10,0.000000,0.000000,0.000000,15.436540,11.026100,0.000000
7955,2015,11,28,11,0.000000,0.000000,0.000000,15.516620,11.083300,0.000000
7956,2015,11,28,12,0.000000,0.000000,0.000000,10.846920,7.747800,0.000000
7957,2015,11,28,13,0.000000,0.000000,0.000000,7.903280,5.645200,0.000000
7958,2015,11,28,14,0.000000,0.000000,0.000000,7.420560,5.300400,0.000000
7959,2015,11,28,15,0.000000,0.000000,0.000000,8.746570,6.247550,0.000000
7960,2015,11,28,16,0.000000,0.000000,0.000000,10.669400,7.621000,0.000000
7961,2015,11,28,17,0.000000,0.000000,0.000000,14.584850,10.417750,0.000000
7962,2015,11,28,18,0.000000,0.000000,0.000000,14.384370,10.274550,0.000000
7963,2015,11,28,19,0.000000,0.000000,0.000000,16.300690,11.643350,0.000000
7964,2015,11,28,20,0.000000,0.000000,0.000000,13.108690,9.363350,0.000000
7965,2015,11,28,21,0.000000,0.000000,0.000000,17.913630,12.795450,0.000000
7966,2015,11,28,22,0.000000,0.000000,0.000000,24.228190,17.305850,0.000000
7967,2015,11,28,23,0.000000,0.000000,0.000000,24.862180,17.758700,0.000000
7968,2015,11,28,24,0.000000,0.000000,0.000000,32.478250,23.198750,0.000000
7969,2015,11,29,1,0.000000,0.000000,0.000000,34.726930,24.804950,0.000000
7970,2015,11,29,2,0.000000,0.000000,0.000000,37.306920,26.647800,0.000000
7971,2015,11,29,3,0.000000,0.000000,0.000000,43.350020,30.964300,0.000000
7972,2015,11,29,4,0.000000,0.000000,0.000000,43.047480,30.748200,0.000000
7973,2015,11,29,5,0.000000,0.000000,0.000000,41.833470,29.881050,0.000000
7974,2015,11,29,6,0.000000,0.000000,0.000000,31.056200,22.183000,0.000000
7975,2015,11,29,7,0.000000,0.000000,0.000000,26.250910,18.750650,0.000000
7976,2015,11,29,8,0.000000,0.000000,0.000000,30.644880,21.889200,0.000000
7977,2015,11,29,9,0.000000,0.000000,0.000000,30.096780,21.497700,0.000000
7978,2015,11,29,10,0.000000,0.000000,0.000000,33.558770,23.970550,0.000000
7979,2015,11,29,11,0.000000,0.000000,0.000000,20.473040,14.623600,0.000000
7980,2015,11,29,12,0.000000,0.000000,0.000000,12.778570,9.127550,0.000000
7981,2015,11,29,13,0.000000,0.000000,0.000000,11.185090,7.989350,0.000000
7982,2015,11,29,14,0.000000,0.000000,0.000000,5.450200,3.893000,0.000000
7983,2015,11,29,15,0.000000,0.000000,0.000000,3.771390,2.693850,0.000000
7984,2015,11,29,16,0.000000,0.000000,0.000000,2.459450,1.756750,0.000000
7985,2015,11,29,17,0.000000,0.000000,0.000000,9.926560,7.090400,0.000000
7986,2015,11,29,18,0.000000,0.000000,0.000000,22.480780,16.057700,0.000000
7987,2015,11,29,19,0.000000,0.000000,0.000000,40.074230,28.624450,0.000000
7988,2015,11,29,20,0.000000,0.000000,0.000000,44.569420,31.835300,0.000000
7989,2015,11,29,21,0.000000,0.000000,0.000000,44.787470,31.991050,0.000000
7990,2015,11,29,22,0.000000,0.000000,0.000000,47.103630,33.645450,0.000000
7991,2015,11,29,23,0.000000,0.000000,0.000000,46.498620,33.213300,0.000000
7992,2015,11,29,24,0.000000,0.000000,0.000000,40.825470,29.161050,0.000000
7993,2015,11,30,1,0.000000,0.000000,0.000000,39.973990,28.552850,0.000000
7994,2015,11,30,2,0.000000,0.000000,0.000000,40.381950,28.844250,0.000000
7995,2015,11,30,3,0.000000,0.000000,0.000000,46.772250,33.408750,0.000000
7996,2015,11,30,4,0.000000,0.000000,0.000000,53.198390,37.998850,0.000000
7997,2015,11,30,5,0.000000,0.000000,0.000000,50.795360,36.282400,0.000000
7998,2015,11,30,6,0.000000,0.000000,0.000000,47.045110,33.603650,0.000000
7999,2015,11,30,7,0.000000,0.000000,0.000000,37.062410,26.473150,0.000000
8000,2015,11,30,8,0.000000,0.000000,0.000000,27.766270,19.833050,0.000000
8001,2015,11,30,9,0.000000,0.000000,0.000000,19.538540,13.956100,0.000000
8002,2015,11,30,10,0.000000,0.000000,0.000000,17.784760,12.703400,0.000000
8003,2015,11,30,11,0.000000,0.000000,0.000000,16.110920,11.507800,0.000000
8004,2015,11,30,12,0.000000,0.000000,0.000000,15.676710,11.197650,0.000000
8005,2015,11,30,13,0.000000,0.000000,0.000000,12.724810,9.089150,0.000000
8006,2015,11,30,14,0.000000,0.000000,0.000000,10.846850,7.747750,0.000000
8007,2015,11,30,15,0.000000,0.000000,0.000000,9.830800,7.022000,0.000000
8008,2015,11,30,16,0.000000,0.000000,0.000000,8.751330,6.250950,0.000000
8009,2015,11,30,17,0.000000,0.000000,0.000000,8.694490,6.210350,0.000000
8010,2015,11,30,18,0.000000,0.000000,0.000000,9.607710,6.862650,0.000000
8011,2015,11,30,19,0.000000,0.000000,0.000000,10.573920,7.552800,0.000000
8012,2015,11,30,20,0.000000,0.000000,0.000000,10.028340,7.163100,0.000000
8013,2015,11,30,21,0.000000,0.000000,0.000000,24.390450,17.421750,0.000000
8014,2015,11,30,22,0.000000,0.000000,0.000000,26.565700,18.975500,0.000000
8015,2015,11,30,23,0.000000,0.000000,0.000000,28.984130,20.702950,0.000000
8016,2015,11,30,24,0.000000,0.000000,0.000000,32.868710,23.477650,0.000000
8017,2015,12,1,1,0.000000,0.000000,0.000000,31.585400,22.561000,0.000000
8018,2015,12,1,2,0.000000,0.000000,0.000000,33.847940,24.177100,0.000000
8019,2015,12,1,3,0.000000,0.000000,0.000000,38.925600,27.804000,0.000000
8020,2015,12,1,4,0.000000,0.000000,0.000000,40.678400,29.056000,0.000000
8021,2015,12,1,5,0.000000,0.000000,0.000000,40.716830,29.083450,0.000000
8022,2015,12,1,6,0.000000,0.000000,0.000000,34.854120,24.895800,0.000000
8023,2015,12,1,7,0.000000,0.000000,0.000000,27.188280,19.420200,0.000000
8024,2015,12,1,8,0.000000,0.000000,0.000000,15.667120,11.190800,0.000000
8025,2015,12,1,9,0.000000,0.000000,0.000000,17.952410,12.823150,0.000000
8026,2015,12,1,10,0.000000,0.000000,0.000000,22.695820,16.211300,0.000000
8027,2015,12,1,11,0.000000,0.000000,0.000000,22.519140,16.085100,0.000000
8028,2015,12,1,12,0.000000,0.000000,0.000000,24.301130,17.357950,0.000000
8029,2015,12,1,13,0.000000,0.000000,0.000000,24.773490,17.695350,0.000000
8030,2015,12,1,14,0.000000,0.000000,0.000000,25.650030,18.321450,0.000000
8031,2015,12,1,15,0.000000,0.000000,0.000000,26.042030,18.601450,0.000000
8032,2015,12,1,16,0.000000,0.000000,0.000000,27.382390,19.558850,0.000000
8033,2015,12,1,17,0.000000,0.000000,0.000000,29.951320,21.393800,0.000000
8034,2015,12,1,18,0.000000,0.000000,0.000000,30.361730,21.686950,0.000000
8035,2015,12,1,19,0.000000,0.000000,0.000000,29.744050,21.245750,0.000000
8036,2015,12,1,20,0.000000,0.000000,0.000000,17.627960,12.591400,0.000000
8037,2015,12,1,21,0.000000,0.000000,0.000000,15.012620,10.723300,0.000000
8038,2015,12,1,22,0.000000,0.000000,0.000000,14.207550,10.148250,0.000000
8039,2015,12,1,23,0.000000,0.000000,0.000000,14.367920,10.262800,0.000000
8040,2015,12,1,24,0.000000,0.000000,0.000000,10.559360,7.542400,0.000000
8041,2015,12,2,1,0.000000,0.000000,0.000000,5.486600,3.919000,0.000000
8042,2015,12,2,2,0.000000,0.000000,0.000000,2.568370,1.834550,0.000000
8043,2015,12,2,3,0.000000,0.000000,0.000000,2.784530,1.988950,0.000000
8044,2015,12,2,4,0.000000,0.000000,0.000000,4.719750,3.371250,0.000000
8045,2015,12,2,5,0.000000,0.000000,0.000000,9.357390,6.683850,0.000000
8046,2015,12,2,6,0.000000,0.000000,0.000000,18.779530,13.413950,0.000000
8047,2015,12,2,7,0.000000,0.000000,0.000000,21.412580,15.294700,0.000000
8048,2015,12,2,8,0.000000,0.000000,0.000000,22.736770,16.240550,0.000000
8049,2015,12,2,9,0.000000,0.000000,0.000000,30.415350,21.725250,0.000000
8050,2015,12,2,10,0.000000,0.000000,0.000000,33.791030,24.136450,0.000000
8051,2015,12,2,11,0.000000,0.000000,0.000000,39.629730,28.306950,0.000000
8052,2015,12,2,12,0.000000,0.000000,0.000000,44.600150,31.857250,0.000000
8053,2015,12,2,13,0.000000,0.000000,0.000000,47.633390,34.023850,0.000000
8054,2015,12,2,14,0.000000,0.000000,0.000000,45.972080,32.837200,0.000000
8055,2015,12,2,15,0.000000,0.000000,0.000000,43.084300,30.774500,0.000000
8056,2015,12,2,16,0.000000,0.000000,0.000000,41.423690,29.588350,0.000000
8057,2015,12,2,17,0.000000,0.000000,0.000000,38.195500,27.282500,0.000000
8058,2015,12,2,18,0.000000,0.000000,0.000000,40.219620,28.728300,0.000000
8059,2015,12,2,19,0.000000,0.000000,0.000000,44.460430,31.757450,0.000000
8060,2015,12,2,20,0.000000,0.000000,0.000000,33.695620,24.068300,0.000000
8061,2015,12,2,21,0.000000,0.000000,0.000000,32.587520,23.276800,0.000000
8062,2015,12,2,22,0.000000,0.000000,0.000000,25.927440,18.519600,0.000000
8063,2015,12,2,23,0.000000,0.000000,0.000000,21.837410,15.598150,0.000000
8064,2015,12,2,24,0.000000,0.000000,0.000000,31.708530,22.648950,0.000000
8065,2015,12,3,1,0.000000,0.000000,0.000000,40.184970,28.703550,0.000000
8066,2015,12,3,2,0.000000,0.000000,0.000000,41.862380,29.901700,0.000000
8067,2015,12,3,3,0.000000,0.000000,0.000000,56.258790,40.184850,0.000000
8068,2015,12,3,4,0.000000,0.000000,0.000000,43.575350,31.125250,0.000000
8069,2015,12,3,5,0.000000,0.000000,0.000000,65.318050,46.655750,0.000000
8070,2015,12,3,6,0.000000,0.000000,0.000000,66.942260,47.815900,0.000000
8071,2015,12,3,7,0.000000,0.000000,0.000000,65.305450,46.646750,0.000000
8072,2015,12,3,8,0.000000,0.000000,0.000000,56.523600,40.374000,0.000000
8073,2015,12,3,9,0.000000,0.000000,0.000000,34.812470,24.866050,0.000000
8074,2015,12,3,10,0.000000,0.000000,0.000000,25.308640,18.077600,0.000000
8075,2015,12,3,11,0.000000,0.000000,0.000000,39.829510,28.449650,0.000000
8076,2015,12,3,12,0.000000,0.000000,0.000000,42.952910,30.680650,0.000000
8077,2015,12,3,13,0.000000,0.000000,0.000000,36.272110,25.908650,0.000000
8078,2015,12,3,14,0.000000,0.000000,0.000000,26.332880,18.809200,0.000000
8079,2015,12,3,15,0.000000,0.000000,0.000000,23.925650,17.089750,0.000000
8080,2015,12,3,16,0.000000,0.000000,0.000000,23.101960,16.501400,0.000000
8081,2015,12,3,17,0.000000,0.000000,0.000000,24.095680,17.211200,0.000000
8082,2015,12,3,18,0.000000,0.000000,0.000000,18.319000,13.085000,0.000000
8083,2015,12,3,19,0.000000,0.000000,0.000000,15.825390,11.303850,0.000000
8084,2015,12,3,20,0.000000,0.000000,0.000000,9.754780,6.967700,0.000000
8085,2015,12,3,21,0.000000,0.000000,0.000000,18.023530,12.873950,0.000000
8086,2015,12,3,22,0.000000,0.000000,0.000000,16.358650,11.684750,0.000000
8087,2015,12,3,23,0.000000,0.000000,0.000000,15.113840,10.795600,0.000000
8088,2015,12,3,24,0.000000,0.000000,0.000000,15.809010,11.292150,0.000000
8089,2015,12,4,1,0.000000,0.000000,0.000000,18.448920,13.177800,0.000000
8090,2015,12,4,2,0.000000,0.000000,0.000000,18.710580,13.364700,0.000000
8091,2015,12,4,3,0.000000,0.000000,0.000000,22.696240,16.211600,0.000000
8092,2015,12,4,4,0.000000,0.000000,0.000000,21.101570,15.072550,0.000000
8093,2015,12,4,5,0.000000,0.000000,0.000000,20.944560,14.960400,0.000000
8094,2015,12,4,6,0.000000,0.000000,0.000000,17.882410,12.773150,0.000000
8095,2015,12,4,7,0.000000,0.000000,0.000000,15.759660,11.256900,0.000000
8096,2015,12,4,8,0.000000,0.000000,0.000000,9.312940,6.652100,0.000000
8097,2015,12,4,9,0.000000,0.000000,0.000000,5.677000,4.055000,0.000000
8098,2015,12,4,10,0.000000,0.000000,0.000000,5.490030,3.921450,0.000000
8099,2015,12,4,11,0.000000,0.000000,0.000000,4.003930,2.859950,0.000000
8100,2015,12,4,12,0.000000,0.000000,0.000000,4.835320,3.453800,0.000000
8101,2015,12,4,13,0.000000,0.000000,0.000000,6.897240,4.926600,0.000000
8102,2015,12,4,14,0.000000,0.000000,0.000000,6.732320,4.808800,0.000000
8103,2015,12,4,15,0.000000,0.000000,0.000000,9.454060,6.752900,0.000000
8104,2015,12,4,16,0.000000,0.000000,0.000000,11.869410,8.478150,0.000000
8105,2015,12,4,17,0.000000,0.000000,0.000000,13.688710,9.777650,0.000000
8106,2015,12,4,18,0.000000,0.000000,0.000000,26.786550,19.133250,0.000000
8107,2015,12,4,19,0.000000,0.000000,0.000000,38.258220,27.327300,0.000000
8108,2015,12,4,20,0.000000,0.000000,0.000000,49.606480,35.433200,0.000000
8109,2015,12,4,21,0.000000,0.000000,0.000000,57.201200,40.858000,0.000000
8110,2015,12,4,22,0.000000,0.000000,0.000000,55.645660,39.746900,0.000000
8111,2015,12,4,23,0.000000,0.000000,0.000000,56.234710,40.167650,0.000000
8112,2015,12,4,24,0.000000,0.000000,0.000000,61.577600,43.984000,0.000000
8113,2015,12,5,1,0.000000,0.000000,0.000000,65.299850,46.642750,0.000000
8114,2015,12,5,2,0.000000,0.000000,0.000000,62.769910,44.835650,0.000000
8115,2015,12,5,3,0.000000,0.000000,0.000000,63.436730,45.311950,0.000000
8116,2015,12,5,4,0.000000,0.000000,0.000000,66.067820,47.191300,0.000000
8117,2015,12,5,5,0.000000,0.000000,0.000000,66.082100,47.201500,0.000000
8118,2015,12,5,6,0.000000,0.000000,0.000000,63.896700,45.640500,0.000000
8119,2015,12,5,7,0.000000,0.000000,0.000000,59.011330,42.150950,0.000000
8120,2015,12,5,8,0.000000,0.000000,0.000000,46.905600,33.504000,0.000000
8121,2015,12,5,9,0.000000,0.000000,0.000000,22.894620,16.353300,0.000000
8122,2015,12,5,10,0.000000,0.000000,0.000000,19.166490,13.690350,0.000000
8123,2015,12,5,11,0.000000,0.000000,0.000000,18.186560,12.990400,0.000000
8124,2015,12,5,12,0.000000,0.000000,0.000000,16.580550,11.843250,0.000000
8125,2015,12,5,13,0.000000,0.000000,0.000000,15.497930,11.069950,0.000000
8126,2015,12,5,14,0.000000,0.000000,0.000000,15.896300,11.354500,0.000000
8127,2015,12,5,15,0.000000,0.000000,0.000000,11.893910,8.495650,0.000000
8128,2015,12,5,16,0.000000,0.000000,0.000000,12.559820,8.971300,0.000000
8129,2015,12,5,17,0.000000,0.000000,0.000000,12.866000,9.190000,0.000000
8130,2015,12,5,18,0.000000,0.000000,0.000000,14.309610,10.221150,0.000000
8131,2015,12,5,19,0.000000,0.000000,0.000000,11.695040,8.353600,0.000000
8132,2015,12,5,20,0.000000,0.000000,0.000000,2.590560,1.850400,0.000000
8133,2015,12,5,21,0.000000,0.000000,0.000000,9.054850,6.467750,0.000000
8134,2015,12,5,22,0.000000,0.000000,0.000000,9.376360,6.697400,0.000000
8135,2015,12,5,23,0.000000,0.000000,0.000000,9.979130,7.127950,0.000000
8136,2015,12,5,24,0.000000,0.000000,0.000000,11.935140,8.525100,0.000000
8137,2015,12,6,1,0.000000,0.000000,0.000000,12.298090,8.784350,0.000000
8138,2015,12,6,2,0.000000,0.000000,0.000000,12.594050,8.995750,0.000000
8139,2015,12,6,3,0.000000,0.000000,0.000000,13.468350,9.620250,0.000000
8140,2015,12,6,4,0.000000,0.000000,0.000000,13.806660,9.861900,0.000000
8141,2015,12,6,5,0.000000,0.000000,0.000000,12.697930,9.069950,0.000000
8142,2015,12,6,6,0.000000,0.000000,0.000000,9.124430,6.517450,0.000000
8143,2015,12,6,7,0.000000,0.000000,0.000000,9.673160,6.909400,0.000000
8144,2015,12,6,8,0.000000,0.000000,0.000000,9.300690,6.643350,0.000000
8145,2015,12,6,9,0.000000,0.000000,0.000000,2.283050,1.630750,0.000000
8146,2015,12,6,10,0.000000,0.000000,0.000000,1.685460,1.203900,0.000000
8147,2015,12,6,11,0.000000,0.000000,0.000000,1.403360,1.002400,0.000000
8148,2015,12,6,12,0.000000,0.000000,0.000000,3.917690,2.798350,0.000000
8149,2015,12,6,13,0.000000,0.000000,0.000000,3.067680,2.191200,0.000000
8150,2015,12,6,14,0.000000,0.000000,0.000000,3.788400,2.706000,0.000000
8151,2015,12,6,15,0.000000,0.000000,0.000000,6.077750,4.341250,0.000000
8152,2015,12,6,16,0.000000,0.000000,0.000000,3.843420,2.745300,0.000000
8153,2015,12,6,17,0.000000,0.000000,0.000000,2.916410,2.083150,0.000000
8154,2015,12,6,18,0.000000,0.000000,0.000000,3.640980,2.600700,0.000000
8155,2015,12,6,19,0.000000,0.000000,0.000000,4.016530,2.868950,0.000000
8156,2015,12,6,20,0.000000,0.000000,0.000000,0.687960,0.491400,0.000000
8157,2015,12,6,21,0.000000,0.000000,0.000000,2.910950,2.079250,0.000000
8158,2015,12,6,22,0.000000,0.000000,0.000000,7.709100,5.506500,0.000000
8159,2015,12,6,23,0.000000,0.000000,0.000000,14.787990,10.562850,0.000000
8160,2015,12,6,24,0.000000,0.000000,0.000000,22.164590,15.831850,0.000000
8161,2015,12,7,1,0.000000,0.000000,0.000000,31.234210,22.310150,0.000000
8162,2015,12,7,2,0.000000,0.000000,0.000000,33.004860,23.574900,0.000000
8163,2015,12,7,3,0.000000,0.000000,0.000000,36.193780,25.852700,0.000000
8164,2015,12,7,4,0.000000,0.000000,0.000000,29.308510,20.934650,0.000000
8165,2015,12,7,5,0.000000,0.000000,0.000000,27.730990,19.807850,0.000000
8166,2015,12,7,6,0.000000,0.000000,0.000000,27.482000,19.630000,0.000000
8167,2015,12,7,7,0.000000,0.000000,0.000000,18.554200,13.253000,0.000000
8168,2015,12,7,8,0.000000,0.000000,0.000000,9.992220,7.137300,0.000000
8169,2015,12,7,9,0.000000,0.000000,0.000000,3.485790,2.489850,0.000000
8170,2015,12,7,10,0.000000,0.000000,0.000000,0.000000,0.000000,0.000000
8171,2015,12,7,11,0.000000,0.000000,0.000000,0.000000,0.000000,0.000000
8172,2015,12,7,12,0.000000,0.000000,0.000000,0.000000,0.000000,0.000000
8173,2015,12,7,13,0.000000,0.000000,0.000000,0.000000,0.000000,0.000000
8174,2015,12,7,14,0.000000,0.000000,0.000000,0.000000,0.000000,0.000000
8175,2015,12,7,15,0.000000,0.000000,0.000000,0.528850,0.377750,0.000000
8176,2015,12,7,16,0.000000,0.000000,0.000000,1.067010,0.762150,0.000000
8177,2015,12,7,17,0.000000,0.000000,0.000000,1.214990,0.867850,0.000000
8178,2015,12,7,18,0.000000,0.000000,0.000000,1.849120,1.320800,0.000000
8179,2015,12,7,19,0.000000,0.000000,0.000000,3.771320,2.693800,0.000000
8180,2015,12,7,20,0.000000,0.000000,0.000000,3.867640,2.762600,0.000000
8181,2015,12,7,21,0.000000,0.000000,0.000000,3.184510,2.274650,0.000000
8182,2015,12,7,22,0.000000,0.000000,0.000000,10.599680,7.571200,0.000000
8183,2015,12,7,23,0.000000,0.000000,0.000000,31.800860,22.714900,0.000000
8184,2015,12,7,24,0.000000,0.000000,0.000000,41.044570,29.317550,0.000000
8185,2015,12,8,1,0.000000,0.000000,0.000000,16.225020,11.589300,0.000000
8186,2015,12,8,2,0.000000,0.000000,0.000000,22.104390,15.788850,0.000000
8187,2015,12,8,3,0.000000,0.000000,0.000000,47.319230,33.799450,0.000000
8188,2015,12,8,4,0.000000,0.000000,0.000000,60.933460,43.523900,0.000000
8189,2015,12,8,5,0.000000,0.000000,0.000000,62.857200,44.898000,0.000000
8190,2015,12,8,6,0.000000,0.000000,0.000000,64.773800,46.267000,0.000000
8191,2015,12,8,7,0.000000,0.000000,0.000000,61.354510,43.824650,0.000000
8192,2015,12,8,8,0.000000,0.000000,0.000000,51.643270,36.888050,0.000000
8193,2015,12,8,9,0.000000,0.000000,0.000000,30.780960,21.986400,0.000000
8194,2015,12,8,10,0.000000,0.000000,0.000000,25.440940,18.172100,0.000000
8195,2015,12,8,11,0.000000,0.000000,0.000000,22.733970,16.238550,0.000000
8196,2015,12,8,12,0.000000,0.000000,0.000000,26.272260,18.765900,0.000000
8197,2015,12,8,13,0.000000,0.000000,0.000000,23.816940,17.012100,0.000000
8198,2015,12,8,14,0.000000,0.000000,0.000000,23.152780,16.537700,0.000000
8199,2015,12,8,15,0.000000,0.000000,0.000000,21.481040,15.343600,0.000000
8200,2015,12,8,16,0.000000,0.000000,0.000000,21.631820,15.451300,0.000000
8201,2015,12,8,17,0.000000,0.000000,0.000000,26.400430,18.857450,0.000000
8202,2015,12,8,18,0.000000,0.000000,0.000000,23.788730,16.991950,0.000000
8203,2015,12,8,19,0.000000,0.000000,0.000000,19.564510,13.974650,0.000000
8204,2015,12,8,20,0.000000,0.000000,0.000000,10.039260,7.170900,0.000000
8205,2015,12,8,21,0.000000,0.000000,0.000000,14.503720,10.359800,0.000000
8206,2015,12,8,22,0.000000,0.000000,0.000000,24.977820,17.841300,0.000000
8207,2015,12,8,23,0.000000,0.000000,0.000000,27.218240,19.441600,0.000000
8208,2015,12,8,24,0.000000,0.000000,0.000000,28.703570,20.502550,0.000000
8209,2015,12,9,1,0.000000,0.000000,0.000000,30.057230,21.469450,0.000000
8210,2015,12,9,2,0.000000,0.000000,0.000000,27.661620,19.758300,0.000000
8211,2015,12,9,3,0.000000,0.000000,0.000000,19.053090,13.609350,0.000000
8212,2015,12,9,4,0.000000,0.000000,0.000000,11.932340,8.523100,0.000000
8213,2015,12,9,5,0.000000,0.000000,0.000000,9.348360,6.677400,0.000000
8214,2015,12,9,6,0.000000,0.000000,0.000000,6.437620,4.598300,0.000000
8215,2015,12,9,7,0.000000,0.000000,0.000000,3.363850,2.402750,0.000000
8216,2015,12,9,8,0.000000,0.000000,0.000000,0.486360,0.347400,0.000000
8217,2015,12,9,9,0.000000,0.000000,0.000000,8.972110,6.408650,0.000000
8218,2015,12,9,10,0.000000,0.000000,0.000000,10.833340,7.738100,0.000000
8219,2015,12,9,11,0.000000,0.000000,0.000000,12.913110,9.223650,0.000000
8220,2015,12,9,12,0.000000,0.000000,0.000000,22.750350,16.250250,0.000000
8221,2015,12,9,13,0.000000,0.000000,0.000000,29.908270,21.363050,0.000000
8222,2015,12,9,14,0.000000,0.000000,0.000000,37.323020,26.659300,0.000000
8223,2015,12,9,15,0.000000,0.000000,0.000000,47.459020,33.899300,0.000000
8224,2015,12,9,16,0.000000,0.000000,0.000000,46.585980,33.275700,0.000000
8225,2015,12,9,17,0.000000,0.000000,0.000000,40.179230,28.699450,0.000000
8226,2015,12,9,18,0.000000,0.000000,0.000000,35.740390,25.528850,0.000000
8227,2015,12,9,19,0.000000,0.000000,0.000000,37.829050,27.020750,0.000000
8228,2015,12,9,20,0.000000,0.000000,0.000000,27.397230,19.569450,0.000000
8229,2015,12,9,21,0.000000,0.000000,0.000000,34.102740,24.359100,0.000000
8230,2015,12,9,22,0.000000,0.000000,0.000000,36.522080,26.087200,0.000000
8231,2015,12,9,23,0.000000,0.000000,0.000000,41.011740,29.294100,0.000000
8232,2015,12,9,24,0.000000,0.000000,0.000000,48.047230,34.319450,0.000000
8233,2015,12,10,1,0.000000,0.000000,0.000000,53.295830,38.068450,0.000000
8234,2015,12,10,2,0.000000,0.000000,0.000000,49.273210,35.195150,0.000000
8235,2015,12,10,3,0.000000,0.000000,0.000000,48.484940,34.632100,0.000000
8236,2015,12,10,4,0.000000,0.000000,0.000000,44.307550,31.648250,0.000000
8237,2015,12,10,5,0.000000,0.000000,0.000000,30.843890,22.031350,0.000000
8238,2015,12,10,6,0.000000,0.000000,0.000000,28.274120,20.195800,0.000000
8239,2015,12,10,7,0.000000,0.000000,0.000000,39.112430,27.937450,0.000000
8240,2015,12,10,8,0.000000,0.000000,0.000000,57.627010,41.162150,0.000000
8241,2015,12,10,9,0.000000,0.000000,0.000000,35.106400,25.076000,0.000000
8242,2015,12,10,10,0.000000,0.000000,0.000000,27.015380,19.296700,0.000000
8243,2015,12,10,11,0.000000,0.000000,0.000000,26.451040,18.893600,0.000000
8244,2015,12,10,12,0.000000,0.000000,0.000000,25.432750,18.166250,0.000000
8245,2015,12,10,13,0.000000,0.000000,0.000000,27.303710,19.502650,0.000000
8246,2015,12,10,14,0.000000,0.000000,0.000000,33.779900,24.128500,0.000000
8247,2015,12,10,15,0.000000,0.000000,0.000000,41.184640,29.417600,0.000000
8248,2015,12,10,16,0.000000,0.000000,0.000000,50.410220,36.007300,0.000000
8249,2015,12,10,17,0.000000,0.000000,0.000000,49.408800,35.292000,0.000000
8250,2015,12,10,18,0.000000,0.000000,0.000000,51.535470,36.811050,0.000000
8251,2015,12,10,19,0.000000,0.000000,0.000000,51.814630,37.010450,0.000000
8252,2015,12,10,20,0.000000,0.000000,0.000000,51.013060,36.437900,0.000000
8253,2015,12,10,21,0.000000,0.000000,0.000000,61.853400,44.181000,0.000000
8254,2015,12,10,22,0.000000,0.000000,0.000000,61.509070,43.935050,0.000000
8255,2015,12,10,23,0.000000,0.000000,0.000000,59.366160,42.404400,0.000000
8256,2015,12,10,24,0.000000,0.000000,0.000000,60.431770,43.165550,0.000000
8257,2015,12,11,1,0.000000,0.000000,0.000000,66.045280,47.175200,0.000000
8258,2015,12,11,2,0.000000,0.000000,0.000000,68.292350,48.780250,0.000000
8259,2015,12,11,3,0.000000,0.000000,0.000000,69.025180,49.303700,0.000000
8260,2015,12,11,4,0.000000,0.000000,0.000000,69.052270,49.323050,0.000000
8261,2015,12,11,5,0.000000,0.000000,0.000000,68.716410,49.083150,0.000000
8262,2015,12,11,6,0.000000,0.000000,0.000000,67.175150,47.982250,0.000000
8263,2015,12,11,7,0.000000,0.000000,0.000000,62.447350,44.605250,0.000000
8264,2015,12,11,8,0.000000,0.000000,0.000000,47.196450,33.711750,0.000000
8265,2015,12,11,9,0.000000,0.000000,0.000000,33.558700,23.970500,0.000000
8266,2015,12,11,10,0.000000,0.000000,0.000000,33.546450,23.961750,0.000000
8267,2015,12,11,11,0.000000,0.000000,0.000000,41.053530,29.323950,0.000000
8268,2015,12,11,12,0.000000,0.000000,0.000000,55.885970,39.918550,0.000000
8269,2015,12,11,13,0.000000,0.000000,0.000000,68.193720,48.709800,0.000000
8270,2015,12,11,14,0.000000,0.000000,0.000000,68.505290,48.932350,0.000000
8271,2015,12,11,15,0.000000,0.000000,0.000000,66.976560,47.840400,0.000000
8272,2015,12,11,16,0.000000,0.000000,0.000000,66.252130,47.322950,0.000000
8273,2015,12,11,17,0.000000,0.000000,0.000000,62.651680,44.751200,0.000000
8274,2015,12,11,18,0.000000,0.000000,0.000000,64.482600,46.059000,0.000000
8275,2015,12,11,19,0.000000,0.000000,0.000000,64.259440,45.899600,0.000000
8276,2015,12,11,20,0.000000,0.000000,0.000000,66.834110,47.738650,0.000000
8277,2015,12,11,21,0.000000,0.000000,0.000000,68.487370,48.919550,0.000000
8278,2015,12,11,22,0.000000,0.000000,0.000000,67.538940,48.242100,0.000000
8279,2015,12,11,23,0.000000,0.000000,0.000000,65.275070,46.625050,0.000000
8280,2015,12,11,24,0.000000,0.000000,0.000000,64.949430,46.392450,0.000000
8281,2015,12,12,1,0.000000,0.000000,0.000000,66.813110,47.723650,0.000000
8282,2015,12,12,2,0.000000,0.000000,0.000000,66.507630,47.505450,0.000000
8283,2015,12,12,3,0.000000,0.000000,0.000000,67.429390,48.163850,0.000000
8284,2015,12,12,4,0.000000,0.000000,0.000000,67.518500,48.227500,0.000000
8285,2015,12,12,5,0.000000,0.000000,0.000000,64.991640,46.422600,0.000000
8286,2015,12,12,6,0.000000,0.000000,0.000000,66.826900,47.733500,0.000000
8287,2015,12,12,7,0.000000,0.000000,0.000000,63.202580,45.144700,0.000000
8288,2015,12,12,8,0.000000,0.000000,0.000000,62.255620,44.468300,0.000000
8289,2015,12,12,9,0.000000,0.000000,0.000000,60.256560,43.040400,0.000000
8290,2015,12,12,10,0.000000,0.000000,0.000000,57.778210,41.270150,0.000000
8291,2015,12,12,11,0.000000,0.000000,0.000000,54.464270,38.903050,0.000000
8292,2015,12,12,12,0.000000,0.000000,0.000000,50.964970,36.403550,0.000000
8293,2015,12,12,13,0.000000,0.000000,0.000000,50.253280,35.895200,0.000000
8294,2015,12,12,14,0.000000,0.000000,0.000000,46.970070,33.550050,0.000000
8295,2015,12,12,15,0.000000,0.000000,0.000000,47.815530,34.153950,0.000000
8296,2015,12,12,16,0.000000,0.000000,0.000000,46.042150,32.887250,0.000000
8297,2015,12,12,17,0.000000,0.000000,0.000000,38.565660,27.546900,0.000000
8298,2015,12,12,18,0.000000,0.000000,0.000000,35.491960,25.351400,0.000000
8299,2015,12,12,19,0.000000,0.000000,0.000000,33.721170,24.086550,0.000000
8300,2015,12,12,20,0.000000,0.000000,0.000000,34.097280,24.355200,0.000000
8301,2015,12,12,21,0.000000,0.000000,0.000000,39.871930,28.479950,0.000000
8302,2015,12,12,22,0.000000,0.000000,0.000000,37.404570,26.717550,0.000000
8303,2015,12,12,23,0.000000,0.000000,0.000000,34.173790,24.409850,0.000000
8304,2015,12,12,24,0.000000,0.000000,0.000000,42.449960,30.321400,0.000000
8305,2015,12,13,1,0.000000,0.000000,0.000000,49.602630,35.430450,0.000000
8306,2015,12,13,2,0.000000,0.000000,0.000000,53.161500,37.972500,0.000000
8307,2015,12,13,3,0.000000,0.000000,0.000000,55.516230,39.654450,0.000000
8308,2015,12,13,4,0.000000,0.000000,0.000000,58.223060,41.587900,0.000000
8309,2015,12,13,5,0.000000,0.000000,0.000000,55.758500,39.827500,0.000000
8310,2015,12,13,6,0.000000,0.000000,0.000000,56.051660,40.036900,0.000000
8311,2015,12,13,7,0.000000,0.000000,0.000000,53.558470,38.256050,0.000000
8312,2015,12,13,8,0.000000,0.000000,0.000000,29.634430,21.167450,0.000000
8313,2015,12,13,9,0.000000,0.000000,0.000000,15.996400,11.426000,0.000000
8314,2015,12,13,10,0.000000,0.000000,0.000000,12.474140,8.910100,0.000000
8315,2015,12,13,11,0.000000,0.000000,0.000000,11.511850,8.222750,0.000000
8316,2015,12,13,12,0.000000,0.000000,0.000000,11.357430,8.112450,0.000000
8317,2015,12,13,13,0.000000,0.000000,0.000000,10.845870,7.747050,0.000000
8318,2015,12,13,14,0.000000,0.000000,0.000000,10.135020,7.239300,0.000000
8319,2015,12,13,15,0.000000,0.000000,0.000000,11.535020,8.239300,0.000000
8320,2015,12,13,16,0.000000,0.000000,0.000000,8.607830,6.148450,0.000000
8321,2015,12,13,17,0.000000,0.000000,0.000000,7.049490,5.035350,0.000000
8322,2015,12,13,18,0.000000,0.000000,0.000000,4.455150,3.182250,0.000000
8323,2015,12,13,19,0.000000,0.000000,0.000000,2.218370,1.584550,0.000000
8324,2015,12,13,20,0.000000,0.000000,0.000000,0.000000,0.000000,0.000000
8325,2015,12,13,21,0.000000,0.000000,0.000000,0.000000,0.000000,0.000000
8326,2015,12,13,22,0.000000,0.000000,0.000000,0.000000,0.000000,0.000000
8327,2015,12,13,23,0.000000,0.000000,0.000000,1.684060,1.202900,0.000000
8328,2015,12,13,24,0.000000,0.000000,0.000000,4.495050,3.210750,0.000000
8329,2015,12,14,1,0.000000,0.000000,0.000000,4.330480,3.093200,0.000000
8330,2015,12,14,2,0.000000,0.000000,0.000000,6.600020,4.714300,0.000000
8331,2015,12,14,3,0.000000,0.000000,0.000000,11.318300,8.084500,0.000000
8332,2015,12,14,4,0.000000,0.000000,0.000000,9.544150,6.817250,0.000000
8333,2015,12,14,5,0.000000,0.000000,0.000000,8.964270,6.403050,0.000000
8334,2015,12,14,6,0.000000,0.000000,0.000000,9.593220,6.852300,0.000000
8335,2015,12,14,7,0.000000,0.000000,0.000000,10.876390,7.768850,0.000000
8336,2015,12,14,8,0.000000,0.000000,0.000000,9.347030,6.676450,0.000000
8337,2015,12,14,9,0.000000,0.000000,0.000000,5.619320,4.013800,0.000000
8338,2015,12,14,10,0.000000,0.000000,0.000000,9.034200,6.453000,0.000000
8339,2015,12,14,11,0.000000,0.000000,0.000000,9.703120,6.930800,0.000000
8340,2015,12,14,12,0.000000,0.000000,0.000000,10.345440,7.389600,0.000000
8341,2015,12,14,13,0.000000,0.000000,0.000000,11.578280,8.270200,0.000000
8342,2015,12,14,14,0.000000,0.000000,0.000000,12.062050,8.615750,0.000000
8343,2015,12,14,15,0.000000,0.000000,0.000000,10.446870,7.462050,0.000000
8344,2015,12,14,16,0.000000,0.000000,0.000000,9.529730,6.806950,0.000000
8345,2015,12,14,17,0.000000,0.000000,0.000000,10.077550,7.198250,0.000000
8346,2015,12,14,18,0.000000,0.000000,0.000000,9.497670,6.784050,0.000000
8347,2015,12,14,19,0.000000,0.000000,0.000000,9.145500,6.532500,0.000000
8348,2015,12,14,20,0.000000,0.000000,0.000000,3.228190,2.305850,0.000000
8349,2015,12,14,21,0.000000,0.000000,0.000000,3.860150,2.757250,0.000000
8350,2015,12,14,22,0.000000,0.000000,0.000000,4.836090,3.454350,0.000000
8351,2015,12,14,23,0.000000,0.000000,0.000000,5.026700,3.590500,0.000000
8352,2015,12,14,24,0.000000,0.000000,0.000000,5.128270,3.663050,0.000000
8353,2015,12,15,1,0.000000,0.000000,0.000000,2.175110,1.553650,0.000000
8354,2015,12,15,2,0.000000,0.000000,0.000000,1.865290,1.332350,0.000000
8355,2015,12,15,3,0.000000,0.000000,0.000000,2.725310,1.946650,0.000000
8356,2015,12,15,4,0.000000,0.000000,0.000000,7.661710,5.472650,0.000000
8357,2015,12,15,5,0.000000,0.000000,0.000000,13.616750,9.726250,0.000000
8358,2015,12,15,6,0.000000,0.000000,0.000000,20.862520,14.901800,0.000000
8359,2015,12,15,7,0.000000,0.000000,0.000000,17.678780,12.627700,0.000000
8360,2015,12,15,8,0.000000,0.000000,0.000000,13.380360,9.557400,0.000000
8361,2015,12,15,9,0.000000,0.000000,0.000000,16.988440,12.134600,0.000000
8362,2015,12,15,10,0.000000,0.000000,0.000000,16.964220,12.117300,0.000000
8363,2015,12,15,11,0.000000,0.000000,0.000000,19.091520,13.636800,0.000000
8364,2015,12,15,12,0.000000,0.000000,0.000000,23.903390,17.073850,0.000000
8365,2015,12,15,13,0.000000,0.000000,0.000000,30.414510,21.724650,0.000000
8366,2015,12,15,14,0.000000,0.000000,0.000000,36.025570,25.732550,0.000000
8367,2015,12,15,15,0.000000,0.000000,0.000000,36.295770,25.925550,0.000000
8368,2015,12,15,16,0.000000,0.000000,0.000000,39.898040,28.498600,0.000000
8369,2015,12,15,17,0.000000,0.000000,0.000000,44.368380,31.691700,0.000000
8370,2015,12,15,18,0.000000,0.000000,0.000000,45.663660,32.616900,0.000000
8371,2015,12,15,19,0.000000,0.000000,0.000000,54.576760,38.983400,0.000000
8372,2015,12,15,20,0.000000,0.000000,0.000000,48.060250,34.328750,0.000000
8373,2015,12,15,21,0.000000,0.000000,0.000000,33.754280,24.110200,0.000000
8374,2015,12,15,22,0.000000,0.000000,0.000000,38.307850,27.362750,0.000000
8375,2015,12,15,23,0.000000,0.000000,0.000000,50.591310,36.136650,0.000000
8376,2015,12,15,24,0.000000,0.000000,0.000000,58.748340,41.963100,0.000000
8377,2015,12,16,1,0.000000,0.000000,0.000000,58.044910,41.460650,0.000000
8378,2015,12,16,2,0.000000,0.000000,0.000000,59.646090,42.604350,0.000000
8379,2015,12,16,3,0.000000,0.000000,0.000000,59.368750,42.406250,0.000000
8380,2015,12,16,4,0.000000,0.000000,0.000000,48.466880,34.619200,0.000000
8381,2015,12,16,5,0.000000,0.000000,0.000000,38.741710,27.672650,0.000000
8382,2015,12,16,6,0.000000,0.000000,0.000000,35.576450,25.411750,0.000000
8383,2015,12,16,7,0.000000,0.000000,0.000000,36.122730,25.801950,0.000000
8384,2015,12,16,8,0.000000,0.000000,0.000000,34.244840,24.460600,0.000000
8385,2015,12,16,9,0.000000,0.000000,0.000000,22.575420,16.125300,0.000000
8386,2015,12,16,10,0.000000,0.000000,0.000000,23.011450,16.436750,0.000000
8387,2015,12,16,11,0.000000,0.000000,0.000000,13.766270,9.833050,0.000000
8388,2015,12,16,12,0.000000,0.000000,0.000000,8.138130,5.812950,0.000000
8389,2015,12,16,13,0.000000,0.000000,0.000000,2.807840,2.005600,0.000000
8390,2015,12,16,14,0.000000,0.000000,0.000000,1.859900,1.328500,0.000000
8391,2015,12,16,15,0.000000,0.000000,0.000000,5.673850,4.052750,0.000000
8392,2015,12,16,16,0.000000,0.000000,0.000000,3.968090,2.834350,0.000000
8393,2015,12,16,17,0.000000,0.000000,0.000000,3.160220,2.257300,0.000000
8394,2015,12,16,18,0.000000,0.000000,0.000000,3.203970,2.288550,0.000000
8395,2015,12,16,19,0.000000,0.000000,0.000000,2.961840,2.115600,0.000000
8396,2015,12,16,20,0.000000,0.000000,0.000000,0.840770,0.600550,0.000000
8397,2015,12,16,21,0.000000,0.000000,0.000000,0.000000,0.000000,0.000000
8398,2015,12,16,22,0.000000,0.000000,0.000000,8.130430,5.807450,0.000000
8399,2015,12,16,23,0.000000,0.000000,0.000000,24.750110,17.678650,0.000000
8400,2015,12,16,24,0.000000,0.000000,0.000000,42.369250,30.263750,0.000000
8401,2015,12,17,1,0.000000,0.000000,0.000000,53.156390,37.968850,0.000000
8402,2015,12,17,2,0.000000,0.000000,0.000000,58.351650,41.679750,0.000000
8403,2015,12,17,3,0.000000,0.000000,0.000000,56.960750,40.686250,0.000000
8404,2015,12,17,4,0.000000,0.000000,0.000000,68.130790,48.664850,0.000000
8405,2015,12,17,5,0.000000,0.000000,0.000000,69.895420,49.925300,0.000000
8406,2015,12,17,6,0.000000,0.000000,0.000000,67.522700,48.230500,0.000000
8407,2015,12,17,7,0.000000,0.000000,0.000000,51.618280,36.870200,0.000000
8408,2015,12,17,8,0.000000,0.000000,0.000000,66.116680,47.226200,0.000000
8409,2015,12,17,9,0.000000,0.000000,0.000000,66.585260,47.560900,0.000000
8410,2015,12,17,10,0.000000,0.000000,0.000000,58.752050,41.965750,0.000000
8411,2015,12,17,11,0.000000,0.000000,0.000000,57.204140,40.860100,0.000000
8412,2015,12,17,12,0.000000,0.000000,0.000000,50.217090,35.869350,0.000000
8413,2015,12,17,13,0.000000,0.000000,0.000000,39.658290,28.327350,0.000000
8414,2015,12,17,14,0.000000,0.000000,0.000000,36.016960,25.726400,0.000000
8415,2015,12,17,15,0.000000,0.000000,0.000000,28.645820,20.461300,0.000000
8416,2015,12,17,16,0.000000,0.000000,0.000000,29.046780,20.747700,0.000000
8417,2015,12,17,17,0.000000,0.000000,0.000000,22.460410,16.043150,0.000000
8418,2015,12,17,18,0.000000,0.000000,0.000000,23.127440,16.519600,0.000000
8419,2015,12,17,19,0.000000,0.000000,0.000000,23.292010,16.637150,0.000000
8420,2015,12,17,20,0.000000,0.000000,0.000000,35.092050,25.065750,0.000000
8421,2015,12,17,21,0.000000,0.000000,0.000000,44.880640,32.057600,0.000000
8422,2015,12,17,22,0.000000,0.000000,0.000000,41.389880,29.564200,0.000000
8423,2015,12,17,23,0.000000,0.000000,0.000000,43.356670,30.969050,0.000000
8424,2015,12,17,24,0.000000,0.000000,0.000000,46.770640,33.407600,0.000000
8425,2015,12,18,1,0.000000,0.000000,0.000000,50.143240,35.816600,0.000000
8426,2015,12,18,2,0.000000,0.000000,0.000000,51.470860,36.764900,0.000000
8427,2015,12,18,3,0.000000,0.000000,0.000000,54.092430,38.637450,0.000000
8428,2015,12,18,4,0.000000,0.000000,0.000000,55.236580,39.454700,0.000000
8429,2015,12,18,5,0.000000,0.000000,0.000000,55.645590,39.746850,0.000000
8430,2015,12,18,6,0.000000,0.000000,0.000000,54.130160,38.664400,0.000000
8431,2015,12,18,7,0.000000,0.000000,0.000000,48.727980,34.805700,0.000000
8432,2015,12,18,8,0.000000,0.000000,0.000000,44.353190,31.680850,0.000000
8433,2015,12,18,9,0.000000,0.000000,0.000000,33.074510,23.624650,0.000000
8434,2015,12,18,10,0.000000,0.000000,0.000000,30.937270,22.098050,0.000000
8435,2015,12,18,11,0.000000,0.000000,0.000000,39.454520,28.181800,0.000000
8436,2015,12,18,12,0.000000,0.000000,0.000000,44.722860,31.944900,0.000000
8437,2015,12,18,13,0.000000,0.000000,0.000000,52.567830,37.548450,0.000000
8438,2015,12,18,14,0.000000,0.000000,0.000000,58.316860,41.654900,0.000000
8439,2015,12,18,15,0.000000,0.000000,0.000000,63.563290,45.402350,0.000000
8440,2015,12,18,16,0.000000,0.000000,0.000000,64.727040,46.233600,0.000000
8441,2015,12,18,17,0.000000,0.000000,0.000000,64.882650,46.344750,0.000000
8442,2015,12,18,18,0.000000,0.000000,0.000000,62.221320,44.443800,0.000000
8443,2015,12,18,19,0.000000,0.000000,0.000000,60.493790,43.209850,0.000000
8444,2015,12,18,20,0.000000,0.000000,0.000000,65.295650,46.639750,0.000000
8445,2015,12,18,21,0.000000,0.000000,0.000000,65.394210,46.710150,0.000000
8446,2015,12,18,22,0.000000,0.000000,0.000000,65.469110,46.763650,0.000000
8447,2015,12,18,23,0.000000,0.000000,0.000000,65.730700,46.950500,0.000000
8448,2015,12,18,24,0.000000,0.000000,0.000000,65.172100,46.551500,0.000000
8449,2015,12,19,1,0.000000,0.000000,0.000000,64.742720,46.244800,0.000000
8450,2015,12,19,2,0.000000,0.000000,0.000000,65.280180,46.628700,0.000000
8451,2015,12,19,3,0.000000,0.000000,0.000000,63.680820,45.486300,0.000000
8452,2015,12,19,4,0.000000,0.000000,0.000000,60.664310,43.331650,0.000000
8453,2015,12,19,5,0.000000,0.000000,0.000000,56.502320,40.358800,0.000000
8454,2015,12,19,6,0.000000,0.000000,0.000000,49.937790,35.669850,0.000000
8455,2015,12,19,7,0.000000,0.000000,0.000000,36.276310,25.911650,0.000000
8456,2015,12,19,8,0.000000,0.000000,0.000000,23.421860,16.729900,0.000000
8457,2015,12,19,9,0.000000,0.000000,0.000000,7.777490,5.555350,0.000000
8458,2015,12,19,10,0.000000,0.000000,0.000000,4.709460,3.363900,0.000000
8459,2015,12,19,11,0.000000,0.000000,0.000000,3.481030,2.486450,0.000000
8460,2015,12,19,12,0.000000,0.000000,0.000000,2.830730,2.021950,0.000000
8461,2015,12,19,13,0.000000,0.000000,0.000000,1.897000,1.355000,0.000000
8462,2015,12,19,14,0.000000,0.000000,0.000000,1.416520,1.011800,0.000000
8463,2015,12,19,15,0.000000,0.000000,0.000000,1.446620,1.033300,0.000000
8464,2015,12,19,16,0.000000,0.000000,0.000000,1.130080,0.807200,0.000000
8465,2015,12,19,17,0.000000,0.000000,0.000000,1.287020,0.919300,0.000000
8466,2015,12,19,18,0.000000,0.000000,0.000000,2.227050,1.590750,0.000000
8467,2015,12,19,19,0.000000,0.000000,0.000000,5.386640,3.847600,0.000000
8468,2015,12,19,20,0.000000,0.000000,0.000000,0.000000,0.000000,0.000000
8469,2015,12,19,21,0.000000,0.000000,0.000000,0.000000,0.000000,0.000000
8470,2015,12,19,22,0.000000,0.000000,0.000000,0.000000,0.000000,0.000000
8471,2015,12,19,23,0.000000,0.000000,0.000000,0.000000,0.000000,0.000000
8472,2015,12,19,24,0.000000,0.000000,0.000000,0.800030,0.571450,0.000000
8473,2015,12,20,1,0.000000,0.000000,0.000000,2.842700,2.030500,0.000000
8474,2015,12,20,2,0.000000,0.000000,0.000000,4.586820,3.276300,0.000000
8475,2015,12,20,3,0.000000,0.000000,0.000000,8.946560,6.390400,0.000000
8476,2015,12,20,4,0.000000,0.000000,0.000000,13.283060,9.487900,0.000000
8477,2015,12,20,5,0.000000,0.000000,0.000000,11.737250,8.383750,0.000000
8478,2015,12,20,6,0.000000,0.000000,0.000000,11.001480,7.858200,0.000000
8479,2015,12,20,7,0.000000,0.000000,0.000000,9.031960,6.451400,0.000000
8480,2015,12,20,8,0.000000,0.000000,0.000000,8.420300,6.014500,0.000000
8481,2015,12,20,9,0.000000,0.000000,0.000000,5.146540,3.676100,0.000000
8482,2015,12,20,10,0.000000,0.000000,0.000000,6.070540,4.336100,0.000000
8483,2015,12,20,11,0.000000,0.000000,0.000000,6.381130,4.557950,0.000000
8484,2015,12,20,12,0.000000,0.000000,0.000000,4.477830,3.198450,0.000000
8485,2015,12,20,13,0.000000,0.000000,0.000000,3.864000,2.760000,0.000000
8486,2015,12,20,14,0.000000,0.000000,0.000000,4.178510,2.984650,0.000000
8487,2015,12,20,15,0.000000,0.000000,0.000000,3.297070,2.355050,0.000000
8488,2015,12,20,16,0.000000,0.000000,0.000000,2.985080,2.132200,0.000000
8489,2015,12,20,17,0.000000,0.000000,0.000000,2.567320,1.833800,0.000000
8490,2015,12,20,18,0.000000,0.000000,0.000000,2.468200,1.763000,0.000000
8491,2015,12,20,19,0.000000,0.000000,0.000000,2.609180,1.863700,0.000000
8492,2015,12,20,20,0.000000,0.000000,0.000000,0.000000,0.000000,0.000000
8493,2015,12,20,21,0.000000,0.000000,0.000000,0.000000,0.000000,0.000000
8494,2015,12,20,22,0.000000,0.000000,0.000000,0.000000,0.000000,0.000000
8495,2015,12,20,23,0.000000,0.000000,0.000000,0.000000,0.000000,0.000000
8496,2015,12,20,24,0.000000,0.000000,0.000000,0.741440,0.529600,0.000000
8497,2015,12,21,1,0.000000,0.000000,0.000000,1.830780,1.307700,0.000000
8498,2015,12,21,2,0.000000,0.000000,0.000000,3.425730,2.446950,0.000000
8499,2015,12,21,3,0.000000,0.000000,0.000000,6.877850,4.912750,0.000000
8500,2015,12,21,4,0.000000,0.000000,0.000000,17.196480,12.283200,0.000000
8501,2015,12,21,5,0.000000,0.000000,0.000000,30.735320,21.953800,0.000000
8502,2015,12,21,6,0.000000,0.000000,0.000000,20.922090,14.944350,0.000000
8503,2015,12,21,7,0.000000,0.000000,0.000000,17.659950,12.614250,0.000000
8504,2015,12,21,8,0.000000,0.000000,0.000000,11.664870,8.332050,0.000000
8505,2015,12,21,9,0.000000,0.000000,0.000000,6.459110,4.613650,0.000000
8506,2015,12,21,10,0.000000,0.000000,0.000000,9.411500,6.722500,0.000000
8507,2015,12,21,11,0.000000,0.000000,0.000000,5.806220,4.147300,0.000000
8508,2015,12,21,12,0.000000,0.000000,0.000000,3.331860,2.379900,0.000000
8509,2015,12,21,13,0.000000,0.000000,0.000000,2.975700,2.125500,0.000000
8510,2015,12,21,14,0.000000,0.000000,0.000000,2.689890,1.921350,0.000000
8511,2015,12,21,15,0.000000,0.000000,0.000000,1.250340,0.893100,0.000000
8512,2015,12,21,16,0.000000,0.000000,0.000000,0.560070,0.400050,0.000000
8513,2015,12,21,17,0.000000,0.000000,0.000000,0.000000,0.000000,0.000000
8514,2015,12,21,18,0.000000,0.000000,0.000000,0.000000,0.000000,0.000000
8515,2015,12,21,19,0.000000,0.000000,0.000000,0.000000,0.000000,0.000000
8516,2015,12,21,20,0.000000,0.000000,0.000000,0.000000,0.000000,0.000000
8517,2015,12,21,21,0.000000,0.000000,0.000000,1.851920,1.322800,0.000000
8518,2015,12,21,22,0.000000,0.000000,0.000000,4.146590,2.961850,0.000000
8519,2015,12,21,23,0.000000,0.000000,0.000000,5.945100,4.246500,0.000000
8520,2015,12,21,24,0.000000,0.000000,0.000000,4.425400,3.161000,0.000000
8521,2015,12,22,1,0.000000,0.000000,0.000000,7.761320,5.543800,0.000000
8522,2015,12,22,2,0.000000,0.000000,0.000000,6.502650,4.644750,0.000000
8523,2015,12,22,3,0.000000,0.000000,0.000000,10.780560,7.700400,0.000000
8524,2015,12,22,4,0.000000,0.000000,0.000000,12.934600,9.239000,0.000000
8525,2015,12,22,5,0.000000,0.000000,0.000000,17.065370,12.189550,0.000000
8526,2015,12,22,6,0.000000,0.000000,0.000000,21.038010,15.027150,0.000000
8527,2015,12,22,7,0.000000,0.000000,0.000000,15.899450,11.356750,0.000000
8528,2015,12,22,8,0.000000,0.000000,0.000000,8.141490,5.815350,0.000000
8529,2015,12,22,9,0.000000,0.000000,0.000000,1.749930,1.249950,0.000000
8530,2015,12,22,10,0.000000,0.000000,0.000000,0.000000,0.000000,0.000000
8531,2015,12,22,11,0.000000,0.000000,0.000000,0.887670,0.634050,0.000000
8532,2015,12,22,12,0.000000,0.000000,0.000000,2.565710,1.832650,0.000000
8533,2015,12,22,13,0.000000,0.000000,0.000000,2.471560,1.765400,0.000000
8534,2015,12,22,14,0.000000,0.000000,0.000000,1.368150,0.977250,0.000000
8535,2015,12,22,15,0.000000,0.000000,0.000000,3.786160,2.704400,0.000000
8536,2015,12,22,16,0.000000,0.000000,0.000000,6.438320,4.598800,0.000000
8537,2015,12,22,17,0.000000,0.000000,0.000000,8.372000,5.980000,0.000000
8538,2015,12,22,18,0.000000,0.000000,0.000000,11.150790,7.964850,0.000000
8539,2015,12,22,19,0.000000,0.000000,0.000000,12.572560,8.980400,0.000000
8540,2015,12,22,20,0.000000,0.000000,0.000000,2.312730,1.651950,0.000000
8541,2015,12,22,21,0.000000,0.000000,0.000000,3.835020,2.739300,0.000000
8542,2015,12,22,22,0.000000,0.000000,0.000000,3.674930,2.624950,0.000000
8543,2015,12,22,23,0.000000,0.000000,0.000000,4.068540,2.906100,0.000000
8544,2015,12,22,24,0.000000,0.000000,0.000000,2.063040,1.473600,0.000000
8545,2015,12,23,1,0.000000,0.000000,0.000000,2.357040,1.683600,0.000000
8546,2015,12,23,2,0.000000,0.000000,0.000000,3.694950,2.639250,0.000000
8547,2015,12,23,3,0.000000,0.000000,0.000000,6.285790,4.489850,0.000000
8548,2015,12,23,4,0.000000,0.000000,0.000000,7.499660,5.356900,0.000000
8549,2015,12,23,5,0.000000,0.000000,0.000000,12.991580,9.279700,0.000000
8550,2015,12,23,6,0.000000,0.000000,0.000000,33.427870,23.877050,0.000000
8551,2015,12,23,7,0.000000,0.000000,0.000000,30.525880,21.804200,0.000000
8552,2015,12,23,8,0.000000,0.000000,0.000000,23.294670,16.639050,0.000000
8553,2015,12,23,9,0.000000,0.000000,0.000000,16.859220,12.042300,0.000000
8554,2015,12,23,10,0.000000,0.000000,0.000000,25.238780,18.027700,0.000000
8555,2015,12,23,11,0.000000,0.000000,0.000000,45.019310,32.156650,0.000000
8556,2015,12,23,12,0.000000,0.000000,0.000000,53.070080,37.907200,0.000000
8557,2015,12,23,13,0.000000,0.000000,0.000000,55.322820,39.516300,0.000000
8558,2015,12,23,14,0.000000,0.000000,0.000000,57.781780,41.272700,0.000000
8559,2015,12,23,15,0.000000,0.000000,0.000000,61.250280,43.750200,0.000000
8560,2015,12,23,16,0.000000,0.000000,0.000000,57.758400,41.256000,0.000000
8561,2015,12,23,17,0.000000,0.000000,0.000000,57.810970,41.293550,0.000000
8562,2015,12,23,18,0.000000,0.000000,0.000000,65.455390,46.753850,0.000000
8563,2015,12,23,19,0.000000,0.000000,0.000000,69.101480,49.358200,0.000000
8564,2015,12,23,20,0.000000,0.000000,0.000000,69.969130,49.977950,0.000000
8565,2015,12,23,21,0.000000,0.000000,0.000000,69.996780,49.997700,0.000000
8566,2015,12,23,22,0.000000,0.000000,0.000000,69.994050,49.995750,0.000000
8567,2015,12,23,23,0.000000,0.000000,0.000000,69.500760,49.643400,0.000000
8568,2015,12,23,24,0.000000,0.000000,0.000000,65.181620,46.558300,0.000000
8569,2015,12,24,1,0.000000,0.000000,0.000000,47.059390,33.613850,0.000000
8570,2015,12,24,2,0.000000,0.000000,0.000000,38.529680,27.521200,0.000000
8571,2015,12,24,3,0.000000,0.000000,0.000000,39.106060,27.932900,0.000000
8572,2015,12,24,4,0.000000,0.000000,0.000000,29.849820,21.321300,0.000000
8573,2015,12,24,5,0.000000,0.000000,0.000000,15.802360,11.287400,0.000000
8574,2015,12,24,6,0.000000,0.000000,0.000000,7.514640,5.367600,0.000000
8575,2015,12,24,7,0.000000,0.000000,0.000000,2.449090,1.749350,0.000000
8576,2015,12,24,8,0.000000,0.000000,0.000000,2.272270,1.623050,0.000000
8577,2015,12,24,9,0.000000,0.000000,0.000000,4.859540,3.471100,0.000000
8578,2015,12,24,10,0.000000,0.000000,0.000000,7.274330,5.195950,0.000000
8579,2015,12,24,11,0.000000,0.000000,0.000000,8.918700,6.370500,0.000000
8580,2015,12,24,12,0.000000,0.000000,0.000000,11.251030,8.036450,0.000000
8581,2015,12,24,13,0.000000,0.000000,0.000000,13.882540,9.916100,0.000000
8582,2015,12,24,14,0.000000,0.000000,0.000000,10.541510,7.529650,0.000000
8583,2015,12,24,15,0.000000,0.000000,0.000000,11.657940,8.327100,0.000000
8584,2015,12,24,16,0.000000,0.000000,0.000000,11.979730,8.556950,0.000000
8585,2015,12,24,17,0.000000,0.000000,0.000000,11.911970,8.508550,0.000000
8586,2015,12,24,18,0.000000,0.000000,0.000000,11.467610,8.191150,0.000000
8587,2015,12,24,19,0.000000,0.000000,0.000000,6.048840,4.320600,0.000000
8588,2015,12,24,20,0.000000,0.000000,0.000000,1.164590,0.831850,0.000000
8589,2015,12,24,21,0.000000,0.000000,0.000000,6.113450,4.366750,0.000000
8590,2015,12,24,22,0.000000,0.000000,0.000000,7.363160,5.259400,0.000000
8591,2015,12,24,23,0.000000,0.000000,0.000000,8.632470,6.166050,0.000000
8592,2015,12,24,24,0.000000,0.000000,0.000000,8.344910,5.960650,0.000000
8593,2015,12,25,1,0.000000,0.000000,0.000000,15.068410,10.763150,0.000000
8594,2015,12,25,2,0.000000,0.000000,0.000000,20.360830,14.543450,0.000000
8595,2015,12,25,3,0.000000,0.000000,0.000000,21.188230,15.134450,0.000000
8596,2015,12,25,4,0.000000,0.000000,0.000000,21.220290,15.157350,0.000000
8597,2015,12,25,5,0.000000,0.000000,0.000000,21.678860,15.484900,0.000000
8598,2015,12,25,6,0.000000,0.000000,0.000000,21.088060,15.062900,0.000000
8599,2015,12,25,7,0.000000,0.000000,0.000000,23.083970,16.488550,0.000000
8600,2015,12,25,8,0.000000,0.000000,0.000000,15.621480,11.158200,0.000000
8601,2015,12,25,9,0.000000,0.000000,0.000000,8.470840,6.050600,0.000000
8602,2015,12,25,10,0.000000,0.000000,0.000000,5.387830,3.848450,0.000000
8603,2015,12,25,11,0.000000,0.000000,0.000000,2.314480,1.653200,0.000000
8604,2015,12,25,12,0.000000,0.000000,0.000000,1.606080,1.147200,0.000000
8605,2015,12,25,13,0.000000,0.000000,0.000000,0.000000,0.000000,0.000000
8606,2015,12,25,14,0.000000,0.000000,0.000000,0.697970,0.498550,0.000000
8607,2015,12,25,15,0.000000,0.000000,0.000000,3.063270,2.188050,0.000000
8608,2015,12,25,16,0.000000,0.000000,0.000000,1.902460,1.358900,0.000000
8609,2015,12,25,17,0.000000,0.000000,0.000000,0.589260,0.420900,0.000000
8610,2015,12,25,18,0.000000,0.000000,0.000000,0.000000,0.000000,0.000000
8611,2015,12,25,19,0.000000,0.000000,0.000000,0.000000,0.000000,0.000000
8612,2015,12,25,20,0.000000,0.000000,0.000000,0.000000,0.000000,0.000000
8613,2015,12,25,21,0.000000,0.000000,0.000000,0.000000,0.000000,0.000000
8614,2015,12,25,22,0.000000,0.000000,0.000000,1.585920,1.132800,0.000000
8615,2015,12,25,23,0.000000,0.000000,0.000000,4.277210,3.055150,0.000000
8616,2015,12,25,24,0.000000,0.000000,0.000000,7.101080,5.072200,0.000000
8617,2015,12,26,1,0.000000,0.000000,0.000000,9.670640,6.907600,0.000000
8618,2015,12,26,2,0.000000,0.000000,0.000000,12.349190,8.820850,0.000000
8619,2015,12,26,3,0.000000,0.000000,0.000000,16.325750,11.661250,0.000000
8620,2015,12,26,4,0.000000,0.000000,0.000000,20.394990,14.567850,0.000000
8621,2015,12,26,5,0.000000,0.000000,0.000000,24.853360,17.752400,0.000000
8622,2015,12,26,6,0.000000,0.000000,0.000000,18.983720,13.559800,0.000000
8623,2015,12,26,7,0.000000,0.000000,0.000000,15.933050,11.380750,0.000000
8624,2015,12,26,8,0.000000,0.000000,0.000000,11.709670,8.364050,0.000000
8625,2015,12,26,9,0.000000,0.000000,0.000000,6.968570,4.977550,0.000000
8626,2015,12,26,10,0.000000,0.000000,0.000000,6.627740,4.734100,0.000000
8627,2015,12,26,11,0.000000,0.000000,0.000000,4.887820,3.491300,0.000000
8628,2015,12,26,12,0.000000,0.000000,0.000000,4.776590,3.411850,0.000000
8629,2015,12,26,13,0.000000,0.000000,0.000000,4.782540,3.416100,0.000000
8630,2015,12,26,14,0.000000,0.000000,0.000000,4.462780,3.187700,0.000000
8631,2015,12,26,15,0.000000,0.000000,0.000000,4.429320,3.163800,0.000000
8632,2015,12,26,16,0.000000,0.000000,0.000000,3.487260,2.490900,0.000000
8633,2015,12,26,17,0.000000,0.000000,0.000000,5.348630,3.820450,0.000000
8634,2015,12,26,18,0.000000,0.000000,0.000000,5.124070,3.660050,0.000000
8635,2015,12,26,19,0.000000,0.000000,0.000000,5.866350,4.190250,0.000000
8636,2015,12,26,20,0.000000,0.000000,0.000000,1.352610,0.966150,0.000000
8637,2015,12,26,21,0.000000,0.000000,0.000000,5.133170,3.666550,0.000000
8638,2015,12,26,22,0.000000,0.000000,0.000000,4.564280,3.260200,0.000000
8639,2015,12,26,23,0.000000,0.000000,0.000000,1.535240,1.096600,0.000000
8640,2015,12,26,24,0.000000,0.000000,0.000000,3.616900,2.583500,0.000000
8641,2015,12,27,1,0.000000,0.000000,0.000000,11.799830,8.428450,0.000000
8642,2015,12,27,2,0.000000,0.000000,0.000000,12.858580,9.184700,0.000000
8643,2015,12,27,3,0.000000,0.000000,0.000000,16.193730,11.566950,0.000000
8644,2015,12,27,4,0.000000,0.000000,0.000000,15.198540,10.856100,0.000000
8645,2015,12,27,5,0.000000,0.000000,0.000000,15.102290,10.787350,0.000000
8646,2015,12,27,6,0.000000,0.000000,0.000000,13.300280,9.500200,0.000000
8647,2015,12,27,7,0.000000,0.000000,0.000000,10.015390,7.153850,0.000000
8648,2015,12,27,8,0.000000,0.000000,0.000000,6.635650,4.739750,0.000000
8649,2015,12,27,9,0.000000,0.000000,0.000000,3.037230,2.169450,0.000000
8650,2015,12,27,10,0.000000,0.000000,0.000000,4.016040,2.868600,0.000000
8651,2015,12,27,11,0.000000,0.000000,0.000000,1.675730,1.196950,0.000000
8652,2015,12,27,12,0.000000,0.000000,0.000000,0.000000,0.000000,0.000000
8653,2015,12,27,13,0.000000,0.000000,0.000000,0.000000,0.000000,0.000000
8654,2015,12,27,14,0.000000,0.000000,0.000000,0.893340,0.638100,0.000000
8655,2015,12,27,15,0.000000,0.000000,0.000000,1.764770,1.260550,0.000000
8656,2015,12,27,16,0.000000,0.000000,0.000000,2.321900,1.658500,0.000000
8657,2015,12,27,17,0.000000,0.000000,0.000000,2.657830,1.898450,0.000000
8658,2015,12,27,18,0.000000,0.000000,0.000000,1.874110,1.338650,0.000000
8659,2015,12,27,19,0.000000,0.000000,0.000000,0.448420,0.320300,0.000000
8660,2015,12,27,20,0.000000,0.000000,0.000000,0.000000,0.000000,0.000000
8661,2015,12,27,21,0.000000,0.000000,0.000000,0.000000,0.000000,0.000000
8662,2015,12,27,22,0.000000,0.000000,0.000000,0.000000,0.000000,0.000000
8663,2015,12,27,23,0.000000,0.000000,0.000000,0.000000,0.000000,0.000000
8664,2015,12,27,24,0.000000,0.000000,0.000000,2.026640,1.447600,0.000000
8665,2015,12,28,1,0.000000,0.000000,0.000000,5.164880,3.689200,0.000000
8666,2015,12,28,2,0.000000,0.000000,0.000000,9.673790,6.909850,0.000000
8667,2015,12,28,3,0.000000,0.000000,0.000000,14.636860,10.454900,0.000000
8668,2015,12,28,4,0.000000,0.000000,0.000000,18.000710,12.857650,0.000000
8669,2015,12,28,5,0.000000,0.000000,0.000000,17.938200,12.813000,0.000000
8670,2015,12,28,6,0.000000,0.000000,0.000000,16.977730,12.126950,0.000000
8671,2015,12,28,7,0.000000,0.000000,0.000000,15.946910,11.390650,0.000000
8672,2015,12,28,8,0.000000,0.000000,0.000000,7.209230,5.149450,0.000000
8673,2015,12,28,9,0.000000,0.000000,0.000000,3.211040,2.293600,0.000000
8674,2015,12,28,10,0.000000,0.000000,0.000000,0.628390,0.448850,0.000000
8675,2015,12,28,11,0.000000,0.000000,0.000000,0.000000,0.000000,0.000000
8676,2015,12,28,12,0.000000,0.000000,0.000000,1.052170,0.751550,0.000000
8677,2015,12,28,13,0.000000,0.000000,0.000000,2.736860,1.954900,0.000000
8678,2015,12,28,14,0.000000,0.000000,0.000000,5.738740,4.099100,0.000000
8679,2015,12,28,15,0.000000,0.000000,0.000000,7.196700,5.140500,0.000000
8680,2015,12,28,16,0.000000,0.000000,0.000000,7.720020,5.514300,0.000000
8681,2015,12,28,17,0.000000,0.000000,0.000000,7.327250,5.233750,0.000000
8682,2015,12,28,18,0.000000,0.000000,0.000000,5.270160,3.764400,0.000000
8683,2015,12,28,19,0.000000,0.000000,0.000000,5.561640,3.972600,0.000000
8684,2015,12,28,20,0.000000,0.000000,0.000000,0.000000,0.000000,0.000000
8685,2015,12,28,21,0.000000,0.000000,0.000000,0.714840,0.510600,0.000000
8686,2015,12,28,22,0.000000,0.000000,0.000000,0.997780,0.712700,0.000000
8687,2015,12,28,23,0.000000,0.000000,0.000000,3.581480,2.558200,0.000000
8688,2015,12,28,24,0.000000,0.000000,0.000000,5.039300,3.599500,0.000000
8689,2015,12,29,1,0.000000,0.000000,0.000000,8.702120,6.215800,0.000000
8690,2015,12,29,2,0.000000,0.000000,0.000000,11.381020,8.129300,0.000000
8691,2015,12,29,3,0.000000,0.000000,0.000000,18.411750,13.151250,0.000000
8692,2015,12,29,4,0.000000,0.000000,0.000000,15.047130,10.747950,0.000000
8693,2015,12,29,5,0.000000,0.000000,0.000000,14.920220,10.657300,0.000000
8694,2015,12,29,6,0.000000,0.000000,0.000000,14.678930,10.484950,0.000000
8695,2015,12,29,7,0.000000,0.000000,0.000000,12.260290,8.757350,0.000000
8696,2015,12,29,8,0.000000,0.000000,0.000000,9.385530,6.703950,0.000000
8697,2015,12,29,9,0.000000,0.000000,0.000000,4.624410,3.303150,0.000000
8698,2015,12,29,10,0.000000,0.000000,0.000000,1.386420,0.990300,0.000000
8699,2015,12,29,11,0.000000,0.000000,0.000000,2.184910,1.560650,0.000000
8700,2015,12,29,12,0.000000,0.000000,0.000000,2.071160,1.479400,0.000000
8701,2015,12,29,13,0.000000,0.000000,0.000000,5.229910,3.735650,0.000000
8702,2015,12,29,14,0.000000,0.000000,0.000000,6.369300,4.549500,0.000000
8703,2015,12,29,15,0.000000,0.000000,0.000000,9.720550,6.943250,0.000000
8704,2015,12,29,16,0.000000,0.000000,0.000000,13.584270,9.703050,0.000000
8705,2015,12,29,17,0.000000,0.000000,0.000000,17.150210,12.250150,0.000000
8706,2015,12,29,18,0.000000,0.000000,0.000000,22.771000,16.265000,0.000000
8707,2015,12,29,19,0.000000,0.000000,0.000000,29.146040,20.818600,0.000000
8708,2015,12,29,20,0.000000,0.000000,0.000000,22.263080,15.902200,0.000000
8709,2015,12,29,21,0.000000,0.000000,0.000000,19.557090,13.969350,0.000000
8710,2015,12,29,22,0.000000,0.000000,0.000000,17.868200,12.763000,0.000000
8711,2015,12,29,23,0.000000,0.000000,0.000000,15.790600,11.279000,0.000000
8712,2015,12,29,24,0.000000,0.000000,0.000000,8.216950,5.869250,0.000000
8713,2015,12,30,1,0.000000,0.000000,0.000000,4.053770,2.895550,0.000000
8714,2015,12,30,2,0.000000,0.000000,0.000000,2.353050,1.680750,0.000000
8715,2015,12,30,3,0.000000,0.000000,0.000000,5.800690,4.143350,0.000000
8716,2015,12,30,4,0.000000,0.000000,0.000000,13.690600,9.779000,0.000000
8717,2015,12,30,5,0.000000,0.000000,0.000000,24.989720,17.849800,0.000000
8718,2015,12,30,6,0.000000,0.000000,0.000000,51.080470,36.486050,0.000000
8719,2015,12,30,7,0.000000,0.000000,0.000000,55.015030,39.296450,0.000000
8720,2015,12,30,8,0.000000,0.000000,0.000000,40.869220,29.192300,0.000000
8721,2015,12,30,9,0.000000,0.000000,0.000000,28.778890,20.556350,0.000000
8722,2015,12,30,10,0.000000,0.000000,0.000000,26.526360,18.947400,0.000000
8723,2015,12,30,11,0.000000,0.000000,0.000000,30.101820,21.501300,0.000000
8724,2015,12,30,12,0.000000,0.000000,0.000000,33.875310,24.196650,0.000000
8725,2015,12,30,13,0.000000,0.000000,0.000000,39.231290,28.022350,0.000000
8726,2015,12,30,14,0.000000,0.000000,0.000000,42.088130,30.062950,0.000000
8727,2015,12,30,15,0.000000,0.000000,0.000000,38.689420,27.635300,0.000000
8728,2015,12,30,16,0.000000,0.000000,0.000000,46.341960,33.101400,0.000000
8729,2015,12,30,17,0.000000,0.000000,0.000000,53.905880,38.504200,0.000000
8730,2015,12,30,18,0.000000,0.000000,0.000000,58.751910,41.965650,0.000000
8731,2015,12,30,19,0.000000,0.000000,0.000000,61.356960,43.826400,0.000000
8732,2015,12,30,20,0.000000,0.000000,0.000000,62.169310,44.406650,0.000000
8733,2015,12,30,21,0.000000,0.000000,0.000000,64.534400,46.096000,0.000000
8734,2015,12,30,22,0.000000,0.000000,0.000000,64.592290,46.137350,0.000000
8735,2015,12,30,23,0.000000,0.000000,0.000000,63.561820,45.401300,0.000000
8736,2015,12,30,24,0.000000,0.000000,0.000000,56.513170,40.366550,0.000000
8737,2015,12,31,1,0.000000,0.000000,0.000000,47.016200,33.583000,0.000000
8738,2015,12,31,2,0.000000,0.000000,0.000000,40.167120,28.690800,0.000000
8739,2015,12,31,3,0.000000,0.000000,0.000000,37.048340,26.463100,0.000000
8740,2015,12,31,4,0.000000,0.000000,0.000000,32.822790,23.444850,0.000000
8741,2015,12,31,5,0.000000,0.000000,0.000000,31.973200,22.838000,0.000000
8742,2015,12,31,6,0.000000,0.000000,0.000000,27.201160,19.429400,0.000000
8743,2015,12,31,7,0.000000,0.000000,0.000000,22.450960,16.036400,0.000000
8744,2015,12,31,8,0.000000,0.000000,0.000000,20.692210,14.780150,0.000000
8745,2015,12,31,9,0.000000,0.000000,0.000000,10.065090,7.189350,0.000000
8746,2015,12,31,10,0.000000,0.000000,0.000000,17.076430,12.197450,0.000000
8747,2015,12,31,11,0.000000,0.000000,0.000000,44.970520,32.121800,0.000000
8748,2015,12,31,12,0.000000,0.000000,0.000000,24.464860,17.474900,0.000000
8749,2015,12,31,13,0.000000,0.000000,0.000000,21.597310,15.426650,0.000000
8750,2015,12,31,14,0.000000,0.000000,0.000000,16.566130,11.832950,0.000000
8751,2015,12,31,15,0.000000,0.000000,0.000000,15.840230,11.314450,0.000000
8752,2015,12,31,16,0.000000,0.000000,0.000000,12.660970,9.043550,0.000000
8753,2015,12,31,17,0.000000,0.000000,0.000000,9.586710,6.847650,0.000000
8754,2015,12,31,18,0.000000,0.000000,0.000000,8.340990,5.957850,0.000000
8755,2015,12,31,19,0.000000,0.000000,0.000000,5.626950,4.019250,0.000000
8756,2015,12,31,20,0.000000,0.000000,0.000000,7.724990,5.517850,0.000000
8757,2015,12,31,21,0.000000,0.000000,0.000000,9.397780,6.712700,0.000000
8758,2015,12,31,22,0.000000,0.000000,0.000000,13.582310,9.701650,0.000000
8759,2015,12,31,23,0.000000,0.000000,0.000000,16.629060,11.877900,0.000000
8760,2015,12,31,24,0.000000,0.000000,0.000000,17.466890,12.476350,0.000000
