hour,year,month,day,hour_of_day,bus1,bus2,bus3,bus4,bus5,bus6
1,2015,1,1,1,0.000000,0.000000,0.000000,88.243981,91.942221,134.917095
2,2015,1,1,2,0.000000,0.000000,0.000000,93.212861,96.440501,139.346134
3,2015,1,1,3,0.000000,0.000000,0.000000,82.422872,86.400112,128.457616
4,2015,1,1,4,0.000000,0.000000,0.000000,73.595372,78.865832,122.722643
5,2015,1,1,5,0.000000,0.000000,0.000000,71.749345,77.281365,121.481887
6,2015,1,1,6,0.000000,0.000000,0.000000,68.401286,74.886206,121.464674
7,2015,1,1,7,0.000000,0.000000,0.000000,73.038047,71.087367,122.114223
8,2015,1,1,8,0.000000,0.000000,0.000000,75.709162,57.541762,117.664349
9,2015,1,1,9,0.000000,0.000000,0.000000,86.122838,51.415118,115.261090
10,2015,1,1,10,0.000000,0.000000,0.000000,92.041847,43.290807,111.750942
11,2015,1,1,11,0.000000,0.000000,0.000000,89.162124,31.992384,105.840712
12,2015,1,1,12,0.000000,0.000000,0.000000,86.569277,23.256297,100.781796
13,2015,1,1,13,0.000000,0.000000,0.000000,77.881296,14.504816,95.668154
14,2015,1,1,14,0.000000,0.000000,0.000000,70.860952,10.483452,93.536270
15,2015,1,1,15,0.000000,0.000000,0.000000,67.762214,14.757914,96.746219
16,2015,1,1,16,0.000000,0.000000,0.000000,70.629302,27.294702,105.094269
17,2015,1,1,17,0.000000,0.000000,0.000000,81.941319,49.634979,117.508839
18,2015,1,1,18,0.000000,0.000000,0.000000,84.094661,66.050781,126.038108
19,2015,1,1,19,0.000000,0.000000,0.000000,78.997486,78.353426,132.774368
20,2015,1,1,20,0.000000,0.000000,0.000000,90.256685,93.592825,135.910901
21,2015,1,1,21,0.000000,0.000000,0.000000,95.848368,98.036608,138.009611
22,2015,1,1,22,0.000000,0.000000,0.000000,94.865902,96.000322,131.781830
23,2015,1,1,23,0.000000,0.000000,0.000000,91.027974,91.979874,125.812832
24,2015,1,1,24,0.000000,0.000000,0.000000,94.387646,95.258386,129.913647
25,2015,1,2,1,0.000000,0.000000,0.000000,82.766038,86.367818,127.163025
26,2015,1,2,2,0.000000,0.000000,0.000000,84.501323,88.609303,131.839004
27,2015,1,2,3,0.000000,0.000000,0.000000,76.644778,81.308358,123.956411
28,2015,1,2,4,0.000000,0.000000,0.000000,74.821447,79.497667,121.584289
29,2015,1,2,5,0.000000,0.000000,0.000000,76.586661,81.143101,123.378934
30,2015,1,2,6,0.000000,0.000000,0.000000,89.348493,92.272553,132.776938
31,2015,1,2,7,0.000000,0.000000,0.000000,104.189711,98.096591,144.318388
32,2015,1,2,8,0.000000,0.000000,0.000000,111.693028,89.475008,146.739943
33,2015,1,2,9,0.000000,0.000000,0.000000,119.665282,82.703042,149.463256
34,2015,1,2,10,0.000000,0.000000,0.000000,128.204050,77.402130,150.396441
35,2015,1,2,11,0.000000,0.000000,0.000000,134.170243,74.457423,153.983831
36,2015,1,2,12,0.000000,0.000000,0.000000,136.320514,70.732294,156.498992
37,2015,1,2,13,0.000000,0.000000,0.000000,138.519718,71.595678,159.964103
38,2015,1,2,14,0.000000,0.000000,0.000000,138.526814,73.394374,161.567699
39,2015,1,2,15,0.000000,0.000000,0.000000,143.969213,84.655853,168.913271
40,2015,1,2,16,0.000000,0.000000,0.000000,152.213281,101.997621,181.761295
41,2015,1,2,17,0.000000,0.000000,0.000000,159.310093,121.710093,195.963457
42,2015,1,2,18,0.000000,0.000000,0.000000,156.742513,134.007793,201.011324
43,2015,1,2,19,0.000000,0.000000,0.000000,149.380724,143.537084,202.353979
44,2015,1,2,20,0.000000,0.000000,0.000000,141.834715,143.387715,196.360287
45,2015,1,2,21,0.000000,0.000000,0.000000,124.198754,128.740754,186.794339
46,2015,1,2,22,0.000000,0.000000,0.000000,97.004666,105.579406,169.355008
47,2015,1,2,23,0.000000,0.000000,0.000000,69.749519,82.840659,154.091345
48,2015,1,2,24,0.000000,0.000000,0.000000,55.971405,72.356165,151.090753
49,2015,1,3,1,0.000000,0.000000,0.000000,24.449407,43.195827,120.082503
50,2015,1,3,2,0.000000,0.000000,0.000000,24.221145,43.626905,122.855074
51,2015,1,3,3,0.000000,0.000000,0.000000,17.508996,37.189016,115.185422
52,2015,1,3,4,0.000000,0.000000,0.000000,12.515609,32.159689,108.359851
53,2015,1,3,5,0.000000,0.000000,0.000000,11.438542,31.159502,107.282536
54,2015,1,3,6,0.000000,0.000000,0.000000,13.503242,33.261542,110.209723
55,2015,1,3,7,0.000000,0.000000,0.000000,16.754912,28.624992,111.566923
56,2015,1,3,8,0.000000,0.000000,0.000000,19.745199,15.520079,108.109705
57,2015,1,3,9,0.000000,0.000000,0.000000,26.937711,7.189291,106.157655
58,2015,1,3,10,0.000000,0.000000,0.000000,47.885764,9.500744,101.250925
59,2015,1,3,11,0.000000,0.000000,0.000000,58.119995,7.782775,96.336301
60,2015,1,3,12,0.000000,0.000000,0.000000,67.342758,7.344658,90.615878
61,2015,1,3,13,0.000000,0.000000,0.000000,76.608257,11.711377,86.875570
62,2015,1,3,14,0.000000,0.000000,0.000000,74.922440,11.525940,84.862920
63,2015,1,3,15,0.000000,0.000000,0.000000,66.957465,12.243785,87.696113
64,2015,1,3,16,0.000000,0.000000,0.000000,67.570857,23.019597,95.338596
65,2015,1,3,17,0.000000,0.000000,0.000000,75.844392,42.748092,105.693123
66,2015,1,3,18,0.000000,0.000000,0.000000,77.957009,59.282249,114.910465
67,2015,1,3,19,0.000000,0.000000,0.000000,78.494067,75.718947,122.158196
68,2015,1,3,20,0.000000,0.000000,0.000000,77.626349,82.728449,127.311599
69,2015,1,3,21,0.000000,0.000000,0.000000,75.491736,82.122456,131.599007
70,2015,1,3,22,0.000000,0.000000,0.000000,70.072325,77.369325,127.482433
71,2015,1,3,23,0.000000,0.000000,0.000000,56.921458,67.037578,123.103838
72,2015,1,3,24,0.000000,0.000000,0.000000,62.075761,71.328241,125.945921
73,2015,1,4,1,0.000000,0.000000,0.000000,54.254897,63.932777,117.503302
74,2015,1,4,2,0.000000,0.000000,0.000000,59.338578,68.595518,122.317158
75,2015,1,4,3,0.000000,0.000000,0.000000,56.962344,65.405324,115.350365
76,2015,1,4,4,0.000000,0.000000,0.000000,54.622566,62.336386,108.827914
77,2015,1,4,5,0.000000,0.000000,0.000000,57.680673,64.549433,108.961778
78,2015,1,4,6,0.000000,0.000000,0.000000,63.619647,69.127847,110.531129
79,2015,1,4,7,0.000000,0.000000,0.000000,70.106060,66.797820,111.869626
80,2015,1,4,8,0.000000,0.000000,0.000000,78.741091,57.278851,106.331001
81,2015,1,4,9,0.000000,0.000000,0.000000,86.581925,49.533365,104.949287
82,2015,1,4,10,0.000000,0.000000,0.000000,90.322669,40.062269,102.415026
83,2015,1,4,11,0.000000,0.000000,0.000000,93.280410,33.402150,98.692000
84,2015,1,4,12,0.000000,0.000000,0.000000,89.913252,23.738552,91.885736
85,2015,1,4,13,0.000000,0.000000,0.000000,87.051231,19.484151,88.338601
86,2015,1,4,14,0.000000,0.000000,0.000000,85.250059,19.388279,87.128439
87,2015,1,4,15,0.000000,0.000000,0.000000,84.875563,25.664503,90.599138
88,2015,1,4,16,0.000000,0.000000,0.000000,83.666665,35.159665,98.339553
89,2015,1,4,17,0.000000,0.000000,0.000000,87.216281,51.731461,109.709215
90,2015,1,4,18,0.000000,0.000000,0.000000,93.228542,71.411762,120.609749
91,2015,1,4,19,0.000000,0.000000,0.000000,95.124421,89.206961,129.667749
92,2015,1,4,20,0.000000,0.000000,0.000000,100.193175,100.444055,134.761674
93,2015,1,4,21,0.000000,0.000000,0.000000,104.896183,105.120923,140.910364
94,2015,1,4,22,0.000000,0.000000,0.000000,101.063339,101.395419,136.300825
95,2015,1,4,23,0.000000,0.000000,0.000000,98.907537,98.907537,131.876716
96,2015,1,4,24,0.000000,0.000000,0.000000,100.362557,100.641617,135.119022
97,2015,1,5,1,0.000000,0.000000,0.000000,93.655987,94.580347,129.188330
98,2015,1,5,2,0.000000,0.000000,0.000000,97.041164,98.488084,136.140512
99,2015,1,5,3,0.000000,0.000000,0.000000,85.778827,88.919967,129.030422
100,2015,1,5,4,0.000000,0.000000,0.000000,80.816205,84.475945,124.833726
101,2015,1,5,5,0.000000,0.000000,0.000000,78.717848,83.479328,127.177371
102,2015,1,5,6,0.000000,0.000000,0.000000,82.140508,87.420748,134.161797
103,2015,1,5,7,0.000000,0.000000,0.000000,93.184335,90.372655,144.957941
104,2015,1,5,8,0.000000,0.000000,0.000000,94.452221,76.568241,143.977721
105,2015,1,5,9,0.000000,0.000000,0.000000,104.539491,70.239471,141.719228
106,2015,1,5,10,0.000000,0.000000,0.000000,108.724188,60.053828,134.370571
107,2015,1,5,11,0.000000,0.000000,0.000000,108.187088,50.506208,128.822011
108,2015,1,5,12,0.000000,0.000000,0.000000,102.080850,39.049390,122.777653
109,2015,1,5,13,0.000000,0.000000,0.000000,96.442600,33.207400,121.075867
110,2015,1,5,14,0.000000,0.000000,0.000000,94.811054,33.661594,121.867258
111,2015,1,5,15,0.000000,0.000000,0.000000,95.991777,41.442217,127.174423
112,2015,1,5,16,0.000000,0.000000,0.000000,97.609819,53.530159,137.591345
113,2015,1,5,17,0.000000,0.000000,0.000000,105.330612,72.726952,147.307070
114,2015,1,5,18,0.000000,0.000000,0.000000,106.713471,87.406551,150.302334
115,2015,1,5,19,0.000000,0.000000,0.000000,111.521325,105.640225,151.699967
116,2015,1,5,20,0.000000,0.000000,0.000000,110.625563,111.100983,149.719377
117,2015,1,5,21,0.000000,0.000000,0.000000,109.448848,110.487228,150.777571
118,2015,1,5,22,0.000000,0.000000,0.000000,100.681821,102.330681,141.937108
119,2015,1,5,23,0.000000,0.000000,0.000000,88.777320,92.219100,134.431401
120,2015,1,5,24,0.000000,0.000000,0.000000,87.821877,92.287897,137.937262
121,2015,1,6,1,0.000000,0.000000,0.000000,76.231777,82.258497,129.767063
122,2015,1,6,2,0.000000,0.000000,0.000000,72.064331,80.327691,134.648122
123,2015,1,6,3,0.000000,0.000000,0.000000,52.969681,64.955721,126.561095
124,2015,1,6,4,0.000000,0.000000,0.000000,46.072749,59.194949,122.667265
125,2015,1,6,5,0.000000,0.000000,0.000000,44.688812,58.667492,124.818922
126,2015,1,6,6,0.000000,0.000000,0.000000,48.603239,62.792559,131.021145
127,2015,1,6,7,0.000000,0.000000,0.000000,71.098091,73.839231,141.422774
128,2015,1,6,8,0.000000,0.000000,0.000000,93.305404,75.464024,142.647432
129,2015,1,6,9,0.000000,0.000000,0.000000,110.389726,74.997486,144.422514
130,2015,1,6,10,0.000000,0.000000,0.000000,121.391315,70.676015,141.717019
131,2015,1,6,11,0.000000,0.000000,0.000000,123.417076,63.613096,139.220861
132,2015,1,6,12,0.000000,0.000000,0.000000,123.270142,57.042602,136.115003
133,2015,1,6,13,0.000000,0.000000,0.000000,121.541531,54.158871,135.186295
134,2015,1,6,14,0.000000,0.000000,0.000000,119.281981,54.149721,135.908761
135,2015,1,6,15,0.000000,0.000000,0.000000,121.548605,62.569225,140.577701
136,2015,1,6,16,0.000000,0.000000,0.000000,123.522223,74.274103,148.021737
137,2015,1,6,17,0.000000,0.000000,0.000000,124.223959,87.392439,152.768185
138,2015,1,6,18,0.000000,0.000000,0.000000,117.295694,94.811374,149.584099
139,2015,1,6,19,0.000000,0.000000,0.000000,109.186589,103.204789,148.117052
140,2015,1,6,20,0.000000,0.000000,0.000000,108.105600,108.377620,145.410227
141,2015,1,6,21,0.000000,0.000000,0.000000,106.912514,107.584214,145.684619
142,2015,1,6,22,0.000000,0.000000,0.000000,91.889555,95.151215,137.740487
143,2015,1,6,23,0.000000,0.000000,0.000000,83.764543,87.821943,130.620591
144,2015,1,6,24,0.000000,0.000000,0.000000,83.440612,88.439252,134.581136
145,2015,1,7,1,0.000000,0.000000,0.000000,72.733633,78.951453,125.994671
146,2015,1,7,2,0.000000,0.000000,0.000000,71.828580,79.223400,130.280600
147,2015,1,7,3,0.000000,0.000000,0.000000,63.255892,71.435072,122.510696
148,2015,1,7,4,0.000000,0.000000,0.000000,54.473325,64.440825,119.146100
149,2015,1,7,5,0.000000,0.000000,0.000000,48.931064,60.835664,120.796219
150,2015,1,7,6,0.000000,0.000000,0.000000,55.346727,66.906667,127.742023
151,2015,1,7,7,0.000000,0.000000,0.000000,72.973867,74.510907,138.304675
152,2015,1,7,8,0.000000,0.000000,0.000000,89.737589,71.767689,137.290585
153,2015,1,7,9,0.000000,0.000000,0.000000,105.977579,69.975259,135.692612
154,2015,1,7,10,0.000000,0.000000,0.000000,109.022908,59.746668,131.941424
155,2015,1,7,11,0.000000,0.000000,0.000000,110.059362,51.866542,128.929323
156,2015,1,7,12,0.000000,0.000000,0.000000,109.979351,45.379031,125.987641
157,2015,1,7,13,0.000000,0.000000,0.000000,109.928911,43.407171,123.720428
158,2015,1,7,14,0.000000,0.000000,0.000000,110.695828,45.258948,123.038997
159,2015,1,7,15,0.000000,0.000000,0.000000,111.214675,52.154255,126.420940
160,2015,1,7,16,0.000000,0.000000,0.000000,113.062223,63.614563,133.143884
161,2015,1,7,17,0.000000,0.000000,0.000000,114.224957,77.248957,138.761942
162,2015,1,7,18,0.000000,0.000000,0.000000,112.022977,88.822977,139.213970
163,2015,1,7,19,0.000000,0.000000,0.000000,106.039456,99.071996,139.321128
164,2015,1,7,20,0.000000,0.000000,0.000000,104.990448,104.990448,139.987264
165,2015,1,7,21,0.000000,0.000000,0.000000,106.980681,106.980681,142.640908
166,2015,1,7,22,0.000000,0.000000,0.000000,100.822880,101.023840,135.368320
167,2015,1,7,23,0.000000,0.000000,0.000000,94.124691,94.800171,128.651828
168,2015,1,7,24,0.000000,0.000000,0.000000,93.848931,95.852771,134.483161
169,2015,1,8,1,0.000000,0.000000,0.000000,81.650461,85.348701,126.125735
170,2015,1,8,2,0.000000,0.000000,0.000000,86.589821,89.817461,130.515414
171,2015,1,8,3,0.000000,0.000000,0.000000,77.036792,81.014032,121.276176
172,2015,1,8,4,0.000000,0.000000,0.000000,70.051772,75.322232,117.997843
173,2015,1,8,5,0.000000,0.000000,0.000000,70.708945,76.240965,120.094687
174,2015,1,8,6,0.000000,0.000000,0.000000,73.072166,79.557086,127.692514
175,2015,1,8,7,0.000000,0.000000,0.000000,87.145967,85.195287,140.924783
176,2015,1,8,8,0.000000,0.000000,0.000000,94.619482,76.452082,142.878109
177,2015,1,8,9,0.000000,0.000000,0.000000,106.541318,71.833598,142.485730
178,2015,1,8,10,0.000000,0.000000,0.000000,112.380887,63.629847,138.869662
179,2015,1,8,11,0.000000,0.000000,0.000000,109.679484,52.509744,133.197192
180,2015,1,8,12,0.000000,0.000000,0.000000,107.749277,44.436297,129.021796
181,2015,1,8,13,0.000000,0.000000,0.000000,100.774656,37.398176,126.192634
182,2015,1,8,14,0.000000,0.000000,0.000000,95.120872,34.743372,125.882830
183,2015,1,8,15,0.000000,0.000000,0.000000,93.149414,40.145114,130.595819
184,2015,1,8,16,0.000000,0.000000,0.000000,95.925782,52.591182,138.822909
185,2015,1,8,17,0.000000,0.000000,0.000000,104.186919,71.880579,147.169639
186,2015,1,8,18,0.000000,0.000000,0.000000,101.921141,83.877261,149.806748
187,2015,1,8,19,0.000000,0.000000,0.000000,92.406526,91.762466,150.653088
188,2015,1,8,20,0.000000,0.000000,0.000000,99.380765,102.716905,148.076341
189,2015,1,8,21,0.000000,0.000000,0.000000,102.940128,105.128368,147.465291
190,2015,1,8,22,0.000000,0.000000,0.000000,101.718862,102.853282,140.919110
191,2015,1,8,23,0.000000,0.000000,0.000000,97.305894,98.257794,134.183392
192,2015,1,8,24,0.000000,0.000000,0.000000,99.197006,100.067746,136.326127
193,2015,1,9,1,0.000000,0.000000,0.000000,92.324188,93.195068,127.163025
194,2015,1,9,2,0.000000,0.000000,0.000000,96.360233,97.079953,131.839004
195,2015,1,9,3,0.000000,0.000000,0.000000,88.692268,89.913708,123.956411
196,2015,1,9,4,0.000000,0.000000,0.000000,80.440487,83.511267,121.584289
197,2015,1,9,5,0.000000,0.000000,0.000000,84.072531,86.490151,123.378934
198,2015,1,9,6,0.000000,0.000000,0.000000,88.252853,91.489953,132.776938
199,2015,1,9,7,0.000000,0.000000,0.000000,105.360111,98.932591,144.318388
200,2015,1,9,8,0.000000,0.000000,0.000000,115.595358,92.262318,146.739623
201,2015,1,9,9,0.000000,0.000000,0.000000,117.608532,81.234072,149.463896
202,2015,1,9,10,0.000000,0.000000,0.000000,115.638050,68.426690,150.397721
203,2015,1,9,11,0.000000,0.000000,0.000000,114.285843,60.254623,153.985431
204,2015,1,9,12,0.000000,0.000000,0.000000,112.189144,53.495944,156.500592
205,2015,1,9,13,0.000000,0.000000,0.000000,108.243188,49.969928,159.965703
206,2015,1,9,14,0.000000,0.000000,0.000000,104.273284,48.927224,161.566099
207,2015,1,9,15,0.000000,0.000000,0.000000,107.394253,58.531293,168.915191
208,2015,1,9,16,0.000000,0.000000,0.000000,119.897391,78.914431,181.759375
209,2015,1,9,17,0.000000,0.000000,0.000000,120.290033,93.839033,195.965377
210,2015,1,9,18,0.000000,0.000000,0.000000,117.616513,106.060993,201.012924
211,2015,1,9,19,0.000000,0.000000,0.000000,104.847204,111.727084,202.352379
212,2015,1,9,20,0.000000,0.000000,0.000000,101.291445,114.427825,196.358367
213,2015,1,9,21,0.000000,0.000000,0.000000,87.397104,102.454204,186.795939
214,2015,1,9,22,0.000000,0.000000,0.000000,68.525186,85.237126,169.355968
215,2015,1,9,23,0.000000,0.000000,0.000000,55.546979,72.695919,154.091025
216,2015,1,9,24,0.000000,0.000000,0.000000,62.928395,77.325375,151.090433
217,2015,1,10,1,0.000000,0.000000,0.000000,55.527337,68.956977,136.708103
218,2015,1,10,2,0.000000,0.000000,0.000000,54.305325,68.351765,137.957154
219,2015,1,10,3,0.000000,0.000000,0.000000,44.248606,58.599046,125.966862
220,2015,1,10,4,0.000000,0.000000,0.000000,45.856759,58.946339,122.227051
221,2015,1,10,5,0.000000,0.000000,0.000000,52.198752,63.802212,123.747816
222,2015,1,10,6,0.000000,0.000000,0.000000,60.333332,69.901412,125.095483
223,2015,1,10,7,0.000000,0.000000,0.000000,72.796262,72.587922,129.922763
224,2015,1,10,8,0.000000,0.000000,0.000000,90.032349,71.559929,135.338505
225,2015,1,10,9,0.000000,0.000000,0.000000,114.159171,77.750311,144.704215
226,2015,1,10,10,0.000000,0.000000,0.000000,126.701154,76.654434,151.916845
227,2015,1,10,11,0.000000,0.000000,0.000000,134.071885,75.093005,157.277741
228,2015,1,10,12,0.000000,0.000000,0.000000,132.959958,68.169058,155.739078
229,2015,1,10,13,0.000000,0.000000,0.000000,133.142127,66.873147,155.850930
230,2015,1,10,14,0.000000,0.000000,0.000000,137.950500,71.745800,155.795400
231,2015,1,10,15,0.000000,0.000000,0.000000,138.702385,78.939505,159.793073
232,2015,1,10,16,0.000000,0.000000,0.000000,137.052457,87.639437,165.292516
233,2015,1,10,17,0.000000,0.000000,0.000000,137.586642,100.840602,170.984003
234,2015,1,10,18,0.000000,0.000000,0.000000,137.235419,114.559079,175.274305
235,2015,1,10,19,0.000000,0.000000,0.000000,131.091527,124.099327,172.608436
236,2015,1,10,20,0.000000,0.000000,0.000000,123.926579,123.926579,165.235439
237,2015,1,10,21,0.000000,0.000000,0.000000,120.496776,120.496776,160.662367
238,2015,1,10,22,0.000000,0.000000,0.000000,113.541985,113.541985,151.389313
239,2015,1,10,23,0.000000,0.000000,0.000000,105.338168,105.807708,142.642078
240,2015,1,10,24,0.000000,0.000000,0.000000,105.780691,106.116151,142.606401
241,2015,1,11,1,0.000000,0.000000,0.000000,95.477392,96.346032,131.356843
242,2015,1,11,2,0.000000,0.000000,0.000000,92.719494,94.929754,133.940538
243,2015,1,11,3,0.000000,0.000000,0.000000,79.855024,83.221144,122.181926
244,2015,1,11,4,0.000000,0.000000,0.000000,71.664280,76.495920,118.100026
245,2015,1,11,5,0.000000,0.000000,0.000000,73.095116,77.794356,119.389941
246,2015,1,11,6,0.000000,0.000000,0.000000,67.296536,73.411836,118.266781
247,2015,1,11,7,0.000000,0.000000,0.000000,70.139889,68.246149,118.515732
248,2015,1,11,8,0.000000,0.000000,0.000000,73.628876,56.236796,118.508794
249,2015,1,11,9,0.000000,0.000000,0.000000,82.225533,50.038233,121.826645
250,2015,1,11,10,0.000000,0.000000,0.000000,87.482726,42.725326,124.309101
251,2015,1,11,11,0.000000,0.000000,0.000000,87.801595,35.563595,127.041460
252,2015,1,11,12,0.000000,0.000000,0.000000,83.937913,27.222193,128.060524
253,2015,1,11,13,0.000000,0.000000,0.000000,81.470176,24.544336,130.556315
254,2015,1,11,14,0.000000,0.000000,0.000000,83.527021,28.654421,136.113895
255,2015,1,11,15,0.000000,0.000000,0.000000,93.096591,43.510071,146.475028
256,2015,1,11,16,0.000000,0.000000,0.000000,102.835795,61.631915,157.979620
257,2015,1,11,17,0.000000,0.000000,0.000000,112.820315,83.189615,171.167153
258,2015,1,11,18,0.000000,0.000000,0.000000,120.012773,103.666293,181.850123
259,2015,1,11,19,0.000000,0.000000,0.000000,117.171559,117.004979,185.901373
260,2015,1,11,20,0.000000,0.000000,0.000000,124.539288,127.732268,180.952957
261,2015,1,11,21,0.000000,0.000000,0.000000,125.530472,127.636952,177.204203
262,2015,1,11,22,0.000000,0.000000,0.000000,113.250546,115.461206,161.317142
263,2015,1,11,23,0.000000,0.000000,0.000000,104.779935,106.239295,146.516926
264,2015,1,11,24,0.000000,0.000000,0.000000,104.822433,105.725293,143.976590
265,2015,1,12,1,0.000000,0.000000,0.000000,95.857201,96.961021,132.960761
266,2015,1,12,2,0.000000,0.000000,0.000000,98.126398,99.685218,138.109691
267,2015,1,12,3,0.000000,0.000000,0.000000,91.145469,92.853109,129.496278
268,2015,1,12,4,0.000000,0.000000,0.000000,90.167329,91.432869,126.128958
269,2015,1,12,5,0.000000,0.000000,0.000000,85.752804,89.216584,130.501379
270,2015,1,12,6,0.000000,0.000000,0.000000,66.720577,78.363677,143.295236
271,2015,1,12,7,0.000000,0.000000,0.000000,81.083825,84.909345,159.797527
272,2015,1,12,8,0.000000,0.000000,0.000000,100.924543,86.354463,168.072351
273,2015,1,12,9,0.000000,0.000000,0.000000,116.922318,87.808218,182.430624
274,2015,1,12,10,0.000000,0.000000,0.000000,117.336249,78.418389,191.364985
275,2015,1,12,11,0.000000,0.000000,0.000000,115.983476,71.754596,201.993195
276,2015,1,12,12,0.000000,0.000000,0.000000,124.850999,74.616819,212.858492
277,2015,1,12,13,0.000000,0.000000,0.000000,132.100028,79.865128,219.953837
278,2015,1,12,14,0.000000,0.000000,0.000000,140.252701,88.527361,226.435348
279,2015,1,12,15,0.000000,0.000000,0.000000,137.677935,92.971895,228.692394
280,2015,1,12,16,0.000000,0.000000,0.000000,154.143012,114.978652,235.907002
281,2015,1,12,17,0.000000,0.000000,0.000000,154.379858,127.465358,239.255477
282,2015,1,12,18,0.000000,0.000000,0.000000,161.925830,146.902930,243.910907
283,2015,1,12,19,0.000000,0.000000,0.000000,165.902944,164.699144,246.036193
284,2015,1,12,20,0.000000,0.000000,0.000000,173.771663,176.150903,242.798671
285,2015,1,12,21,0.000000,0.000000,0.000000,172.180343,173.367423,235.113497
286,2015,1,12,22,0.000000,0.000000,0.000000,159.551849,160.051029,215.065306
287,2015,1,12,23,0.000000,0.000000,0.000000,138.875613,139.852033,189.724111
288,2015,1,12,24,0.000000,0.000000,0.000000,132.166880,133.381080,181.888773
289,2015,1,13,1,0.000000,0.000000,0.000000,114.497873,117.272873,165.613831
290,2015,1,13,2,0.000000,0.000000,0.000000,94.840317,103.799617,168.263823
291,2015,1,13,3,0.000000,0.000000,0.000000,73.519500,85.961340,156.087920
292,2015,1,13,4,0.000000,0.000000,0.000000,58.800052,74.784352,152.993469
293,2015,1,13,5,0.000000,0.000000,0.000000,77.029538,88.741938,157.363917
294,2015,1,13,6,0.000000,0.000000,0.000000,82.376362,95.818862,172.566816
295,2015,1,13,7,0.000000,0.000000,0.000000,94.783467,102.353607,195.538609
296,2015,1,13,8,0.000000,0.000000,0.000000,93.147847,88.907347,205.908130
297,2015,1,13,9,0.000000,0.000000,0.000000,104.456182,84.728602,209.612869
298,2015,1,13,10,0.000000,0.000000,0.000000,139.241604,97.920784,209.358312
299,2015,1,13,11,0.000000,0.000000,0.000000,150.174026,97.597286,208.623915
300,2015,1,13,12,0.000000,0.000000,0.000000,154.294905,94.420705,207.130273
301,2015,1,13,13,0.000000,0.000000,0.000000,161.319629,98.134209,207.810879
302,2015,1,13,14,0.000000,0.000000,0.000000,167.650558,104.841238,211.240584
303,2015,1,13,15,0.000000,0.000000,0.000000,167.055481,109.137021,206.204494
304,2015,1,13,16,0.000000,0.000000,0.000000,153.507248,104.843208,190.727477
305,2015,1,13,17,0.000000,0.000000,0.000000,145.091424,108.495864,181.692619
306,2015,1,13,18,0.000000,0.000000,0.000000,134.644220,112.303400,173.385134
307,2015,1,13,19,0.000000,0.000000,0.000000,125.732903,119.749103,170.169470
308,2015,1,13,20,0.000000,0.000000,0.000000,122.575408,123.909268,169.658558
309,2015,1,13,21,0.000000,0.000000,0.000000,113.502430,116.224490,164.039521
310,2015,1,13,22,0.000000,0.000000,0.000000,100.574067,104.359727,151.765169
311,2015,1,13,23,0.000000,0.000000,0.000000,90.573988,95.212788,142.413050
312,2015,1,13,24,0.000000,0.000000,0.000000,88.957871,94.665171,145.244561
313,2015,1,14,1,0.000000,0.000000,0.000000,76.412325,83.949825,137.058099
314,2015,1,14,2,0.000000,0.000000,0.000000,68.014933,79.133633,142.573844
315,2015,1,14,3,0.000000,0.000000,0.000000,53.203156,66.408396,132.561995
316,2015,1,14,4,0.000000,0.000000,0.000000,45.315137,60.511897,131.338396
317,2015,1,14,5,0.000000,0.000000,0.000000,50.428793,65.136693,135.875257
318,2015,1,14,6,0.000000,0.000000,0.000000,63.205922,76.530162,146.454349
319,2015,1,14,7,0.000000,0.000000,0.000000,89.737078,91.255058,160.566677
320,2015,1,14,8,0.000000,0.000000,0.000000,108.670548,90.360328,160.946371
321,2015,1,14,9,0.000000,0.000000,0.000000,119.774536,83.786336,154.154448
322,2015,1,14,10,0.000000,0.000000,0.000000,120.453277,71.002097,146.365529
323,2015,1,14,11,0.000000,0.000000,0.000000,120.631856,61.842876,140.243901
324,2015,1,14,12,0.000000,0.000000,0.000000,117.354008,52.260848,133.520597
325,2015,1,14,13,0.000000,0.000000,0.000000,115.663093,48.475833,128.260244
326,2015,1,14,14,0.000000,0.000000,0.000000,115.227345,49.343145,126.993526
327,2015,1,14,15,0.000000,0.000000,0.000000,114.566432,54.861552,127.882470
328,2015,1,14,16,0.000000,0.000000,0.000000,115.109575,65.049135,133.014047
329,2015,1,14,17,0.000000,0.000000,0.000000,113.454829,77.105889,140.661386
330,2015,1,14,18,0.000000,0.000000,0.000000,112.142219,89.586859,142.381279
331,2015,1,14,19,0.000000,0.000000,0.000000,109.869588,102.875528,144.303838
332,2015,1,14,20,0.000000,0.000000,0.000000,109.474312,109.474312,145.965749
333,2015,1,14,21,0.000000,0.000000,0.000000,111.652791,111.652791,148.870389
334,2015,1,14,22,0.000000,0.000000,0.000000,106.279835,106.279835,141.706447
335,2015,1,14,23,0.000000,0.000000,0.000000,101.477686,101.670806,136.204808
336,2015,1,14,24,0.000000,0.000000,0.000000,104.345975,105.082235,142.563846
337,2015,1,15,1,0.000000,0.000000,0.000000,95.864968,97.770888,136.714250
338,2015,1,15,2,0.000000,0.000000,0.000000,91.253687,95.778367,142.786756
339,2015,1,15,3,0.000000,0.000000,0.000000,73.457416,81.173796,133.952994
340,2015,1,15,4,0.000000,0.000000,0.000000,68.533932,76.856112,130.215416
341,2015,1,15,5,0.000000,0.000000,0.000000,79.362237,85.431097,134.137663
342,2015,1,15,6,0.000000,0.000000,0.000000,88.023126,93.309866,142.035622
343,2015,1,15,7,0.000000,0.000000,0.000000,101.041069,97.816329,153.505972
344,2015,1,15,8,0.000000,0.000000,0.000000,109.767681,89.951141,155.379721
345,2015,1,15,9,0.000000,0.000000,0.000000,118.182100,82.087820,151.536160
346,2015,1,15,10,0.000000,0.000000,0.000000,121.856568,72.087368,146.752490
347,2015,1,15,11,0.000000,0.000000,0.000000,122.288203,63.477103,142.349138
348,2015,1,15,12,0.000000,0.000000,0.000000,120.737234,55.370914,136.756819
349,2015,1,15,13,0.000000,0.000000,0.000000,117.370860,50.227480,130.742039
350,2015,1,15,14,0.000000,0.000000,0.000000,118.120227,52.743747,133.220062
351,2015,1,15,15,0.000000,0.000000,0.000000,117.407038,58.522018,135.495958
352,2015,1,15,16,0.000000,0.000000,0.000000,118.395677,69.197677,141.420236
353,2015,1,15,17,0.000000,0.000000,0.000000,118.090246,81.966546,147.893061
354,2015,1,15,18,0.000000,0.000000,0.000000,113.674318,92.429418,150.539557
355,2015,1,15,19,0.000000,0.000000,0.000000,109.227416,103.975936,151.579648
356,2015,1,15,20,0.000000,0.000000,0.000000,109.818249,110.602989,150.086452
357,2015,1,15,21,0.000000,0.000000,0.000000,104.723355,107.217015,151.268220
358,2015,1,15,22,0.000000,0.000000,0.000000,96.913691,99.607611,141.789881
359,2015,1,15,23,0.000000,0.000000,0.000000,93.666312,95.639532,134.096776
360,2015,1,15,24,0.000000,0.000000,0.000000,98.225792,99.543772,137.118296
361,2015,1,16,1,0.000000,0.000000,0.000000,89.032964,90.992004,127.852806
362,2015,1,16,2,0.000000,0.000000,0.000000,84.444602,88.989242,133.801123
363,2015,1,16,3,0.000000,0.000000,0.000000,66.647199,74.458159,125.314079
364,2015,1,16,4,0.000000,0.000000,0.000000,54.743702,65.288322,122.199829
365,2015,1,16,5,0.000000,0.000000,0.000000,57.720742,68.691082,128.155909
366,2015,1,16,6,0.000000,0.000000,0.000000,69.706754,79.922354,140.615138
367,2015,1,16,7,0.000000,0.000000,0.000000,84.782324,86.028004,152.689606
368,2015,1,16,8,0.000000,0.000000,0.000000,96.245408,80.002568,154.027291
369,2015,1,16,9,0.000000,0.000000,0.000000,109.376202,76.260562,153.695283
370,2015,1,16,10,0.000000,0.000000,0.000000,118.300269,70.380889,150.643252
371,2015,1,16,11,0.000000,0.000000,0.000000,120.142115,63.183275,148.131567
372,2015,1,16,12,0.000000,0.000000,0.000000,118.804107,55.541827,143.998169
373,2015,1,16,13,0.000000,0.000000,0.000000,120.231542,54.921822,143.113363
374,2015,1,16,14,0.000000,0.000000,0.000000,119.131260,55.530280,142.853773
375,2015,1,16,15,0.000000,0.000000,0.000000,125.570742,67.342982,149.448110
376,2015,1,16,16,0.000000,0.000000,0.000000,131.145977,81.860897,158.014263
377,2015,1,16,17,0.000000,0.000000,0.000000,134.556728,97.630128,166.101504
378,2015,1,16,18,0.000000,0.000000,0.000000,130.510822,108.303522,168.497029
379,2015,1,16,19,0.000000,0.000000,0.000000,117.810352,113.721052,168.447069
380,2015,1,16,20,0.000000,0.000000,0.000000,114.945494,117.577694,165.544259
381,2015,1,16,21,0.000000,0.000000,0.000000,111.814671,114.567851,161.934402
382,2015,1,16,22,0.000000,0.000000,0.000000,101.070484,104.694664,151.673485
383,2015,1,16,23,0.000000,0.000000,0.000000,89.420418,94.657898,143.668797
384,2015,1,16,24,0.000000,0.000000,0.000000,82.796562,90.149562,144.709415
385,2015,1,17,1,0.000000,0.000000,0.000000,68.177406,77.628446,135.008061
386,2015,1,17,2,0.000000,0.000000,0.000000,61.835618,73.927498,138.876264
387,2015,1,17,3,0.000000,0.000000,0.000000,45.738117,60.357417,129.207556
388,2015,1,17,4,0.000000,0.000000,0.000000,41.876116,56.878316,125.845088
389,2015,1,17,5,0.000000,0.000000,0.000000,34.518237,51.852997,126.919863
390,2015,1,17,6,0.000000,0.000000,0.000000,33.318574,51.699034,130.200245
391,2015,1,17,7,0.000000,0.000000,0.000000,36.265138,47.358618,133.956424
392,2015,1,17,8,0.000000,0.000000,0.000000,50.497672,43.749252,137.337603
393,2015,1,17,9,0.000000,0.000000,0.000000,84.452409,55.491849,139.853933
394,2015,1,17,10,0.000000,0.000000,0.000000,115.465403,66.036183,139.817510
395,2015,1,17,11,0.000000,0.000000,0.000000,121.804720,62.465180,139.238440
396,2015,1,17,12,0.000000,0.000000,0.000000,112.927533,49.571133,135.723511
397,2015,1,17,13,0.000000,0.000000,0.000000,103.655562,41.146902,134.083670
398,2015,1,17,14,0.000000,0.000000,0.000000,95.978227,36.676667,132.047023
399,2015,1,17,15,0.000000,0.000000,0.000000,84.321507,34.000907,131.349209
400,2015,1,17,16,0.000000,0.000000,0.000000,72.152824,34.476544,133.531125
401,2015,1,17,17,0.000000,0.000000,0.000000,67.954464,43.711664,136.489551
402,2015,1,17,18,0.000000,0.000000,0.000000,71.778181,59.994081,138.828442
403,2015,1,17,19,0.000000,0.000000,0.000000,71.521748,74.612728,140.236904
404,2015,1,17,20,0.000000,0.000000,0.000000,70.043467,79.902007,139.397809
405,2015,1,17,21,0.000000,0.000000,0.000000,64.517976,75.916436,139.216781
406,2015,1,17,22,0.000000,0.000000,0.000000,51.705495,65.487535,133.256847
407,2015,1,17,23,0.000000,0.000000,0.000000,46.617046,60.666686,127.721049
408,2015,1,17,24,0.000000,0.000000,0.000000,51.211679,64.376679,129.718906
409,2015,1,18,1,0.000000,0.000000,0.000000,32.456025,49.246085,121.628313
410,2015,1,18,2,0.000000,0.000000,0.000000,31.271873,49.497933,126.750778
411,2015,1,18,3,0.000000,0.000000,0.000000,24.083939,42.502719,118.066225
412,2015,1,18,4,0.000000,0.000000,0.000000,21.094835,39.579375,114.387633
413,2015,1,18,5,0.000000,0.000000,0.000000,21.278365,39.692025,114.301567
414,2015,1,18,6,0.000000,0.000000,0.000000,32.350148,47.274908,112.782410
415,2015,1,18,7,0.000000,0.000000,0.000000,53.518017,55.260917,113.324222
416,2015,1,18,8,0.000000,0.000000,0.000000,53.444286,39.848366,109.311421
417,2015,1,18,9,0.000000,0.000000,0.000000,53.438953,26.583993,108.328790
418,2015,1,18,10,0.000000,0.000000,0.000000,43.964581,7.015201,102.722335
419,2015,1,18,11,0.000000,0.000000,0.000000,44.058132,-1.508628,99.849296
420,2015,1,18,12,0.000000,0.000000,0.000000,38.486743,-12.814617,92.725978
421,2015,1,18,13,0.000000,0.000000,0.000000,30.896044,-20.607676,88.427366
422,2015,1,18,14,0.000000,0.000000,0.000000,29.139726,-20.941174,85.958768
423,2015,1,18,15,0.000000,0.000000,0.000000,40.443076,-6.590764,88.182848
424,2015,1,18,16,0.000000,0.000000,0.000000,37.608482,1.758582,95.995109
425,2015,1,18,17,0.000000,0.000000,0.000000,51.252982,25.523342,107.282322
426,2015,1,18,18,0.000000,0.000000,0.000000,55.306168,43.653408,117.478678
427,2015,1,18,19,0.000000,0.000000,0.000000,49.927616,55.889876,124.844035
428,2015,1,18,20,0.000000,0.000000,0.000000,54.005892,66.567452,130.628469
429,2015,1,18,21,0.000000,0.000000,0.000000,57.988912,69.864392,132.737456
430,2015,1,18,22,0.000000,0.000000,0.000000,43.475717,58.297297,127.134996
431,2015,1,18,23,0.000000,0.000000,0.000000,33.072821,49.819941,122.250322
432,2015,1,18,24,0.000000,0.000000,0.000000,38.495887,54.847807,127.636809
433,2015,1,19,1,0.000000,0.000000,0.000000,32.116594,49.174434,122.425379
434,2015,1,19,2,0.000000,0.000000,0.000000,42.303694,57.812754,128.780538
435,2015,1,19,3,0.000000,0.000000,0.000000,45.201473,58.420693,121.958323
436,2015,1,19,4,0.000000,0.000000,0.000000,44.062688,57.172248,119.928198
437,2015,1,19,5,0.000000,0.000000,0.000000,56.741841,67.749701,127.025802
438,2015,1,19,6,0.000000,0.000000,0.000000,69.393228,79.773728,140.966638
439,2015,1,19,7,0.000000,0.000000,0.000000,74.522087,79.052127,154.336302
440,2015,1,19,8,0.000000,0.000000,0.000000,72.766039,63.234339,154.040119
441,2015,1,19,9,0.000000,0.000000,0.000000,83.686221,57.539901,151.965468
442,2015,1,19,10,0.000000,0.000000,0.000000,74.509231,37.725711,144.222548
443,2015,1,19,11,0.000000,0.000000,0.000000,80.061332,32.474152,138.424935
444,2015,1,19,12,0.000000,0.000000,0.000000,66.664812,15.799312,132.330750
445,2015,1,19,13,0.000000,0.000000,0.000000,69.182124,15.467464,129.157751
446,2015,1,19,14,0.000000,0.000000,0.000000,62.737201,11.484501,125.287001
447,2015,1,19,15,0.000000,0.000000,0.000000,62.639281,17.051861,124.527748
448,2015,1,19,16,0.000000,0.000000,0.000000,64.208544,27.873484,129.197779
449,2015,1,19,17,0.000000,0.000000,0.000000,66.765760,43.221500,138.164466
450,2015,1,19,18,0.000000,0.000000,0.000000,68.871787,58.824007,143.056077
451,2015,1,19,19,0.000000,0.000000,0.000000,62.918437,69.794417,146.429156
452,2015,1,19,20,0.000000,0.000000,0.000000,68.184492,80.817672,149.867496
453,2015,1,19,21,0.000000,0.000000,0.000000,75.615126,87.103706,154.433541
454,2015,1,19,22,0.000000,0.000000,0.000000,60.547543,74.817363,147.322550
455,2015,1,19,23,0.000000,0.000000,0.000000,53.647401,68.252561,139.687281
456,2015,1,19,24,0.000000,0.000000,0.000000,55.196903,70.176943,143.502723
457,2015,1,20,1,0.000000,0.000000,0.000000,51.982116,66.531196,137.205195
458,2015,1,20,2,0.000000,0.000000,0.000000,43.429673,61.750653,143.404137
459,2015,1,20,3,0.000000,0.000000,0.000000,33.932061,53.526341,136.682721
460,2015,1,20,4,0.000000,0.000000,0.000000,32.031891,51.579231,133.930108
461,2015,1,20,5,0.000000,0.000000,0.000000,34.574678,54.072378,137.088838
462,2015,1,20,6,0.000000,0.000000,0.000000,46.128104,65.320884,151.070445
463,2015,1,20,7,0.000000,0.000000,0.000000,60.566402,71.472462,165.483483
464,2015,1,20,8,0.000000,0.000000,0.000000,66.037060,60.544580,163.917840
465,2015,1,20,9,0.000000,0.000000,0.000000,82.101456,57.616456,157.605275
466,2015,1,20,10,0.000000,0.000000,0.000000,90.204579,50.313679,150.648573
467,2015,1,20,11,0.000000,0.000000,0.000000,95.227964,44.671404,144.790005
468,2015,1,20,12,0.000000,0.000000,0.000000,89.433243,33.475143,138.923191
469,2015,1,20,13,0.000000,0.000000,0.000000,84.444375,27.484135,134.361380
470,2015,1,20,14,0.000000,0.000000,0.000000,87.143510,30.513510,132.734680
471,2015,1,20,15,0.000000,0.000000,0.000000,93.981952,41.652932,134.857176
472,2015,1,20,16,0.000000,0.000000,0.000000,95.639364,52.512404,139.410006
473,2015,1,20,17,0.000000,0.000000,0.000000,97.910881,67.405041,147.203921
474,2015,1,20,18,0.000000,0.000000,0.000000,92.740936,77.211216,149.299221
475,2015,1,20,19,0.000000,0.000000,0.000000,90.194956,90.685316,152.998287
476,2015,1,20,20,0.000000,0.000000,0.000000,93.416352,99.802032,154.354976
477,2015,1,20,21,0.000000,0.000000,0.000000,90.144675,97.985875,156.785167
478,2015,1,20,22,0.000000,0.000000,0.000000,73.633459,84.832819,150.441626
479,2015,1,20,23,0.000000,0.000000,0.000000,63.490325,75.751985,141.874846
480,2015,1,20,24,0.000000,0.000000,0.000000,64.484954,77.231174,145.462298
481,2015,1,21,1,0.000000,0.000000,0.000000,51.997751,66.779411,138.311414
482,2015,1,21,2,0.000000,0.000000,0.000000,51.291070,67.228170,142.761226
483,2015,1,21,3,0.000000,0.000000,0.000000,41.847994,58.849534,135.137846
484,2015,1,21,4,0.000000,0.000000,0.000000,37.809163,55.112343,131.160391
485,2015,1,21,5,0.000000,0.000000,0.000000,39.446544,57.272964,135.785352
486,2015,1,21,6,0.000000,0.000000,0.000000,45.796718,64.297798,147.400664
487,2015,1,21,7,0.000000,0.000000,0.000000,70.708001,78.143521,162.809762
488,2015,1,21,8,0.000000,0.000000,0.000000,96.318223,81.333103,159.993738
489,2015,1,21,9,0.000000,0.000000,0.000000,108.771840,76.353620,156.144093
490,2015,1,21,10,0.000000,0.000000,0.000000,112.493067,65.656287,147.952449
491,2015,1,21,11,0.000000,0.000000,0.000000,118.897401,61.474541,144.306522
492,2015,1,21,12,0.000000,0.000000,0.000000,118.474885,53.810885,137.017846
493,2015,1,21,13,0.000000,0.000000,0.000000,118.921633,52.452453,135.956004
494,2015,1,21,14,0.000000,0.000000,0.000000,119.617221,54.547421,136.647228
495,2015,1,21,15,0.000000,0.000000,0.000000,125.586599,65.750159,141.962079
496,2015,1,21,16,0.000000,0.000000,0.000000,129.307736,78.907736,150.360314
497,2015,1,21,17,0.000000,0.000000,0.000000,128.413108,91.090708,156.062944
498,2015,1,21,18,0.000000,0.000000,0.000000,123.455155,101.022655,158.038539
499,2015,1,21,19,0.000000,0.000000,0.000000,118.895220,112.680460,159.974747
500,2015,1,21,20,0.000000,0.000000,0.000000,119.124618,119.259678,159.463103
501,2015,1,21,21,0.000000,0.000000,0.000000,119.479386,119.479386,159.305848
502,2015,1,21,22,0.000000,0.000000,0.000000,112.423968,112.423968,149.898624
503,2015,1,21,23,0.000000,0.000000,0.000000,105.623028,105.742808,141.389677
504,2015,1,21,24,0.000000,0.000000,0.000000,108.770891,108.900831,145.634242
505,2015,1,22,1,0.000000,0.000000,0.000000,101.532191,101.723231,136.267775
506,2015,1,22,2,0.000000,0.000000,0.000000,106.954178,106.954178,142.605570
507,2015,1,22,3,0.000000,0.000000,0.000000,99.084421,99.622141,134.621921
508,2015,1,22,4,0.000000,0.000000,0.000000,94.879570,95.996270,131.717360
509,2015,1,22,5,0.000000,0.000000,0.000000,92.938733,95.287433,134.878911
510,2015,1,22,6,0.000000,0.000000,0.000000,102.639591,104.786931,146.873708
511,2015,1,22,7,0.000000,0.000000,0.000000,115.123254,109.474094,160.968258
512,2015,1,22,8,0.000000,0.000000,0.000000,117.720567,96.800047,160.831662
513,2015,1,22,9,0.000000,0.000000,0.000000,124.354639,88.123819,159.129025
514,2015,1,22,10,0.000000,0.000000,0.000000,126.969557,77.772437,156.239516
515,2015,1,22,11,0.000000,0.000000,0.000000,128.668011,70.320591,153.019388
516,2015,1,22,12,0.000000,0.000000,0.000000,127.617562,62.995182,149.402310
517,2015,1,22,13,0.000000,0.000000,0.000000,126.095890,60.565570,149.903026
518,2015,1,22,14,0.000000,0.000000,0.000000,124.113811,60.918351,151.389601
519,2015,1,22,15,0.000000,0.000000,0.000000,123.790626,67.006946,153.813661
520,2015,1,22,16,0.000000,0.000000,0.000000,124.157510,77.511990,161.014253
521,2015,1,22,17,0.000000,0.000000,0.000000,117.572655,85.600115,166.575020
522,2015,1,22,18,0.000000,0.000000,0.000000,119.101262,99.591582,165.873176
523,2015,1,22,19,0.000000,0.000000,0.000000,115.888325,112.020205,166.916541
524,2015,1,22,20,0.000000,0.000000,0.000000,113.182509,117.039749,168.910466
525,2015,1,22,21,0.000000,0.000000,0.000000,117.539608,120.295448,169.580064
526,2015,1,22,22,0.000000,0.000000,0.000000,110.326640,112.718760,158.265414
527,2015,1,22,23,0.000000,0.000000,0.000000,106.466220,108.036080,149.280973
528,2015,1,22,24,0.000000,0.000000,0.000000,111.802349,112.529769,152.464425
529,2015,1,23,1,0.000000,0.000000,0.000000,102.442155,103.241775,140.321099
530,2015,1,23,2,0.000000,0.000000,0.000000,81.554201,89.247181,144.639508
531,2015,1,23,3,0.000000,0.000000,0.000000,62.388762,74.362642,139.063123
532,2015,1,23,4,0.000000,0.000000,0.000000,44.850987,61.192007,136.059409
533,2015,1,23,5,0.000000,0.000000,0.000000,48.740283,64.554903,138.788604
534,2015,1,23,6,0.000000,0.000000,0.000000,58.162700,73.866040,150.832521
535,2015,1,23,7,0.000000,0.000000,0.000000,100.250726,99.606866,164.496288
536,2015,1,23,8,0.000000,0.000000,0.000000,124.897888,103.530368,168.315424
537,2015,1,23,9,0.000000,0.000000,0.000000,133.386248,97.259988,171.659117
538,2015,1,23,10,0.000000,0.000000,0.000000,134.485784,86.103504,170.063739
539,2015,1,23,11,0.000000,0.000000,0.000000,144.362552,85.487092,171.481257
540,2015,1,23,12,0.000000,0.000000,0.000000,143.877540,78.573520,167.901293
541,2015,1,23,13,0.000000,0.000000,0.000000,139.670152,73.683652,165.873202
542,2015,1,23,14,0.000000,0.000000,0.000000,128.876412,67.785532,167.561109
543,2015,1,23,15,0.000000,0.000000,0.000000,130.561184,75.782264,172.196618
544,2015,1,23,16,0.000000,0.000000,0.000000,119.998939,78.134419,177.780825
545,2015,1,23,17,0.000000,0.000000,0.000000,114.973023,87.823783,185.617577
546,2015,1,23,18,0.000000,0.000000,0.000000,101.591830,91.820030,187.970706
547,2015,1,23,19,0.000000,0.000000,0.000000,98.521828,104.105228,187.868304
548,2015,1,23,20,0.000000,0.000000,0.000000,90.311425,104.241205,185.420873
549,2015,1,23,21,0.000000,0.000000,0.000000,77.806080,94.248320,180.471894
550,2015,1,23,22,0.000000,0.000000,0.000000,73.230069,87.909249,166.142933
551,2015,1,23,23,0.000000,0.000000,0.000000,66.136839,79.197299,149.131265
552,2015,1,23,24,0.000000,0.000000,0.000000,61.641797,75.049217,144.757022
553,2015,1,24,1,0.000000,0.000000,0.000000,54.070304,66.883384,131.888112
554,2015,1,24,2,0.000000,0.000000,0.000000,56.792973,69.218073,133.707764
555,2015,1,24,3,0.000000,0.000000,0.000000,51.905638,63.775418,124.599824
556,2015,1,24,4,0.000000,0.000000,0.000000,46.957614,59.333454,120.364072
557,2015,1,24,5,0.000000,0.000000,0.000000,46.993189,59.667029,121.802171
558,2015,1,24,6,0.000000,0.000000,0.000000,53.916127,65.266227,124.855302
559,2015,1,24,7,0.000000,0.000000,0.000000,66.638279,67.617719,127.255092
560,2015,1,24,8,0.000000,0.000000,0.000000,84.666294,66.163074,128.040033
561,2015,1,24,9,0.000000,0.000000,0.000000,99.537370,63.208330,125.580973
562,2015,1,24,10,0.000000,0.000000,0.000000,100.273190,51.471410,122.489280
563,2015,1,24,11,0.000000,0.000000,0.000000,101.616716,43.516716,118.105621
564,2015,1,24,12,0.000000,0.000000,0.000000,101.503527,35.994647,110.446596
565,2015,1,24,13,0.000000,0.000000,0.000000,100.696176,32.850296,105.230795
566,2015,1,24,14,0.000000,0.000000,0.000000,96.248473,30.682933,103.175444
567,2015,1,24,15,0.000000,0.000000,0.000000,91.154999,33.103139,104.381318
568,2015,1,24,16,0.000000,0.000000,0.000000,95.319305,46.626885,113.011114
569,2015,1,24,17,0.000000,0.000000,0.000000,99.034320,63.071360,123.235279
570,2015,1,24,18,0.000000,0.000000,0.000000,101.967822,80.059682,131.835776
571,2015,1,24,19,0.000000,0.000000,0.000000,100.710801,94.764241,136.980454
572,2015,1,24,20,0.000000,0.000000,0.000000,102.121676,102.337096,137.167528
573,2015,1,24,21,0.000000,0.000000,0.000000,105.045602,105.045602,140.060802
574,2015,1,24,22,0.000000,0.000000,0.000000,100.724385,100.724385,134.299180
575,2015,1,24,23,0.000000,0.000000,0.000000,97.338231,97.338231,129.784308
576,2015,1,24,24,0.000000,0.000000,0.000000,98.324298,98.844718,133.527691
577,2015,1,25,1,0.000000,0.000000,0.000000,89.221463,90.707163,125.895217
578,2015,1,25,2,0.000000,0.000000,0.000000,89.045555,91.581155,130.560207
579,2015,1,25,3,0.000000,0.000000,0.000000,73.967820,78.889700,121.592533
580,2015,1,25,4,0.000000,0.000000,0.000000,70.392784,75.399364,117.221086
581,2015,1,25,5,0.000000,0.000000,0.000000,68.911620,74.656480,118.691507
582,2015,1,25,6,0.000000,0.000000,0.000000,69.988985,75.538805,119.217806
583,2015,1,25,7,0.000000,0.000000,0.000000,76.196833,72.990593,120.466657
584,2015,1,25,8,0.000000,0.000000,0.000000,81.607388,61.421808,116.110478
585,2015,1,25,9,0.000000,0.000000,0.000000,94.833214,57.767574,115.871298
586,2015,1,25,10,0.000000,0.000000,0.000000,97.363198,47.434338,113.349584
587,2015,1,25,11,0.000000,0.000000,0.000000,98.635278,39.686698,110.170331
588,2015,1,25,12,0.000000,0.000000,0.000000,98.763535,33.006715,105.636220
589,2015,1,25,13,0.000000,0.000000,0.000000,99.055720,31.262240,103.288053
590,2015,1,25,14,0.000000,0.000000,0.000000,99.594812,33.194812,103.743082
591,2015,1,25,15,0.000000,0.000000,0.000000,100.522847,40.522847,107.780463
592,2015,1,25,16,0.000000,0.000000,0.000000,104.286264,53.886264,116.998352
593,2015,1,25,17,0.000000,0.000000,0.000000,107.499718,70.021638,127.451918
594,2015,1,25,18,0.000000,0.000000,0.000000,110.161536,87.082876,137.298302
595,2015,1,25,19,0.000000,0.000000,0.000000,108.564990,101.364990,141.603320
596,2015,1,25,20,0.000000,0.000000,0.000000,106.852542,106.852542,142.470056
597,2015,1,25,21,0.000000,0.000000,0.000000,109.337413,109.337413,145.783218
598,2015,1,25,22,0.000000,0.000000,0.000000,104.302049,104.302049,139.069398
599,2015,1,25,23,0.000000,0.000000,0.000000,96.477123,97.229083,132.145311
600,2015,1,25,24,0.000000,0.000000,0.000000,97.287993,97.916793,132.651724
601,2015,1,26,1,0.000000,0.000000,0.000000,94.348634,95.701494,132.111526
602,2015,1,26,2,0.000000,0.000000,0.000000,94.956672,97.051232,136.383509
603,2015,1,26,3,0.000000,0.000000,0.000000,84.790435,87.794115,127.071087
604,2015,1,26,4,0.000000,0.000000,0.000000,75.814437,80.047537,120.840382
605,2015,1,26,5,0.000000,0.000000,0.000000,77.626031,81.868511,123.299615
606,2015,1,26,6,0.000000,0.000000,0.000000,79.145001,83.374001,125.262001
607,2015,1,26,7,0.000000,0.000000,0.000000,83.390808,79.681528,127.711104
608,2015,1,26,8,0.000000,0.000000,0.000000,89.233563,68.803263,125.136684
609,2015,1,26,9,0.000000,0.000000,0.000000,95.076724,59.496564,123.128219
610,2015,1,26,10,0.000000,0.000000,0.000000,101.388220,51.872860,120.645946
611,2015,1,26,11,0.000000,0.000000,0.000000,100.953406,42.870186,117.299515
612,2015,1,26,12,0.000000,0.000000,0.000000,99.150706,34.926866,113.306355
613,2015,1,26,13,0.000000,0.000000,0.000000,94.714592,29.473452,109.410802
614,2015,1,26,14,0.000000,0.000000,0.000000,95.208681,31.185061,108.984681
615,2015,1,26,15,0.000000,0.000000,0.000000,94.750407,37.445147,112.659329
616,2015,1,26,16,0.000000,0.000000,0.000000,96.478114,49.011834,120.278179
617,2015,1,26,17,0.000000,0.000000,0.000000,98.288281,63.830401,129.264268
618,2015,1,26,18,0.000000,0.000000,0.000000,103.655862,81.997362,135.251483
619,2015,1,26,19,0.000000,0.000000,0.000000,106.163274,99.222434,139.610445
620,2015,1,26,20,0.000000,0.000000,0.000000,103.459144,104.047784,140.692512
621,2015,1,26,21,0.000000,0.000000,0.000000,106.969333,106.969333,142.625777
622,2015,1,26,22,0.000000,0.000000,0.000000,100.720781,101.073361,135.939748
623,2015,1,26,23,0.000000,0.000000,0.000000,89.809264,91.430684,127.312312
624,2015,1,26,24,0.000000,0.000000,0.000000,86.029616,89.760436,132.116647
625,2015,1,27,1,0.000000,0.000000,0.000000,79.094306,84.644206,131.358609
626,2015,1,27,2,0.000000,0.000000,0.000000,73.236352,81.470812,136.075949
627,2015,1,27,3,0.000000,0.000000,0.000000,60.463033,70.236153,126.225270
628,2015,1,27,4,0.000000,0.000000,0.000000,53.601622,64.790042,123.681456
629,2015,1,27,5,0.000000,0.000000,0.000000,56.598192,67.786212,127.675016
630,2015,1,27,6,0.000000,0.000000,0.000000,76.866302,85.449662,142.544083
631,2015,1,27,7,0.000000,0.000000,0.000000,103.742121,101.072221,159.696628
632,2015,1,27,8,0.000000,0.000000,0.000000,112.604532,93.289332,161.501776
633,2015,1,27,9,0.000000,0.000000,0.000000,122.879850,88.504850,165.823133
634,2015,1,27,10,0.000000,0.000000,0.000000,136.522839,87.492099,169.753665
635,2015,1,27,11,0.000000,0.000000,0.000000,144.632277,85.916497,172.586063
636,2015,1,27,12,0.000000,0.000000,0.000000,149.225691,84.305291,176.822388
637,2015,1,27,13,0.000000,0.000000,0.000000,155.241378,88.603178,183.593571
638,2015,1,27,14,0.000000,0.000000,0.000000,159.761949,94.635989,189.911452
639,2015,1,27,15,0.000000,0.000000,0.000000,163.560751,104.554551,196.468735
640,2015,1,27,16,0.000000,0.000000,0.000000,170.990529,120.963209,207.676545
641,2015,1,27,17,0.000000,0.000000,0.000000,167.443106,130.169246,208.329461
642,2015,1,27,18,0.000000,0.000000,0.000000,168.183172,145.513152,216.567469
643,2015,1,27,19,0.000000,0.000000,0.000000,159.482806,152.874026,212.252768
644,2015,1,27,20,0.000000,0.000000,0.000000,152.381109,152.614329,204.263173
645,2015,1,27,21,0.000000,0.000000,0.000000,145.175015,145.692975,195.983833
646,2015,1,27,22,0.000000,0.000000,0.000000,128.325474,129.243414,175.384352
647,2015,1,27,23,0.000000,0.000000,0.000000,112.743218,114.101078,156.660971
648,2015,1,27,24,0.000000,0.000000,0.000000,108.262559,110.769559,156.049412
649,2015,1,28,1,0.000000,0.000000,0.000000,77.576709,81.942309,123.808411
650,2015,1,28,2,0.000000,0.000000,0.000000,82.430888,86.554508,129.151411
651,2015,1,28,3,0.000000,0.000000,0.000000,71.278974,76.844254,121.009938
652,2015,1,28,4,0.000000,0.000000,0.000000,61.368137,69.037277,117.613503
653,2015,1,28,5,0.000000,0.000000,0.000000,58.501942,68.056982,122.592776
654,2015,1,28,6,0.000000,0.000000,0.000000,68.265920,77.838180,135.691774
655,2015,1,28,7,0.000000,0.000000,0.000000,95.105954,92.840274,150.068099
656,2015,1,28,8,0.000000,0.000000,0.000000,108.028822,87.398042,149.261456
657,2015,1,28,9,0.000000,0.000000,0.000000,118.269781,81.257821,147.370561
658,2015,1,28,10,0.000000,0.000000,0.000000,121.746087,71.347927,143.670037
659,2015,1,28,11,0.000000,0.000000,0.000000,124.734153,65.160373,142.051231
660,2015,1,28,12,0.000000,0.000000,0.000000,124.898251,58.659331,138.232708
661,2015,1,28,13,0.000000,0.000000,0.000000,125.803553,57.803553,137.988071
662,2015,1,28,14,0.000000,0.000000,0.000000,122.884290,56.484290,134.795719
663,2015,1,28,15,0.000000,0.000000,0.000000,122.186598,62.554298,138.381397
664,2015,1,28,16,0.000000,0.000000,0.000000,124.188352,74.199532,145.453310
665,2015,1,28,17,0.000000,0.000000,0.000000,122.522026,85.557246,149.877061
666,2015,1,28,18,0.000000,0.000000,0.000000,116.389989,94.179469,149.654226
667,2015,1,28,19,0.000000,0.000000,0.000000,110.109789,104.472449,150.955466
668,2015,1,28,20,0.000000,0.000000,0.000000,107.167800,108.831660,150.655079
669,2015,1,28,21,0.000000,0.000000,0.000000,105.217583,107.202343,149.552324
670,2015,1,28,22,0.000000,0.000000,0.000000,93.843997,97.256417,141.049956
671,2015,1,28,23,0.000000,0.000000,0.000000,90.736537,93.399177,133.407703
672,2015,1,28,24,0.000000,0.000000,0.000000,96.439528,98.469848,138.060864
673,2015,1,29,1,0.000000,0.000000,0.000000,87.783168,90.437868,129.432824
674,2015,1,29,2,0.000000,0.000000,0.000000,84.587098,89.129698,133.981598
675,2015,1,29,3,0.000000,0.000000,0.000000,71.549269,78.158249,126.240932
676,2015,1,29,4,0.000000,0.000000,0.000000,59.836965,69.337945,124.120527
677,2015,1,29,5,0.000000,0.000000,0.000000,60.994303,71.267023,129.265098
678,2015,1,29,6,0.000000,0.000000,0.000000,75.228846,84.296146,142.619195
679,2015,1,29,7,0.000000,0.000000,0.000000,93.760980,93.474320,157.510226
680,2015,1,29,8,0.000000,0.000000,0.000000,108.928213,90.226293,159.461991
681,2015,1,29,9,0.000000,0.000000,0.000000,124.135467,87.853927,158.600103
682,2015,1,29,10,0.000000,0.000000,0.000000,129.343592,78.979252,153.957870
683,2015,1,29,11,0.000000,0.000000,0.000000,131.561765,72.052385,151.455247
684,2015,1,29,12,0.000000,0.000000,0.000000,131.622097,65.533577,147.899703
685,2015,1,29,13,0.000000,0.000000,0.000000,133.218701,65.218701,147.874935
686,2015,1,29,14,0.000000,0.000000,0.000000,133.051856,66.887076,149.450168
687,2015,1,29,15,0.000000,0.000000,0.000000,130.719548,71.640868,152.342224
688,2015,1,29,16,0.000000,0.000000,0.000000,131.197075,82.174195,159.305994
689,2015,1,29,17,0.000000,0.000000,0.000000,129.325350,93.940370,166.320560
690,2015,1,29,18,0.000000,0.000000,0.000000,126.811135,105.377595,167.174994
691,2015,1,29,19,0.000000,0.000000,0.000000,117.718887,112.830567,164.596356
692,2015,1,29,20,0.000000,0.000000,0.000000,116.942827,118.341167,162.449356
693,2015,1,29,21,0.000000,0.000000,0.000000,113.869376,115.688596,160.315528
694,2015,1,29,22,0.000000,0.000000,0.000000,102.294540,105.009960,149.064680
695,2015,1,29,23,0.000000,0.000000,0.000000,91.419275,95.116695,139.146994
696,2015,1,29,24,0.000000,0.000000,0.000000,90.293713,94.677713,140.850284
697,2015,1,30,1,0.000000,0.000000,0.000000,79.675853,85.258793,132.288190
698,2015,1,30,2,0.000000,0.000000,0.000000,77.391589,84.554469,136.615559
699,2015,1,30,3,0.000000,0.000000,0.000000,61.601733,71.336153,127.562937
700,2015,1,30,4,0.000000,0.000000,0.000000,60.654813,70.157653,125.219671
701,2015,1,30,5,0.000000,0.000000,0.000000,67.987568,76.395908,129.889011
702,2015,1,30,6,0.000000,0.000000,0.000000,86.626427,92.723567,143.955222
703,2015,1,30,7,0.000000,0.000000,0.000000,107.440440,103.408260,158.270413
704,2015,1,30,8,0.000000,0.000000,0.000000,115.316981,94.546901,158.328935
705,2015,1,30,9,0.000000,0.000000,0.000000,123.052893,86.492253,155.854203
706,2015,1,30,10,0.000000,0.000000,0.000000,126.862668,76.491088,150.616184
707,2015,1,30,11,0.000000,0.000000,0.000000,124.527051,65.539351,144.510135
708,2015,1,30,12,0.000000,0.000000,0.000000,121.305369,55.695949,136.379865
709,2015,1,30,13,0.000000,0.000000,0.000000,120.306983,53.461103,136.045205
710,2015,1,30,14,0.000000,0.000000,0.000000,119.991713,54.860033,136.857777
711,2015,1,30,15,0.000000,0.000000,0.000000,116.658238,58.728398,138.955064
712,2015,1,30,16,0.000000,0.000000,0.000000,115.248201,67.495241,143.967121
713,2015,1,30,17,0.000000,0.000000,0.000000,110.959719,77.220819,149.514759
714,2015,1,30,18,0.000000,0.000000,0.000000,100.970263,83.326223,150.404831
715,2015,1,30,19,0.000000,0.000000,0.000000,86.169472,87.167352,149.999403
716,2015,1,30,20,0.000000,0.000000,0.000000,84.043755,92.169375,149.977900
717,2015,1,30,21,0.000000,0.000000,0.000000,77.974894,87.501434,148.423712
718,2015,1,30,22,0.000000,0.000000,0.000000,77.404969,85.297309,140.037546
719,2015,1,30,23,0.000000,0.000000,0.000000,75.346939,81.840319,130.765025
720,2015,1,30,24,0.000000,0.000000,0.000000,86.455540,90.362960,133.508679
721,2015,1,31,1,0.000000,0.000000,0.000000,87.388652,89.361612,125.725350
722,2015,1,31,2,0.000000,0.000000,0.000000,91.952277,93.747577,130.981103
723,2015,1,31,3,0.000000,0.000000,0.000000,79.574448,83.069708,122.410477
724,2015,1,31,4,0.000000,0.000000,0.000000,67.554360,73.688420,118.698094
725,2015,1,31,5,0.000000,0.000000,0.000000,58.208780,67.737060,122.077013
726,2015,1,31,6,0.000000,0.000000,0.000000,42.267631,57.632671,128.060361
727,2015,1,31,7,0.000000,0.000000,0.000000,41.020873,49.988073,130.374764
728,2015,1,31,8,0.000000,0.000000,0.000000,52.452891,43.653891,130.375188
729,2015,1,31,9,0.000000,0.000000,0.000000,68.210850,41.813610,130.160681
730,2015,1,31,10,0.000000,0.000000,0.000000,78.974544,37.143364,126.620552
731,2015,1,31,11,0.000000,0.000000,0.000000,82.146405,31.058985,124.870579
732,2015,1,31,12,0.000000,0.000000,0.000000,77.595990,21.552850,122.743334
733,2015,1,31,13,0.000000,0.000000,0.000000,73.986576,17.283856,121.619408
734,2015,1,31,14,0.000000,0.000000,0.000000,76.513691,21.897011,127.957081
735,2015,1,31,15,0.000000,0.000000,0.000000,83.882721,35.362561,139.166214
736,2015,1,31,16,0.000000,0.000000,0.000000,81.548887,45.661507,154.407410
737,2015,1,31,17,0.000000,0.000000,0.000000,79.909664,59.143704,168.655071
738,2015,1,31,18,0.000000,0.000000,0.000000,81.808958,75.934238,179.779917
739,2015,1,31,19,0.000000,0.000000,0.000000,79.996414,90.408934,185.703645
740,2015,1,31,20,0.000000,0.000000,0.000000,75.519123,93.328063,183.800551
741,2015,1,31,21,0.000000,0.000000,0.000000,71.882361,90.072501,180.730468
742,2015,1,31,22,0.000000,0.000000,0.000000,62.381101,80.635621,168.362561
743,2015,1,31,23,0.000000,0.000000,0.000000,56.857180,74.559040,158.418254
744,2015,1,31,24,0.000000,0.000000,0.000000,62.005213,77.854153,156.635337
745,2015,2,1,1,0.000000,0.000000,0.000000,60.239946,73.769066,143.455822
746,2015,2,1,2,0.000000,0.000000,0.000000,70.831733,81.708373,145.199964
747,2015,2,1,3,0.000000,0.000000,0.000000,69.816272,78.608712,134.119749
748,2015,2,1,4,0.000000,0.000000,0.000000,68.213777,75.727997,126.018063
749,2015,2,1,5,0.000000,0.000000,0.000000,76.512187,81.220887,123.990183
750,2015,2,1,6,0.000000,0.000000,0.000000,79.136079,83.393299,125.381798
751,2015,2,1,7,0.000000,0.000000,0.000000,68.903906,73.328546,129.436861
752,2015,2,1,8,0.000000,0.000000,0.000000,54.440097,50.183657,133.923410
753,2015,2,1,9,0.000000,0.000000,0.000000,65.638318,47.600418,142.057557
754,2015,2,1,10,0.000000,0.000000,0.000000,83.070556,51.727376,150.575902
755,2015,2,1,11,0.000000,0.000000,0.000000,101.688181,58.311361,156.459082
756,2015,2,1,12,0.000000,0.000000,0.000000,114.232467,63.102547,160.686996
757,2015,2,1,13,0.000000,0.000000,0.000000,123.690166,69.647586,166.471515
758,2015,2,1,14,0.000000,0.000000,0.000000,130.859737,77.403257,171.999409
759,2015,2,1,15,0.000000,0.000000,0.000000,137.682389,89.671449,179.442132
760,2015,2,1,16,0.000000,0.000000,0.000000,139.491764,98.965864,179.568152
761,2015,2,1,17,0.000000,0.000000,0.000000,126.265229,97.667629,166.848172
762,2015,2,1,18,0.000000,0.000000,0.000000,113.418477,98.851157,157.677143
763,2015,2,1,19,0.000000,0.000000,0.000000,105.339462,104.314962,152.588282
764,2015,2,1,20,0.000000,0.000000,0.000000,107.302546,109.107926,151.495168
765,2015,2,1,21,0.000000,0.000000,0.000000,104.138750,105.994270,147.510761
766,2015,2,1,22,0.000000,0.000000,0.000000,99.112315,100.621495,139.192593
767,2015,2,1,23,0.000000,0.000000,0.000000,91.818743,93.484903,130.200404
768,2015,2,1,24,0.000000,0.000000,0.000000,88.006313,90.922573,130.950964
769,2015,2,2,1,0.000000,0.000000,0.000000,76.354292,81.082872,123.872429
770,2015,2,2,2,0.000000,0.000000,0.000000,68.975863,77.046423,129.630431
771,2015,2,2,3,0.000000,0.000000,0.000000,52.472765,63.195125,120.001367
772,2015,2,2,4,0.000000,0.000000,0.000000,38.680575,52.694455,116.972207
773,2015,2,2,5,0.000000,0.000000,0.000000,29.608442,47.309442,122.082590
774,2015,2,2,6,0.000000,0.000000,0.000000,39.697931,57.792951,137.374001
775,2015,2,2,7,0.000000,0.000000,0.000000,55.635651,69.675751,156.618001
776,2015,2,2,8,0.000000,0.000000,0.000000,62.820919,60.366719,153.508292
777,2015,2,2,9,0.000000,0.000000,0.000000,69.344516,51.966516,150.078688
778,2015,2,2,10,0.000000,0.000000,0.000000,80.945563,49.727523,148.326564
779,2015,2,2,11,0.000000,0.000000,0.000000,89.791833,47.817293,147.141257
780,2015,2,2,12,0.000000,0.000000,0.000000,96.026069,47.027389,146.357585
781,2015,2,2,13,0.000000,0.000000,0.000000,101.761327,49.952347,147.656529
782,2015,2,2,14,0.000000,0.000000,0.000000,107.976207,56.574907,151.078876
783,2015,2,2,15,0.000000,0.000000,0.000000,111.095404,65.655484,155.990912
784,2015,2,2,16,0.000000,0.000000,0.000000,119.962546,81.944846,165.234128
785,2015,2,2,17,0.000000,0.000000,0.000000,121.627457,95.015037,169.928650
786,2015,2,2,18,0.000000,0.000000,0.000000,114.496951,101.763271,167.672094
787,2015,2,2,19,0.000000,0.000000,0.000000,109.429703,109.835843,164.718257
788,2015,2,2,20,0.000000,0.000000,0.000000,111.685146,115.051606,164.623674
789,2015,2,2,21,0.000000,0.000000,0.000000,116.294288,118.639088,166.001451
790,2015,2,2,22,0.000000,0.000000,0.000000,109.193971,111.395771,155.867029
791,2015,2,2,23,0.000000,0.000000,0.000000,105.344109,106.783329,147.175172
792,2015,2,2,24,0.000000,0.000000,0.000000,108.347024,109.397764,149.366151
793,2015,2,3,1,0.000000,0.000000,0.000000,99.341714,101.029154,140.330338
794,2015,2,3,2,0.000000,0.000000,0.000000,98.188920,101.213580,145.033640
795,2015,2,3,3,0.000000,0.000000,0.000000,80.797507,86.619007,134.897009
796,2015,2,3,4,0.000000,0.000000,0.000000,63.396050,73.591670,132.107627
797,2015,2,3,5,0.000000,0.000000,0.000000,50.511001,65.017461,135.044815
798,2015,2,3,6,0.000000,0.000000,0.000000,49.673315,67.191435,147.982314
799,2015,2,3,7,0.000000,0.000000,0.000000,63.149320,76.963500,165.581933
800,2015,2,3,8,0.000000,0.000000,0.000000,75.788725,73.229965,170.310753
801,2015,2,3,9,0.000000,0.000000,0.000000,90.614112,72.422372,174.640696
802,2015,2,3,10,0.000000,0.000000,0.000000,98.823023,68.896283,178.189244
803,2015,2,3,11,0.000000,0.000000,0.000000,99.680863,61.892383,179.861577
804,2015,2,3,12,0.000000,0.000000,0.000000,100.596822,58.618662,185.214349
805,2015,2,3,13,0.000000,0.000000,0.000000,102.859699,60.280019,192.191092
806,2015,2,3,14,0.000000,0.000000,0.000000,106.118194,65.533274,199.077965
807,2015,2,3,15,0.000000,0.000000,0.000000,110.086288,75.585588,205.695118
808,2015,2,3,16,0.000000,0.000000,0.000000,115.612434,89.749134,216.154512
809,2015,2,3,17,0.000000,0.000000,0.000000,114.686650,99.913510,215.924213
810,2015,2,3,18,0.000000,0.000000,0.000000,119.570288,117.246608,223.016544
811,2015,2,3,19,0.000000,0.000000,0.000000,112.991493,123.620753,217.175204
812,2015,2,3,20,0.000000,0.000000,0.000000,113.458377,125.715837,208.479316
813,2015,2,3,21,0.000000,0.000000,0.000000,119.185329,128.250569,201.218226
814,2015,2,3,22,0.000000,0.000000,0.000000,111.831598,118.488258,180.173211
815,2015,2,3,23,0.000000,0.000000,0.000000,101.577540,107.178100,161.572667
816,2015,2,3,24,0.000000,0.000000,0.000000,104.499407,109.109067,160.844289
817,2015,2,4,1,0.000000,0.000000,0.000000,93.246302,98.257022,147.711763
818,2015,2,4,2,0.000000,0.000000,0.000000,88.203665,94.884245,148.780926
819,2015,2,4,3,0.000000,0.000000,0.000000,72.241848,80.971428,137.060504
820,2015,2,4,4,0.000000,0.000000,0.000000,52.394075,66.073375,133.695500
821,2015,2,4,5,0.000000,0.000000,0.000000,47.097532,62.986592,136.945656
822,2015,2,4,6,0.000000,0.000000,0.000000,58.160682,74.399202,153.327337
823,2015,2,4,7,0.000000,0.000000,0.000000,71.806851,84.970771,174.090761
824,2015,2,4,8,0.000000,0.000000,0.000000,77.895634,76.267034,177.460711
825,2015,2,4,9,0.000000,0.000000,0.000000,92.526256,75.279936,181.602181
826,2015,2,4,10,0.000000,0.000000,0.000000,98.366296,69.830476,184.071235
827,2015,2,4,11,0.000000,0.000000,0.000000,100.301860,63.810480,186.742707
828,2015,2,4,12,0.000000,0.000000,0.000000,103.195400,62.141960,192.994480
829,2015,2,4,13,0.000000,0.000000,0.000000,109.817733,66.653133,198.738844
830,2015,2,4,14,0.000000,0.000000,0.000000,112.203044,69.819084,198.795579
831,2015,2,4,15,0.000000,0.000000,0.000000,118.770686,81.002246,202.024862
832,2015,2,4,16,0.000000,0.000000,0.000000,131.126898,99.785578,211.276371
833,2015,2,4,17,0.000000,0.000000,0.000000,141.235343,118.729003,215.234204
834,2015,2,4,18,0.000000,0.000000,0.000000,150.817802,140.315182,226.511509
835,2015,2,4,19,0.000000,0.000000,0.000000,146.054850,148.748130,224.225107
836,2015,2,4,20,0.000000,0.000000,0.000000,144.195928,149.956828,219.145438
837,2015,2,4,21,0.000000,0.000000,0.000000,146.713417,149.990957,210.913077
838,2015,2,4,22,0.000000,0.000000,0.000000,128.667904,131.876504,186.530672
839,2015,2,4,23,0.000000,0.000000,0.000000,109.228723,113.550243,165.805391
840,2015,2,4,24,0.000000,0.000000,0.000000,97.927479,104.935079,163.272106
841,2015,2,5,1,0.000000,0.000000,0.000000,90.449367,96.635007,149.465476
842,2015,2,5,2,0.000000,0.000000,0.000000,90.442648,97.258928,152.399503
843,2015,2,5,3,0.000000,0.000000,0.000000,96.249529,98.967209,141.015212
844,2015,2,5,4,0.000000,0.000000,0.000000,95.601828,97.852188,137.970784
845,2015,2,5,5,0.000000,0.000000,0.000000,102.016715,103.965935,145.118647
846,2015,2,5,6,0.000000,0.000000,0.000000,117.676148,119.023968,163.191357
847,2015,2,5,7,0.000000,0.000000,0.000000,134.958049,132.075609,183.409346
848,2015,2,5,8,0.000000,0.000000,0.000000,140.596541,123.057661,186.813948
849,2015,2,5,9,0.000000,0.000000,0.000000,144.333532,113.812872,188.731630
850,2015,2,5,10,0.000000,0.000000,0.000000,148.202532,106.535572,189.240896
851,2015,2,5,11,0.000000,0.000000,0.000000,144.621627,94.709187,183.204116
852,2015,2,5,12,0.000000,0.000000,0.000000,134.266557,79.744037,171.566983
853,2015,2,5,13,0.000000,0.000000,0.000000,122.962202,68.728502,164.609002
854,2015,2,5,14,0.000000,0.000000,0.000000,122.314727,69.583747,163.991729
855,2015,2,5,15,0.000000,0.000000,0.000000,117.998049,72.410409,164.505079
856,2015,2,5,16,0.000000,0.000000,0.000000,121.479323,84.566263,172.411484
857,2015,2,5,17,0.000000,0.000000,0.000000,126.354694,100.569874,180.093765
858,2015,2,5,18,0.000000,0.000000,0.000000,117.758342,106.578942,179.273923
859,2015,2,5,19,0.000000,0.000000,0.000000,118.198423,119.073163,178.596684
860,2015,2,5,20,0.000000,0.000000,0.000000,116.858781,121.506641,177.501721
861,2015,2,5,21,0.000000,0.000000,0.000000,113.878145,118.157485,171.807780
862,2015,2,5,22,0.000000,0.000000,0.000000,100.089678,105.340678,157.957570
863,2015,2,5,23,0.000000,0.000000,0.000000,90.877470,96.469310,147.265214
864,2015,2,5,24,0.000000,0.000000,0.000000,85.230297,92.853457,149.215143
865,2015,2,6,1,0.000000,0.000000,0.000000,71.326834,80.520614,138.006753
866,2015,2,6,2,0.000000,0.000000,0.000000,71.413185,80.910005,139.536073
867,2015,2,6,3,0.000000,0.000000,0.000000,64.078738,73.728598,130.470998
868,2015,2,6,4,0.000000,0.000000,0.000000,58.186102,69.079762,128.418550
869,2015,2,6,5,0.000000,0.000000,0.000000,55.946893,68.206353,131.806670
870,2015,2,6,6,0.000000,0.000000,0.000000,73.132006,84.144826,148.902502
871,2015,2,6,7,0.000000,0.000000,0.000000,100.549790,104.336050,168.652266
872,2015,2,6,8,0.000000,0.000000,0.000000,114.169996,99.755676,166.159834
873,2015,2,6,9,0.000000,0.000000,0.000000,112.277290,84.916730,160.737107
874,2015,2,6,10,0.000000,0.000000,0.000000,106.383566,68.543206,151.339742
875,2015,2,6,11,0.000000,0.000000,0.000000,105.423784,58.553804,145.138472
876,2015,2,6,12,0.000000,0.000000,0.000000,103.733206,50.761246,138.091795
877,2015,2,6,13,0.000000,0.000000,0.000000,105.203454,49.344374,133.345565
878,2015,2,6,14,0.000000,0.000000,0.000000,108.394745,52.704665,131.622621
879,2015,2,6,15,0.000000,0.000000,0.000000,111.973933,61.283273,132.658830
880,2015,2,6,16,0.000000,0.000000,0.000000,116.673921,73.980181,139.027775
881,2015,2,6,17,0.000000,0.000000,0.000000,118.174157,87.184677,144.897969
882,2015,2,6,18,0.000000,0.000000,0.000000,114.591706,97.319226,146.617368
883,2015,2,6,19,0.000000,0.000000,0.000000,109.087875,105.420595,145.253194
884,2015,2,6,20,0.000000,0.000000,0.000000,108.168729,108.337829,145.014105
885,2015,2,6,21,0.000000,0.000000,0.000000,104.132758,105.269678,144.149304
886,2015,2,6,22,0.000000,0.000000,0.000000,79.149104,85.803544,136.586192
887,2015,2,6,23,0.000000,0.000000,0.000000,48.271162,62.261362,129.649149
888,2015,2,6,24,0.000000,0.000000,0.000000,47.007654,62.094194,133.080725
889,2015,2,7,1,0.000000,0.000000,0.000000,35.015358,51.547338,123.836384
890,2015,2,7,2,0.000000,0.000000,0.000000,35.364511,52.514891,127.187788
891,2015,2,7,3,0.000000,0.000000,0.000000,27.050143,44.519723,117.591564
892,2015,2,7,4,0.000000,0.000000,0.000000,22.517628,40.484048,113.866798
893,2015,2,7,5,0.000000,0.000000,0.000000,21.836384,40.122844,114.451992
894,2015,2,7,6,0.000000,0.000000,0.000000,24.994686,43.091806,117.779475
895,2015,2,7,7,0.000000,0.000000,0.000000,31.587116,45.400416,123.494888
896,2015,2,7,8,0.000000,0.000000,0.000000,38.877275,37.324355,125.789406
897,2015,2,7,9,0.000000,0.000000,0.000000,48.544452,31.504032,123.920642
898,2015,2,7,10,0.000000,0.000000,0.000000,49.751055,21.973775,122.790767
899,2015,2,7,11,0.000000,0.000000,0.000000,55.675195,17.622155,119.952740
900,2015,2,7,12,0.000000,0.000000,0.000000,57.119685,12.773125,116.192300
901,2015,2,7,13,0.000000,0.000000,0.000000,56.033645,9.823665,112.814953
902,2015,2,7,14,0.000000,0.000000,0.000000,54.720341,10.102401,111.726735
903,2015,2,7,15,0.000000,0.000000,0.000000,59.071996,20.150496,117.045661
904,2015,2,7,16,0.000000,0.000000,0.000000,61.136782,31.173862,124.388749
905,2015,2,7,17,0.000000,0.000000,0.000000,66.356525,47.259985,131.308180
906,2015,2,7,18,0.000000,0.000000,0.000000,67.858366,61.968806,137.426541
907,2015,2,7,19,0.000000,0.000000,0.000000,69.846195,76.603915,141.580953
908,2015,2,7,20,0.000000,0.000000,0.000000,73.092186,82.856746,143.024195
909,2015,2,7,21,0.000000,0.000000,0.000000,72.308373,82.515593,144.044857
910,2015,2,7,22,0.000000,0.000000,0.000000,69.612489,79.396909,138.477279
911,2015,2,7,23,0.000000,0.000000,0.000000,67.302337,76.651197,133.364462
912,2015,2,7,24,0.000000,0.000000,0.000000,72.227587,80.755167,136.098823
913,2015,2,8,1,0.000000,0.000000,0.000000,70.268677,77.292097,126.467529
914,2015,2,8,2,0.000000,0.000000,0.000000,75.178723,82.099183,132.533778
915,2015,2,8,3,0.000000,0.000000,0.000000,68.687715,75.593975,123.812833
916,2015,2,8,4,0.000000,0.000000,0.000000,54.319356,64.383096,119.389928
917,2015,2,8,5,0.000000,0.000000,0.000000,48.742614,60.739714,120.976618
918,2015,2,8,6,0.000000,0.000000,0.000000,45.129142,58.661022,123.320962
919,2015,2,8,7,0.000000,0.000000,0.000000,56.273369,63.236849,124.444065
920,2015,2,8,8,0.000000,0.000000,0.000000,69.233212,59.033192,125.910856
921,2015,2,8,9,0.000000,0.000000,0.000000,79.932512,54.100252,124.742803
922,2015,2,8,10,0.000000,0.000000,0.000000,80.990305,44.593205,124.217274
923,2015,2,8,11,0.000000,0.000000,0.000000,85.111000,39.268220,122.848360
924,2015,2,8,12,0.000000,0.000000,0.000000,93.137924,40.172344,123.994526
925,2015,2,8,13,0.000000,0.000000,0.000000,99.190605,43.497825,126.104501
926,2015,2,8,14,0.000000,0.000000,0.000000,106.558608,51.437728,131.830704
927,2015,2,8,15,0.000000,0.000000,0.000000,114.559585,65.167385,142.165846
928,2015,2,8,16,0.000000,0.000000,0.000000,122.228142,81.718122,156.624096
929,2015,2,8,17,0.000000,0.000000,0.000000,130.540301,101.641961,171.144815
930,2015,2,8,18,0.000000,0.000000,0.000000,136.089863,120.428383,182.799577
931,2015,2,8,19,0.000000,0.000000,0.000000,135.941520,133.372240,186.182054
932,2015,2,8,20,0.000000,0.000000,0.000000,134.760622,135.240682,181.921109
933,2015,2,8,21,0.000000,0.000000,0.000000,132.382548,132.382548,176.510064
934,2015,2,8,22,0.000000,0.000000,0.000000,120.482974,120.482974,160.643965
935,2015,2,8,23,0.000000,0.000000,0.000000,110.910809,110.910809,147.881079
936,2015,2,8,24,0.000000,0.000000,0.000000,110.855575,110.855575,147.807434
937,2015,2,9,1,0.000000,0.000000,0.000000,101.902890,102.271390,137.590186
938,2015,2,9,2,0.000000,0.000000,0.000000,101.046082,102.536862,141.685083
939,2015,2,9,3,0.000000,0.000000,0.000000,89.249451,92.349871,133.467894
940,2015,2,9,4,0.000000,0.000000,0.000000,79.550015,84.663675,129.930433
941,2015,2,9,5,0.000000,0.000000,0.000000,79.052505,85.404685,135.046846
942,2015,2,9,6,0.000000,0.000000,0.000000,89.904621,96.871521,152.385028
943,2015,2,9,7,0.000000,0.000000,0.000000,103.817431,107.457251,172.325734
944,2015,2,9,8,0.000000,0.000000,0.000000,122.843387,107.735067,174.485689
945,2015,2,9,9,0.000000,0.000000,0.000000,139.257483,108.765043,182.095257
946,2015,2,9,10,0.000000,0.000000,0.000000,145.910016,104.446516,187.133688
947,2015,2,9,11,0.000000,0.000000,0.000000,151.786980,102.090040,193.763586
948,2015,2,9,12,0.000000,0.000000,0.000000,153.943850,99.059350,196.114133
949,2015,2,9,13,0.000000,0.000000,0.000000,160.126757,103.209437,201.638183
950,2015,2,9,14,0.000000,0.000000,0.000000,164.327595,109.077955,208.255140
951,2015,2,9,15,0.000000,0.000000,0.000000,165.571995,117.294895,215.386193
952,2015,2,9,16,0.000000,0.000000,0.000000,171.631928,132.062288,226.884250
953,2015,2,9,17,0.000000,0.000000,0.000000,174.165125,145.588625,230.813167
954,2015,2,9,18,0.000000,0.000000,0.000000,173.454584,157.588124,231.662632
955,2015,2,9,19,0.000000,0.000000,0.000000,161.824987,158.962867,219.326756
956,2015,2,9,20,0.000000,0.000000,0.000000,151.574296,152.770896,207.683195
957,2015,2,9,21,0.000000,0.000000,0.000000,145.685709,145.918609,195.334479
958,2015,2,9,22,0.000000,0.000000,0.000000,127.871562,127.871562,170.495416
959,2015,2,9,23,0.000000,0.000000,0.000000,114.932331,114.932331,153.243107
960,2015,2,9,24,0.000000,0.000000,0.000000,114.314744,114.687224,154.157899
961,2015,2,10,1,0.000000,0.000000,0.000000,104.736053,105.315293,142.351190
962,2015,2,10,2,0.000000,0.000000,0.000000,106.187040,107.209640,146.354853
963,2015,2,10,3,0.000000,0.000000,0.000000,94.882879,96.840399,135.645598
964,2015,2,10,4,0.000000,0.000000,0.000000,92.709796,94.763536,133.197181
965,2015,2,10,5,0.000000,0.000000,0.000000,91.559760,95.089000,138.549467
966,2015,2,10,6,0.000000,0.000000,0.000000,107.570140,110.370020,156.492961
967,2015,2,10,7,0.000000,0.000000,0.000000,125.726450,124.024230,176.608240
968,2015,2,10,8,0.000000,0.000000,0.000000,133.627656,116.633196,180.062728
969,2015,2,10,9,0.000000,0.000000,0.000000,146.685919,115.800559,190.166212
970,2015,2,10,10,0.000000,0.000000,0.000000,155.948566,113.725546,196.973995
971,2015,2,10,11,0.000000,0.000000,0.000000,161.041486,110.306366,201.258087
972,2015,2,10,12,0.000000,0.000000,0.000000,160.640672,105.625172,204.431896
973,2015,2,10,13,0.000000,0.000000,0.000000,165.164509,108.821029,211.033106
974,2015,2,10,14,0.000000,0.000000,0.000000,168.756286,114.161206,217.214675
975,2015,2,10,15,0.000000,0.000000,0.000000,163.463367,116.023067,216.479756
976,2015,2,10,16,0.000000,0.000000,0.000000,158.708003,121.922223,222.643697
977,2015,2,10,17,0.000000,0.000000,0.000000,162.928473,136.614973,226.391631
978,2015,2,10,18,0.000000,0.000000,0.000000,155.822917,142.962317,222.181089
979,2015,2,10,19,0.000000,0.000000,0.000000,159.907489,157.152069,217.268025
980,2015,2,10,20,0.000000,0.000000,0.000000,155.857835,156.867575,212.522567
981,2015,2,10,21,0.000000,0.000000,0.000000,153.008912,153.008912,204.011882
982,2015,2,10,22,0.000000,0.000000,0.000000,135.537744,135.537744,180.716992
983,2015,2,10,23,0.000000,0.000000,0.000000,119.286660,119.931100,162.056266
984,2015,2,10,24,0.000000,0.000000,0.000000,115.733950,116.889890,159.706320
985,2015,2,11,1,0.000000,0.000000,0.000000,105.505301,107.061261,147.934881
986,2015,2,11,2,0.000000,0.000000,0.000000,105.225441,107.628721,151.515895
987,2015,2,11,3,0.000000,0.000000,0.000000,95.639723,98.586003,141.268937
988,2015,2,11,4,0.000000,0.000000,0.000000,94.438762,96.953422,137.653430
989,2015,2,11,5,0.000000,0.000000,0.000000,94.359977,97.806077,141.895103
990,2015,2,11,6,0.000000,0.000000,0.000000,107.391624,110.672344,158.498859
991,2015,2,11,7,0.000000,0.000000,0.000000,127.979279,126.336859,179.891078
992,2015,2,11,8,0.000000,0.000000,0.000000,140.537912,122.581272,184.786229
993,2015,2,11,9,0.000000,0.000000,0.000000,152.920675,120.429615,190.985953
994,2015,2,11,10,0.000000,0.000000,0.000000,160.500026,116.713826,195.747768
995,2015,2,11,11,0.000000,0.000000,0.000000,167.318278,114.657478,200.640637
996,2015,2,11,12,0.000000,0.000000,0.000000,173.180070,114.780070,205.356760
997,2015,2,11,13,0.000000,0.000000,0.000000,176.739521,116.890741,210.108388
998,2015,2,11,14,0.000000,0.000000,0.000000,173.956687,115.556687,206.392249
999,2015,2,11,15,0.000000,0.000000,0.000000,166.051754,114.231134,199.489445
1000,2015,2,11,16,0.000000,0.000000,0.000000,162.807616,119.925256,199.659142
1001,2015,2,11,17,0.000000,0.000000,0.000000,158.790339,127.590339,198.070452
1002,2015,2,11,18,0.000000,0.000000,0.000000,149.652551,132.273491,192.867789
1003,2015,2,11,19,0.000000,0.000000,0.000000,141.865768,138.630648,190.973797
1004,2015,2,11,20,0.000000,0.000000,0.000000,137.848072,138.742952,187.973536
1005,2015,2,11,21,0.000000,0.000000,0.000000,131.931281,133.167501,181.677402
1006,2015,2,11,22,0.000000,0.000000,0.000000,116.133837,118.450937,165.658249
1007,2015,2,11,23,0.000000,0.000000,0.000000,104.594170,107.347550,152.307999
1008,2015,2,11,24,0.000000,0.000000,0.000000,104.231215,107.040375,152.084367
1009,2015,2,12,1,0.000000,0.000000,0.000000,98.878065,100.872705,141.145741
1010,2015,2,12,2,0.000000,0.000000,0.000000,101.205716,103.495876,145.628368
1011,2015,2,12,3,0.000000,0.000000,0.000000,92.914782,95.570422,136.279363
1012,2015,2,12,4,0.000000,0.000000,0.000000,91.329826,93.851546,133.541128
1013,2015,2,12,5,0.000000,0.000000,0.000000,92.690111,96.008091,139.070721
1014,2015,2,12,6,0.000000,0.000000,0.000000,108.842449,110.796569,154.242492
1015,2015,2,12,7,0.000000,0.000000,0.000000,129.595147,126.691187,176.158382
1016,2015,2,12,8,0.000000,0.000000,0.000000,135.532701,117.702861,178.704348
1017,2015,2,12,9,0.000000,0.000000,0.000000,145.983656,113.883416,183.560422
1018,2015,2,12,10,0.000000,0.000000,0.000000,151.132293,107.725993,185.030325
1019,2015,2,12,11,0.000000,0.000000,0.000000,157.215500,104.628040,187.512520
1020,2015,2,12,12,0.000000,0.000000,0.000000,158.061407,100.245547,187.924530
1021,2015,2,12,13,0.000000,0.000000,0.000000,154.203930,96.209430,188.714240
1022,2015,2,12,14,0.000000,0.000000,0.000000,149.441724,94.877124,191.604165
1023,2015,2,12,15,0.000000,0.000000,0.000000,137.659541,91.448661,187.811948
1024,2015,2,12,16,0.000000,0.000000,0.000000,117.000707,82.847767,179.320556
1025,2015,2,12,17,0.000000,0.000000,0.000000,109.121962,87.995302,178.854870
1026,2015,2,12,18,0.000000,0.000000,0.000000,108.009628,99.225188,177.452118
1027,2015,2,12,19,0.000000,0.000000,0.000000,111.536144,114.208484,178.102445
1028,2015,2,12,20,0.000000,0.000000,0.000000,113.763868,119.253868,177.305157
1029,2015,2,12,21,0.000000,0.000000,0.000000,113.736181,117.181221,167.725095
1030,2015,2,12,22,0.000000,0.000000,0.000000,108.636137,110.513777,153.610503
1031,2015,2,12,23,0.000000,0.000000,0.000000,99.560236,101.829896,143.338729
1032,2015,2,12,24,0.000000,0.000000,0.000000,97.956578,100.418598,142.098197
1033,2015,2,13,1,0.000000,0.000000,0.000000,91.614053,93.711853,131.941804
1034,2015,2,13,2,0.000000,0.000000,0.000000,94.009578,96.518218,137.053091
1035,2015,2,13,3,0.000000,0.000000,0.000000,84.576219,88.129399,129.349799
1036,2015,2,13,4,0.000000,0.000000,0.000000,82.156363,85.890483,126.967710
1037,2015,2,13,5,0.000000,0.000000,0.000000,88.289090,91.446010,132.451081
1038,2015,2,13,6,0.000000,0.000000,0.000000,103.548284,105.988144,149.450392
1039,2015,2,13,7,0.000000,0.000000,0.000000,115.546929,115.122309,168.997679
1040,2015,2,13,8,0.000000,0.000000,0.000000,120.759428,104.928868,168.336624
1041,2015,2,13,9,0.000000,0.000000,0.000000,127.708709,97.435809,167.721412
1042,2015,2,13,10,0.000000,0.000000,0.000000,129.997999,87.726239,162.145785
1043,2015,2,13,11,0.000000,0.000000,0.000000,129.655065,78.611025,157.967901
1044,2015,2,13,12,0.000000,0.000000,0.000000,126.281436,69.345276,149.656501
1045,2015,2,13,13,0.000000,0.000000,0.000000,123.439556,64.703336,144.233715
1046,2015,2,13,14,0.000000,0.000000,0.000000,121.363464,64.058604,141.378605
1047,2015,2,13,15,0.000000,0.000000,0.000000,120.519347,69.882107,144.302009
1048,2015,2,13,16,0.000000,0.000000,0.000000,119.847156,78.502476,149.554368
1049,2015,2,13,17,0.000000,0.000000,0.000000,118.751743,89.255883,152.638311
1050,2015,2,13,18,0.000000,0.000000,0.000000,113.215103,97.482263,151.966884
1051,2015,2,13,19,0.000000,0.000000,0.000000,109.156934,107.360994,154.078192
1052,2015,2,13,20,0.000000,0.000000,0.000000,109.279309,111.570129,156.396239
1053,2015,2,13,21,0.000000,0.000000,0.000000,109.647000,111.633600,155.466800
1054,2015,2,13,22,0.000000,0.000000,0.000000,102.409992,104.080312,144.341483
1055,2015,2,13,23,0.000000,0.000000,0.000000,95.809257,97.818297,137.121196
1056,2015,2,13,24,0.000000,0.000000,0.000000,95.708648,98.217368,139.318890
1057,2015,2,14,1,0.000000,0.000000,0.000000,85.599336,88.570256,127.996741
1058,2015,2,14,2,0.000000,0.000000,0.000000,88.246008,91.081388,130.893117
1059,2015,2,14,3,0.000000,0.000000,0.000000,85.693787,87.342367,121.951756
1060,2015,2,14,4,0.000000,0.000000,0.000000,84.224194,85.469934,118.112379
1061,2015,2,14,5,0.000000,0.000000,0.000000,86.021882,87.132742,119.879856
1062,2015,2,14,6,0.000000,0.000000,0.000000,88.171327,89.954327,125.882436
1063,2015,2,14,7,0.000000,0.000000,0.000000,88.449358,87.835278,131.983437
1064,2015,2,14,8,0.000000,0.000000,0.000000,95.881594,79.387414,132.069285
1065,2015,2,14,9,0.000000,0.000000,0.000000,100.815442,70.613322,132.194030
1066,2015,2,14,10,0.000000,0.000000,0.000000,101.873195,60.250955,127.677140
1067,2015,2,14,11,0.000000,0.000000,0.000000,101.124539,50.439379,121.601972
1068,2015,2,14,12,0.000000,0.000000,0.000000,99.320775,42.976455,116.470873
1069,2015,2,14,13,0.000000,0.000000,0.000000,100.664784,41.638624,112.514299
1070,2015,2,14,14,0.000000,0.000000,0.000000,100.960928,43.207708,112.082877
1071,2015,2,14,15,0.000000,0.000000,0.000000,100.883231,49.331391,113.852388
1072,2015,2,14,16,0.000000,0.000000,0.000000,104.122054,61.095414,120.738418
1073,2015,2,14,17,0.000000,0.000000,0.000000,105.060848,74.312888,128.540651
1074,2015,2,14,18,0.000000,0.000000,0.000000,104.266256,87.586536,135.616314
1075,2015,2,14,19,0.000000,0.000000,0.000000,103.306519,100.449579,141.326305
1076,2015,2,14,20,0.000000,0.000000,0.000000,103.110034,105.110974,146.817765
1077,2015,2,14,21,0.000000,0.000000,0.000000,92.880105,97.620165,145.960420
1078,2015,2,14,22,0.000000,0.000000,0.000000,75.125185,83.486505,139.186407
1079,2015,2,14,23,0.000000,0.000000,0.000000,82.323032,87.562432,134.214576
1080,2015,2,14,24,0.000000,0.000000,0.000000,89.329193,93.225873,137.290097
1081,2015,2,15,1,0.000000,0.000000,0.000000,83.700958,87.557238,129.597250
1082,2015,2,15,2,0.000000,0.000000,0.000000,76.442827,83.200787,133.460916
1083,2015,2,15,3,0.000000,0.000000,0.000000,60.029981,69.440401,123.955268
1084,2015,2,15,4,0.000000,0.000000,0.000000,54.122765,64.242065,119.387087
1085,2015,2,15,5,0.000000,0.000000,0.000000,58.392233,67.422033,119.995377
1086,2015,2,15,6,0.000000,0.000000,0.000000,55.502504,65.878644,122.425325
1087,2015,2,15,7,0.000000,0.000000,0.000000,45.744006,55.794266,124.809888
1088,2015,2,15,8,0.000000,0.000000,0.000000,40.986871,38.279611,123.215282
1089,2015,2,15,9,0.000000,0.000000,0.000000,45.475265,28.704205,121.085407
1090,2015,2,15,10,0.000000,0.000000,0.000000,44.106819,17.315499,119.866266
1091,2015,2,15,11,0.000000,0.000000,0.000000,39.414255,5.311995,116.708461
1092,2015,2,15,12,0.000000,0.000000,0.000000,40.407353,0.338993,113.874125
1093,2015,2,15,13,0.000000,0.000000,0.000000,41.863205,-0.400675,112.336166
1094,2015,2,15,14,0.000000,0.000000,0.000000,50.468648,7.374868,113.170557
1095,2015,2,15,15,0.000000,0.000000,0.000000,49.274024,13.576824,119.028433
1096,2015,2,15,16,0.000000,0.000000,0.000000,50.873970,24.428550,127.120000
1097,2015,2,15,17,0.000000,0.000000,0.000000,55.115781,40.306161,136.326148
1098,2015,2,15,18,0.000000,0.000000,0.000000,64.294226,60.233066,141.206889
1099,2015,2,15,19,0.000000,0.000000,0.000000,60.974392,70.963152,144.830069
1100,2015,2,15,20,0.000000,0.000000,0.000000,51.864813,68.373933,146.195644
1101,2015,2,15,21,0.000000,0.000000,0.000000,47.729365,64.783305,143.224206
1102,2015,2,15,22,0.000000,0.000000,0.000000,40.054175,57.321375,133.985833
1103,2015,2,15,23,0.000000,0.000000,0.000000,34.981686,52.079106,126.430208
1104,2015,2,15,24,0.000000,0.000000,0.000000,43.053303,58.220163,128.183084
1105,2015,2,16,1,0.000000,0.000000,0.000000,44.461409,57.516869,120.207359
1106,2015,2,16,2,0.000000,0.000000,0.000000,69.256089,76.240209,124.934012
1107,2015,2,16,3,0.000000,0.000000,0.000000,70.447344,75.672064,118.311818
1108,2015,2,16,4,0.000000,0.000000,0.000000,61.317663,68.707063,116.240751
1109,2015,2,16,5,0.000000,0.000000,0.000000,69.796108,75.894108,121.518810
1110,2015,2,16,6,0.000000,0.000000,0.000000,80.314477,87.387457,140.093209
1111,2015,2,16,7,0.000000,0.000000,0.000000,89.509750,94.905830,161.444706
1112,2015,2,16,8,0.000000,0.000000,0.000000,93.313372,83.360692,159.171990
1113,2015,2,16,9,0.000000,0.000000,0.000000,101.166332,76.038312,156.341016
1114,2015,2,16,10,0.000000,0.000000,0.000000,104.483613,67.296913,151.856885
1115,2015,2,16,11,0.000000,0.000000,0.000000,103.198005,57.488505,147.586340
1116,2015,2,16,12,0.000000,0.000000,0.000000,101.074023,50.030823,143.547097
1117,2015,2,16,13,0.000000,0.000000,0.000000,100.423595,47.834255,142.231206
1118,2015,2,16,14,0.000000,0.000000,0.000000,105.739985,53.201165,142.788820
1119,2015,2,16,15,0.000000,0.000000,0.000000,115.760256,66.693556,145.285741
1120,2015,2,16,16,0.000000,0.000000,0.000000,118.276882,77.812282,151.567709
1121,2015,2,16,17,0.000000,0.000000,0.000000,119.686213,90.602513,155.807684
1122,2015,2,16,18,0.000000,0.000000,0.000000,116.007486,99.953826,154.192901
1123,2015,2,16,19,0.000000,0.000000,0.000000,109.667696,107.307116,152.124222
1124,2015,2,16,20,0.000000,0.000000,0.000000,109.907971,111.645171,154.650894
1125,2015,2,16,21,0.000000,0.000000,0.000000,108.900863,110.638863,153.311817
1126,2015,2,16,22,0.000000,0.000000,0.000000,95.563322,98.721222,142.154630
1127,2015,2,16,23,0.000000,0.000000,0.000000,85.035013,89.355933,133.544311
1128,2015,2,16,24,0.000000,0.000000,0.000000,87.322136,91.774656,137.207942
1129,2015,2,17,1,0.000000,0.000000,0.000000,78.796030,83.801390,128.419720
1130,2015,2,17,2,0.000000,0.000000,0.000000,81.452997,86.938697,134.203930
1131,2015,2,17,3,0.000000,0.000000,0.000000,71.813831,77.982831,124.540442
1132,2015,2,17,4,0.000000,0.000000,0.000000,63.917758,71.811638,122.061784
1133,2015,2,17,5,0.000000,0.000000,0.000000,65.083548,73.654848,126.777464
1134,2015,2,17,6,0.000000,0.000000,0.000000,81.265739,88.681139,142.959519
1135,2015,2,17,7,0.000000,0.000000,0.000000,98.970449,101.370809,160.078945
1136,2015,2,17,8,0.000000,0.000000,0.000000,105.530947,91.711327,157.416369
1137,2015,2,17,9,0.000000,0.000000,0.000000,107.842740,81.155420,157.966160
1138,2015,2,17,10,0.000000,0.000000,0.000000,109.835518,72.139038,156.613784
1139,2015,2,17,11,0.000000,0.000000,0.000000,111.482987,64.983727,154.947436
1140,2015,2,17,12,0.000000,0.000000,0.000000,114.307209,61.576909,153.318212
1141,2015,2,17,13,0.000000,0.000000,0.000000,117.505200,62.336240,152.968454
1142,2015,2,17,14,0.000000,0.000000,0.000000,119.424449,65.410949,154.152932
1143,2015,2,17,15,0.000000,0.000000,0.000000,125.514203,76.442723,158.268698
1144,2015,2,17,16,0.000000,0.000000,0.000000,133.880202,92.472882,167.972776
1145,2015,2,17,17,0.000000,0.000000,0.000000,136.362489,106.593969,174.846892
1146,2015,2,17,18,0.000000,0.000000,0.000000,131.794259,115.442959,173.852945
1147,2015,2,17,19,0.000000,0.000000,0.000000,126.991846,124.218046,173.294728
1148,2015,2,17,20,0.000000,0.000000,0.000000,124.277108,125.794928,172.785970
1149,2015,2,17,21,0.000000,0.000000,0.000000,125.441250,125.772990,168.803120
1150,2015,2,17,22,0.000000,0.000000,0.000000,116.485573,116.485573,155.314097
1151,2015,2,17,23,0.000000,0.000000,0.000000,108.678524,108.810544,145.520792
1152,2015,2,17,24,0.000000,0.000000,0.000000,110.211976,110.211976,146.949301
1153,2015,2,18,1,0.000000,0.000000,0.000000,102.357629,103.126889,140.066718
1154,2015,2,18,2,0.000000,0.000000,0.000000,105.516422,106.705422,146.237229
1155,2015,2,18,3,0.000000,0.000000,0.000000,95.948886,97.831426,136.717034
1156,2015,2,18,4,0.000000,0.000000,0.000000,89.971763,92.860443,133.442858
1157,2015,2,18,5,0.000000,0.000000,0.000000,87.652209,91.811049,136.277532
1158,2015,2,18,6,0.000000,0.000000,0.000000,98.431479,102.895339,152.073318
1159,2015,2,18,7,0.000000,0.000000,0.000000,118.724418,117.667018,170.281357
1160,2015,2,18,8,0.000000,0.000000,0.000000,125.146533,107.956773,167.843164
1161,2015,2,18,9,0.000000,0.000000,0.000000,126.236403,95.833123,165.149897
1162,2015,2,18,10,0.000000,0.000000,0.000000,128.281974,86.650154,162.844138
1163,2015,2,18,11,0.000000,0.000000,0.000000,127.859969,77.746949,159.919199
1164,2015,2,18,12,0.000000,0.000000,0.000000,128.636598,72.606518,157.025090
1165,2015,2,18,13,0.000000,0.000000,0.000000,131.373764,73.171464,157.304285
1166,2015,2,18,14,0.000000,0.000000,0.000000,130.996540,74.407140,157.561520
1167,2015,2,18,15,0.000000,0.000000,0.000000,131.159497,80.628617,158.985223
1168,2015,2,18,16,0.000000,0.000000,0.000000,134.846815,93.187655,168.086340
1169,2015,2,18,17,0.000000,0.000000,0.000000,135.327652,105.091332,171.284043
1170,2015,2,18,18,0.000000,0.000000,0.000000,128.169727,111.224247,166.247396
1171,2015,2,18,19,0.000000,0.000000,0.000000,121.224703,117.667443,161.949058
1172,2015,2,18,20,0.000000,0.000000,0.000000,119.603389,120.236889,162.427519
1173,2015,2,18,21,0.000000,0.000000,0.000000,118.406685,118.406685,157.875580
1174,2015,2,18,22,0.000000,0.000000,0.000000,108.497150,108.497150,144.662867
1175,2015,2,18,23,0.000000,0.000000,0.000000,101.806902,101.806902,135.742536
1176,2015,2,18,24,0.000000,0.000000,0.000000,103.820728,103.820728,138.427637
1177,2015,2,19,1,0.000000,0.000000,0.000000,96.063313,96.283273,129.110898
1178,2015,2,19,2,0.000000,0.000000,0.000000,95.022485,96.472425,133.463033
1179,2015,2,19,3,0.000000,0.000000,0.000000,82.625611,85.403131,123.129242
1180,2015,2,19,4,0.000000,0.000000,0.000000,76.378383,80.535003,121.235404
1181,2015,2,19,5,0.000000,0.000000,0.000000,73.993012,79.874612,126.104816
1182,2015,2,19,6,0.000000,0.000000,0.000000,77.278714,85.561694,141.692192
1183,2015,2,19,7,0.000000,0.000000,0.000000,88.607215,94.083955,160.617740
1184,2015,2,19,8,0.000000,0.000000,0.000000,98.927358,86.930378,157.117238
1185,2015,2,19,9,0.000000,0.000000,0.000000,98.786940,74.032200,154.910467
1186,2015,2,19,10,0.000000,0.000000,0.000000,101.683402,65.476182,152.694177
1187,2015,2,19,11,0.000000,0.000000,0.000000,104.233677,58.994057,151.160009
1188,2015,2,19,12,0.000000,0.000000,0.000000,101.179334,51.500234,150.053312
1189,2015,2,19,13,0.000000,0.000000,0.000000,101.156351,50.405051,151.785735
1190,2015,2,19,14,0.000000,0.000000,0.000000,103.672788,54.383268,155.195957
1191,2015,2,19,15,0.000000,0.000000,0.000000,103.556117,60.430637,156.739249
1192,2015,2,19,16,0.000000,0.000000,0.000000,109.406866,74.089046,163.759328
1193,2015,2,19,17,0.000000,0.000000,0.000000,113.980301,89.369901,169.075201
1194,2015,2,19,18,0.000000,0.000000,0.000000,112.054296,99.983236,167.507447
1195,2015,2,19,19,0.000000,0.000000,0.000000,107.260489,108.253569,164.565025
1196,2015,2,19,20,0.000000,0.000000,0.000000,112.623922,115.783862,164.911616
1197,2015,2,19,21,0.000000,0.000000,0.000000,115.305621,116.457561,159.116548
1198,2015,2,19,22,0.000000,0.000000,0.000000,106.400369,107.516989,147.078052
1199,2015,2,19,23,0.000000,0.000000,0.000000,101.179982,102.150742,139.436856
1200,2015,2,19,24,0.000000,0.000000,0.000000,102.248546,103.745926,143.319167
1201,2015,2,20,1,0.000000,0.000000,0.000000,95.647712,97.144012,134.513016
1202,2015,2,20,2,0.000000,0.000000,0.000000,102.029262,102.787322,139.576629
1203,2015,2,20,3,0.000000,0.000000,0.000000,96.804235,97.463735,132.149980
1204,2015,2,20,4,0.000000,0.000000,0.000000,98.454224,98.454224,131.272298
1205,2015,2,20,5,0.000000,0.000000,0.000000,101.058603,101.218923,135.492963
1206,2015,2,20,6,0.000000,0.000000,0.000000,107.367650,109.269570,152.032494
1207,2015,2,20,7,0.000000,0.000000,0.000000,117.640944,116.707324,169.414365
1208,2015,2,20,8,0.000000,0.000000,0.000000,120.457612,104.331912,166.556882
1209,2015,2,20,9,0.000000,0.000000,0.000000,118.916293,91.126973,167.588231
1210,2015,2,20,10,0.000000,0.000000,0.000000,119.382603,81.033763,166.298884
1211,2015,2,20,11,0.000000,0.000000,0.000000,116.190507,71.016587,167.409049
1212,2015,2,20,12,0.000000,0.000000,0.000000,103.131770,56.552030,167.120240
1213,2015,2,20,13,0.000000,0.000000,0.000000,96.080517,50.409697,168.726863
1214,2015,2,20,14,0.000000,0.000000,0.000000,100.496714,56.206334,174.290512
1215,2015,2,20,15,0.000000,0.000000,0.000000,109.212748,69.774648,181.489197
1216,2015,2,20,16,0.000000,0.000000,0.000000,119.241545,87.707045,194.527727
1217,2015,2,20,17,0.000000,0.000000,0.000000,117.070352,98.727172,202.442296
1218,2015,2,20,18,0.000000,0.000000,0.000000,107.348386,104.007806,201.975141
1219,2015,2,20,19,0.000000,0.000000,0.000000,93.063946,105.460286,198.851515
1220,2015,2,20,20,0.000000,0.000000,0.000000,84.970825,102.369585,194.488646
1221,2015,2,20,21,0.000000,0.000000,0.000000,77.457440,94.275940,181.762919
1222,2015,2,20,22,0.000000,0.000000,0.000000,63.140093,80.174553,163.680937
1223,2015,2,20,23,0.000000,0.000000,0.000000,53.967599,70.853419,150.757292
1224,2015,2,20,24,0.000000,0.000000,0.000000,58.797853,74.149293,150.037191
1225,2015,2,21,1,0.000000,0.000000,0.000000,54.707058,68.615458,137.848611
1226,2015,2,21,2,0.000000,0.000000,0.000000,66.401881,77.748821,141.488228
1227,2015,2,21,3,0.000000,0.000000,0.000000,65.216750,74.425570,129.930160
1228,2015,2,21,4,0.000000,0.000000,0.000000,70.128937,76.841397,124.830063
1229,2015,2,21,5,0.000000,0.000000,0.000000,73.556328,79.627228,126.405971
1230,2015,2,21,6,0.000000,0.000000,0.000000,75.856682,82.288462,131.157216
1231,2015,2,21,7,0.000000,0.000000,0.000000,76.659274,80.190974,135.610298
1232,2015,2,21,8,0.000000,0.000000,0.000000,89.148794,76.366034,140.412178
1233,2015,2,21,9,0.000000,0.000000,0.000000,81.759753,59.705133,144.808111
1234,2015,2,21,10,0.000000,0.000000,0.000000,67.106510,39.795830,148.108840
1235,2015,2,21,11,0.000000,0.000000,0.000000,70.467235,34.856495,151.072860
1236,2015,2,21,12,0.000000,0.000000,0.000000,87.353047,42.442767,153.872756
1237,2015,2,21,13,0.000000,0.000000,0.000000,108.986144,56.856724,155.794232
1238,2015,2,21,14,0.000000,0.000000,0.000000,119.894411,66.655071,158.392294
1239,2015,2,21,15,0.000000,0.000000,0.000000,124.558060,77.164460,164.823947
1240,2015,2,21,16,0.000000,0.000000,0.000000,132.243513,92.200713,172.158283
1241,2015,2,21,17,0.000000,0.000000,0.000000,130.424072,103.079012,178.238483
1242,2015,2,21,18,0.000000,0.000000,0.000000,125.918913,113.462753,184.196470
1243,2015,2,21,19,0.000000,0.000000,0.000000,118.836903,120.860143,184.807657
1244,2015,2,21,20,0.000000,0.000000,0.000000,116.558426,122.691226,184.030968
1245,2015,2,21,21,0.000000,0.000000,0.000000,118.294712,122.842932,178.951310
1246,2015,2,21,22,0.000000,0.000000,0.000000,118.005189,119.542829,164.515905
1247,2015,2,21,23,0.000000,0.000000,0.000000,111.004375,112.260935,153.869780
1248,2015,2,21,24,0.000000,0.000000,0.000000,109.738468,111.191648,153.099464
1249,2015,2,22,1,0.000000,0.000000,0.000000,93.523762,96.657002,139.320137
1250,2015,2,22,2,0.000000,0.000000,0.000000,90.952476,95.590876,142.915834
1251,2015,2,22,3,0.000000,0.000000,0.000000,84.966194,89.136714,132.750686
1252,2015,2,22,4,0.000000,0.000000,0.000000,85.305817,88.869557,130.371876
1253,2015,2,22,5,0.000000,0.000000,0.000000,87.523193,90.779653,131.894404
1254,2015,2,22,6,0.000000,0.000000,0.000000,88.693495,91.934495,133.382659
1255,2015,2,22,7,0.000000,0.000000,0.000000,96.664887,94.112607,133.892543
1256,2015,2,22,8,0.000000,0.000000,0.000000,108.827467,89.627467,136.703290
1257,2015,2,22,9,0.000000,0.000000,0.000000,114.418964,81.618964,138.208619
1258,2015,2,22,10,0.000000,0.000000,0.000000,119.946642,76.113962,141.459683
1259,2015,2,22,11,0.000000,0.000000,0.000000,122.687757,70.239757,142.126343
1260,2015,2,22,12,0.000000,0.000000,0.000000,125.603977,67.459337,143.113649
1261,2015,2,22,13,0.000000,0.000000,0.000000,129.196824,69.196824,146.012432
1262,2015,2,22,14,0.000000,0.000000,0.000000,129.026745,71.133465,148.850353
1263,2015,2,22,15,0.000000,0.000000,0.000000,130.745176,78.745176,151.576901
1264,2015,2,22,16,0.000000,0.000000,0.000000,133.901204,90.701204,159.634939
1265,2015,2,22,17,0.000000,0.000000,0.000000,136.166519,104.966519,167.905359
1266,2015,2,22,18,0.000000,0.000000,0.000000,133.177194,116.169654,172.634406
1267,2015,2,22,19,0.000000,0.000000,0.000000,124.522369,121.418449,168.461532
1268,2015,2,22,20,0.000000,0.000000,0.000000,122.556985,123.190525,166.365834
1269,2015,2,22,21,0.000000,0.000000,0.000000,120.897509,120.897509,161.196678
1270,2015,2,22,22,0.000000,0.000000,0.000000,112.329036,112.329036,149.772048
1271,2015,2,22,23,0.000000,0.000000,0.000000,107.256085,107.256085,143.008113
1272,2015,2,22,24,0.000000,0.000000,0.000000,109.105624,109.627324,147.908765
1273,2015,2,23,1,0.000000,0.000000,0.000000,98.146151,100.258391,140.718654
1274,2015,2,23,2,0.000000,0.000000,0.000000,89.492772,95.284732,146.352842
1275,2015,2,23,3,0.000000,0.000000,0.000000,76.756455,84.311855,137.600473
1276,2015,2,23,4,0.000000,0.000000,0.000000,75.500428,82.878588,135.098651
1277,2015,2,23,5,0.000000,0.000000,0.000000,70.561002,80.433582,140.153376
1278,2015,2,23,6,0.000000,0.000000,0.000000,80.523842,91.290382,157.608976
1279,2015,2,23,7,0.000000,0.000000,0.000000,91.397807,100.153307,179.639409
1280,2015,2,23,8,0.000000,0.000000,0.000000,86.317168,82.308848,177.584065
1281,2015,2,23,9,0.000000,0.000000,0.000000,90.260699,71.235419,170.279626
1282,2015,2,23,10,0.000000,0.000000,0.000000,82.672975,54.305775,163.933700
1283,2015,2,23,11,0.000000,0.000000,0.000000,67.928041,34.475381,157.758308
1284,2015,2,23,12,0.000000,0.000000,0.000000,68.048869,28.534389,153.314253
1285,2015,2,23,13,0.000000,0.000000,0.000000,66.867982,25.168442,148.309456
1286,2015,2,23,14,0.000000,0.000000,0.000000,65.225301,25.292321,147.596495
1287,2015,2,23,15,0.000000,0.000000,0.000000,62.311538,29.686758,150.749744
1288,2015,2,23,16,0.000000,0.000000,0.000000,65.514697,41.317077,157.130703
1289,2015,2,23,17,0.000000,0.000000,0.000000,61.499703,49.977763,160.180550
1290,2015,2,23,18,0.000000,0.000000,0.000000,54.872586,56.692926,156.091701
1291,2015,2,23,19,0.000000,0.000000,0.000000,47.301873,62.172313,149.381218
1292,2015,2,23,20,0.000000,0.000000,0.000000,49.538572,67.829412,151.408682
1293,2015,2,23,21,0.000000,0.000000,0.000000,40.550807,60.168667,145.617756
1294,2015,2,23,22,0.000000,0.000000,0.000000,32.831205,52.396805,135.081073
1295,2015,2,23,23,0.000000,0.000000,0.000000,27.764993,46.970393,126.645191
1296,2015,2,23,24,0.000000,0.000000,0.000000,31.218826,50.166706,130.048541
1297,2015,2,24,1,0.000000,0.000000,0.000000,28.254570,46.678330,123.650306
1298,2015,2,24,2,0.000000,0.000000,0.000000,34.459463,52.793343,131.504057
1299,2015,2,24,3,0.000000,0.000000,0.000000,33.839901,50.687301,123.741068
1300,2015,2,24,4,0.000000,0.000000,0.000000,36.495686,52.359146,122.690394
1301,2015,2,24,5,0.000000,0.000000,0.000000,47.532713,61.516853,128.636271
1302,2015,2,24,6,0.000000,0.000000,0.000000,66.327175,77.995495,142.888393
1303,2015,2,24,7,0.000000,0.000000,0.000000,93.413748,97.470468,160.399690
1304,2015,2,24,8,0.000000,0.000000,0.000000,108.523851,93.252131,154.630441
1305,2015,2,24,9,0.000000,0.000000,0.000000,114.323481,84.273361,150.914081
1306,2015,2,24,10,0.000000,0.000000,0.000000,113.145013,71.872253,144.337137
1307,2015,2,24,11,0.000000,0.000000,0.000000,112.438715,62.422175,139.807766
1308,2015,2,24,12,0.000000,0.000000,0.000000,110.045232,54.845172,136.110030
1309,2015,2,24,13,0.000000,0.000000,0.000000,110.901727,53.631647,134.358596
1310,2015,2,24,14,0.000000,0.000000,0.000000,110.862545,55.072165,134.444953
1311,2015,2,24,15,0.000000,0.000000,0.000000,113.553981,63.467521,137.585161
1312,2015,2,24,16,0.000000,0.000000,0.000000,115.622862,74.377482,144.385376
1313,2015,2,24,17,0.000000,0.000000,0.000000,113.964841,85.229501,149.804868
1314,2015,2,24,18,0.000000,0.000000,0.000000,111.543008,95.679468,149.127490
1315,2015,2,24,19,0.000000,0.000000,0.000000,107.003287,104.889807,149.724809
1316,2015,2,24,20,0.000000,0.000000,0.000000,108.590398,110.384058,153.157610
1317,2015,2,24,21,0.000000,0.000000,0.000000,110.176953,110.593853,148.848137
1318,2015,2,24,22,0.000000,0.000000,0.000000,101.379655,102.078815,138.435620
1319,2015,2,24,23,0.000000,0.000000,0.000000,93.159016,94.835776,132.036901
1320,2015,2,24,24,0.000000,0.000000,0.000000,96.579368,98.890048,139.555664
1321,2015,2,25,1,0.000000,0.000000,0.000000,90.796594,93.783734,135.002111
1322,2015,2,25,2,0.000000,0.000000,0.000000,91.914406,95.818066,140.769621
1323,2015,2,25,3,0.000000,0.000000,0.000000,80.896007,86.273687,132.957182
1324,2015,2,25,4,0.000000,0.000000,0.000000,79.657134,84.694494,129.717192
1325,2015,2,25,5,0.000000,0.000000,0.000000,83.082145,87.939525,133.443967
1326,2015,2,25,6,0.000000,0.000000,0.000000,96.462284,100.759204,148.668672
1327,2015,2,25,7,0.000000,0.000000,0.000000,115.956884,114.944364,166.800752
1328,2015,2,25,8,0.000000,0.000000,0.000000,121.053511,103.938371,162.734028
1329,2015,2,25,9,0.000000,0.000000,0.000000,125.068586,93.418646,157.775062
1330,2015,2,25,10,0.000000,0.000000,0.000000,126.687270,83.488290,153.404453
1331,2015,2,25,11,0.000000,0.000000,0.000000,125.027451,73.295331,148.586708
1332,2015,2,25,12,0.000000,0.000000,0.000000,125.167873,67.445453,144.502538
1333,2015,2,25,13,0.000000,0.000000,0.000000,126.148834,66.304454,142.674672
1334,2015,2,25,14,0.000000,0.000000,0.000000,126.600441,68.361681,144.003042
1335,2015,2,25,15,0.000000,0.000000,0.000000,124.264358,72.634278,144.662104
1336,2015,2,25,16,0.000000,0.000000,0.000000,122.840568,80.549868,149.130824
1337,2015,2,25,17,0.000000,0.000000,0.000000,122.141591,91.786411,153.147948
1338,2015,2,25,18,0.000000,0.000000,0.000000,115.464663,98.999563,151.549084
1339,2015,2,25,19,0.000000,0.000000,0.000000,110.031935,107.150395,150.178726
1340,2015,2,25,20,0.000000,0.000000,0.000000,111.539528,112.433308,152.890345
1341,2015,2,25,21,0.000000,0.000000,0.000000,111.255462,111.437182,149.188643
1342,2015,2,25,22,0.000000,0.000000,0.000000,105.135418,105.135418,140.180558
1343,2015,2,25,23,0.000000,0.000000,0.000000,98.072539,98.072539,130.763386
1344,2015,2,25,24,0.000000,0.000000,0.000000,99.684929,99.833309,133.605679
1345,2015,2,26,1,0.000000,0.000000,0.000000,92.748929,93.022849,124.943532
1346,2015,2,26,2,0.000000,0.000000,0.000000,95.151854,95.757394,129.694992
1347,2015,2,26,3,0.000000,0.000000,0.000000,85.833634,87.191274,120.780498
1348,2015,2,26,4,0.000000,0.000000,0.000000,77.693373,80.847533,118.310577
1349,2015,2,26,5,0.000000,0.000000,0.000000,74.742672,79.861892,123.546589
1350,2015,2,26,6,0.000000,0.000000,0.000000,84.065317,90.313077,141.243303
1351,2015,2,26,7,0.000000,0.000000,0.000000,99.083023,101.790563,161.662551
1352,2015,2,26,8,0.000000,0.000000,0.000000,105.655086,91.884126,157.808967
1353,2015,2,26,9,0.000000,0.000000,0.000000,109.169965,81.477325,155.044300
1354,2015,2,26,10,0.000000,0.000000,0.000000,109.241812,70.700152,151.878003
1355,2015,2,26,11,0.000000,0.000000,0.000000,108.980610,61.981330,149.277507
1356,2015,2,26,12,0.000000,0.000000,0.000000,107.225709,55.125489,146.816585
1357,2015,2,26,13,0.000000,0.000000,0.000000,106.367669,53.085249,146.922266
1358,2015,2,26,14,0.000000,0.000000,0.000000,107.707383,55.973983,149.170644
1359,2015,2,26,15,0.000000,0.000000,0.000000,112.509716,66.169616,153.675822
1360,2015,2,26,16,0.000000,0.000000,0.000000,121.078073,81.891093,161.264857
1361,2015,2,26,17,0.000000,0.000000,0.000000,123.601153,95.555393,165.871323
1362,2015,2,26,18,0.000000,0.000000,0.000000,117.942737,103.476077,164.179236
1363,2015,2,26,19,0.000000,0.000000,0.000000,109.201045,109.135785,162.213514
1364,2015,2,26,20,0.000000,0.000000,0.000000,103.288011,108.993471,164.342829
1365,2015,2,26,21,0.000000,0.000000,0.000000,108.432065,111.169145,157.349127
1366,2015,2,26,22,0.000000,0.000000,0.000000,95.284674,98.874754,143.799939
1367,2015,2,26,23,0.000000,0.000000,0.000000,88.019129,91.930389,135.611386
1368,2015,2,26,24,0.000000,0.000000,0.000000,92.779782,96.099682,139.199242
1369,2015,2,27,1,0.000000,0.000000,0.000000,89.308801,91.639701,129.955934
1370,2015,2,27,2,0.000000,0.000000,0.000000,96.765849,98.045989,134.995119
1371,2015,2,27,3,0.000000,0.000000,0.000000,90.553026,91.729746,126.228728
1372,2015,2,27,4,0.000000,0.000000,0.000000,89.570120,90.575360,124.117947
1373,2015,2,27,5,0.000000,0.000000,0.000000,89.998118,92.057898,129.609797
1374,2015,2,27,6,0.000000,0.000000,0.000000,95.311334,99.603274,147.110832
1375,2015,2,27,7,0.000000,0.000000,0.000000,103.091039,105.284319,164.606692
1376,2015,2,27,8,0.000000,0.000000,0.000000,115.602387,100.359027,164.200836
1377,2015,2,27,9,0.000000,0.000000,0.000000,121.863912,92.844752,165.779136
1378,2015,2,27,10,0.000000,0.000000,0.000000,120.516692,81.565272,164.998963
1379,2015,2,27,11,0.000000,0.000000,0.000000,126.739323,78.678923,168.003897
1380,2015,2,27,12,0.000000,0.000000,0.000000,130.995865,76.865765,169.037353
1381,2015,2,27,13,0.000000,0.000000,0.000000,132.151878,76.943378,172.312837
1382,2015,2,27,14,0.000000,0.000000,0.000000,135.071246,81.849386,178.709649
1383,2015,2,27,15,0.000000,0.000000,0.000000,132.603285,87.335665,185.472153
1384,2015,2,27,16,0.000000,0.000000,0.000000,135.868289,100.339189,198.055252
1385,2015,2,27,17,0.000000,0.000000,0.000000,120.295676,101.253896,203.482595
1386,2015,2,27,18,0.000000,0.000000,0.000000,101.362363,98.174503,194.706471
1387,2015,2,27,19,0.000000,0.000000,0.000000,106.092351,114.641511,198.269214
1388,2015,2,27,20,0.000000,0.000000,0.000000,107.573343,118.862503,196.113871
1389,2015,2,27,21,0.000000,0.000000,0.000000,100.303779,110.960719,183.470759
1390,2015,2,27,22,0.000000,0.000000,0.000000,101.789326,108.111346,165.221861
1391,2015,2,27,23,0.000000,0.000000,0.000000,85.537982,93.169762,149.665615
1392,2015,2,27,24,0.000000,0.000000,0.000000,88.261934,95.091514,149.553951
1393,2015,2,28,1,0.000000,0.000000,0.000000,75.720622,83.706162,138.226682
1394,2015,2,28,2,0.000000,0.000000,0.000000,78.521493,86.102533,140.073511
1395,2015,2,28,3,0.000000,0.000000,0.000000,72.965437,79.769197,129.038129
1396,2015,2,28,4,0.000000,0.000000,0.000000,78.021898,82.536398,125.096864
1397,2015,2,28,5,0.000000,0.000000,0.000000,89.363531,91.122091,127.357987
1398,2015,2,28,6,0.000000,0.000000,0.000000,93.790428,95.635968,133.666424
1399,2015,2,28,7,0.000000,0.000000,0.000000,104.639859,101.387519,141.258892
1400,2015,2,28,8,0.000000,0.000000,0.000000,111.017916,92.310496,141.922595
1401,2015,2,28,9,0.000000,0.000000,0.000000,114.377176,82.285456,141.458209
1402,2015,2,28,10,0.000000,0.000000,0.000000,113.555557,70.637737,137.207583
1403,2015,2,28,11,0.000000,0.000000,0.000000,110.938477,59.357817,130.508223
1404,2015,2,28,12,0.000000,0.000000,0.000000,107.791497,50.579377,123.715436
1405,2015,2,28,13,0.000000,0.000000,0.000000,102.044009,43.441609,116.330812
1406,2015,2,28,14,0.000000,0.000000,0.000000,96.065307,39.022347,108.869929
1407,2015,2,28,15,0.000000,0.000000,0.000000,94.314843,43.584263,108.927084
1408,2015,2,28,16,0.000000,0.000000,0.000000,94.064567,52.599587,114.616182
1409,2015,2,28,17,0.000000,0.000000,0.000000,86.016851,59.391711,122.388482
1410,2015,2,28,18,0.000000,0.000000,0.000000,82.602101,70.801181,129.498508
1411,2015,2,28,19,0.000000,0.000000,0.000000,80.552984,83.120904,136.304271
1412,2015,2,28,20,0.000000,0.000000,0.000000,77.562224,85.995424,142.771233
1413,2015,2,28,21,0.000000,0.000000,0.000000,70.807485,80.740625,140.764633
1414,2015,2,28,22,0.000000,0.000000,0.000000,57.689484,69.911744,133.956525
1415,2015,2,28,23,0.000000,0.000000,0.000000,43.878909,58.758709,127.944279
1416,2015,2,28,24,0.000000,0.000000,0.000000,39.765325,56.582785,131.501914
1417,2015,3,1,1,0.000000,0.000000,0.000000,30.269872,48.088212,123.512083
1418,2015,3,1,2,0.000000,0.000000,0.000000,30.319186,48.744626,126.410968
1419,2015,3,1,3,0.000000,0.000000,0.000000,24.482756,42.544076,116.929835
1420,2015,3,1,4,0.000000,0.000000,0.000000,21.259359,38.901019,110.673558
1421,2015,3,1,5,0.000000,0.000000,0.000000,22.564251,39.755951,110.313601
1422,2015,3,1,6,0.000000,0.000000,0.000000,22.230051,40.115051,113.103402
1423,2015,3,1,7,0.000000,0.000000,0.000000,25.581596,43.413756,117.325541
1424,2015,3,1,8,0.000000,0.000000,0.000000,49.268737,45.297537,114.826049
1425,2015,3,1,9,0.000000,0.000000,0.000000,65.074680,40.596020,111.249160
1426,2015,3,1,10,0.000000,0.000000,0.000000,64.327963,25.423043,103.830990
1427,2015,3,1,11,0.000000,0.000000,0.000000,65.595075,16.102875,100.096500
1428,2015,3,1,12,0.000000,0.000000,0.000000,61.097751,4.570491,95.103121
1429,2015,3,1,13,0.000000,0.000000,0.000000,61.816337,2.171057,91.660476
1430,2015,3,1,14,0.000000,0.000000,0.000000,51.144907,-4.269473,90.409436
1431,2015,3,1,15,0.000000,0.000000,0.000000,43.155460,-3.587820,93.155307
1432,2015,3,1,16,0.000000,0.000000,0.000000,55.398933,16.215153,100.774270
1433,2015,3,1,17,0.000000,0.000000,0.000000,65.258342,39.048062,113.563150
1434,2015,3,1,18,0.000000,0.000000,0.000000,81.806822,67.676222,124.332963
1435,2015,3,1,19,0.000000,0.000000,0.000000,88.188952,89.518532,133.939976
1436,2015,3,1,20,0.000000,0.000000,0.000000,94.167591,97.654031,141.826841
1437,2015,3,1,21,0.000000,0.000000,0.000000,92.177011,95.550791,138.646987
1438,2015,3,1,22,0.000000,0.000000,0.000000,81.248001,85.907821,130.076495
1439,2015,3,1,23,0.000000,0.000000,0.000000,77.395783,81.826623,123.871631
1440,2015,3,1,24,0.000000,0.000000,0.000000,81.037679,85.427799,128.537465
1441,2015,3,2,1,0.000000,0.000000,0.000000,79.108822,83.117622,124.186163
1442,2015,3,2,2,0.000000,0.000000,0.000000,82.218347,86.523367,129.714556
1443,2015,3,2,3,0.000000,0.000000,0.000000,77.667541,81.833681,122.998707
1444,2015,3,2,4,0.000000,0.000000,0.000000,68.973502,74.866782,119.466642
1445,2015,3,2,5,0.000000,0.000000,0.000000,66.715691,74.273711,124.225014
1446,2015,3,2,6,0.000000,0.000000,0.000000,82.749126,89.085106,139.900074
1447,2015,3,2,7,0.000000,0.000000,0.000000,101.033296,106.435796,159.922728
1448,2015,3,2,8,0.000000,0.000000,0.000000,107.541029,95.344929,154.139572
1449,2015,3,2,9,0.000000,0.000000,0.000000,115.761535,84.758355,148.383873
1450,2015,3,2,10,0.000000,0.000000,0.000000,113.449814,68.058514,139.057019
1451,2015,3,2,11,0.000000,0.000000,0.000000,118.166126,61.220586,135.408981
1452,2015,3,2,12,0.000000,0.000000,0.000000,119.036438,53.778438,131.611251
1453,2015,3,2,13,0.000000,0.000000,0.000000,115.241706,48.027986,127.574915
1454,2015,3,2,14,0.000000,0.000000,0.000000,111.523856,46.705756,127.030675
1455,2015,3,2,15,0.000000,0.000000,0.000000,110.886749,52.533089,129.281919
1456,2015,3,2,16,0.000000,0.000000,0.000000,116.323481,67.496581,137.005775
1457,2015,3,2,17,0.000000,0.000000,0.000000,116.660548,82.247468,143.819691
1458,2015,3,2,18,0.000000,0.000000,0.000000,113.190948,95.103628,147.713770
1459,2015,3,2,19,0.000000,0.000000,0.000000,110.539291,109.292951,151.719468
1460,2015,3,2,20,0.000000,0.000000,0.000000,115.299967,116.011327,157.052969
1461,2015,3,2,21,0.000000,0.000000,0.000000,113.504372,113.798332,152.710976
1462,2015,3,2,22,0.000000,0.000000,0.000000,106.345396,106.345396,141.793861
1463,2015,3,2,23,0.000000,0.000000,0.000000,97.378332,98.337032,134.311709
1464,2015,3,2,24,0.000000,0.000000,0.000000,99.393149,100.974789,139.905185
1465,2015,3,3,1,0.000000,0.000000,0.000000,88.513586,91.067366,129.935754
1466,2015,3,3,2,0.000000,0.000000,0.000000,89.750175,92.693235,133.401180
1467,2015,3,3,3,0.000000,0.000000,0.000000,84.917796,87.678956,126.109142
1468,2015,3,3,4,0.000000,0.000000,0.000000,80.600095,84.063195,123.627926
1469,2015,3,3,5,0.000000,0.000000,0.000000,81.204903,85.752143,129.493657
1470,2015,3,3,6,0.000000,0.000000,0.000000,91.990907,97.195947,146.944729
1471,2015,3,3,7,0.000000,0.000000,0.000000,108.243326,113.456846,168.654194
1472,2015,3,3,8,0.000000,0.000000,0.000000,119.042384,105.655704,163.918672
1473,2015,3,3,9,0.000000,0.000000,0.000000,125.443792,93.631832,157.519242
1474,2015,3,3,10,0.000000,0.000000,0.000000,125.222736,78.551136,148.779515
1475,2015,3,3,11,0.000000,0.000000,0.000000,126.523531,69.381291,145.634255
1476,2015,3,3,12,0.000000,0.000000,0.000000,125.786404,60.400344,140.013592
1477,2015,3,3,13,0.000000,0.000000,0.000000,124.515615,56.821255,137.697140
1478,2015,3,3,14,0.000000,0.000000,0.000000,121.593648,56.078268,137.203091
1479,2015,3,3,15,0.000000,0.000000,0.000000,119.284258,60.363918,137.834091
1480,2015,3,3,16,0.000000,0.000000,0.000000,120.710591,72.410271,145.312628
1481,2015,3,3,17,0.000000,0.000000,0.000000,120.914236,87.146016,152.500621
1482,2015,3,3,18,0.000000,0.000000,0.000000,115.787312,98.540912,155.099883
1483,2015,3,3,19,0.000000,0.000000,0.000000,111.058044,110.750184,156.790712
1484,2015,3,3,20,0.000000,0.000000,0.000000,113.829295,116.189355,162.786007
1485,2015,3,3,21,0.000000,0.000000,0.000000,116.225027,117.166647,159.360929
1486,2015,3,3,22,0.000000,0.000000,0.000000,110.987133,110.987133,147.982843
1487,2015,3,3,23,0.000000,0.000000,0.000000,104.585764,104.585764,139.447685
1488,2015,3,3,24,0.000000,0.000000,0.000000,108.017415,108.017415,144.023220
1489,2015,3,4,1,0.000000,0.000000,0.000000,101.592803,101.790043,136.377524
1490,2015,3,4,2,0.000000,0.000000,0.000000,104.206556,104.821916,141.813754
1491,2015,3,4,3,0.000000,0.000000,0.000000,94.811951,96.459751,134.105668
1492,2015,3,4,4,0.000000,0.000000,0.000000,90.073710,92.702990,132.368253
1493,2015,3,4,5,0.000000,0.000000,0.000000,88.284006,92.447726,137.142702
1494,2015,3,4,6,0.000000,0.000000,0.000000,93.678179,99.996479,154.389639
1495,2015,3,4,7,0.000000,0.000000,0.000000,109.426004,116.016404,176.656538
1496,2015,3,4,8,0.000000,0.000000,0.000000,122.228125,109.390325,170.727766
1497,2015,3,4,9,0.000000,0.000000,0.000000,123.172602,93.323242,163.649789
1498,2015,3,4,10,0.000000,0.000000,0.000000,120.332958,76.363438,154.869518
1499,2015,3,4,11,0.000000,0.000000,0.000000,120.259234,66.765654,154.308938
1500,2015,3,4,12,0.000000,0.000000,0.000000,120.074752,58.700352,151.119137
1501,2015,3,4,13,0.000000,0.000000,0.000000,118.525260,55.283400,150.488333
1502,2015,3,4,14,0.000000,0.000000,0.000000,116.607671,55.391451,150.617869
1503,2015,3,4,15,0.000000,0.000000,0.000000,120.743264,65.569504,157.263472
1504,2015,3,4,16,0.000000,0.000000,0.000000,124.714081,79.864001,166.751734
1505,2015,3,4,17,0.000000,0.000000,0.000000,126.604797,95.724637,173.565649
1506,2015,3,4,18,0.000000,0.000000,0.000000,121.785667,106.446547,171.998329
1507,2015,3,4,19,0.000000,0.000000,0.000000,114.878127,116.592087,171.319316
1508,2015,3,4,20,0.000000,0.000000,0.000000,108.549045,114.798165,173.894620
1509,2015,3,4,21,0.000000,0.000000,0.000000,111.037002,114.780742,165.520123
1510,2015,3,4,22,0.000000,0.000000,0.000000,98.880098,103.025938,151.187383
1511,2015,3,4,23,0.000000,0.000000,0.000000,93.327612,96.827832,140.771176
1512,2015,3,4,24,0.000000,0.000000,0.000000,95.226259,98.914339,144.179386
1513,2015,3,5,1,0.000000,0.000000,0.000000,93.678107,95.957687,135.542183
1514,2015,3,5,2,0.000000,0.000000,0.000000,100.677777,102.084097,140.799862
1515,2015,3,5,3,0.000000,0.000000,0.000000,95.765597,96.839637,132.699650
1516,2015,3,5,4,0.000000,0.000000,0.000000,95.683272,96.323572,130.565762
1517,2015,3,5,5,0.000000,0.000000,0.000000,90.561563,93.846223,136.077164
1518,2015,3,5,6,0.000000,0.000000,0.000000,93.355652,99.596792,153.599523
1519,2015,3,5,7,0.000000,0.000000,0.000000,113.062912,118.044912,173.999882
1520,2015,3,5,8,0.000000,0.000000,0.000000,121.265174,108.728494,170.849059
1521,2015,3,5,9,0.000000,0.000000,0.000000,123.177093,94.305613,168.219218
1522,2015,3,5,10,0.000000,0.000000,0.000000,122.583388,79.816048,163.480264
1523,2015,3,5,11,0.000000,0.000000,0.000000,124.575324,72.048684,164.576112
1524,2015,3,5,12,0.000000,0.000000,0.000000,122.141239,62.698719,162.889892
1525,2015,3,5,13,0.000000,0.000000,0.000000,119.419481,58.923661,164.495482
1526,2015,3,5,14,0.000000,0.000000,0.000000,124.034968,64.142728,166.699503
1527,2015,3,5,15,0.000000,0.000000,0.000000,127.727392,72.910052,168.238936
1528,2015,3,5,16,0.000000,0.000000,0.000000,133.396884,87.706624,174.407965
1529,2015,3,5,17,0.000000,0.000000,0.000000,135.634906,103.663826,180.514835
1530,2015,3,5,18,0.000000,0.000000,0.000000,123.441306,108.985506,178.328008
1531,2015,3,5,19,0.000000,0.000000,0.000000,115.849482,119.356642,180.982723
1532,2015,3,5,20,0.000000,0.000000,0.000000,114.732307,121.312907,183.685875
1533,2015,3,5,21,0.000000,0.000000,0.000000,111.171052,116.157632,171.498776
1534,2015,3,5,22,0.000000,0.000000,0.000000,112.608142,113.705402,155.264736
1535,2015,3,5,23,0.000000,0.000000,0.000000,106.207404,106.688784,143.856312
1536,2015,3,5,24,0.000000,0.000000,0.000000,109.343578,109.343578,145.791438
1537,2015,3,6,1,0.000000,0.000000,0.000000,101.554024,101.554024,135.405365
1538,2015,3,6,2,0.000000,0.000000,0.000000,105.441169,105.441169,140.588225
1539,2015,3,6,3,0.000000,0.000000,0.000000,97.560350,97.703430,130.748173
1540,2015,3,6,4,0.000000,0.000000,0.000000,91.231498,92.476338,127.451251
1541,2015,3,6,5,0.000000,0.000000,0.000000,95.599254,96.643194,132.337392
1542,2015,3,6,6,0.000000,0.000000,0.000000,107.849410,109.261170,150.387427
1543,2015,3,6,7,0.000000,0.000000,0.000000,121.044618,123.314458,171.985411
1544,2015,3,6,8,0.000000,0.000000,0.000000,120.323025,107.987185,170.530114
1545,2015,3,6,9,0.000000,0.000000,0.000000,119.291778,91.096458,166.194211
1546,2015,3,6,10,0.000000,0.000000,0.000000,126.412547,82.268647,162.161863
1547,2015,3,6,11,0.000000,0.000000,0.000000,128.095309,73.818229,161.100705
1548,2015,3,6,12,0.000000,0.000000,0.000000,123.195705,61.824425,155.294966
1549,2015,3,6,13,0.000000,0.000000,0.000000,116.780321,53.920141,149.942922
1550,2015,3,6,14,0.000000,0.000000,0.000000,113.146153,52.650253,149.364003
1551,2015,3,6,15,0.000000,0.000000,0.000000,109.270256,56.328956,152.384275
1552,2015,3,6,16,0.000000,0.000000,0.000000,107.182324,65.498444,158.151659
1553,2015,3,6,17,0.000000,0.000000,0.000000,102.246669,75.894389,162.218252
1554,2015,3,6,18,0.000000,0.000000,0.000000,101.165576,89.754276,162.834702
1555,2015,3,6,19,0.000000,0.000000,0.000000,105.532270,108.769190,165.965320
1556,2015,3,6,20,0.000000,0.000000,0.000000,117.461461,120.622581,171.367174
1557,2015,3,6,21,0.000000,0.000000,0.000000,115.039431,117.333611,164.092081
1558,2015,3,6,22,0.000000,0.000000,0.000000,110.176672,111.549712,153.309750
1559,2015,3,6,23,0.000000,0.000000,0.000000,103.095310,104.271210,142.947947
1560,2015,3,6,24,0.000000,0.000000,0.000000,101.638813,103.325973,143.391831
1561,2015,3,7,1,0.000000,0.000000,0.000000,91.157753,93.723873,133.518898
1562,2015,3,7,2,0.000000,0.000000,0.000000,86.779996,91.319256,136.889875
1563,2015,3,7,3,0.000000,0.000000,0.000000,75.642773,81.023193,125.965657
1564,2015,3,7,4,0.000000,0.000000,0.000000,73.839571,79.223511,123.577815
1565,2015,3,7,5,0.000000,0.000000,0.000000,75.370977,80.363917,123.795023
1566,2015,3,7,6,0.000000,0.000000,0.000000,83.785878,87.391078,128.538771
1567,2015,3,7,7,0.000000,0.000000,0.000000,94.097359,95.911119,133.927359
1568,2015,3,7,8,0.000000,0.000000,0.000000,105.600527,89.785847,134.665530
1569,2015,3,7,9,0.000000,0.000000,0.000000,112.044303,79.436463,135.939150
1570,2015,3,7,10,0.000000,0.000000,0.000000,108.470899,62.058999,127.655665
1571,2015,3,7,11,0.000000,0.000000,0.000000,109.855125,53.351005,126.387606
1572,2015,3,7,12,0.000000,0.000000,0.000000,110.504878,45.853278,123.065704
1573,2015,3,7,13,0.000000,0.000000,0.000000,111.407758,43.848998,120.852797
1574,2015,3,7,14,0.000000,0.000000,0.000000,109.428092,43.343532,118.326177
1575,2015,3,7,15,0.000000,0.000000,0.000000,102.681197,43.028537,112.279182
1576,2015,3,7,16,0.000000,0.000000,0.000000,103.854444,54.254444,116.772592
1577,2015,3,7,17,0.000000,0.000000,0.000000,105.270590,70.070590,124.960787
1578,2015,3,7,18,0.000000,0.000000,0.000000,104.126270,85.471710,132.980413
1579,2015,3,7,19,0.000000,0.000000,0.000000,101.820447,100.768227,141.000236
1580,2015,3,7,20,0.000000,0.000000,0.000000,102.454175,103.998755,143.813607
1581,2015,3,7,21,0.000000,0.000000,0.000000,97.223823,99.054043,138.172791
1582,2015,3,7,22,0.000000,0.000000,0.000000,90.637149,93.075429,132.228172
1583,2015,3,7,23,0.000000,0.000000,0.000000,85.467970,88.161430,126.526774
1584,2015,3,7,24,0.000000,0.000000,0.000000,86.055307,89.105987,128.976916
1585,2015,3,8,1,0.000000,0.000000,0.000000,78.585250,82.033610,120.872680
1586,2015,3,8,2,0.000000,0.000000,0.000000,81.023502,84.420582,123.884377
1587,2015,3,8,3,0.000000,0.000000,0.000000,73.745999,77.638979,116.495238
1588,2015,3,8,4,0.000000,0.000000,0.000000,71.542731,74.972971,111.398095
1589,2015,3,8,5,0.000000,0.000000,0.000000,71.548150,75.062930,111.799840
1590,2015,3,8,6,0.000000,0.000000,0.000000,68.029795,73.094035,114.339514
1591,2015,3,8,7,0.000000,0.000000,0.000000,66.579590,73.081110,119.113214
1592,2015,3,8,8,0.000000,0.000000,0.000000,66.480744,58.328284,118.262846
1593,2015,3,8,9,0.000000,0.000000,0.000000,66.927143,43.224603,117.341004
1594,2015,3,8,10,0.000000,0.000000,0.000000,68.298034,30.148954,112.651672
1595,2015,3,8,11,0.000000,0.000000,0.000000,78.514474,27.163974,108.650298
1596,2015,3,8,12,0.000000,0.000000,0.000000,82.530183,21.708383,103.638510
1597,2015,3,8,13,0.000000,0.000000,0.000000,77.463936,15.240196,100.491128
1598,2015,3,8,14,0.000000,0.000000,0.000000,72.078721,12.735821,99.988095
1599,2015,3,8,15,0.000000,0.000000,0.000000,80.604278,25.632718,104.688424
1600,2015,3,8,16,0.000000,0.000000,0.000000,80.998350,36.923430,112.081507
1601,2015,3,8,17,0.000000,0.000000,0.000000,90.424631,59.042731,122.983975
1602,2015,3,8,18,0.000000,0.000000,0.000000,95.585987,79.910767,135.496956
1603,2015,3,8,19,0.000000,0.000000,0.000000,95.932932,96.961852,142.862203
1604,2015,3,8,20,0.000000,0.000000,0.000000,94.542292,98.465272,144.363630
1605,2015,3,8,21,0.000000,0.000000,0.000000,84.148689,89.846929,138.790039
1606,2015,3,8,22,0.000000,0.000000,0.000000,69.706332,77.992692,131.611457
1607,2015,3,8,23,0.000000,0.000000,0.000000,73.075290,79.455590,127.208454
1608,2015,3,8,24,0.000000,0.000000,0.000000,71.235600,78.987100,131.154466
1609,2015,3,9,1,0.000000,0.000000,0.000000,53.543553,64.456053,122.316404
1610,2015,3,9,2,0.000000,0.000000,0.000000,47.058329,60.920869,127.436292
1611,2015,3,9,3,0.000000,0.000000,0.000000,33.022310,49.251850,119.767600
1612,2015,3,9,4,0.000000,0.000000,0.000000,41.761336,54.885516,116.927954
1613,2015,3,9,5,0.000000,0.000000,0.000000,56.492123,65.259283,116.236244
1614,2015,3,9,6,0.000000,0.000000,0.000000,64.180004,71.713864,120.731352
1615,2015,3,9,7,0.000000,0.000000,0.000000,73.799157,79.552197,125.246395
1616,2015,3,9,8,0.000000,0.000000,0.000000,58.726462,53.890682,123.401642
1617,2015,3,9,9,0.000000,0.000000,0.000000,47.046125,30.403645,123.779926
1618,2015,3,9,10,0.000000,0.000000,0.000000,41.842447,12.605987,118.969783
1619,2015,3,9,11,0.000000,0.000000,0.000000,45.959087,5.891967,117.898889
1620,2015,3,9,12,0.000000,0.000000,0.000000,40.005544,-6.884836,111.952285
1621,2015,3,9,13,0.000000,0.000000,0.000000,32.457802,-16.058338,104.451749
1622,2015,3,9,14,0.000000,0.000000,0.000000,29.142095,-17.275305,103.058260
1623,2015,3,9,15,0.000000,0.000000,0.000000,28.274133,-11.730287,104.761550
1624,2015,3,9,16,0.000000,0.000000,0.000000,29.616819,0.008359,111.082945
1625,2015,3,9,17,0.000000,0.000000,0.000000,33.793061,18.539321,122.739961
1626,2015,3,9,18,0.000000,0.000000,0.000000,35.408159,36.159039,131.914985
1627,2015,3,9,19,0.000000,0.000000,0.000000,35.772609,53.239689,139.359851
1628,2015,3,9,20,0.000000,0.000000,0.000000,40.524297,59.955957,144.713476
1629,2015,3,9,21,0.000000,0.000000,0.000000,33.865158,53.794498,138.157131
1630,2015,3,9,22,0.000000,0.000000,0.000000,27.125840,47.003080,128.928240
1631,2015,3,9,23,0.000000,0.000000,0.000000,22.654091,42.574291,123.166388
1632,2015,3,9,24,0.000000,0.000000,0.000000,25.458348,45.399968,127.005357
1633,2015,3,10,1,0.000000,0.000000,0.000000,19.723906,39.649246,119.283461
1634,2015,3,10,2,0.000000,0.000000,0.000000,23.426418,43.301438,123.985317
1635,2015,3,10,3,0.000000,0.000000,0.000000,17.320576,37.265116,116.168621
1636,2015,3,10,4,0.000000,0.000000,0.000000,15.652642,35.419182,113.114042
1637,2015,3,10,5,0.000000,0.000000,0.000000,20.939126,40.644566,119.877555
1638,2015,3,10,6,0.000000,0.000000,0.000000,32.353012,52.078612,135.190149
1639,2015,3,10,7,0.000000,0.000000,0.000000,51.058901,70.849661,160.435415
1640,2015,3,10,8,0.000000,0.000000,0.000000,52.994984,56.615264,155.221285
1641,2015,3,10,9,0.000000,0.000000,0.000000,54.025001,40.794681,149.008508
1642,2015,3,10,10,0.000000,0.000000,0.000000,57.922318,28.646998,140.228264
1643,2015,3,10,11,0.000000,0.000000,0.000000,59.240969,19.125849,135.384065
1644,2015,3,10,12,0.000000,0.000000,0.000000,58.422961,9.806401,128.453335
1645,2015,3,10,13,0.000000,0.000000,0.000000,57.830456,6.114476,123.349369
1646,2015,3,10,14,0.000000,0.000000,0.000000,59.828764,8.719784,122.079778
1647,2015,3,10,15,0.000000,0.000000,0.000000,58.487171,13.873091,123.533855
1648,2015,3,10,16,0.000000,0.000000,0.000000,61.736701,26.887981,129.454908
1649,2015,3,10,17,0.000000,0.000000,0.000000,58.206532,39.271052,138.109803
1650,2015,3,10,18,0.000000,0.000000,0.000000,61.525717,57.102197,142.591196
1651,2015,3,10,19,0.000000,0.000000,0.000000,61.164213,74.051333,151.842178
1652,2015,3,10,20,0.000000,0.000000,0.000000,69.944011,83.767271,157.767227
1653,2015,3,10,21,0.000000,0.000000,0.000000,64.978097,78.909837,151.652249
1654,2015,3,10,22,0.000000,0.000000,0.000000,50.384558,66.272278,141.322104
1655,2015,3,10,23,0.000000,0.000000,0.000000,49.901238,64.493898,134.634064
1656,2015,3,10,24,0.000000,0.000000,0.000000,63.474848,75.331308,139.963278
1657,2015,3,11,1,0.000000,0.000000,0.000000,61.855343,72.823363,133.657884
1658,2015,3,11,2,0.000000,0.000000,0.000000,62.684364,74.479984,138.625379
1659,2015,3,11,3,0.000000,0.000000,0.000000,66.145400,75.481240,131.761119
1660,2015,3,11,4,0.000000,0.000000,0.000000,60.834272,70.922072,128.188763
1661,2015,3,11,5,0.000000,0.000000,0.000000,69.947401,78.122661,131.414414
1662,2015,3,11,6,0.000000,0.000000,0.000000,85.446061,92.760901,148.064001
1663,2015,3,11,7,0.000000,0.000000,0.000000,111.161164,116.512264,173.186686
1664,2015,3,11,8,0.000000,0.000000,0.000000,119.569911,107.190811,169.324082
1665,2015,3,11,9,0.000000,0.000000,0.000000,117.752906,89.353366,163.189354
1666,2015,3,11,10,0.000000,0.000000,0.000000,115.428831,72.540311,153.375348
1667,2015,3,11,11,0.000000,0.000000,0.000000,119.173781,64.410561,146.936681
1668,2015,3,11,12,0.000000,0.000000,0.000000,119.143862,55.720842,140.317722
1669,2015,3,11,13,0.000000,0.000000,0.000000,119.220472,53.015972,137.589630
1670,2015,3,11,14,0.000000,0.000000,0.000000,119.132712,53.981032,135.619110
1671,2015,3,11,15,0.000000,0.000000,0.000000,117.104185,58.381865,135.851420
1672,2015,3,11,16,0.000000,0.000000,0.000000,114.110536,66.812336,141.189115
1673,2015,3,11,17,0.000000,0.000000,0.000000,113.162355,80.694875,148.234900
1674,2015,3,11,18,0.000000,0.000000,0.000000,112.892218,96.040938,153.083651
1675,2015,3,11,19,0.000000,0.000000,0.000000,116.079891,115.106971,160.382895
1676,2015,3,11,20,0.000000,0.000000,0.000000,123.706500,124.526640,168.769320
1677,2015,3,11,21,0.000000,0.000000,0.000000,121.048470,121.213230,162.166840
1678,2015,3,11,22,0.000000,0.000000,0.000000,112.482433,112.482433,149.976578
1679,2015,3,11,23,0.000000,0.000000,0.000000,106.475073,106.475073,141.966764
1680,2015,3,11,24,0.000000,0.000000,0.000000,109.871276,109.871276,146.495034
1681,2015,3,12,1,0.000000,0.000000,0.000000,103.624337,103.935657,139.618609
1682,2015,3,12,2,0.000000,0.000000,0.000000,108.378488,108.909428,146.982370
1683,2015,3,12,3,0.000000,0.000000,0.000000,99.978324,100.956584,137.869645
1684,2015,3,12,4,0.000000,0.000000,0.000000,94.965237,96.712397,134.773729
1685,2015,3,12,5,0.000000,0.000000,0.000000,93.963591,96.717471,138.136228
1686,2015,3,12,6,0.000000,0.000000,0.000000,107.702335,110.023775,154.436500
1687,2015,3,12,7,0.000000,0.000000,0.000000,126.505648,128.221108,176.679677
1688,2015,3,12,8,0.000000,0.000000,0.000000,129.709362,114.594262,170.075350
1689,2015,3,12,9,0.000000,0.000000,0.000000,129.572402,97.563302,162.104069
1690,2015,3,12,10,0.000000,0.000000,0.000000,127.766922,81.020942,151.824656
1691,2015,3,12,11,0.000000,0.000000,0.000000,127.297746,70.354966,147.597354
1692,2015,3,12,12,0.000000,0.000000,0.000000,125.241737,60.435337,141.992449
1693,2015,3,12,13,0.000000,0.000000,0.000000,121.789448,55.227608,139.347344
1694,2015,3,12,14,0.000000,0.000000,0.000000,116.396892,52.435452,137.525803
1695,2015,3,12,15,0.000000,0.000000,0.000000,110.499061,53.802761,136.499348
1696,2015,3,12,16,0.000000,0.000000,0.000000,110.868013,64.610413,141.721884
1697,2015,3,12,17,0.000000,0.000000,0.000000,109.677362,78.509502,149.653136
1698,2015,3,12,18,0.000000,0.000000,0.000000,103.267301,88.660721,150.725694
1699,2015,3,12,19,0.000000,0.000000,0.000000,98.499119,101.450719,155.256292
1700,2015,3,12,20,0.000000,0.000000,0.000000,97.017714,103.625714,160.194285
1701,2015,3,12,21,0.000000,0.000000,0.000000,94.607022,100.391322,153.136096
1702,2015,3,12,22,0.000000,0.000000,0.000000,86.290302,92.446222,143.781363
1703,2015,3,12,23,0.000000,0.000000,0.000000,76.666398,83.741418,135.238624
1704,2015,3,12,24,0.000000,0.000000,0.000000,85.393360,90.640120,138.342693
1705,2015,3,13,1,0.000000,0.000000,0.000000,84.124692,87.848832,129.545576
1706,2015,3,13,2,0.000000,0.000000,0.000000,91.491262,94.400262,135.563683
1707,2015,3,13,3,0.000000,0.000000,0.000000,87.310429,90.142009,129.627946
1708,2015,3,13,4,0.000000,0.000000,0.000000,81.328288,85.157968,126.309557
1709,2015,3,13,5,0.000000,0.000000,0.000000,76.797630,83.136710,131.979214
1710,2015,3,13,6,0.000000,0.000000,0.000000,80.057768,89.143948,149.145865
1711,2015,3,13,7,0.000000,0.000000,0.000000,96.267500,105.598000,171.899000
1712,2015,3,13,8,0.000000,0.000000,0.000000,100.044916,92.336436,165.086982
1713,2015,3,13,9,0.000000,0.000000,0.000000,96.604693,72.957073,157.167364
1714,2015,3,13,10,0.000000,0.000000,0.000000,93.693148,55.753808,147.490611
1715,2015,3,13,11,0.000000,0.000000,0.000000,92.106629,44.380649,143.687599
1716,2015,3,13,12,0.000000,0.000000,0.000000,92.941229,36.727549,139.024465
1717,2015,3,13,13,0.000000,0.000000,0.000000,92.942237,34.093937,136.880915
1718,2015,3,13,14,0.000000,0.000000,0.000000,92.609254,35.215434,136.457845
1719,2015,3,13,15,0.000000,0.000000,0.000000,91.960943,40.844923,137.823165
1720,2015,3,13,16,0.000000,0.000000,0.000000,91.077423,50.733123,142.929830
1721,2015,3,13,17,0.000000,0.000000,0.000000,91.620963,65.439923,148.849763
1722,2015,3,13,18,0.000000,0.000000,0.000000,89.279484,78.689444,150.819125
1723,2015,3,13,19,0.000000,0.000000,0.000000,86.097892,92.574132,155.169642
1724,2015,3,13,20,0.000000,0.000000,0.000000,89.223810,98.157450,160.655400
1725,2015,3,13,21,0.000000,0.000000,0.000000,89.290592,96.502212,152.708349
1726,2015,3,13,22,0.000000,0.000000,0.000000,88.239028,93.245448,141.015330
1727,2015,3,13,23,0.000000,0.000000,0.000000,87.476766,90.879846,132.516729
1728,2015,3,13,24,0.000000,0.000000,0.000000,93.906886,96.518646,137.397395
1729,2015,3,14,1,0.000000,0.000000,0.000000,91.064417,92.434917,127.814889
1730,2015,3,14,2,0.000000,0.000000,0.000000,97.385577,97.955157,132.505476
1731,2015,3,14,3,0.000000,0.000000,0.000000,92.593079,92.593079,123.457439
1732,2015,3,14,4,0.000000,0.000000,0.000000,89.984888,90.395388,121.895518
1733,2015,3,14,5,0.000000,0.000000,0.000000,84.794677,86.908557,122.924343
1734,2015,3,14,6,0.000000,0.000000,0.000000,78.092784,83.204404,127.977939
1735,2015,3,14,7,0.000000,0.000000,0.000000,77.048017,84.185577,136.039302
1736,2015,3,14,8,0.000000,0.000000,0.000000,82.695200,73.554120,135.268559
1737,2015,3,14,9,0.000000,0.000000,0.000000,83.387103,58.246423,132.576297
1738,2015,3,14,10,0.000000,0.000000,0.000000,82.161618,43.058938,126.686317
1739,2015,3,14,11,0.000000,0.000000,0.000000,82.734112,33.380032,123.593110
1740,2015,3,14,12,0.000000,0.000000,0.000000,79.218451,22.363791,117.736188
1741,2015,3,14,13,0.000000,0.000000,0.000000,77.659856,18.415976,114.658367
1742,2015,3,14,14,0.000000,0.000000,0.000000,75.029586,17.333966,111.609888
1743,2015,3,14,15,0.000000,0.000000,0.000000,76.866846,24.893386,113.696315
1744,2015,3,14,16,0.000000,0.000000,0.000000,81.839847,39.426307,120.956609
1745,2015,3,14,17,0.000000,0.000000,0.000000,88.974307,59.390787,129.442649
1746,2015,3,14,18,0.000000,0.000000,0.000000,96.028870,80.454850,136.559734
1747,2015,3,14,19,0.000000,0.000000,0.000000,98.107549,98.435629,142.491105
1748,2015,3,14,20,0.000000,0.000000,0.000000,101.108937,103.800797,147.373930
1749,2015,3,14,21,0.000000,0.000000,0.000000,101.623169,103.090909,142.347012
1750,2015,3,14,22,0.000000,0.000000,0.000000,100.909515,101.049755,135.200474
1751,2015,3,14,23,0.000000,0.000000,0.000000,94.123977,94.866277,128.962702
1752,2015,3,14,24,0.000000,0.000000,0.000000,99.334929,99.334929,132.446572
1753,2015,3,15,1,0.000000,0.000000,0.000000,91.959607,92.327427,124.329303
1754,2015,3,15,2,0.000000,0.000000,0.000000,93.518167,94.233187,128.027650
1755,2015,3,15,3,0.000000,0.000000,0.000000,86.161933,87.141393,119.453391
1756,2015,3,15,4,0.000000,0.000000,0.000000,83.058310,83.765910,114.046547
1757,2015,3,15,5,0.000000,0.000000,0.000000,82.208362,83.191542,114.199322
1758,2015,3,15,6,0.000000,0.000000,0.000000,81.715261,83.645521,117.961561
1759,2015,3,15,7,0.000000,0.000000,0.000000,84.664459,86.680179,122.292639
1760,2015,3,15,8,0.000000,0.000000,0.000000,88.390250,74.285150,119.696533
1761,2015,3,15,9,0.000000,0.000000,0.000000,92.745234,61.751734,117.740645
1762,2015,3,15,10,0.000000,0.000000,0.000000,91.586483,46.830403,112.870270
1763,2015,3,15,11,0.000000,0.000000,0.000000,91.273857,36.660077,110.434169
1764,2015,3,15,12,0.000000,0.000000,0.000000,89.267255,27.113215,106.404153
1765,2015,3,15,13,0.000000,0.000000,0.000000,85.550752,22.009692,105.126056
1766,2015,3,15,14,0.000000,0.000000,0.000000,87.401006,24.931066,105.824955
1767,2015,3,15,15,0.000000,0.000000,0.000000,86.700537,31.157077,110.147903
1768,2015,3,15,16,0.000000,0.000000,0.000000,88.099969,43.361009,118.451479
1769,2015,3,15,17,0.000000,0.000000,0.000000,92.623401,61.862221,128.812361
1770,2015,3,15,18,0.000000,0.000000,0.000000,95.408274,80.393114,138.340285
1771,2015,3,15,19,0.000000,0.000000,0.000000,96.365528,97.551288,144.170918
1772,2015,3,15,20,0.000000,0.000000,0.000000,97.667033,101.879773,149.882164
1773,2015,3,15,21,0.000000,0.000000,0.000000,100.815149,103.024049,144.728399
1774,2015,3,15,22,0.000000,0.000000,0.000000,100.335938,100.670318,135.341691
1775,2015,3,15,23,0.000000,0.000000,0.000000,93.403996,93.936436,127.023381
1776,2015,3,15,24,0.000000,0.000000,0.000000,95.832244,96.219204,129.582138
1777,2015,3,16,1,0.000000,0.000000,0.000000,87.724707,88.689267,121.467555
1778,2015,3,16,2,0.000000,0.000000,0.000000,92.478451,93.436631,127.776109
1779,2015,3,16,3,0.000000,0.000000,0.000000,86.105927,87.017327,119.061103
1780,2015,3,16,4,0.000000,0.000000,0.000000,84.952772,85.505312,115.848882
1781,2015,3,16,5,0.000000,0.000000,0.000000,88.007760,88.693620,120.544360
1782,2015,3,16,6,0.000000,0.000000,0.000000,101.033220,101.784040,138.214787
1783,2015,3,16,7,0.000000,0.000000,0.000000,114.930634,116.394734,160.073312
1784,2015,3,16,8,0.000000,0.000000,0.000000,115.214627,101.149367,155.648289
1785,2015,3,16,9,0.000000,0.000000,0.000000,119.450844,88.766984,154.793112
1786,2015,3,16,10,0.000000,0.000000,0.000000,118.731342,74.454642,151.300523
1787,2015,3,16,11,0.000000,0.000000,0.000000,118.107247,64.982887,153.162649
1788,2015,3,16,12,0.000000,0.000000,0.000000,117.979537,57.445857,152.248876
1789,2015,3,16,13,0.000000,0.000000,0.000000,114.764293,53.111293,152.888391
1790,2015,3,16,14,0.000000,0.000000,0.000000,113.724004,54.704744,157.025459
1791,2015,3,16,15,0.000000,0.000000,0.000000,114.167056,61.716936,161.205514
1792,2015,3,16,16,0.000000,0.000000,0.000000,118.775964,76.422024,170.482899
1793,2015,3,16,17,0.000000,0.000000,0.000000,121.914629,93.305329,177.909439
1794,2015,3,16,18,0.000000,0.000000,0.000000,117.030383,103.675363,174.917085
1795,2015,3,16,19,0.000000,0.000000,0.000000,104.800399,109.789399,173.165865
1796,2015,3,16,20,0.000000,0.000000,0.000000,107.054668,114.161128,175.903038
1797,2015,3,16,21,0.000000,0.000000,0.000000,107.148500,111.982960,165.425480
1798,2015,3,16,22,0.000000,0.000000,0.000000,107.358706,108.714986,149.474248
1799,2015,3,16,23,0.000000,0.000000,0.000000,97.385916,99.260196,138.594528
1800,2015,3,16,24,0.000000,0.000000,0.000000,100.658148,102.004068,140.491824
1801,2015,3,17,1,0.000000,0.000000,0.000000,92.344222,94.059642,131.130923
1802,2015,3,17,2,0.000000,0.000000,0.000000,96.242246,97.969206,136.382142
1803,2015,3,17,3,0.000000,0.000000,0.000000,87.106648,89.026648,125.102197
1804,2015,3,17,4,0.000000,0.000000,0.000000,85.950469,87.858709,123.505746
1805,2015,3,17,5,0.000000,0.000000,0.000000,87.993566,90.395466,128.533622
1806,2015,3,17,6,0.000000,0.000000,0.000000,104.598822,105.745482,144.816176
1807,2015,3,17,7,0.000000,0.000000,0.000000,116.612827,119.256387,167.820382
1808,2015,3,17,8,0.000000,0.000000,0.000000,121.197595,107.072195,163.344927
1809,2015,3,17,9,0.000000,0.000000,0.000000,124.118212,93.795472,162.701496
1810,2015,3,17,10,0.000000,0.000000,0.000000,125.456233,81.079253,159.799070
1811,2015,3,17,11,0.000000,0.000000,0.000000,127.172659,72.899059,159.886745
1812,2015,3,17,12,0.000000,0.000000,0.000000,126.629239,65.039519,158.853626
1813,2015,3,17,13,0.000000,0.000000,0.000000,123.562881,61.514661,162.775481
1814,2015,3,17,14,0.000000,0.000000,0.000000,123.761757,64.500837,169.281383
1815,2015,3,17,15,0.000000,0.000000,0.000000,117.887131,67.565811,176.100014
1816,2015,3,17,16,0.000000,0.000000,0.000000,131.745396,89.612376,188.806434
1817,2015,3,17,17,0.000000,0.000000,0.000000,131.514929,104.214069,196.815891
1818,2015,3,17,18,0.000000,0.000000,0.000000,121.520196,110.897656,193.655074
1819,2015,3,17,19,0.000000,0.000000,0.000000,112.642107,119.515087,192.413382
1820,2015,3,17,20,0.000000,0.000000,0.000000,106.216503,116.683423,190.467631
1821,2015,3,17,21,0.000000,0.000000,0.000000,103.767890,111.955770,176.567294
1822,2015,3,17,22,0.000000,0.000000,0.000000,95.639376,102.028216,157.333754
1823,2015,3,17,23,0.000000,0.000000,0.000000,76.662542,85.534242,143.617990
1824,2015,3,17,24,0.000000,0.000000,0.000000,64.498067,77.053807,144.590876
1825,2015,3,18,1,0.000000,0.000000,0.000000,56.181111,69.059231,135.006041
1826,2015,3,18,2,0.000000,0.000000,0.000000,61.412400,73.614180,138.824840
1827,2015,3,18,3,0.000000,0.000000,0.000000,56.031585,67.570845,128.558659
1828,2015,3,18,4,0.000000,0.000000,0.000000,52.060233,64.136293,125.768591
1829,2015,3,18,5,0.000000,0.000000,0.000000,46.132879,60.450719,128.327093
1830,2015,3,18,6,0.000000,0.000000,0.000000,69.098586,80.859586,147.016115
1831,2015,3,18,7,0.000000,0.000000,0.000000,107.214474,112.822434,169.123112
1832,2015,3,18,8,0.000000,0.000000,0.000000,114.022231,102.329111,165.128415
1833,2015,3,18,9,0.000000,0.000000,0.000000,130.159719,99.075519,167.203359
1834,2015,3,18,10,0.000000,0.000000,0.000000,136.942528,90.173928,163.953237
1835,2015,3,18,11,0.000000,0.000000,0.000000,143.759057,86.159057,166.478743
1836,2015,3,18,12,0.000000,0.000000,0.000000,147.771614,82.171614,168.328819
1837,2015,3,18,13,0.000000,0.000000,0.000000,151.598395,83.598395,172.381193
1838,2015,3,18,14,0.000000,0.000000,0.000000,155.284080,88.884080,177.995440
1839,2015,3,18,15,0.000000,0.000000,0.000000,155.298515,95.298515,180.814687
1840,2015,3,18,16,0.000000,0.000000,0.000000,156.351860,106.751860,186.769146
1841,2015,3,18,17,0.000000,0.000000,0.000000,149.825070,115.142250,186.780267
1842,2015,3,18,18,0.000000,0.000000,0.000000,137.082501,119.110421,180.106961
1843,2015,3,18,19,0.000000,0.000000,0.000000,128.940772,128.161232,178.433176
1844,2015,3,18,20,0.000000,0.000000,0.000000,126.581003,128.868903,179.451538
1845,2015,3,18,21,0.000000,0.000000,0.000000,120.143437,121.916697,168.466462
1846,2015,3,18,22,0.000000,0.000000,0.000000,111.064039,112.386719,154.257892
1847,2015,3,18,23,0.000000,0.000000,0.000000,104.493290,105.385110,143.486213
1848,2015,3,18,24,0.000000,0.000000,0.000000,109.216657,109.493037,146.911983
1849,2015,3,19,1,0.000000,0.000000,0.000000,102.255584,102.436864,137.186752
1850,2015,3,19,2,0.000000,0.000000,0.000000,103.310458,103.925358,140.616810
1851,2015,3,19,3,0.000000,0.000000,0.000000,95.393880,96.025780,130.140706
1852,2015,3,19,4,0.000000,0.000000,0.000000,91.856825,92.823425,126.986567
1853,2015,3,19,5,0.000000,0.000000,0.000000,86.317208,89.816228,131.418371
1854,2015,3,19,6,0.000000,0.000000,0.000000,93.467775,98.800715,149.510754
1855,2015,3,19,7,0.000000,0.000000,0.000000,101.644598,110.018858,174.606011
1856,2015,3,19,8,0.000000,0.000000,0.000000,110.027870,100.583210,170.295413
1857,2015,3,19,9,0.000000,0.000000,0.000000,116.937413,89.671333,167.391510
1858,2015,3,19,10,0.000000,0.000000,0.000000,121.693218,79.370338,164.367517
1859,2015,3,19,11,0.000000,0.000000,0.000000,123.420582,71.641202,166.523670
1860,2015,3,19,12,0.000000,0.000000,0.000000,116.983944,59.342364,164.417885
1861,2015,3,19,13,0.000000,0.000000,0.000000,118.553810,59.106650,168.235001
1862,2015,3,19,14,0.000000,0.000000,0.000000,112.149702,56.130862,168.928350
1863,2015,3,19,15,0.000000,0.000000,0.000000,105.830490,57.553570,169.565026
1864,2015,3,19,16,0.000000,0.000000,0.000000,111.491378,73.133638,179.419051
1865,2015,3,19,17,0.000000,0.000000,0.000000,109.792004,86.186664,185.097751
1866,2015,3,19,18,0.000000,0.000000,0.000000,109.622623,100.834703,186.353204
1867,2015,3,19,19,0.000000,0.000000,0.000000,100.924680,110.858780,191.075373
1868,2015,3,19,20,0.000000,0.000000,0.000000,103.695601,115.328361,192.547014
1869,2015,3,19,21,0.000000,0.000000,0.000000,102.787389,111.612969,178.235893
1870,2015,3,19,22,0.000000,0.000000,0.000000,97.338312,104.193432,161.774976
1871,2015,3,19,23,0.000000,0.000000,0.000000,79.411718,88.763418,149.523558
1872,2015,3,19,24,0.000000,0.000000,0.000000,59.347243,75.161883,152.931310
1873,2015,3,20,1,0.000000,0.000000,0.000000,54.283207,69.247607,142.211476
1874,2015,3,20,2,0.000000,0.000000,0.000000,53.084298,69.374858,146.801677
1875,2015,3,20,3,0.000000,0.000000,0.000000,40.846571,58.025271,134.629362
1876,2015,3,20,4,0.000000,0.000000,0.000000,44.592000,60.024720,131.475360
1877,2015,3,20,5,0.000000,0.000000,0.000000,53.525173,67.329033,135.784911
1878,2015,3,20,6,0.000000,0.000000,0.000000,70.343243,83.109043,153.364724
1879,2015,3,20,7,0.000000,0.000000,0.000000,99.645159,109.228179,177.580971
1880,2015,3,20,8,0.000000,0.000000,0.000000,113.691142,104.138662,174.676616
1881,2015,3,20,9,0.000000,0.000000,0.000000,129.130842,99.675122,173.431096
1882,2015,3,20,10,0.000000,0.000000,0.000000,133.283299,88.498499,168.331998
1883,2015,3,20,11,0.000000,0.000000,0.000000,139.958806,83.728746,167.804794
1884,2015,3,20,12,0.000000,0.000000,0.000000,141.243806,76.931426,165.633968
1885,2015,3,20,13,0.000000,0.000000,0.000000,135.609834,70.472354,164.421538
1886,2015,3,20,14,0.000000,0.000000,0.000000,135.341554,72.143194,166.346391
1887,2015,3,20,15,0.000000,0.000000,0.000000,131.515740,74.996000,165.345534
1888,2015,3,20,16,0.000000,0.000000,0.000000,131.194771,84.902991,168.664722
1889,2015,3,20,17,0.000000,0.000000,0.000000,129.153613,96.749413,169.851884
1890,2015,3,20,18,0.000000,0.000000,0.000000,125.556111,108.468511,168.866014
1891,2015,3,20,19,0.000000,0.000000,0.000000,122.088128,121.597788,170.645917
1892,2015,3,20,20,0.000000,0.000000,0.000000,124.164887,125.821307,173.283143
1893,2015,3,20,21,0.000000,0.000000,0.000000,119.811723,120.379263,162.397484
1894,2015,3,20,22,0.000000,0.000000,0.000000,111.771294,111.967094,149.942125
1895,2015,3,20,23,0.000000,0.000000,0.000000,103.742741,104.728141,142.922187
1896,2015,3,20,24,0.000000,0.000000,0.000000,101.253223,103.282003,144.471937
1897,2015,3,21,1,0.000000,0.000000,0.000000,86.844031,91.018291,135.271921
1898,2015,3,21,2,0.000000,0.000000,0.000000,79.959936,86.878056,138.897808
1899,2015,3,21,3,0.000000,0.000000,0.000000,66.208625,74.877865,128.734620
1900,2015,3,21,4,0.000000,0.000000,0.000000,63.196420,71.780620,124.321493
1901,2015,3,21,5,0.000000,0.000000,0.000000,67.210562,74.828862,125.166150
1902,2015,3,21,6,0.000000,0.000000,0.000000,76.168150,82.423690,130.750053
1903,2015,3,21,7,0.000000,0.000000,0.000000,83.296183,89.497083,139.999111
1904,2015,3,21,8,0.000000,0.000000,0.000000,95.506502,83.631942,139.594056
1905,2015,3,21,9,0.000000,0.000000,0.000000,107.282524,76.806544,139.538792
1906,2015,3,21,10,0.000000,0.000000,0.000000,109.172735,63.379495,131.478526
1907,2015,3,21,11,0.000000,0.000000,0.000000,113.521371,56.325591,128.048188
1908,2015,3,21,12,0.000000,0.000000,0.000000,112.073766,46.927786,122.850448
1909,2015,3,21,13,0.000000,0.000000,0.000000,107.737225,40.924085,119.438313
1910,2015,3,21,14,0.000000,0.000000,0.000000,105.450364,40.565484,118.621046
1911,2015,3,21,15,0.000000,0.000000,0.000000,104.345033,46.375053,122.350138
1912,2015,3,21,16,0.000000,0.000000,0.000000,105.899415,58.434335,129.462180
1913,2015,3,21,17,0.000000,0.000000,0.000000,108.186106,75.085586,138.645714
1914,2015,3,21,18,0.000000,0.000000,0.000000,109.221314,91.659814,144.874752
1915,2015,3,21,19,0.000000,0.000000,0.000000,107.710021,107.018821,150.537761
1916,2015,3,21,20,0.000000,0.000000,0.000000,110.267281,111.817481,154.257308
1917,2015,3,21,21,0.000000,0.000000,0.000000,103.681434,105.839294,148.311926
1918,2015,3,21,22,0.000000,0.000000,0.000000,81.171180,88.203640,141.046387
1919,2015,3,21,23,0.000000,0.000000,0.000000,67.444276,77.554596,137.107195
1920,2015,3,21,24,0.000000,0.000000,0.000000,47.304572,64.168952,141.773202
1921,2015,3,22,1,0.000000,0.000000,0.000000,31.710975,51.368095,134.014526
1922,2015,3,22,2,0.000000,0.000000,0.000000,36.304177,55.585117,138.383290
1923,2015,3,22,3,0.000000,0.000000,0.000000,28.558548,48.369208,130.527811
1924,2015,3,22,4,0.000000,0.000000,0.000000,23.163910,43.148350,124.145934
1925,2015,3,22,5,0.000000,0.000000,0.000000,19.898049,39.879529,119.777638
1926,2015,3,22,6,0.000000,0.000000,0.000000,21.880863,41.844423,122.337763
1927,2015,3,22,7,0.000000,0.000000,0.000000,25.468133,45.065653,125.412604
1928,2015,3,22,8,0.000000,0.000000,0.000000,28.554313,31.840933,121.076644
1929,2015,3,22,9,0.000000,0.000000,0.000000,47.489686,28.868126,115.135635
1930,2015,3,22,10,0.000000,0.000000,0.000000,60.880981,24.085881,109.080841
1931,2015,3,22,11,0.000000,0.000000,0.000000,71.955232,21.633492,104.705523
1932,2015,3,22,12,0.000000,0.000000,0.000000,73.599015,14.306235,98.865713
1933,2015,3,22,13,0.000000,0.000000,0.000000,73.025154,10.916234,95.108579
1934,2015,3,22,14,0.000000,0.000000,0.000000,71.301839,10.789359,93.494211
1935,2015,3,22,15,0.000000,0.000000,0.000000,67.653552,14.805332,97.329709
1936,2015,3,22,16,0.000000,0.000000,0.000000,73.766478,30.071418,104.211691
1937,2015,3,22,17,0.000000,0.000000,0.000000,78.854076,49.209296,115.663128
1938,2015,3,22,18,0.000000,0.000000,0.000000,80.225408,66.914888,126.051451
1939,2015,3,22,19,0.000000,0.000000,0.000000,82.869300,86.250560,136.421613
1940,2015,3,22,20,0.000000,0.000000,0.000000,86.904583,92.956683,144.115911
1941,2015,3,22,21,0.000000,0.000000,0.000000,91.640195,95.306915,139.298287
1942,2015,3,22,22,0.000000,0.000000,0.000000,83.685824,88.054824,131.969765
1943,2015,3,22,23,0.000000,0.000000,0.000000,72.767968,79.119168,126.662890
1944,2015,3,22,24,0.000000,0.000000,0.000000,73.656999,80.622379,130.714438
1945,2015,3,23,1,0.000000,0.000000,0.000000,63.889877,72.523357,125.476076
1946,2015,3,23,2,0.000000,0.000000,0.000000,67.280042,76.405682,132.293043
1947,2015,3,23,3,0.000000,0.000000,0.000000,58.959983,69.087563,125.875351
1948,2015,3,23,4,0.000000,0.000000,0.000000,50.357243,62.314743,122.944658
1949,2015,3,23,5,0.000000,0.000000,0.000000,52.587720,64.560800,125.991334
1950,2015,3,23,6,0.000000,0.000000,0.000000,63.707333,75.952253,142.086070
1951,2015,3,23,7,0.000000,0.000000,0.000000,85.722080,96.678840,165.427654
1952,2015,3,23,8,0.000000,0.000000,0.000000,105.530578,94.988278,159.176705
1953,2015,3,23,9,0.000000,0.000000,0.000000,107.667391,80.170011,153.952081
1954,2015,3,23,10,0.000000,0.000000,0.000000,101.983910,61.374350,146.083934
1955,2015,3,23,11,0.000000,0.000000,0.000000,98.796387,48.970467,142.807556
1956,2015,3,23,12,0.000000,0.000000,0.000000,97.380399,39.608059,137.669611
1957,2015,3,23,13,0.000000,0.000000,0.000000,90.687066,31.674386,133.106915
1958,2015,3,23,14,0.000000,0.000000,0.000000,86.295326,29.572886,131.172382
1959,2015,3,23,15,0.000000,0.000000,0.000000,84.048098,34.067018,132.569091
1960,2015,3,23,16,0.000000,0.000000,0.000000,85.089397,45.860417,140.150623
1961,2015,3,23,17,0.000000,0.000000,0.000000,85.012251,59.930831,145.169708
1962,2015,3,23,18,0.000000,0.000000,0.000000,77.151054,69.121014,146.594552
1963,2015,3,23,19,0.000000,0.000000,0.000000,74.390791,83.702871,152.794094
1964,2015,3,23,20,0.000000,0.000000,0.000000,75.414719,87.973319,159.159759
1965,2015,3,23,21,0.000000,0.000000,0.000000,63.147710,77.687370,152.048693
1966,2015,3,23,22,0.000000,0.000000,0.000000,52.080238,67.964058,143.564811
1967,2015,3,23,23,0.000000,0.000000,0.000000,45.369812,62.231932,139.182977
1968,2015,3,23,24,0.000000,0.000000,0.000000,48.803073,66.149313,146.019884
1969,2015,3,24,1,0.000000,0.000000,0.000000,43.401553,60.552993,137.908791
1970,2015,3,24,2,0.000000,0.000000,0.000000,45.236903,62.905303,142.768404
1971,2015,3,24,3,0.000000,0.000000,0.000000,40.566523,58.039963,135.631418
1972,2015,3,24,4,0.000000,0.000000,0.000000,37.630323,54.984163,131.158351
1973,2015,3,24,5,0.000000,0.000000,0.000000,39.530140,56.970260,134.094080
1974,2015,3,24,6,0.000000,0.000000,0.000000,49.652743,67.281643,148.471857
1975,2015,3,24,7,0.000000,0.000000,0.000000,68.394664,85.344684,170.292978
1976,2015,3,24,8,0.000000,0.000000,0.000000,81.401625,78.240065,161.448220
1977,2015,3,24,9,0.000000,0.000000,0.000000,90.391267,67.601267,152.885023
1978,2015,3,24,10,0.000000,0.000000,0.000000,88.050871,50.411931,141.369441
1979,2015,3,24,11,0.000000,0.000000,0.000000,89.309868,41.187268,138.107691
1980,2015,3,24,12,0.000000,0.000000,0.000000,90.066390,33.576790,133.903720
1981,2015,3,24,13,0.000000,0.000000,0.000000,93.559390,33.515250,132.123200
1982,2015,3,24,14,0.000000,0.000000,0.000000,93.611314,34.964714,131.947619
1983,2015,3,24,15,0.000000,0.000000,0.000000,92.010146,40.195926,134.630501
1984,2015,3,24,16,0.000000,0.000000,0.000000,98.244102,55.438042,140.997189
1985,2015,3,24,17,0.000000,0.000000,0.000000,97.327682,69.281842,147.756323
1986,2015,3,24,18,0.000000,0.000000,0.000000,95.037065,82.339245,148.659593
1987,2015,3,24,19,0.000000,0.000000,0.000000,93.003473,97.594673,155.580231
1988,2015,3,24,20,0.000000,0.000000,0.000000,99.359762,105.432482,160.819043
1989,2015,3,24,21,0.000000,0.000000,0.000000,95.031130,100.878990,153.998187
1990,2015,3,24,22,0.000000,0.000000,0.000000,83.821464,90.415264,142.533019
1991,2015,3,24,23,0.000000,0.000000,0.000000,80.019711,85.815251,133.738801
1992,2015,3,24,24,0.000000,0.000000,0.000000,85.856543,91.051083,138.716578
1993,2015,3,25,1,0.000000,0.000000,0.000000,81.816560,86.444000,130.683466
1994,2015,3,25,2,0.000000,0.000000,0.000000,86.281386,90.883326,136.517568
1995,2015,3,25,3,0.000000,0.000000,0.000000,78.101746,83.343266,128.596088
1996,2015,3,25,4,0.000000,0.000000,0.000000,80.043477,84.210537,126.170916
1997,2015,3,25,5,0.000000,0.000000,0.000000,86.272094,89.653934,130.811379
1998,2015,3,25,6,0.000000,0.000000,0.000000,100.913459,103.710319,147.603292
1999,2015,3,25,7,0.000000,0.000000,0.000000,121.175153,123.077953,170.446604
2000,2015,3,25,8,0.000000,0.000000,0.000000,125.522385,110.617645,165.474394
2001,2015,3,25,9,0.000000,0.000000,0.000000,127.960658,95.715818,158.854958
2002,2015,3,25,10,0.000000,0.000000,0.000000,127.596007,80.396007,149.478009
2003,2015,3,25,11,0.000000,0.000000,0.000000,129.536743,71.936743,147.515658
2004,2015,3,25,12,0.000000,0.000000,0.000000,128.168348,62.568348,142.191131
2005,2015,3,25,13,0.000000,0.000000,0.000000,121.938893,55.180393,138.628858
2006,2015,3,25,14,0.000000,0.000000,0.000000,121.681241,56.526501,139.002868
2007,2015,3,25,15,0.000000,0.000000,0.000000,122.151361,63.304461,141.999615
2008,2015,3,25,16,0.000000,0.000000,0.000000,123.689018,75.267738,148.719383
2009,2015,3,25,17,0.000000,0.000000,0.000000,124.515061,90.413741,155.747254
2010,2015,3,25,18,0.000000,0.000000,0.000000,120.097796,101.889396,156.357861
2011,2015,3,25,19,0.000000,0.000000,0.000000,118.572065,117.299005,162.305140
2012,2015,3,25,20,0.000000,0.000000,0.000000,120.036911,121.555891,167.137788
2013,2015,3,25,21,0.000000,0.000000,0.000000,113.631218,115.196778,158.814238
2014,2015,3,25,22,0.000000,0.000000,0.000000,109.532778,109.724658,146.939144
2015,2015,3,25,23,0.000000,0.000000,0.000000,99.390956,100.655416,138.422088
2016,2015,3,25,24,0.000000,0.000000,0.000000,99.490516,101.831616,143.579154
2017,2015,3,26,1,0.000000,0.000000,0.000000,86.992997,90.974737,134.572117
2018,2015,3,26,2,0.000000,0.000000,0.000000,87.901397,92.718217,139.680356
2019,2015,3,26,3,0.000000,0.000000,0.000000,82.024153,86.643773,130.923764
2020,2015,3,26,4,0.000000,0.000000,0.000000,84.541987,87.733447,127.616129
2021,2015,3,26,5,0.000000,0.000000,0.000000,88.037042,91.262902,132.436736
2022,2015,3,26,6,0.000000,0.000000,0.000000,103.321833,105.458433,147.733244
2023,2015,3,26,7,0.000000,0.000000,0.000000,123.625031,124.968591,171.103321
2024,2015,3,26,8,0.000000,0.000000,0.000000,121.229704,107.090024,163.321098
2025,2015,3,26,9,0.000000,0.000000,0.000000,119.969048,89.200788,155.090184
2026,2015,3,26,10,0.000000,0.000000,0.000000,118.004828,73.255048,148.124131
2027,2015,3,26,11,0.000000,0.000000,0.000000,120.333340,65.813460,149.618347
2028,2015,3,26,12,0.000000,0.000000,0.000000,114.768685,54.176585,147.695113
2029,2015,3,26,13,0.000000,0.000000,0.000000,113.079972,50.898972,148.178629
2030,2015,3,26,14,0.000000,0.000000,0.000000,110.394180,50.795320,149.880893
2031,2015,3,26,15,0.000000,0.000000,0.000000,106.090940,54.850060,156.080480
2032,2015,3,26,16,0.000000,0.000000,0.000000,104.802141,65.209961,164.739349
2033,2015,3,26,17,0.000000,0.000000,0.000000,101.663357,77.224077,170.367836
2034,2015,3,26,18,0.000000,0.000000,0.000000,96.113548,87.988088,171.432584
2035,2015,3,26,19,0.000000,0.000000,0.000000,91.559333,100.929393,175.956057
2036,2015,3,26,20,0.000000,0.000000,0.000000,91.067803,103.101143,177.579324
2037,2015,3,26,21,0.000000,0.000000,0.000000,85.074857,96.218317,165.435956
2038,2015,3,26,22,0.000000,0.000000,0.000000,71.272527,83.375287,151.509583
2039,2015,3,26,23,0.000000,0.000000,0.000000,60.657436,73.534976,140.971768
2040,2015,3,26,24,0.000000,0.000000,0.000000,61.518057,74.750937,143.777516
2041,2015,3,27,1,0.000000,0.000000,0.000000,58.237578,70.246238,133.690517
2042,2015,3,27,2,0.000000,0.000000,0.000000,63.500861,75.248461,139.489949
2043,2015,3,27,3,0.000000,0.000000,0.000000,60.249352,71.202052,131.445070
2044,2015,3,27,4,0.000000,0.000000,0.000000,64.426743,73.336623,127.481764
2045,2015,3,27,5,0.000000,0.000000,0.000000,83.545146,87.998026,132.173634
2046,2015,3,27,6,0.000000,0.000000,0.000000,103.444012,105.572512,147.858349
2047,2015,3,27,7,0.000000,0.000000,0.000000,124.253151,125.208891,170.130988
2048,2015,3,27,8,0.000000,0.000000,0.000000,125.246025,110.324505,165.027607
2049,2015,3,27,9,0.000000,0.000000,0.000000,130.603400,98.647260,163.725880
2050,2015,3,27,10,0.000000,0.000000,0.000000,132.067569,85.693829,159.295972
2051,2015,3,27,11,0.000000,0.000000,0.000000,136.316070,79.395530,159.725574
2052,2015,3,27,12,0.000000,0.000000,0.000000,135.606632,70.623452,154.987336
2053,2015,3,27,13,0.000000,0.000000,0.000000,134.931076,67.402356,152.357409
2054,2015,3,27,14,0.000000,0.000000,0.000000,130.872144,65.299124,149.305431
2055,2015,3,27,15,0.000000,0.000000,0.000000,128.190491,68.600931,146.586041
2056,2015,3,27,16,0.000000,0.000000,0.000000,126.317166,77.130226,148.650502
2057,2015,3,27,17,0.000000,0.000000,0.000000,123.868152,89.384472,153.100363
2058,2015,3,27,18,0.000000,0.000000,0.000000,123.182228,104.219608,156.950744
2059,2015,3,27,19,0.000000,0.000000,0.000000,123.252373,121.205213,164.933084
2060,2015,3,27,20,0.000000,0.000000,0.000000,121.721852,122.443412,165.663082
2061,2015,3,27,21,0.000000,0.000000,0.000000,115.148148,115.693368,156.075224
2062,2015,3,27,22,0.000000,0.000000,0.000000,109.299028,109.299028,145.732037
2063,2015,3,27,23,0.000000,0.000000,0.000000,103.099134,103.474374,139.216632
2064,2015,3,27,24,0.000000,0.000000,0.000000,105.342101,105.612001,141.715668
2065,2015,3,28,1,0.000000,0.000000,0.000000,97.874046,98.341146,132.678528
2066,2015,3,28,2,0.000000,0.000000,0.000000,101.233941,101.598361,136.679215
2067,2015,3,28,3,0.000000,0.000000,0.000000,92.687850,93.427890,127.037320
2068,2015,3,28,4,0.000000,0.000000,0.000000,85.929221,87.826141,123.424589
2069,2015,3,28,5,0.000000,0.000000,0.000000,78.206977,82.680597,125.152863
2070,2015,3,28,6,0.000000,0.000000,0.000000,79.811572,85.162732,131.387509
2071,2015,3,28,7,0.000000,0.000000,0.000000,89.614555,93.715275,138.622767
2072,2015,3,28,8,0.000000,0.000000,0.000000,98.630755,85.186215,136.433154
2073,2015,3,28,9,0.000000,0.000000,0.000000,102.675667,72.450587,134.567183
2074,2015,3,28,10,0.000000,0.000000,0.000000,102.380240,57.534060,126.841480
2075,2015,3,28,11,0.000000,0.000000,0.000000,100.037381,45.570321,122.803561
2076,2015,3,28,12,0.000000,0.000000,0.000000,92.685817,31.894737,117.322717
2077,2015,3,28,13,0.000000,0.000000,0.000000,94.015805,29.717885,112.880780
2078,2015,3,28,14,0.000000,0.000000,0.000000,93.288573,29.229973,106.261298
2079,2015,3,28,15,0.000000,0.000000,0.000000,99.538570,40.944650,113.029800
2080,2015,3,28,16,0.000000,0.000000,0.000000,98.764868,50.939428,118.267771
2081,2015,3,28,17,0.000000,0.000000,0.000000,102.738947,68.862747,127.762996
2082,2015,3,28,18,0.000000,0.000000,0.000000,104.477292,86.652752,137.321870
2083,2015,3,28,19,0.000000,0.000000,0.000000,105.310865,104.701545,147.720993
2084,2015,3,28,20,0.000000,0.000000,0.000000,102.188594,104.529334,147.174912
2085,2015,3,28,21,0.000000,0.000000,0.000000,91.879218,96.155018,142.459357
2086,2015,3,28,22,0.000000,0.000000,0.000000,92.358931,95.246831,136.622109
2087,2015,3,28,23,0.000000,0.000000,0.000000,95.489389,96.411929,131.624371
2088,2015,3,28,24,0.000000,0.000000,0.000000,90.023957,93.056317,134.182956
2089,2015,3,29,1,0.000000,0.000000,0.000000,85.434262,88.323442,127.395190
2090,2015,3,29,2,0.000000,0.000000,0.000000,90.590580,92.650940,130.402453
2091,2015,3,29,3,0.000000,0.000000,0.000000,85.864772,87.733392,123.206589
2092,2015,3,29,4,0.000000,0.000000,0.000000,79.807299,82.732619,120.061225
2093,2015,3,29,5,0.000000,0.000000,0.000000,79.104387,81.889847,118.471329
2094,2015,3,29,6,0.000000,0.000000,0.000000,76.062505,80.243465,120.927820
2095,2015,3,29,7,0.000000,0.000000,0.000000,71.621281,78.274861,126.545082
2096,2015,3,29,8,0.000000,0.000000,0.000000,84.206316,71.998056,122.969875
2097,2015,3,29,9,0.000000,0.000000,0.000000,92.243611,61.659971,118.984495
2098,2015,3,29,10,0.000000,0.000000,0.000000,99.021001,52.568801,114.867734
2099,2015,3,29,11,0.000000,0.000000,0.000000,94.573880,39.836100,114.255534
2100,2015,3,29,12,0.000000,0.000000,0.000000,78.727947,20.342267,109.937422
2101,2015,3,29,13,0.000000,0.000000,0.000000,59.054664,3.404424,106.621765
2102,2015,3,29,14,0.000000,0.000000,0.000000,36.051659,-11.782621,105.658905
2103,2015,3,29,15,0.000000,0.000000,0.000000,33.363049,-7.466051,107.698266
2104,2015,3,29,16,0.000000,0.000000,0.000000,38.125330,6.758150,114.220266
2105,2015,3,29,17,0.000000,0.000000,0.000000,44.512506,26.521366,124.258021
2106,2015,3,29,18,0.000000,0.000000,0.000000,55.297754,50.940674,134.597299
2107,2015,3,29,19,0.000000,0.000000,0.000000,65.876336,75.850796,144.532595
2108,2015,3,29,20,0.000000,0.000000,0.000000,67.475672,79.303232,145.162843
2109,2015,3,29,21,0.000000,0.000000,0.000000,66.076810,76.901170,138.616094
2110,2015,3,29,22,0.000000,0.000000,0.000000,71.046655,78.831895,131.059994
2111,2015,3,29,23,0.000000,0.000000,0.000000,80.996123,84.786003,125.680937
2112,2015,3,29,24,0.000000,0.000000,0.000000,92.220934,94.021914,131.365818
2113,2015,3,30,1,0.000000,0.000000,0.000000,87.974308,89.645588,125.098384
2114,2015,3,30,2,0.000000,0.000000,0.000000,86.419873,90.067753,132.249937
2115,2015,3,30,3,0.000000,0.000000,0.000000,75.520555,80.637855,124.574807
2116,2015,3,30,4,0.000000,0.000000,0.000000,76.136294,80.534014,122.037752
2117,2015,3,30,5,0.000000,0.000000,0.000000,82.916759,86.436339,126.980386
2118,2015,3,30,6,0.000000,0.000000,0.000000,96.251389,99.386369,142.965091
2119,2015,3,30,7,0.000000,0.000000,0.000000,115.472189,117.451829,163.201239
2120,2015,3,30,8,0.000000,0.000000,0.000000,124.179776,109.095056,162.844341
2121,2015,3,30,9,0.000000,0.000000,0.000000,131.377347,98.577347,160.819796
2122,2015,3,30,10,0.000000,0.000000,0.000000,129.782248,82.582248,152.392998
2123,2015,3,30,11,0.000000,0.000000,0.000000,129.292444,71.855784,147.952178
2124,2015,3,30,12,0.000000,0.000000,0.000000,129.649855,64.049855,144.166474
2125,2015,3,30,13,0.000000,0.000000,0.000000,126.292894,58.652454,140.318472
2126,2015,3,30,14,0.000000,0.000000,0.000000,126.661857,60.261857,139.832476
2127,2015,3,30,15,0.000000,0.000000,0.000000,125.732559,65.732559,141.393413
2128,2015,3,30,16,0.000000,0.000000,0.000000,126.420442,76.820442,146.860589
2129,2015,3,30,17,0.000000,0.000000,0.000000,125.731369,90.531369,152.241825
2130,2015,3,30,18,0.000000,0.000000,0.000000,121.919861,102.719861,154.159815
2131,2015,3,30,19,0.000000,0.000000,0.000000,122.254226,119.854226,161.955635
2132,2015,3,30,20,0.000000,0.000000,0.000000,121.846443,122.001683,163.186378
2133,2015,3,30,21,0.000000,0.000000,0.000000,115.784167,116.255467,156.578289
2134,2015,3,30,22,0.000000,0.000000,0.000000,109.647968,109.647968,146.197290
2135,2015,3,30,23,0.000000,0.000000,0.000000,100.407655,101.027815,136.770953
2136,2015,3,30,24,0.000000,0.000000,0.000000,102.744178,103.821778,142.021037
2137,2015,3,31,1,0.000000,0.000000,0.000000,92.680185,94.916465,134.009554
2138,2015,3,31,2,0.000000,0.000000,0.000000,92.758923,96.145263,139.481484
2139,2015,3,31,3,0.000000,0.000000,0.000000,80.795832,85.346372,128.963629
2140,2015,3,31,4,0.000000,0.000000,0.000000,76.843995,81.448015,123.944086
2141,2015,3,31,5,0.000000,0.000000,0.000000,81.087104,85.535444,128.875058
2142,2015,3,31,6,0.000000,0.000000,0.000000,96.850854,100.964434,148.331179
2143,2015,3,31,7,0.000000,0.000000,0.000000,118.193098,121.102198,171.166597
2144,2015,3,31,8,0.000000,0.000000,0.000000,123.358258,109.353958,166.790944
2145,2015,3,31,9,0.000000,0.000000,0.000000,126.927934,95.469434,161.147579
2146,2015,3,31,10,0.000000,0.000000,0.000000,128.735872,81.813632,152.294043
2147,2015,3,31,11,0.000000,0.000000,0.000000,130.831816,73.381696,149.941861
2148,2015,3,31,12,0.000000,0.000000,0.000000,128.775664,63.394604,144.022606
2149,2015,3,31,13,0.000000,0.000000,0.000000,126.479187,58.659427,139.730035
2150,2015,3,31,14,0.000000,0.000000,0.000000,124.292088,58.115908,137.717277
2151,2015,3,31,15,0.000000,0.000000,0.000000,120.251758,61.107018,138.076891
2152,2015,3,31,16,0.000000,0.000000,0.000000,119.081376,70.354916,141.151687
2153,2015,3,31,17,0.000000,0.000000,0.000000,120.102282,85.600442,147.994456
2154,2015,3,31,18,0.000000,0.000000,0.000000,115.326040,96.734300,148.206599
2155,2015,3,31,19,0.000000,0.000000,0.000000,115.388694,113.963634,157.351311
2156,2015,3,31,20,0.000000,0.000000,0.000000,117.253020,117.791620,158.850827
2157,2015,3,31,21,0.000000,0.000000,0.000000,109.674989,110.467849,149.933332
2158,2015,3,31,22,0.000000,0.000000,0.000000,104.334738,104.334738,139.112984
2159,2015,3,31,23,0.000000,0.000000,0.000000,95.193369,96.151649,131.396466
2160,2015,3,31,24,0.000000,0.000000,0.000000,98.643578,99.655478,136.246971
2161,2015,4,1,1,0.000000,0.000000,0.000000,92.124940,93.137520,127.558627
2162,2015,4,1,2,0.000000,0.000000,0.000000,91.872846,92.704866,126.379889
2163,2015,4,1,3,0.000000,0.000000,0.000000,85.252074,86.853574,121.143099
2164,2015,4,1,4,0.000000,0.000000,0.000000,76.244084,79.963584,119.016446
2165,2015,4,1,5,0.000000,0.000000,0.000000,68.500171,74.873291,121.074788
2166,2015,4,1,6,0.000000,0.000000,0.000000,75.150880,82.219260,133.186947
2167,2015,4,1,7,0.000000,0.000000,0.000000,93.758140,100.889200,158.289133
2168,2015,4,1,8,0.000000,0.000000,0.000000,103.108485,100.747465,160.293220
2169,2015,4,1,9,0.000000,0.000000,0.000000,110.219037,88.353737,159.953983
2170,2015,4,1,10,0.000000,0.000000,0.000000,110.721766,74.031126,155.722701
2171,2015,4,1,11,0.000000,0.000000,0.000000,112.007558,62.311818,150.879957
2172,2015,4,1,12,0.000000,0.000000,0.000000,109.858512,51.763632,146.035243
2173,2015,4,1,13,0.000000,0.000000,0.000000,108.986816,47.143576,144.297301
2174,2015,4,1,14,0.000000,0.000000,0.000000,109.545757,49.745177,147.808303
2175,2015,4,1,15,0.000000,0.000000,0.000000,110.774016,56.359416,150.897221
2176,2015,4,1,16,0.000000,0.000000,0.000000,113.474738,68.955298,153.308931
2177,2015,4,1,17,0.000000,0.000000,0.000000,116.902357,84.120057,155.135742
2178,2015,4,1,18,0.000000,0.000000,0.000000,110.766952,93.698492,149.236457
2179,2015,4,1,19,0.000000,0.000000,0.000000,112.458808,113.455468,157.979490
2180,2015,4,1,20,0.000000,0.000000,0.000000,112.468134,114.484614,159.367752
2181,2015,4,1,21,0.000000,0.000000,0.000000,107.359450,108.827030,149.994640
2182,2015,4,1,22,0.000000,0.000000,0.000000,104.005563,104.005563,138.674085
2183,2015,4,1,23,0.000000,0.000000,0.000000,97.431755,97.431755,129.909007
2184,2015,4,1,24,0.000000,0.000000,0.000000,98.765291,99.302711,134.195015
2185,2015,4,2,1,0.000000,0.000000,0.000000,92.515730,93.365790,127.321253
2186,2015,4,2,2,0.000000,0.000000,0.000000,94.650363,95.711903,131.154337
2187,2015,4,2,3,0.000000,0.000000,0.000000,87.333734,88.945494,123.966525
2188,2015,4,2,4,0.000000,0.000000,0.000000,83.100394,85.553214,122.247018
2189,2015,4,2,5,0.000000,0.000000,0.000000,81.022855,84.571315,124.589954
2190,2015,4,2,6,0.000000,0.000000,0.000000,89.648758,93.599258,137.967344
2191,2015,4,2,7,0.000000,0.000000,0.000000,109.445858,112.919638,162.138784
2192,2015,4,2,8,0.000000,0.000000,0.000000,118.711216,112.685516,163.995022
2193,2015,4,2,9,0.000000,0.000000,0.000000,126.668108,101.086748,164.544465
2194,2015,4,2,10,0.000000,0.000000,0.000000,128.719382,87.501722,158.593429
2195,2015,4,2,11,0.000000,0.000000,0.000000,132.393079,77.606999,154.305732
2196,2015,4,2,12,0.000000,0.000000,0.000000,130.661454,66.661454,146.215272
2197,2015,4,2,13,0.000000,0.000000,0.000000,129.522074,61.522074,142.946099
2198,2015,4,2,14,0.000000,0.000000,0.000000,131.960773,65.560773,146.897697
2199,2015,4,2,15,0.000000,0.000000,0.000000,129.975102,69.175102,146.700135
2200,2015,4,2,16,0.000000,0.000000,0.000000,126.825788,77.225788,147.401050
2201,2015,4,2,17,0.000000,0.000000,0.000000,117.867148,82.153868,142.744224
2202,2015,4,2,18,0.000000,0.000000,0.000000,110.988754,92.339254,142.154005
2203,2015,4,2,19,0.000000,0.000000,0.000000,113.078532,112.695672,152.368030
2204,2015,4,2,20,0.000000,0.000000,0.000000,113.228519,113.815839,153.712185
2205,2015,4,2,21,0.000000,0.000000,0.000000,103.697902,104.638942,142.655389
2206,2015,4,2,22,0.000000,0.000000,0.000000,98.148422,98.148422,130.864563
2207,2015,4,2,23,0.000000,0.000000,0.000000,92.524125,92.686145,124.121593
2208,2015,4,2,24,0.000000,0.000000,0.000000,92.823739,93.276739,125.878985
2209,2015,4,3,1,0.000000,0.000000,0.000000,86.052419,87.212539,120.150452
2210,2015,4,3,2,0.000000,0.000000,0.000000,86.334405,87.822245,122.055793
2211,2015,4,3,3,0.000000,0.000000,0.000000,78.794326,80.956926,115.151234
2212,2015,4,3,4,0.000000,0.000000,0.000000,70.530745,74.271985,111.500113
2213,2015,4,3,5,0.000000,0.000000,0.000000,67.296788,71.764948,110.580465
2214,2015,4,3,6,0.000000,0.000000,0.000000,74.673565,77.545685,112.967979
2215,2015,4,3,7,0.000000,0.000000,0.000000,82.348989,83.637749,115.812866
2216,2015,4,3,8,0.000000,0.000000,0.000000,87.495790,79.648610,113.874214
2217,2015,4,3,9,0.000000,0.000000,0.000000,90.314275,63.114275,108.519033
2218,2015,4,3,10,0.000000,0.000000,0.000000,86.830647,45.439587,101.932583
2219,2015,4,3,11,0.000000,0.000000,0.000000,81.375493,28.393193,94.699924
2220,2015,4,3,12,0.000000,0.000000,0.000000,79.387850,17.734710,88.802479
2221,2015,4,3,13,0.000000,0.000000,0.000000,76.194949,10.870049,84.327065
2222,2015,4,3,14,0.000000,0.000000,0.000000,73.212763,9.812023,82.563564
2223,2015,4,3,15,0.000000,0.000000,0.000000,70.384128,13.039828,83.372104
2224,2015,4,3,16,0.000000,0.000000,0.000000,68.542818,23.358358,90.296278
2225,2015,4,3,17,0.000000,0.000000,0.000000,70.979760,39.519100,100.073266
2226,2015,4,3,18,0.000000,0.000000,0.000000,73.013281,58.676701,111.647001
2227,2015,4,3,19,0.000000,0.000000,0.000000,76.516346,80.672186,124.799048
2228,2015,4,3,20,0.000000,0.000000,0.000000,77.492099,82.661499,127.446666
2229,2015,4,3,21,0.000000,0.000000,0.000000,73.195648,78.639908,123.000743
2230,2015,4,3,22,0.000000,0.000000,0.000000,62.310446,70.169506,119.756207
2231,2015,4,3,23,0.000000,0.000000,0.000000,50.845663,61.293503,116.550804
2232,2015,4,3,24,0.000000,0.000000,0.000000,59.686036,68.413236,120.308314
2233,2015,4,4,1,0.000000,0.000000,0.000000,48.983179,59.865739,116.096185
2234,2015,4,4,2,0.000000,0.000000,0.000000,43.265895,56.587035,119.853180
2235,2015,4,4,3,0.000000,0.000000,0.000000,38.171003,51.850823,114.733831
2236,2015,4,4,4,0.000000,0.000000,0.000000,31.152386,46.133786,111.449714
2237,2015,4,4,5,0.000000,0.000000,0.000000,29.495144,44.984644,111.611192
2238,2015,4,4,6,0.000000,0.000000,0.000000,32.206283,47.365843,113.686323
2239,2015,4,4,7,0.000000,0.000000,0.000000,38.836891,52.990391,117.832188
2240,2015,4,4,8,0.000000,0.000000,0.000000,57.879551,59.375511,117.987215
2241,2015,4,4,9,0.000000,0.000000,0.000000,62.962772,44.936712,114.862083
2242,2015,4,4,10,0.000000,0.000000,0.000000,65.311781,31.399901,108.143601
2243,2015,4,4,11,0.000000,0.000000,0.000000,62.784856,16.111336,99.353382
2244,2015,4,4,12,0.000000,0.000000,0.000000,60.209074,5.029214,93.439419
2245,2015,4,4,13,0.000000,0.000000,0.000000,61.052326,1.201286,89.681581
2246,2015,4,4,14,0.000000,0.000000,0.000000,58.239160,0.668000,89.803466
2247,2015,4,4,15,0.000000,0.000000,0.000000,57.883474,5.847794,91.478125
2248,2015,4,4,16,0.000000,0.000000,0.000000,58.898702,18.199202,98.367270
2249,2015,4,4,17,0.000000,0.000000,0.000000,59.124086,32.557386,107.104182
2250,2015,4,4,18,0.000000,0.000000,0.000000,62.880269,52.687809,117.475545
2251,2015,4,4,19,0.000000,0.000000,0.000000,66.870373,75.191533,131.375910
2252,2015,4,4,20,0.000000,0.000000,0.000000,69.806947,78.712287,134.634183
2253,2015,4,4,21,0.000000,0.000000,0.000000,75.732966,82.325826,131.743967
2254,2015,4,4,22,0.000000,0.000000,0.000000,61.025772,70.787792,126.923790
2255,2015,4,4,23,0.000000,0.000000,0.000000,50.748372,62.670612,123.301616
2256,2015,4,4,24,0.000000,0.000000,0.000000,59.010046,69.136886,125.938648
2257,2015,4,5,1,0.000000,0.000000,0.000000,60.542657,69.134877,120.820570
2258,2015,4,5,2,0.000000,0.000000,0.000000,70.982648,77.074508,123.072211
2259,2015,4,5,3,0.000000,0.000000,0.000000,71.128934,76.098174,118.028365
2260,2015,4,5,4,0.000000,0.000000,0.000000,67.685402,73.021382,115.148443
2261,2015,4,5,5,0.000000,0.000000,0.000000,59.483515,66.761055,113.273207
2262,2015,4,5,6,0.000000,0.000000,0.000000,52.689120,61.965340,113.541186
2263,2015,4,5,7,0.000000,0.000000,0.000000,48.067029,59.202729,116.055972
2264,2015,4,5,8,0.000000,0.000000,0.000000,52.956537,55.384697,115.773462
2265,2015,4,5,9,0.000000,0.000000,0.000000,58.519882,41.108582,111.807109
2266,2015,4,5,10,0.000000,0.000000,0.000000,57.409031,24.874011,104.031948
2267,2015,4,5,11,0.000000,0.000000,0.000000,56.006366,10.475946,95.649861
2268,2015,4,5,12,0.000000,0.000000,0.000000,55.837223,1.111803,89.731005
2269,2015,4,5,13,0.000000,0.000000,0.000000,54.654009,-3.848651,87.442932
2270,2015,4,5,14,0.000000,0.000000,0.000000,56.824509,-1.038591,86.554879
2271,2015,4,5,15,0.000000,0.000000,0.000000,59.082941,5.902861,87.736881
2272,2015,4,5,16,0.000000,0.000000,0.000000,63.118846,20.226006,93.758542
2273,2015,4,5,17,0.000000,0.000000,0.000000,67.833140,37.788700,102.486800
2274,2015,4,5,18,0.000000,0.000000,0.000000,75.766782,61.582362,116.028416
2275,2015,4,5,19,0.000000,0.000000,0.000000,83.272751,87.144731,132.482908
2276,2015,4,5,20,0.000000,0.000000,0.000000,86.705019,90.945699,135.396532
2277,2015,4,5,21,0.000000,0.000000,0.000000,88.693863,91.268523,130.273565
2278,2015,4,5,22,0.000000,0.000000,0.000000,88.932876,90.343876,125.161835
2279,2015,4,5,23,0.000000,0.000000,0.000000,85.806300,87.453500,122.095333
2280,2015,4,5,24,0.000000,0.000000,0.000000,90.343282,91.267602,124.771203
2281,2015,4,6,1,0.000000,0.000000,0.000000,85.894223,86.834863,118.915285
2282,2015,4,6,2,0.000000,0.000000,0.000000,88.847963,89.492423,121.471430
2283,2015,4,6,3,0.000000,0.000000,0.000000,82.870942,84.229362,116.833882
2284,2015,4,6,4,0.000000,0.000000,0.000000,72.805466,76.322366,113.486154
2285,2015,4,6,5,0.000000,0.000000,0.000000,68.315992,72.994252,112.919870
2286,2015,4,6,6,0.000000,0.000000,0.000000,57.963562,65.922562,114.426749
2287,2015,4,6,7,0.000000,0.000000,0.000000,51.647266,61.950186,116.943314
2288,2015,4,6,8,0.000000,0.000000,0.000000,56.262198,57.446378,114.375771
2289,2015,4,6,9,0.000000,0.000000,0.000000,57.801544,40.492584,111.326913
2290,2015,4,6,10,0.000000,0.000000,0.000000,60.614407,27.874407,107.349210
2291,2015,4,6,11,0.000000,0.000000,0.000000,59.843470,14.715030,102.641907
2292,2015,4,6,12,0.000000,0.000000,0.000000,57.430378,4.398058,99.756344
2293,2015,4,6,13,0.000000,0.000000,0.000000,55.482901,-1.049339,97.743415
2294,2015,4,6,14,0.000000,0.000000,0.000000,54.257867,-0.637233,96.983356
2295,2015,4,6,15,0.000000,0.000000,0.000000,61.139969,9.976869,99.892159
2296,2015,4,6,16,0.000000,0.000000,0.000000,64.424338,23.598258,105.144077
2297,2015,4,6,17,0.000000,0.000000,0.000000,68.976459,41.108299,114.167199
2298,2015,4,6,18,0.000000,0.000000,0.000000,77.504421,65.107561,126.687215
2299,2015,4,6,19,0.000000,0.000000,0.000000,86.717958,92.070518,143.985891
2300,2015,4,6,20,0.000000,0.000000,0.000000,90.275859,94.842419,141.678425
2301,2015,4,6,21,0.000000,0.000000,0.000000,90.045740,92.998800,133.841933
2302,2015,4,6,22,0.000000,0.000000,0.000000,90.668897,91.900637,126.639983
2303,2015,4,6,23,0.000000,0.000000,0.000000,89.504655,90.279055,122.953407
2304,2015,4,6,24,0.000000,0.000000,0.000000,89.848609,91.048149,125.395999
2305,2015,4,7,1,0.000000,0.000000,0.000000,86.562022,87.397062,119.312883
2306,2015,4,7,2,0.000000,0.000000,0.000000,86.784081,87.858381,120.725508
2307,2015,4,7,3,0.000000,0.000000,0.000000,82.182598,83.521878,115.826771
2308,2015,4,7,4,0.000000,0.000000,0.000000,77.846591,79.584271,111.904629
2309,2015,4,7,5,0.000000,0.000000,0.000000,77.376278,79.088338,111.157984
2310,2015,4,7,6,0.000000,0.000000,0.000000,82.969352,83.921112,115.067349
2311,2015,4,7,7,0.000000,0.000000,0.000000,91.726094,92.211394,124.566192
2312,2015,4,7,8,0.000000,0.000000,0.000000,98.681434,91.999654,134.226939
2313,2015,4,7,9,0.000000,0.000000,0.000000,105.359757,80.871437,141.234182
2314,2015,4,7,10,0.000000,0.000000,0.000000,102.100653,64.787073,141.320831
2315,2015,4,7,11,0.000000,0.000000,0.000000,95.739999,48.281719,139.631359
2316,2015,4,7,12,0.000000,0.000000,0.000000,76.413677,25.295217,133.998757
2317,2015,4,7,13,0.000000,0.000000,0.000000,76.704343,21.814023,133.700963
2318,2015,4,7,14,0.000000,0.000000,0.000000,80.586407,26.090167,133.949422
2319,2015,4,7,15,0.000000,0.000000,0.000000,78.398565,28.062605,126.763607
2320,2015,4,7,16,0.000000,0.000000,0.000000,86.609461,45.061361,131.354815
2321,2015,4,7,17,0.000000,0.000000,0.000000,93.302444,64.169024,140.697299
2322,2015,4,7,18,0.000000,0.000000,0.000000,93.948816,81.282876,147.357368
2323,2015,4,7,19,0.000000,0.000000,0.000000,100.659710,106.022250,162.621467
2324,2015,4,7,20,0.000000,0.000000,0.000000,93.052634,100.546854,159.043205
2325,2015,4,7,21,0.000000,0.000000,0.000000,82.634493,91.197773,150.141298
2326,2015,4,7,22,0.000000,0.000000,0.000000,79.661698,87.457798,142.597398
2327,2015,4,7,23,0.000000,0.000000,0.000000,84.867524,89.725624,135.827832
2328,2015,4,7,24,0.000000,0.000000,0.000000,86.655097,91.800697,139.552929
2329,2015,4,8,1,0.000000,0.000000,0.000000,68.102440,75.893520,127.161627
2330,2015,4,8,2,0.000000,0.000000,0.000000,72.980858,79.745738,128.877250
2331,2015,4,8,3,0.000000,0.000000,0.000000,66.341877,73.484457,121.787876
2332,2015,4,8,4,0.000000,0.000000,0.000000,68.051032,73.567872,116.479963
2333,2015,4,8,5,0.000000,0.000000,0.000000,75.181537,78.652817,116.441356
2334,2015,4,8,6,0.000000,0.000000,0.000000,81.002483,83.896963,121.510884
2335,2015,4,8,7,0.000000,0.000000,0.000000,93.123998,95.362498,134.611664
2336,2015,4,8,8,0.000000,0.000000,0.000000,103.051559,97.908459,147.234279
2337,2015,4,8,9,0.000000,0.000000,0.000000,114.998097,90.935917,156.073956
2338,2015,4,8,10,0.000000,0.000000,0.000000,127.584281,86.994621,160.010628
2339,2015,4,8,11,0.000000,0.000000,0.000000,134.088532,79.739772,158.607163
2340,2015,4,8,12,0.000000,0.000000,0.000000,130.229971,68.481371,156.146494
2341,2015,4,8,13,0.000000,0.000000,0.000000,125.622540,61.801960,157.250680
2342,2015,4,8,14,0.000000,0.000000,0.000000,119.193133,58.131133,154.784843
2343,2015,4,8,15,0.000000,0.000000,0.000000,100.709869,50.049789,154.999453
2344,2015,4,8,16,0.000000,0.000000,0.000000,81.833837,46.918837,155.941783
2345,2015,4,8,17,0.000000,0.000000,0.000000,70.062587,50.940987,156.432649
2346,2015,4,8,18,0.000000,0.000000,0.000000,76.303497,74.082137,172.571650
2347,2015,4,8,19,0.000000,0.000000,0.000000,80.100888,96.257468,185.581890
2348,2015,4,8,20,0.000000,0.000000,0.000000,66.700663,84.178743,170.498591
2349,2015,4,8,21,0.000000,0.000000,0.000000,56.175866,74.078946,158.448861
2350,2015,4,8,22,0.000000,0.000000,0.000000,47.525684,65.580784,147.624713
2351,2015,4,8,23,0.000000,0.000000,0.000000,37.226520,56.224720,138.293627
2352,2015,4,8,24,0.000000,0.000000,0.000000,36.912674,56.231794,139.372792
2353,2015,4,9,1,0.000000,0.000000,0.000000,28.818107,48.285027,129.269769
2354,2015,4,9,2,0.000000,0.000000,0.000000,30.678355,50.263275,132.300766
2355,2015,4,9,3,0.000000,0.000000,0.000000,27.313364,46.504304,125.975539
2356,2015,4,9,4,0.000000,0.000000,0.000000,26.487651,45.181911,122.556748
2357,2015,4,9,5,0.000000,0.000000,0.000000,32.827510,49.672670,122.380760
2358,2015,4,9,6,0.000000,0.000000,0.000000,41.493814,56.571094,125.685725
2359,2015,4,9,7,0.000000,0.000000,0.000000,65.176833,75.758693,136.284458
2360,2015,4,9,8,0.000000,0.000000,0.000000,100.085473,95.779033,147.183911
2361,2015,4,9,9,0.000000,0.000000,0.000000,112.402703,88.758143,154.562324
2362,2015,4,9,10,0.000000,0.000000,0.000000,117.930752,78.405792,152.107856
2363,2015,4,9,11,0.000000,0.000000,0.000000,118.325362,65.920282,146.660109
2364,2015,4,9,12,0.000000,0.000000,0.000000,118.775022,57.927682,145.079109
2365,2015,4,9,13,0.000000,0.000000,0.000000,118.607064,53.754464,143.080619
2366,2015,4,9,14,0.000000,0.000000,0.000000,117.016690,53.379950,139.867466
2367,2015,4,9,15,0.000000,0.000000,0.000000,119.488638,60.894378,143.011637
2368,2015,4,9,16,0.000000,0.000000,0.000000,117.356283,70.019763,145.337951
2369,2015,4,9,17,0.000000,0.000000,0.000000,116.692273,83.467373,152.790165
2370,2015,4,9,18,0.000000,0.000000,0.000000,123.954177,106.395677,164.532569
2371,2015,4,9,19,0.000000,0.000000,0.000000,132.581552,133.350172,183.745630
2372,2015,4,9,20,0.000000,0.000000,0.000000,125.042802,126.838322,175.102829
2373,2015,4,9,21,0.000000,0.000000,0.000000,116.638216,118.038496,162.052261
2374,2015,4,9,22,0.000000,0.000000,0.000000,110.190849,110.479569,148.268492
2375,2015,4,9,23,0.000000,0.000000,0.000000,102.923466,102.923466,137.231289
2376,2015,4,9,24,0.000000,0.000000,0.000000,105.085733,105.085733,140.114310
2377,2015,4,10,1,0.000000,0.000000,0.000000,96.429650,96.429650,128.572867
2378,2015,4,10,2,0.000000,0.000000,0.000000,99.803628,99.803628,133.071504
2379,2015,4,10,3,0.000000,0.000000,0.000000,92.806629,92.998829,124.639105
2380,2015,4,10,4,0.000000,0.000000,0.000000,90.345247,90.539867,121.368556
2381,2015,4,10,5,0.000000,0.000000,0.000000,90.751969,90.917849,121.776732
2382,2015,4,10,6,0.000000,0.000000,0.000000,93.406151,93.586431,125.382841
2383,2015,4,10,7,0.000000,0.000000,0.000000,99.722425,100.403145,136.139926
2384,2015,4,10,8,0.000000,0.000000,0.000000,113.852610,106.320610,150.487481
2385,2015,4,10,9,0.000000,0.000000,0.000000,126.530888,99.330888,156.807851
2386,2015,4,10,10,0.000000,0.000000,0.000000,129.973807,87.573807,154.748409
2387,2015,4,10,11,0.000000,0.000000,0.000000,127.924948,73.447388,149.787984
2388,2015,4,10,12,0.000000,0.000000,0.000000,128.628221,65.409061,147.148215
2389,2015,4,10,13,0.000000,0.000000,0.000000,123.764880,56.916880,140.645839
2390,2015,4,10,14,0.000000,0.000000,0.000000,121.250153,56.200473,138.918365
2391,2015,4,10,15,0.000000,0.000000,0.000000,114.225669,54.903649,132.598132
2392,2015,4,10,16,0.000000,0.000000,0.000000,110.267123,62.767083,135.122644
2393,2015,4,10,17,0.000000,0.000000,0.000000,109.132779,77.059779,148.086372
2394,2015,4,10,18,0.000000,0.000000,0.000000,109.627659,96.027919,163.904759
2395,2015,4,10,19,0.000000,0.000000,0.000000,108.322840,115.199460,179.904680
2396,2015,4,10,20,0.000000,0.000000,0.000000,93.462797,102.902837,168.670582
2397,2015,4,10,21,0.000000,0.000000,0.000000,87.703127,96.414187,157.589117
2398,2015,4,10,22,0.000000,0.000000,0.000000,76.549058,85.609278,144.346438
2399,2015,4,10,23,0.000000,0.000000,0.000000,62.133807,73.681447,136.734062
2400,2015,4,10,24,0.000000,0.000000,0.000000,62.253780,74.321620,139.321627
2401,2015,4,11,1,0.000000,0.000000,0.000000,55.924315,67.495955,128.566740
2402,2015,4,11,2,0.000000,0.000000,0.000000,56.852159,68.334959,129.389279
2403,2015,4,11,3,0.000000,0.000000,0.000000,53.950542,64.698562,122.091482
2404,2015,4,11,4,0.000000,0.000000,0.000000,44.114496,56.614996,117.154995
2405,2015,4,11,5,0.000000,0.000000,0.000000,53.322768,62.834388,115.484584
2406,2015,4,11,6,0.000000,0.000000,0.000000,60.295242,67.884762,115.811416
2407,2015,4,11,7,0.000000,0.000000,0.000000,71.788239,76.993219,120.007559
2408,2015,4,11,8,0.000000,0.000000,0.000000,82.993915,77.745575,119.999633
2409,2015,4,11,9,0.000000,0.000000,0.000000,73.787180,53.541280,118.935373
2410,2015,4,11,10,0.000000,0.000000,0.000000,75.395214,40.439234,116.715712
2411,2015,4,11,11,0.000000,0.000000,0.000000,65.042456,20.089076,110.390834
2412,2015,4,11,12,0.000000,0.000000,0.000000,60.564908,7.367568,103.165624
2413,2015,4,11,13,0.000000,0.000000,0.000000,51.104370,-4.009270,98.525506
2414,2015,4,11,14,0.000000,0.000000,0.000000,38.906733,-11.811027,96.009431
2415,2015,4,11,15,0.000000,0.000000,0.000000,27.155911,-15.005189,96.589415
2416,2015,4,11,16,0.000000,0.000000,0.000000,24.073307,-6.090073,101.101969
2417,2015,4,11,17,0.000000,0.000000,0.000000,26.227593,9.429473,108.828897
2418,2015,4,11,18,0.000000,0.000000,0.000000,29.856554,30.226994,122.737459
2419,2015,4,11,19,0.000000,0.000000,0.000000,53.057597,67.700237,142.459117
2420,2015,4,11,20,0.000000,0.000000,0.000000,68.066998,79.066058,142.084943
2421,2015,4,11,21,0.000000,0.000000,0.000000,52.581007,66.338187,134.308183
2422,2015,4,11,22,0.000000,0.000000,0.000000,32.316116,50.731036,129.024448
2423,2015,4,11,23,0.000000,0.000000,0.000000,25.325974,44.824334,124.760313
2424,2015,4,11,24,0.000000,0.000000,0.000000,25.521960,45.246600,126.077600
2425,2015,4,12,1,0.000000,0.000000,0.000000,19.447964,39.370324,118.901632
2426,2015,4,12,2,0.000000,0.000000,0.000000,21.610994,41.581934,122.012379
2427,2015,4,12,3,0.000000,0.000000,0.000000,18.271073,37.898073,115.954098
2428,2015,4,12,4,0.000000,0.000000,0.000000,13.810966,33.805626,111.723035
2429,2015,4,12,5,0.000000,0.000000,0.000000,10.910969,30.893189,107.798319
2430,2015,4,12,6,0.000000,0.000000,0.000000,10.880522,30.853162,107.713016
2431,2015,4,12,7,0.000000,0.000000,0.000000,13.659801,33.652741,111.513455
2432,2015,4,12,8,0.000000,0.000000,0.000000,14.204906,26.193706,108.720942
2433,2015,4,12,9,0.000000,0.000000,0.000000,17.640262,10.433002,104.919803
2434,2015,4,12,10,0.000000,0.000000,0.000000,19.350830,-3.121590,100.246480
2435,2015,4,12,11,0.000000,0.000000,0.000000,21.017232,-14.359468,96.381710
2436,2015,4,12,12,0.000000,0.000000,0.000000,19.879658,-24.277702,91.105198
2437,2015,4,12,13,0.000000,0.000000,0.000000,19.808890,-28.662150,87.797000
2438,2015,4,12,14,0.000000,0.000000,0.000000,17.510689,-28.986531,87.177225
2439,2015,4,12,15,0.000000,0.000000,0.000000,17.156518,-23.652762,89.565384
2440,2015,4,12,16,0.000000,0.000000,0.000000,18.318064,-11.286616,96.035579
2441,2015,4,12,17,0.000000,0.000000,0.000000,21.637963,5.634523,106.417897
2442,2015,4,12,18,0.000000,0.000000,0.000000,27.295493,28.076833,121.240244
2443,2015,4,12,19,0.000000,0.000000,0.000000,40.887666,60.018666,147.178221
2444,2015,4,12,20,0.000000,0.000000,0.000000,40.324116,60.106096,146.081394
2445,2015,4,12,21,0.000000,0.000000,0.000000,36.411300,55.883440,139.418387
2446,2015,4,12,22,0.000000,0.000000,0.000000,31.397165,50.410385,130.591247
2447,2015,4,12,23,0.000000,0.000000,0.000000,26.809402,46.125642,125.888322
2448,2015,4,12,24,0.000000,0.000000,0.000000,24.933371,44.765011,125.792148
2449,2015,4,13,1,0.000000,0.000000,0.000000,20.746790,40.719510,120.868413
2450,2015,4,13,2,0.000000,0.000000,0.000000,23.381206,43.355986,124.390581
2451,2015,4,13,3,0.000000,0.000000,0.000000,19.666693,39.633753,119.401871
2452,2015,4,13,4,0.000000,0.000000,0.000000,16.558437,36.537317,115.312689
2453,2015,4,13,5,0.000000,0.000000,0.000000,17.214607,37.200107,116.218476
2454,2015,4,13,6,0.000000,0.000000,0.000000,21.180293,41.155073,121.456031
2455,2015,4,13,7,0.000000,0.000000,0.000000,31.324926,51.145246,134.261395
2456,2015,4,13,8,0.000000,0.000000,0.000000,49.409462,60.704562,152.423083
2457,2015,4,13,9,0.000000,0.000000,0.000000,60.799218,52.510258,157.417143
2458,2015,4,13,10,0.000000,0.000000,0.000000,63.363453,38.629793,148.377524
2459,2015,4,13,11,0.000000,0.000000,0.000000,67.496392,28.900292,143.330056
2460,2015,4,13,12,0.000000,0.000000,0.000000,64.611458,17.207258,135.595678
2461,2015,4,13,13,0.000000,0.000000,0.000000,68.597975,16.056795,133.855127
2462,2015,4,13,14,0.000000,0.000000,0.000000,72.809111,20.342311,133.050414
2463,2015,4,13,15,0.000000,0.000000,0.000000,74.894818,26.449898,130.916797
2464,2015,4,13,16,0.000000,0.000000,0.000000,78.791983,41.288083,139.804444
2465,2015,4,13,17,0.000000,0.000000,0.000000,83.649556,59.119596,149.309595
2466,2015,4,13,18,0.000000,0.000000,0.000000,100.573587,92.105967,175.782556
2467,2015,4,13,19,0.000000,0.000000,0.000000,115.886629,125.413569,202.357892
2468,2015,4,13,20,0.000000,0.000000,0.000000,110.234835,119.745995,191.365193
2469,2015,4,13,21,0.000000,0.000000,0.000000,95.827575,105.564595,173.209527
2470,2015,4,13,22,0.000000,0.000000,0.000000,83.258577,94.013637,161.201717
2471,2015,4,13,23,0.000000,0.000000,0.000000,78.547809,87.638909,147.155546
2472,2015,4,13,24,0.000000,0.000000,0.000000,78.821109,87.554009,145.848346
2473,2015,4,14,1,0.000000,0.000000,0.000000,69.236689,78.730849,136.621666
2474,2015,4,14,2,0.000000,0.000000,0.000000,70.173161,80.043381,139.625241
2475,2015,4,14,3,0.000000,0.000000,0.000000,61.823857,72.523977,132.365703
2476,2015,4,14,4,0.000000,0.000000,0.000000,58.366590,69.106210,127.940346
2477,2015,4,14,5,0.000000,0.000000,0.000000,56.737832,67.719692,126.899122
2478,2015,4,14,6,0.000000,0.000000,0.000000,58.394895,69.797755,131.073207
2479,2015,4,14,7,0.000000,0.000000,0.000000,76.850431,86.210331,146.146775
2480,2015,4,14,8,0.000000,0.000000,0.000000,103.466411,101.969731,164.804041
2481,2015,4,14,9,0.000000,0.000000,0.000000,110.090149,90.586389,170.802652
2482,2015,4,14,10,0.000000,0.000000,0.000000,107.747825,72.780805,159.801007
2483,2015,4,14,11,0.000000,0.000000,0.000000,106.753196,58.645056,151.282941
2484,2015,4,14,12,0.000000,0.000000,0.000000,102.545799,46.513739,145.911451
2485,2015,4,14,13,0.000000,0.000000,0.000000,104.745894,43.788854,142.778339
2486,2015,4,14,14,0.000000,0.000000,0.000000,104.142332,43.977152,138.902269
2487,2015,4,14,15,0.000000,0.000000,0.000000,98.408146,43.849406,133.736741
2488,2015,4,14,16,0.000000,0.000000,0.000000,101.988533,58.947333,144.892444
2489,2015,4,14,17,0.000000,0.000000,0.000000,101.215064,72.541744,153.394592
2490,2015,4,14,18,0.000000,0.000000,0.000000,113.690574,101.846134,177.513379
2491,2015,4,14,19,0.000000,0.000000,0.000000,128.904956,135.292576,205.065501
2492,2015,4,14,20,0.000000,0.000000,0.000000,120.457345,127.322485,192.647113
2493,2015,4,14,21,0.000000,0.000000,0.000000,106.171980,113.290360,174.781747
2494,2015,4,14,22,0.000000,0.000000,0.000000,93.613817,101.576497,161.977596
2495,2015,4,14,23,0.000000,0.000000,0.000000,82.583897,90.652997,147.767663
2496,2015,4,14,24,0.000000,0.000000,0.000000,76.593903,86.247683,147.176178
2497,2015,4,15,1,0.000000,0.000000,0.000000,64.087992,74.532732,134.192776
2498,2015,4,15,2,0.000000,0.000000,0.000000,62.969931,74.201011,136.371614
2499,2015,4,15,3,0.000000,0.000000,0.000000,51.651592,64.550672,129.064496
2500,2015,4,15,4,0.000000,0.000000,0.000000,50.320207,62.722967,124.973156
2501,2015,4,15,5,0.000000,0.000000,0.000000,51.219902,63.099162,123.729749
2502,2015,4,15,6,0.000000,0.000000,0.000000,60.633104,70.526184,127.011846
2503,2015,4,15,7,0.000000,0.000000,0.000000,84.674683,91.033003,142.571737
2504,2015,4,15,8,0.000000,0.000000,0.000000,99.963573,98.712753,161.280937
2505,2015,4,15,9,0.000000,0.000000,0.000000,108.939549,88.369429,164.292173
2506,2015,4,15,10,0.000000,0.000000,0.000000,107.788083,72.510863,158.407084
2507,2015,4,15,11,0.000000,0.000000,0.000000,104.316250,56.026490,147.186120
2508,2015,4,15,12,0.000000,0.000000,0.000000,101.817594,44.163394,137.370525
2509,2015,4,15,13,0.000000,0.000000,0.000000,99.476015,37.793495,132.366259
2510,2015,4,15,14,0.000000,0.000000,0.000000,96.664889,37.276829,132.558906
2511,2015,4,15,15,0.000000,0.000000,0.000000,94.951254,41.289694,133.314392
2512,2015,4,15,16,0.000000,0.000000,0.000000,93.003869,50.578709,135.787745
2513,2015,4,15,17,0.000000,0.000000,0.000000,97.691010,68.547370,146.501027
2514,2015,4,15,18,0.000000,0.000000,0.000000,108.125240,96.184000,169.641200
2515,2015,4,15,19,0.000000,0.000000,0.000000,121.381802,127.227582,192.506043
2516,2015,4,15,20,0.000000,0.000000,0.000000,115.606761,121.401661,181.185214
2517,2015,4,15,21,0.000000,0.000000,0.000000,108.779771,113.804851,168.490068
2518,2015,4,15,22,0.000000,0.000000,0.000000,103.888022,107.367542,154.755122
2519,2015,4,15,23,0.000000,0.000000,0.000000,90.766822,94.463242,138.272389
2520,2015,4,15,24,0.000000,0.000000,0.000000,90.813625,94.318385,137.440380
2521,2015,4,16,1,0.000000,0.000000,0.000000,83.786028,86.890808,126.203677
2522,2015,4,16,2,0.000000,0.000000,0.000000,84.489447,87.935147,128.732530
2523,2015,4,16,3,0.000000,0.000000,0.000000,78.035813,81.835353,121.778937
2524,2015,4,16,4,0.000000,0.000000,0.000000,72.953347,77.289847,117.508130
2525,2015,4,16,5,0.000000,0.000000,0.000000,76.374500,79.763760,117.649213
2526,2015,4,16,6,0.000000,0.000000,0.000000,81.803147,84.440867,121.380223
2527,2015,4,16,7,0.000000,0.000000,0.000000,97.254176,98.767056,136.732341
2528,2015,4,16,8,0.000000,0.000000,0.000000,116.421760,109.438860,156.475481
2529,2015,4,16,9,0.000000,0.000000,0.000000,126.846964,100.198404,159.802672
2530,2015,4,16,10,0.000000,0.000000,0.000000,128.993600,86.863920,154.702960
2531,2015,4,16,11,0.000000,0.000000,0.000000,127.203995,72.003995,145.455326
2532,2015,4,16,12,0.000000,0.000000,0.000000,124.569912,60.569912,138.093217
2533,2015,4,16,13,0.000000,0.000000,0.000000,121.888198,54.058098,133.560464
2534,2015,4,16,14,0.000000,0.000000,0.000000,120.005897,54.006717,132.828357
2535,2015,4,16,15,0.000000,0.000000,0.000000,115.950479,56.093979,132.403638
2536,2015,4,16,16,0.000000,0.000000,0.000000,113.424250,64.774790,133.968187
2537,2015,4,16,17,0.000000,0.000000,0.000000,118.356093,83.583313,147.785151
2538,2015,4,16,18,0.000000,0.000000,0.000000,124.500223,106.690203,164.086871
2539,2015,4,16,19,0.000000,0.000000,0.000000,136.446232,137.717352,191.243536
2540,2015,4,16,20,0.000000,0.000000,0.000000,128.112208,129.855568,178.951958
2541,2015,4,16,21,0.000000,0.000000,0.000000,116.608202,118.913822,166.237163
2542,2015,4,16,22,0.000000,0.000000,0.000000,108.677134,109.836334,150.312446
2543,2015,4,16,23,0.000000,0.000000,0.000000,97.049421,98.714001,137.167269
2544,2015,4,16,24,0.000000,0.000000,0.000000,98.664533,99.757073,136.651231
2545,2015,4,17,1,0.000000,0.000000,0.000000,92.759105,93.288225,126.148034
2546,2015,4,17,2,0.000000,0.000000,0.000000,96.781518,96.781518,129.042024
2547,2015,4,17,3,0.000000,0.000000,0.000000,92.260262,92.260262,123.013683
2548,2015,4,17,4,0.000000,0.000000,0.000000,89.508863,89.638203,119.948737
2549,2015,4,17,5,0.000000,0.000000,0.000000,84.695777,86.155537,119.739917
2550,2015,4,17,6,0.000000,0.000000,0.000000,84.078223,86.435623,123.105497
2551,2015,4,17,7,0.000000,0.000000,0.000000,89.261804,93.349004,138.089339
2552,2015,4,17,8,0.000000,0.000000,0.000000,96.060266,94.406406,154.195675
2553,2015,4,17,9,0.000000,0.000000,0.000000,102.290487,81.624487,154.979316
2554,2015,4,17,10,0.000000,0.000000,0.000000,100.644189,65.061689,147.457252
2555,2015,4,17,11,0.000000,0.000000,0.000000,100.820154,52.192794,140.949192
2556,2015,4,17,12,0.000000,0.000000,0.000000,103.990325,46.336025,140.267033
2557,2015,4,17,13,0.000000,0.000000,0.000000,104.715547,43.140007,139.851543
2558,2015,4,17,14,0.000000,0.000000,0.000000,107.428650,46.846650,141.338866
2559,2015,4,17,15,0.000000,0.000000,0.000000,105.389137,50.471437,141.369582
2560,2015,4,17,16,0.000000,0.000000,0.000000,107.646795,62.747815,143.767153
2561,2015,4,17,17,0.000000,0.000000,0.000000,106.404160,74.688480,146.115706
2562,2015,4,17,18,0.000000,0.000000,0.000000,109.057532,93.796952,155.394003
2563,2015,4,17,19,0.000000,0.000000,0.000000,117.080849,120.183529,173.970305
2564,2015,4,17,20,0.000000,0.000000,0.000000,111.779090,115.381710,165.851013
2565,2015,4,17,21,0.000000,0.000000,0.000000,104.294511,107.872651,155.757334
2566,2015,4,17,22,0.000000,0.000000,0.000000,103.742218,104.810678,143.309104
2567,2015,4,17,23,0.000000,0.000000,0.000000,99.377614,99.715934,134.082312
2568,2015,4,17,24,0.000000,0.000000,0.000000,101.473192,101.632432,136.040710
2569,2015,4,18,1,0.000000,0.000000,0.000000,94.141205,94.141205,125.521606
2570,2015,4,18,2,0.000000,0.000000,0.000000,94.572247,94.738847,126.873796
2571,2015,4,18,3,0.000000,0.000000,0.000000,89.538210,89.538210,119.384280
2572,2015,4,18,4,0.000000,0.000000,0.000000,85.806556,86.084536,115.705982
2573,2015,4,18,5,0.000000,0.000000,0.000000,80.563636,81.930836,113.798448
2574,2015,4,18,6,0.000000,0.000000,0.000000,75.185019,78.235979,114.484506
2575,2015,4,18,7,0.000000,0.000000,0.000000,72.623681,77.444321,119.327895
2576,2015,4,18,8,0.000000,0.000000,0.000000,74.790828,71.854248,119.850397
2577,2015,4,18,9,0.000000,0.000000,0.000000,80.947316,58.713196,119.203861
2578,2015,4,18,10,0.000000,0.000000,0.000000,82.594107,45.649727,117.035036
2579,2015,4,18,11,0.000000,0.000000,0.000000,76.694730,28.647890,111.491053
2580,2015,4,18,12,0.000000,0.000000,0.000000,82.899397,24.363537,108.031849
2581,2015,4,18,13,0.000000,0.000000,0.000000,83.578179,20.466939,104.501785
2582,2015,4,18,14,0.000000,0.000000,0.000000,81.441901,19.968901,102.531869
2583,2015,4,18,15,0.000000,0.000000,0.000000,80.483044,24.603684,103.673712
2584,2015,4,18,16,0.000000,0.000000,0.000000,78.767027,34.494707,108.185210
2585,2015,4,18,17,0.000000,0.000000,0.000000,77.144604,47.511764,116.822885
2586,2015,4,18,18,0.000000,0.000000,0.000000,82.225995,69.427815,131.109820
2587,2015,4,18,19,0.000000,0.000000,0.000000,89.151750,95.081910,149.926413
2588,2015,4,18,20,0.000000,0.000000,0.000000,83.961474,90.800814,143.865552
2589,2015,4,18,21,0.000000,0.000000,0.000000,70.849165,79.542125,135.032700
2590,2015,4,18,22,0.000000,0.000000,0.000000,88.519765,91.009725,129.646167
2591,2015,4,18,23,0.000000,0.000000,0.000000,90.375159,91.395939,125.263852
2592,2015,4,18,24,0.000000,0.000000,0.000000,90.818872,91.947152,126.357136
2593,2015,4,19,1,0.000000,0.000000,0.000000,85.805459,86.804919,119.071426
2594,2015,4,19,2,0.000000,0.000000,0.000000,89.542818,89.909958,121.103744
2595,2015,4,19,3,0.000000,0.000000,0.000000,85.036163,85.309303,114.656204
2596,2015,4,19,4,0.000000,0.000000,0.000000,80.473994,80.972774,109.626298
2597,2015,4,19,5,0.000000,0.000000,0.000000,73.576687,75.518487,107.163982
2598,2015,4,19,6,0.000000,0.000000,0.000000,70.332029,73.658269,109.298492
2599,2015,4,19,7,0.000000,0.000000,0.000000,77.390375,79.379875,112.471500
2600,2015,4,19,8,0.000000,0.000000,0.000000,78.516530,72.630010,111.051613
2601,2015,4,19,9,0.000000,0.000000,0.000000,82.200670,57.212490,108.022720
2602,2015,4,19,10,0.000000,0.000000,0.000000,82.831139,42.990079,103.833238
2603,2015,4,19,11,0.000000,0.000000,0.000000,83.881151,31.190371,99.401228
2604,2015,4,19,12,0.000000,0.000000,0.000000,83.312056,21.918836,95.247715
2605,2015,4,19,13,0.000000,0.000000,0.000000,81.900923,16.878103,93.344737
2606,2015,4,19,14,0.000000,0.000000,0.000000,81.968580,18.496680,93.905906
2607,2015,4,19,15,0.000000,0.000000,0.000000,84.140820,25.834340,97.224187
2608,2015,4,19,16,0.000000,0.000000,0.000000,85.973660,39.061340,105.474054
2609,2015,4,19,17,0.000000,0.000000,0.000000,87.627641,54.705681,115.451041
2610,2015,4,19,18,0.000000,0.000000,0.000000,98.719160,81.313700,131.600066
2611,2015,4,19,19,0.000000,0.000000,0.000000,109.835984,110.520364,153.025086
2612,2015,4,19,20,0.000000,0.000000,0.000000,105.580044,107.096024,147.847966
2613,2015,4,19,21,0.000000,0.000000,0.000000,99.281661,101.193501,141.297468
2614,2015,4,19,22,0.000000,0.000000,0.000000,97.389819,97.926859,132.359279
2615,2015,4,19,23,0.000000,0.000000,0.000000,93.300340,93.754220,126.518560
2616,2015,4,19,24,0.000000,0.000000,0.000000,92.554671,93.227131,126.544375
2617,2015,4,20,1,0.000000,0.000000,0.000000,88.047841,88.783941,120.832255
2618,2015,4,20,2,0.000000,0.000000,0.000000,91.625016,92.197176,124.836768
2619,2015,4,20,3,0.000000,0.000000,0.000000,85.188041,86.574261,120.053081
2620,2015,4,20,4,0.000000,0.000000,0.000000,83.184510,84.467950,116.902067
2621,2015,4,20,5,0.000000,0.000000,0.000000,77.615672,80.239892,115.733923
2622,2015,4,20,6,0.000000,0.000000,0.000000,81.267489,83.714369,119.775425
2623,2015,4,20,7,0.000000,0.000000,0.000000,93.421236,94.847176,131.216035
2624,2015,4,20,8,0.000000,0.000000,0.000000,105.814393,100.132413,148.403285
2625,2015,4,20,9,0.000000,0.000000,0.000000,112.904450,88.282350,150.669467
2626,2015,4,20,10,0.000000,0.000000,0.000000,114.335114,75.963454,152.695738
2627,2015,4,20,11,0.000000,0.000000,0.000000,114.336653,64.689913,154.214084
2628,2015,4,20,12,0.000000,0.000000,0.000000,118.607956,60.610016,158.153555
2629,2015,4,20,13,0.000000,0.000000,0.000000,115.950367,54.954307,157.535543
2630,2015,4,20,14,0.000000,0.000000,0.000000,116.752906,57.032706,157.792942
2631,2015,4,20,15,0.000000,0.000000,0.000000,117.730148,63.603828,161.517370
2632,2015,4,20,16,0.000000,0.000000,0.000000,116.851190,73.160810,161.679813
2633,2015,4,20,17,0.000000,0.000000,0.000000,121.028456,90.279596,170.126595
2634,2015,4,20,18,0.000000,0.000000,0.000000,123.265868,109.247788,180.136783
2635,2015,4,20,19,0.000000,0.000000,0.000000,125.573243,130.465083,193.642910
2636,2015,4,20,20,0.000000,0.000000,0.000000,115.890876,120.635736,176.663848
2637,2015,4,20,21,0.000000,0.000000,0.000000,107.416599,111.427499,161.939666
2638,2015,4,20,22,0.000000,0.000000,0.000000,101.316179,104.181879,148.461505
2639,2015,4,20,23,0.000000,0.000000,0.000000,94.694692,96.992632,136.983309
2640,2015,4,20,24,0.000000,0.000000,0.000000,96.938351,98.493571,136.508827
2641,2015,4,21,1,0.000000,0.000000,0.000000,84.201376,87.073856,125.673408
2642,2015,4,21,2,0.000000,0.000000,0.000000,82.879629,86.742529,128.533038
2643,2015,4,21,3,0.000000,0.000000,0.000000,76.075693,80.328973,121.282898
2644,2015,4,21,4,0.000000,0.000000,0.000000,77.176004,80.566044,118.721525
2645,2015,4,21,5,0.000000,0.000000,0.000000,76.020038,79.631638,118.214184
2646,2015,4,21,6,0.000000,0.000000,0.000000,79.395902,82.618782,120.901309
2647,2015,4,21,7,0.000000,0.000000,0.000000,95.049013,96.868813,135.224417
2648,2015,4,21,8,0.000000,0.000000,0.000000,110.924136,104.538996,151.934861
2649,2015,4,21,9,0.000000,0.000000,0.000000,119.813169,94.710769,157.639691
2650,2015,4,21,10,0.000000,0.000000,0.000000,130.249343,90.224143,166.198191
2651,2015,4,21,11,0.000000,0.000000,0.000000,132.018333,79.815173,165.859697
2652,2015,4,21,12,0.000000,0.000000,0.000000,140.431797,78.675377,169.712436
2653,2015,4,21,13,0.000000,0.000000,0.000000,141.730889,75.858609,169.153879
2654,2015,4,21,14,0.000000,0.000000,0.000000,141.877753,78.549653,174.455870
2655,2015,4,21,15,0.000000,0.000000,0.000000,139.137618,82.460378,178.156371
2656,2015,4,21,16,0.000000,0.000000,0.000000,135.423517,90.079457,178.725743
2657,2015,4,21,17,0.000000,0.000000,0.000000,130.073034,98.859794,180.018925
2658,2015,4,21,18,0.000000,0.000000,0.000000,130.640269,116.157809,187.802212
2659,2015,4,21,19,0.000000,0.000000,0.000000,128.198770,133.452790,198.833787
2660,2015,4,21,20,0.000000,0.000000,0.000000,114.972013,121.156493,182.156924
2661,2015,4,21,21,0.000000,0.000000,0.000000,102.834157,109.102697,166.365396
2662,2015,4,21,22,0.000000,0.000000,0.000000,97.727985,103.050485,155.142313
2663,2015,4,21,23,0.000000,0.000000,0.000000,95.164466,98.448606,142.211941
2664,2015,4,21,24,0.000000,0.000000,0.000000,98.855143,101.351463,143.456350
2665,2015,4,22,1,0.000000,0.000000,0.000000,83.632508,87.574148,129.904331
2666,2015,4,22,2,0.000000,0.000000,0.000000,87.819919,91.112239,132.457386
2667,2015,4,22,3,0.000000,0.000000,0.000000,77.865580,82.410980,125.032639
2668,2015,4,22,4,0.000000,0.000000,0.000000,76.389301,80.647061,121.721947
2669,2015,4,22,5,0.000000,0.000000,0.000000,78.907227,82.265687,120.882449
2670,2015,4,22,6,0.000000,0.000000,0.000000,86.941691,88.495291,123.172388
2671,2015,4,22,7,0.000000,0.000000,0.000000,98.619785,100.001565,137.941353
2672,2015,4,22,8,0.000000,0.000000,0.000000,112.882757,106.657137,155.290783
2673,2015,4,22,9,0.000000,0.000000,0.000000,122.985872,97.008572,157.787096
2674,2015,4,22,10,0.000000,0.000000,0.000000,129.268180,87.943600,158.826200
2675,2015,4,22,11,0.000000,0.000000,0.000000,129.459048,75.793168,155.621290
2676,2015,4,22,12,0.000000,0.000000,0.000000,133.155238,70.632138,156.432517
2677,2015,4,22,13,0.000000,0.000000,0.000000,131.849552,65.183032,152.272309
2678,2015,4,22,14,0.000000,0.000000,0.000000,129.857099,64.936919,150.998625
2679,2015,4,22,15,0.000000,0.000000,0.000000,125.009882,67.142682,153.766243
2680,2015,4,22,16,0.000000,0.000000,0.000000,129.641171,83.157811,165.699214
2681,2015,4,22,17,0.000000,0.000000,0.000000,122.714206,91.746246,171.351794
2682,2015,4,22,18,0.000000,0.000000,0.000000,119.653207,106.453707,179.139943
2683,2015,4,22,19,0.000000,0.000000,0.000000,122.947097,129.211357,196.546009
2684,2015,4,22,20,0.000000,0.000000,0.000000,105.442814,113.514954,178.260405
2685,2015,4,22,21,0.000000,0.000000,0.000000,89.866258,98.998018,162.436558
2686,2015,4,22,22,0.000000,0.000000,0.000000,96.560100,101.046580,149.683707
2687,2015,4,22,23,0.000000,0.000000,0.000000,87.973627,92.723847,139.465863
2688,2015,4,22,24,0.000000,0.000000,0.000000,84.650447,90.612707,140.691143
2689,2015,4,23,1,0.000000,0.000000,0.000000,69.881839,77.690939,129.618252
2690,2015,4,23,2,0.000000,0.000000,0.000000,66.894012,75.832172,130.903429
2691,2015,4,23,3,0.000000,0.000000,0.000000,62.351982,70.794702,122.535337
2692,2015,4,23,4,0.000000,0.000000,0.000000,66.893688,73.113748,118.218531
2693,2015,4,23,5,0.000000,0.000000,0.000000,74.403070,78.447110,118.076280
2694,2015,4,23,6,0.000000,0.000000,0.000000,84.214230,86.499510,122.950279
2695,2015,4,23,7,0.000000,0.000000,0.000000,103.255180,103.408200,138.387666
2696,2015,4,23,8,0.000000,0.000000,0.000000,118.340472,110.340472,154.287296
2697,2015,4,23,9,0.000000,0.000000,0.000000,121.428199,95.642419,156.603959
2698,2015,4,23,10,0.000000,0.000000,0.000000,116.909177,79.584637,161.014383
2699,2015,4,23,11,0.000000,0.000000,0.000000,107.046447,61.271727,162.563237
2700,2015,4,23,12,0.000000,0.000000,0.000000,106.513017,53.353817,164.607756
2701,2015,4,23,13,0.000000,0.000000,0.000000,95.552604,40.551544,158.315193
2702,2015,4,23,14,0.000000,0.000000,0.000000,82.987169,31.220549,149.888665
2703,2015,4,23,15,0.000000,0.000000,0.000000,85.137270,40.441850,162.071067
2704,2015,4,23,16,0.000000,0.000000,0.000000,79.057464,46.597324,163.695966
2705,2015,4,23,17,0.000000,0.000000,0.000000,87.750543,67.157443,173.149591
2706,2015,4,23,18,0.000000,0.000000,0.000000,108.220045,100.021045,187.231394
2707,2015,4,23,19,0.000000,0.000000,0.000000,123.718111,130.940871,202.047027
2708,2015,4,23,20,0.000000,0.000000,0.000000,109.230873,118.345113,188.174283
2709,2015,4,23,21,0.000000,0.000000,0.000000,72.380059,87.908719,168.973825
2710,2015,4,23,22,0.000000,0.000000,0.000000,47.205371,66.565991,153.290054
2711,2015,4,23,23,0.000000,0.000000,0.000000,68.371099,78.812119,139.886225
2712,2015,4,23,24,0.000000,0.000000,0.000000,85.607133,90.859613,138.654418
2713,2015,4,24,1,0.000000,0.000000,0.000000,72.161042,78.602282,126.273843
2714,2015,4,24,2,0.000000,0.000000,0.000000,70.949283,78.281383,128.815511
2715,2015,4,24,3,0.000000,0.000000,0.000000,61.696731,70.001611,121.018414
2716,2015,4,24,4,0.000000,0.000000,0.000000,64.531354,71.075814,116.582618
2717,2015,4,24,5,0.000000,0.000000,0.000000,82.816471,83.897811,115.468215
2718,2015,4,24,6,0.000000,0.000000,0.000000,88.453121,88.841981,119.752175
2719,2015,4,24,7,0.000000,0.000000,0.000000,68.601814,77.383514,132.450352
2720,2015,4,24,8,0.000000,0.000000,0.000000,51.209296,61.587836,150.545582
2721,2015,4,24,9,0.000000,0.000000,0.000000,55.084810,47.504330,153.104173
2722,2015,4,24,10,0.000000,0.000000,0.000000,60.454600,38.051060,155.372946
2723,2015,4,24,11,0.000000,0.000000,0.000000,65.219733,30.018113,156.135417
2724,2015,4,24,12,0.000000,0.000000,0.000000,66.329080,22.315480,153.708640
2725,2015,4,24,13,0.000000,0.000000,0.000000,64.962335,16.934415,150.069486
2726,2015,4,24,14,0.000000,0.000000,0.000000,59.521938,13.108638,143.583851
2727,2015,4,24,15,0.000000,0.000000,0.000000,57.844089,16.848149,142.944398
2728,2015,4,24,16,0.000000,0.000000,0.000000,54.914170,24.994830,143.361974
2729,2015,4,24,17,0.000000,0.000000,0.000000,54.197444,37.974404,148.805739
2730,2015,4,24,18,0.000000,0.000000,0.000000,60.905952,61.231852,163.928803
2731,2015,4,24,19,0.000000,0.000000,0.000000,62.538534,81.124034,173.500379
2732,2015,4,24,20,0.000000,0.000000,0.000000,51.717212,71.519132,161.365243
2733,2015,4,24,21,0.000000,0.000000,0.000000,47.143261,66.581901,153.571335
2734,2015,4,24,22,0.000000,0.000000,0.000000,41.082642,59.894362,142.564883
2735,2015,4,24,23,0.000000,0.000000,0.000000,38.934522,56.663922,134.649896
2736,2015,4,24,24,0.000000,0.000000,0.000000,43.893541,60.719901,137.047734
2737,2015,4,25,1,0.000000,0.000000,0.000000,34.890904,52.156804,127.095405
2738,2015,4,25,2,0.000000,0.000000,0.000000,29.240462,48.479622,128.770029
2739,2015,4,25,3,0.000000,0.000000,0.000000,22.364822,41.953142,121.231922
2740,2015,4,25,4,0.000000,0.000000,0.000000,20.150797,39.543597,117.367462
2741,2015,4,25,5,0.000000,0.000000,0.000000,20.341567,39.288687,115.541983
2742,2015,4,25,6,0.000000,0.000000,0.000000,36.234904,50.781904,116.199206
2743,2015,4,25,7,0.000000,0.000000,0.000000,49.781389,60.801669,117.803159
2744,2015,4,25,8,0.000000,0.000000,0.000000,45.255958,50.279318,117.616957
2745,2015,4,25,9,0.000000,0.000000,0.000000,40.585571,29.187911,115.958348
2746,2015,4,25,10,0.000000,0.000000,0.000000,30.780730,7.672690,112.520120
2747,2015,4,25,11,0.000000,0.000000,0.000000,34.696144,-2.502136,106.119552
2748,2015,4,25,12,0.000000,0.000000,0.000000,33.368143,-12.933037,99.085350
2749,2015,4,25,13,0.000000,0.000000,0.000000,28.143722,-21.240658,94.647857
2750,2015,4,25,14,0.000000,0.000000,0.000000,27.235565,-20.432215,94.681114
2751,2015,4,25,15,0.000000,0.000000,0.000000,26.259943,-15.940277,95.212231
2752,2015,4,25,16,0.000000,0.000000,0.000000,28.658775,-3.146925,99.551767
2753,2015,4,25,17,0.000000,0.000000,0.000000,36.190443,16.976623,110.839430
2754,2015,4,25,18,0.000000,0.000000,0.000000,53.311496,48.495716,129.808355
2755,2015,4,25,19,0.000000,0.000000,0.000000,71.715150,82.288610,148.346347
2756,2015,4,25,20,0.000000,0.000000,0.000000,72.027837,82.296837,143.959116
2757,2015,4,25,21,0.000000,0.000000,0.000000,74.475877,82.559057,137.022677
2758,2015,4,25,22,0.000000,0.000000,0.000000,72.788663,80.400883,132.575244
2759,2015,4,25,23,0.000000,0.000000,0.000000,73.910917,80.889717,131.115623
2760,2015,4,25,24,0.000000,0.000000,0.000000,84.177486,88.843966,134.013555
2761,2015,4,26,1,0.000000,0.000000,0.000000,72.931951,79.785111,129.224014
2762,2015,4,26,2,0.000000,0.000000,0.000000,70.499833,78.702673,132.279698
2763,2015,4,26,3,0.000000,0.000000,0.000000,69.786627,76.581247,124.757063
2764,2015,4,26,4,0.000000,0.000000,0.000000,65.645096,73.152956,122.563475
2765,2015,4,26,5,0.000000,0.000000,0.000000,66.311594,73.335594,121.194126
2766,2015,4,26,6,0.000000,0.000000,0.000000,71.857046,77.300126,121.210434
2767,2015,4,26,7,0.000000,0.000000,0.000000,82.173429,85.081749,123.136733
2768,2015,4,26,8,0.000000,0.000000,0.000000,79.060439,75.188319,121.177359
2769,2015,4,26,9,0.000000,0.000000,0.000000,81.574180,59.018840,118.540653
2770,2015,4,26,10,0.000000,0.000000,0.000000,85.835930,47.024110,112.642746
2771,2015,4,26,11,0.000000,0.000000,0.000000,84.957950,32.962070,104.079826
2772,2015,4,26,12,0.000000,0.000000,0.000000,86.163991,24.811031,99.238175
2773,2015,4,26,13,0.000000,0.000000,0.000000,81.279596,17.061516,96.271755
2774,2015,4,26,14,0.000000,0.000000,0.000000,79.251693,17.016033,96.052511
2775,2015,4,26,15,0.000000,0.000000,0.000000,72.576006,17.638866,97.528022
2776,2015,4,26,16,0.000000,0.000000,0.000000,73.879395,29.864775,102.870967
2777,2015,4,26,17,0.000000,0.000000,0.000000,75.666278,45.526118,112.484291
2778,2015,4,26,18,0.000000,0.000000,0.000000,84.490428,70.696128,129.480504
2779,2015,4,26,19,0.000000,0.000000,0.000000,95.990799,101.138459,155.393478
2780,2015,4,26,20,0.000000,0.000000,0.000000,98.151840,103.088520,153.906961
2781,2015,4,26,21,0.000000,0.000000,0.000000,94.058459,99.051879,148.713905
2782,2015,4,26,22,0.000000,0.000000,0.000000,102.475651,103.954911,143.537415
2783,2015,4,26,23,0.000000,0.000000,0.000000,100.548891,101.826131,140.025641
2784,2015,4,26,24,0.000000,0.000000,0.000000,99.429775,101.335195,141.464993
2785,2015,4,27,1,0.000000,0.000000,0.000000,91.952806,94.358106,133.828475
2786,2015,4,27,2,0.000000,0.000000,0.000000,94.555895,96.872695,136.886260
2787,2015,4,27,3,0.000000,0.000000,0.000000,90.346896,92.368536,129.896848
2788,2015,4,27,4,0.000000,0.000000,0.000000,89.848384,91.094484,125.612979
2789,2015,4,27,5,0.000000,0.000000,0.000000,92.202200,92.622320,124.896826
2790,2015,4,27,6,0.000000,0.000000,0.000000,91.752060,92.225680,124.546306
2791,2015,4,27,7,0.000000,0.000000,0.000000,93.765043,93.992203,126.080138
2792,2015,4,27,8,0.000000,0.000000,0.000000,92.530258,85.255998,123.260464
2793,2015,4,27,9,0.000000,0.000000,0.000000,85.492724,61.924184,119.037112
2794,2015,4,27,10,0.000000,0.000000,0.000000,73.637369,38.397889,113.048918
2795,2015,4,27,11,0.000000,0.000000,0.000000,65.575561,19.457521,105.666561
2796,2015,4,27,12,0.000000,0.000000,0.000000,62.806001,8.218501,99.666335
2797,2015,4,27,13,0.000000,0.000000,0.000000,56.604067,-1.004973,94.213236
2798,2015,4,27,14,0.000000,0.000000,0.000000,47.676544,-6.506276,91.532232
2799,2015,4,27,15,0.000000,0.000000,0.000000,39.896098,-6.835182,92.248824
2800,2015,4,27,16,0.000000,0.000000,0.000000,39.994882,4.739962,98.570216
2801,2015,4,27,17,0.000000,0.000000,0.000000,37.441269,17.606109,109.607612
2802,2015,4,27,18,0.000000,0.000000,0.000000,47.542118,45.377658,134.488677
2803,2015,4,27,19,0.000000,0.000000,0.000000,58.554484,75.124444,158.782459
2804,2015,4,27,20,0.000000,0.000000,0.000000,49.383253,67.836393,151.958990
2805,2015,4,27,21,0.000000,0.000000,0.000000,37.788788,57.369048,141.759598
2806,2015,4,27,22,0.000000,0.000000,0.000000,30.829278,50.330678,132.112237
2807,2015,4,27,23,0.000000,0.000000,0.000000,24.759837,44.571297,125.466597
2808,2015,4,27,24,0.000000,0.000000,0.000000,27.699833,47.020633,127.096844
2809,2015,4,28,1,0.000000,0.000000,0.000000,31.017557,48.376397,122.364663
2810,2015,4,28,2,0.000000,0.000000,0.000000,40.187113,55.949433,127.140310
2811,2015,4,28,3,0.000000,0.000000,0.000000,30.475301,47.669481,120.873242
2812,2015,4,28,4,0.000000,0.000000,0.000000,20.651850,39.806430,116.923840
2813,2015,4,28,5,0.000000,0.000000,0.000000,19.475114,38.755354,115.941272
2814,2015,4,28,6,0.000000,0.000000,0.000000,26.427158,44.538318,119.754958
2815,2015,4,28,7,0.000000,0.000000,0.000000,45.400050,61.242070,134.462827
2816,2015,4,28,8,0.000000,0.000000,0.000000,71.532886,77.351886,156.365848
2817,2015,4,28,9,0.000000,0.000000,0.000000,88.220876,74.216836,167.308982
2818,2015,4,28,10,0.000000,0.000000,0.000000,101.220649,68.608829,162.089038
2819,2015,4,28,11,0.000000,0.000000,0.000000,102.294596,55.507256,151.501875
2820,2015,4,28,12,0.000000,0.000000,0.000000,103.662554,47.145734,145.138245
2821,2015,4,28,13,0.000000,0.000000,0.000000,92.784262,34.423422,138.945097
2822,2015,4,28,14,0.000000,0.000000,0.000000,80.721394,27.627514,140.673752
2823,2015,4,28,15,0.000000,0.000000,0.000000,74.825092,28.195672,139.296163
2824,2015,4,28,16,0.000000,0.000000,0.000000,69.911998,35.548738,142.620783
2825,2015,4,28,17,0.000000,0.000000,0.000000,77.607539,56.459079,157.033905
2826,2015,4,28,18,0.000000,0.000000,0.000000,91.864920,88.649080,188.679307
2827,2015,4,28,19,0.000000,0.000000,0.000000,93.774079,110.952159,208.579812
2828,2015,4,28,20,0.000000,0.000000,0.000000,78.639969,97.885809,194.667212
2829,2015,4,28,21,0.000000,0.000000,0.000000,62.846785,82.645205,176.188340
2830,2015,4,28,22,0.000000,0.000000,0.000000,49.673752,69.640832,159.411376
2831,2015,4,28,23,0.000000,0.000000,0.000000,37.785759,57.760879,143.598238
2832,2015,4,28,24,0.000000,0.000000,0.000000,38.278702,58.246902,144.223203
2833,2015,4,29,1,0.000000,0.000000,0.000000,29.501185,49.463045,132.490260
2834,2015,4,29,2,0.000000,0.000000,0.000000,30.779329,50.754849,134.258199
2835,2015,4,29,3,0.000000,0.000000,0.000000,24.767279,44.739999,126.229066
2836,2015,4,29,4,0.000000,0.000000,0.000000,21.739371,41.722511,122.240481
2837,2015,4,29,5,0.000000,0.000000,0.000000,21.281616,41.274256,121.674475
2838,2015,4,29,6,0.000000,0.000000,0.000000,24.427920,44.421220,125.872627
2839,2015,4,29,7,0.000000,0.000000,0.000000,35.145483,55.139023,140.163830
2840,2015,4,29,8,0.000000,0.000000,0.000000,55.444386,67.438586,163.732114
2841,2015,4,29,9,0.000000,0.000000,0.000000,63.771956,56.528076,166.257835
2842,2015,4,29,10,0.000000,0.000000,0.000000,60.234771,37.828951,155.069201
2843,2015,4,29,11,0.000000,0.000000,0.000000,56.948689,21.743029,145.088506
2844,2015,4,29,12,0.000000,0.000000,0.000000,54.658099,10.649459,138.170479
2845,2015,4,29,13,0.000000,0.000000,0.000000,52.178076,4.162416,133.081021
2846,2015,4,29,14,0.000000,0.000000,0.000000,55.056629,8.057309,134.895345
2847,2015,4,29,15,0.000000,0.000000,0.000000,51.887498,11.068118,135.826223
2848,2015,4,29,16,0.000000,0.000000,0.000000,50.951149,21.337329,139.503705
2849,2015,4,29,17,0.000000,0.000000,0.000000,53.537280,37.507800,148.828800
2850,2015,4,29,18,0.000000,0.000000,0.000000,68.383012,69.140472,175.912163
2851,2015,4,29,19,0.000000,0.000000,0.000000,79.070477,98.220797,198.178796
2852,2015,4,29,20,0.000000,0.000000,0.000000,67.091006,87.027666,182.492422
2853,2015,4,29,21,0.000000,0.000000,0.000000,56.725745,76.556145,168.176193
2854,2015,4,29,22,0.000000,0.000000,0.000000,47.917509,67.769709,156.533613
2855,2015,4,29,23,0.000000,0.000000,0.000000,38.778710,58.322230,142.908040
2856,2015,4,29,24,0.000000,0.000000,0.000000,41.450509,60.667169,144.945093
2857,2015,4,30,1,0.000000,0.000000,0.000000,33.460437,52.391137,132.957183
2858,2015,4,30,2,0.000000,0.000000,0.000000,35.766257,54.315197,134.250063
2859,2015,4,30,3,0.000000,0.000000,0.000000,27.667808,46.736208,125.876277
2860,2015,4,30,4,0.000000,0.000000,0.000000,21.428760,40.902760,119.450347
2861,2015,4,30,5,0.000000,0.000000,0.000000,20.831122,40.363022,118.923696
2862,2015,4,30,6,0.000000,0.000000,0.000000,23.992892,43.147072,121.376696
2863,2015,4,30,7,0.000000,0.000000,0.000000,36.114972,54.576132,134.305376
2864,2015,4,30,8,0.000000,0.000000,0.000000,51.867173,62.846013,154.224151
2865,2015,4,30,9,0.000000,0.000000,0.000000,63.266290,53.499730,153.811107
2866,2015,4,30,10,0.000000,0.000000,0.000000,80.522523,51.004183,148.927777
2867,2015,4,30,11,0.000000,0.000000,0.000000,87.279554,42.193754,139.422338
2868,2015,4,30,12,0.000000,0.000000,0.000000,88.397743,33.628703,132.941470
2869,2015,4,30,13,0.000000,0.000000,0.000000,83.685102,25.617722,128.182363
2870,2015,4,30,14,0.000000,0.000000,0.000000,94.229558,34.543578,127.921504
2871,2015,4,30,15,0.000000,0.000000,0.000000,89.810087,36.891307,129.925809
2872,2015,4,30,16,0.000000,0.000000,0.000000,89.951103,48.173963,134.741484
2873,2015,4,30,17,0.000000,0.000000,0.000000,97.401576,68.690876,148.135501
2874,2015,4,30,18,0.000000,0.000000,0.000000,117.867558,104.752778,177.154437
2875,2015,4,30,19,0.000000,0.000000,0.000000,133.496263,138.449023,204.491230
2876,2015,4,30,20,0.000000,0.000000,0.000000,126.372150,131.726450,193.482934
2877,2015,4,30,21,0.000000,0.000000,0.000000,118.859059,123.908679,182.043638
2878,2015,4,30,22,0.000000,0.000000,0.000000,116.794752,118.832852,165.237469
2879,2015,4,30,23,0.000000,0.000000,0.000000,109.153327,110.485947,151.756663
2880,2015,4,30,24,0.000000,0.000000,0.000000,108.799030,110.029350,150.806867
2881,2015,5,1,1,0.000000,0.000000,0.000000,100.175018,101.433258,139.438477
2882,2015,5,1,2,0.000000,0.000000,0.000000,101.585769,103.264789,143.283119
2883,2015,5,1,3,0.000000,0.000000,0.000000,95.627702,97.073802,134.252069
2884,2015,5,1,4,0.000000,0.000000,0.000000,93.443611,94.607931,130.024974
2885,2015,5,1,5,0.000000,0.000000,0.000000,93.894324,94.781684,129.333446
2886,2015,5,1,6,0.000000,0.000000,0.000000,97.546892,98.228872,133.245095
2887,2015,5,1,7,0.000000,0.000000,0.000000,111.959388,112.281608,150.782877
2888,2015,5,1,8,0.000000,0.000000,0.000000,131.042788,127.042788,172.973717
2889,2015,5,1,9,0.000000,0.000000,0.000000,141.619923,120.019923,179.376564
2890,2015,5,1,10,0.000000,0.000000,0.000000,144.243374,106.078834,176.623312
2891,2015,5,1,11,0.000000,0.000000,0.000000,140.510899,89.856539,167.494185
2892,2015,5,1,12,0.000000,0.000000,0.000000,136.091578,77.145318,160.122891
2893,2015,5,1,13,0.000000,0.000000,0.000000,127.275854,65.618154,152.631873
2894,2015,5,1,14,0.000000,0.000000,0.000000,118.289090,59.109410,148.830280
2895,2015,5,1,15,0.000000,0.000000,0.000000,108.114346,56.465986,146.726782
2896,2015,5,1,16,0.000000,0.000000,0.000000,99.433078,59.915418,147.778357
2897,2015,5,1,17,0.000000,0.000000,0.000000,96.737688,73.093968,157.362891
2898,2015,5,1,18,0.000000,0.000000,0.000000,107.796226,101.335186,181.243448
2899,2015,5,1,19,0.000000,0.000000,0.000000,117.467107,127.541787,203.637983
2900,2015,5,1,20,0.000000,0.000000,0.000000,114.901158,122.648878,189.357571
2901,2015,5,1,21,0.000000,0.000000,0.000000,103.528406,111.222846,173.945261
2902,2015,5,1,22,0.000000,0.000000,0.000000,105.169196,109.363336,159.798248
2903,2015,5,1,23,0.000000,0.000000,0.000000,92.007284,97.805004,149.732405
2904,2015,5,1,24,0.000000,0.000000,0.000000,84.927354,93.029314,151.045618
2905,2015,5,2,1,0.000000,0.000000,0.000000,66.788580,76.809100,135.813867
2906,2015,5,2,2,0.000000,0.000000,0.000000,66.095235,76.503535,136.699047
2907,2015,5,2,3,0.000000,0.000000,0.000000,57.184990,68.029190,126.852920
2908,2015,5,2,4,0.000000,0.000000,0.000000,51.643000,62.930800,121.533733
2909,2015,5,2,5,0.000000,0.000000,0.000000,50.583710,61.548830,118.615506
2910,2015,5,2,6,0.000000,0.000000,0.000000,55.698551,65.127531,118.266642
2911,2015,5,2,7,0.000000,0.000000,0.000000,58.591078,68.022598,122.135198
2912,2015,5,2,8,0.000000,0.000000,0.000000,48.507674,57.856454,125.221206
2913,2015,5,2,9,0.000000,0.000000,0.000000,43.262830,38.276710,125.765213
2914,2015,5,2,10,0.000000,0.000000,0.000000,39.081468,18.716348,119.471397
2915,2015,5,2,11,0.000000,0.000000,0.000000,35.149035,2.360775,110.386834
2916,2015,5,2,12,0.000000,0.000000,0.000000,30.810239,-10.702801,101.102798
2917,2015,5,2,13,0.000000,0.000000,0.000000,27.145330,-18.247370,95.027840
2918,2015,5,2,14,0.000000,0.000000,0.000000,23.781898,-20.640062,91.690050
2919,2015,5,2,15,0.000000,0.000000,0.000000,20.837054,-17.556486,92.212885
2920,2015,5,2,16,0.000000,0.000000,0.000000,21.546134,-6.647706,96.773592
2921,2015,5,2,17,0.000000,0.000000,0.000000,24.364914,10.423874,106.145031
2922,2015,5,2,18,0.000000,0.000000,0.000000,34.517917,36.753817,124.124756
2923,2015,5,2,19,0.000000,0.000000,0.000000,51.596770,68.535970,147.845294
2924,2015,5,2,20,0.000000,0.000000,0.000000,50.039872,66.127992,141.797723
2925,2015,5,2,21,0.000000,0.000000,0.000000,52.321932,66.322132,135.096843
2926,2015,5,2,22,0.000000,0.000000,0.000000,54.938407,67.247527,130.693769
2927,2015,5,2,23,0.000000,0.000000,0.000000,56.378277,67.425277,126.723703
2928,2015,5,2,24,0.000000,0.000000,0.000000,61.616443,71.419443,127.902591
2929,2015,5,3,1,0.000000,0.000000,0.000000,44.707286,57.963546,121.472261
2930,2015,5,3,2,0.000000,0.000000,0.000000,42.432414,56.584394,122.619126
2931,2015,5,3,3,0.000000,0.000000,0.000000,25.122687,42.752707,115.770343
2932,2015,5,3,4,0.000000,0.000000,0.000000,20.488450,38.620430,111.933840
2933,2015,5,3,5,0.000000,0.000000,0.000000,15.508809,34.526389,109.427118
2934,2015,5,3,6,0.000000,0.000000,0.000000,22.080654,39.382714,110.183819
2935,2015,5,3,7,0.000000,0.000000,0.000000,53.713215,62.706275,113.585233
2936,2015,5,3,8,0.000000,0.000000,0.000000,68.918370,70.092610,114.287613
2937,2015,5,3,9,0.000000,0.000000,0.000000,80.429267,61.758747,111.459929
2938,2015,5,3,10,0.000000,0.000000,0.000000,87.659632,50.792472,107.232762
2939,2015,5,3,11,0.000000,0.000000,0.000000,88.359452,38.688832,102.549710
2940,2015,5,3,12,0.000000,0.000000,0.000000,90.315450,31.398770,99.226094
2941,2015,5,3,13,0.000000,0.000000,0.000000,91.531028,28.239968,97.349757
2942,2015,5,3,14,0.000000,0.000000,0.000000,89.988439,27.659079,96.397573
2943,2015,5,3,15,0.000000,0.000000,0.000000,90.231648,33.224568,97.875825
2944,2015,5,3,16,0.000000,0.000000,0.000000,91.226752,44.690572,104.083496
2945,2015,5,3,17,0.000000,0.000000,0.000000,91.980882,60.957322,116.581229
2946,2015,5,3,18,0.000000,0.000000,0.000000,102.248443,88.795303,141.216604
2947,2015,5,3,19,0.000000,0.000000,0.000000,115.904824,118.498104,166.641739
2948,2015,5,3,20,0.000000,0.000000,0.000000,109.489005,112.591505,160.463673
2949,2015,5,3,21,0.000000,0.000000,0.000000,100.346588,104.998868,155.506090
2950,2015,5,3,22,0.000000,0.000000,0.000000,92.072459,97.346559,147.375745
2951,2015,5,3,23,0.000000,0.000000,0.000000,80.013945,86.661845,137.708794
2952,2015,5,3,24,0.000000,0.000000,0.000000,83.353869,89.066249,137.796266
2953,2015,5,4,1,0.000000,0.000000,0.000000,76.289928,82.554148,130.952930
2954,2015,5,4,2,0.000000,0.000000,0.000000,85.425469,89.893509,134.751478
2955,2015,5,4,3,0.000000,0.000000,0.000000,89.857441,91.944921,129.551495
2956,2015,5,4,4,0.000000,0.000000,0.000000,89.918389,91.382829,126.725238
2957,2015,5,4,5,0.000000,0.000000,0.000000,90.792043,91.880063,126.133484
2958,2015,5,4,6,0.000000,0.000000,0.000000,94.040049,95.120029,130.426639
2959,2015,5,4,7,0.000000,0.000000,0.000000,103.498115,105.588975,147.754833
2960,2015,5,4,8,0.000000,0.000000,0.000000,106.765734,109.969434,174.221579
2961,2015,5,4,9,0.000000,0.000000,0.000000,102.015598,91.683618,179.154890
2962,2015,5,4,10,0.000000,0.000000,0.000000,86.903771,63.302811,168.133882
2963,2015,5,4,11,0.000000,0.000000,0.000000,83.695822,46.767782,155.796910
2964,2015,5,4,12,0.000000,0.000000,0.000000,97.160314,46.808494,148.321925
2965,2015,5,4,13,0.000000,0.000000,0.000000,89.752445,36.161425,140.245166
2966,2015,5,4,14,0.000000,0.000000,0.000000,88.212747,35.329047,138.109729
2967,2015,5,4,15,0.000000,0.000000,0.000000,77.727448,32.426368,135.831557
2968,2015,5,4,16,0.000000,0.000000,0.000000,66.844498,34.280598,136.777797
2969,2015,5,4,17,0.000000,0.000000,0.000000,58.530428,43.240428,145.403904
2970,2015,5,4,18,0.000000,0.000000,0.000000,68.838848,70.549628,167.435438
2971,2015,5,4,19,0.000000,0.000000,0.000000,74.076969,92.166469,183.186959
2972,2015,5,4,20,0.000000,0.000000,0.000000,58.828375,77.153875,163.956833
2973,2015,5,4,21,0.000000,0.000000,0.000000,48.855038,68.012938,154.543584
2974,2015,5,4,22,0.000000,0.000000,0.000000,40.050571,59.101451,142.304868
2975,2015,5,4,23,0.000000,0.000000,0.000000,30.070450,49.558430,131.037840
2976,2015,5,4,24,0.000000,0.000000,0.000000,31.291734,50.706534,132.324712
2977,2015,5,5,1,0.000000,0.000000,0.000000,23.227115,43.163795,124.007327
2978,2015,5,5,2,0.000000,0.000000,0.000000,24.727311,44.696371,126.158694
2979,2015,5,5,3,0.000000,0.000000,0.000000,20.686111,40.589451,120.463734
2980,2015,5,5,4,0.000000,0.000000,0.000000,18.331996,37.979196,116.129595
2981,2015,5,5,5,0.000000,0.000000,0.000000,20.615636,39.304776,114.703502
2982,2015,5,5,6,0.000000,0.000000,0.000000,36.559372,51.581532,118.849242
2983,2015,5,5,7,0.000000,0.000000,0.000000,71.432856,79.105996,131.051795
2984,2015,5,5,8,0.000000,0.000000,0.000000,99.459841,99.777001,151.009869
2985,2015,5,5,9,0.000000,0.000000,0.000000,103.226057,86.360537,150.278983
2986,2015,5,5,10,0.000000,0.000000,0.000000,104.427085,70.510385,143.358181
2987,2015,5,5,11,0.000000,0.000000,0.000000,98.201264,53.045544,136.741658
2988,2015,5,5,12,0.000000,0.000000,0.000000,94.524415,41.809555,133.779874
2989,2015,5,5,13,0.000000,0.000000,0.000000,84.736605,31.154645,133.599660
2990,2015,5,5,14,0.000000,0.000000,0.000000,92.289716,37.186676,133.188768
2991,2015,5,5,15,0.000000,0.000000,0.000000,93.059073,43.295153,135.447137
2992,2015,5,5,16,0.000000,0.000000,0.000000,94.523315,54.300415,137.940887
2993,2015,5,5,17,0.000000,0.000000,0.000000,99.356254,74.740814,156.319618
2994,2015,5,5,18,0.000000,0.000000,0.000000,114.701977,107.708637,187.967050
2995,2015,5,5,19,0.000000,0.000000,0.000000,118.164760,126.628200,197.049067
2996,2015,5,5,20,0.000000,0.000000,0.000000,100.868523,110.012683,177.164110
2997,2015,5,5,21,0.000000,0.000000,0.000000,87.400925,97.536745,163.835060
2998,2015,5,5,22,0.000000,0.000000,0.000000,75.619814,86.710174,152.581432
2999,2015,5,5,23,0.000000,0.000000,0.000000,62.594380,73.977040,136.578253
3000,2015,5,5,24,0.000000,0.000000,0.000000,67.264927,77.056447,135.380329
3001,2015,5,6,1,0.000000,0.000000,0.000000,56.589332,67.901752,128.243736
3002,2015,5,6,2,0.000000,0.000000,0.000000,42.395188,58.482708,131.602011
3003,2015,5,6,3,0.000000,0.000000,0.000000,33.656943,50.889443,125.294257
3004,2015,5,6,4,0.000000,0.000000,0.000000,28.585967,46.316147,120.855462
3005,2015,5,6,5,0.000000,0.000000,0.000000,30.571925,47.782845,121.080193
3006,2015,5,6,6,0.000000,0.000000,0.000000,46.999402,60.762082,126.891710
3007,2015,5,6,7,0.000000,0.000000,0.000000,65.223133,77.842473,145.854431
3008,2015,5,6,8,0.000000,0.000000,0.000000,87.152306,95.830366,173.617355
3009,2015,5,6,9,0.000000,0.000000,0.000000,99.891690,90.160930,179.128707
3010,2015,5,6,10,0.000000,0.000000,0.000000,94.539324,69.897104,173.455405
3011,2015,5,6,11,0.000000,0.000000,0.000000,77.620448,43.863548,162.495064
3012,2015,5,6,12,0.000000,0.000000,0.000000,67.622335,25.880735,149.118980
3013,2015,5,6,13,0.000000,0.000000,0.000000,62.617268,17.647848,144.299064
3014,2015,5,6,14,0.000000,0.000000,0.000000,60.730579,16.773839,143.125986
3015,2015,5,6,15,0.000000,0.000000,0.000000,59.037210,21.122670,145.381761
3016,2015,5,6,16,0.000000,0.000000,0.000000,58.917052,31.567692,150.542389
3017,2015,5,6,17,0.000000,0.000000,0.000000,66.455565,53.244085,165.670513
3018,2015,5,6,18,0.000000,0.000000,0.000000,89.194353,92.935673,204.051964
3019,2015,5,6,19,0.000000,0.000000,0.000000,96.675780,116.493480,221.383641
3020,2015,5,6,20,0.000000,0.000000,0.000000,86.185182,105.385842,204.516657
3021,2015,5,6,21,0.000000,0.000000,0.000000,79.850411,97.122811,187.071748
3022,2015,5,6,22,0.000000,0.000000,0.000000,72.247766,87.555306,167.765541
3023,2015,5,6,23,0.000000,0.000000,0.000000,58.498107,73.963087,150.167382
3024,2015,5,6,24,0.000000,0.000000,0.000000,55.919730,71.679030,148.103040
3025,2015,5,7,1,0.000000,0.000000,0.000000,50.603580,64.970780,134.518373
3026,2015,5,7,2,0.000000,0.000000,0.000000,51.105616,65.767976,136.565168
3027,2015,5,7,3,0.000000,0.000000,0.000000,44.995227,59.511327,127.735436
3028,2015,5,7,4,0.000000,0.000000,0.000000,45.531037,58.613517,121.759623
3029,2015,5,7,5,0.000000,0.000000,0.000000,53.365673,63.870173,120.175231
3030,2015,5,7,6,0.000000,0.000000,0.000000,72.942482,78.792822,124.558229
3031,2015,5,7,7,0.000000,0.000000,0.000000,98.055358,101.480918,146.726423
3032,2015,5,7,8,0.000000,0.000000,0.000000,124.035596,122.200096,173.731795
3033,2015,5,7,9,0.000000,0.000000,0.000000,135.587184,115.858664,180.066485
3034,2015,5,7,10,0.000000,0.000000,0.000000,133.767699,97.578959,171.876146
3035,2015,5,7,11,0.000000,0.000000,0.000000,120.212052,73.010732,156.543242
3036,2015,5,7,12,0.000000,0.000000,0.000000,108.056573,54.441813,147.623217
3037,2015,5,7,13,0.000000,0.000000,0.000000,104.013219,47.310439,144.737986
3038,2015,5,7,14,0.000000,0.000000,0.000000,87.705002,35.383522,140.056429
3039,2015,5,7,15,0.000000,0.000000,0.000000,65.915809,24.962049,140.370198
3040,2015,5,7,16,0.000000,0.000000,0.000000,63.857097,33.547137,143.312982
3041,2015,5,7,17,0.000000,0.000000,0.000000,65.487204,49.781264,152.738552
3042,2015,5,7,18,0.000000,0.000000,0.000000,77.258778,79.685398,182.002598
3043,2015,5,7,19,0.000000,0.000000,0.000000,92.535700,111.585900,212.281867
3044,2015,5,7,20,0.000000,0.000000,0.000000,83.219147,102.272267,199.873422
3045,2015,5,7,21,0.000000,0.000000,0.000000,72.410295,91.373015,185.039753
3046,2015,5,7,22,0.000000,0.000000,0.000000,56.471317,75.238057,162.873209
3047,2015,5,7,23,0.000000,0.000000,0.000000,42.272505,61.451125,145.863567
3048,2015,5,7,24,0.000000,0.000000,0.000000,41.511281,60.668201,144.747334
3049,2015,5,8,1,0.000000,0.000000,0.000000,32.231910,51.763990,134.125587
3050,2015,5,8,2,0.000000,0.000000,0.000000,36.765933,55.788793,137.794590
3051,2015,5,8,3,0.000000,0.000000,0.000000,32.903301,51.050181,128.556508
3052,2015,5,8,4,0.000000,0.000000,0.000000,34.925091,51.439851,123.635669
3053,2015,5,8,5,0.000000,0.000000,0.000000,44.914326,58.067026,121.265035
3054,2015,5,8,6,0.000000,0.000000,0.000000,53.787594,65.163034,124.802179
3055,2015,5,8,7,0.000000,0.000000,0.000000,74.230314,83.579754,142.604471
3056,2015,5,8,8,0.000000,0.000000,0.000000,106.994019,108.669919,167.396226
3057,2015,5,8,9,0.000000,0.000000,0.000000,127.853716,109.135256,174.468809
3058,2015,5,8,10,0.000000,0.000000,0.000000,131.481247,94.839867,166.715222
3059,2015,5,8,11,0.000000,0.000000,0.000000,126.615252,77.297512,155.204216
3060,2015,5,8,12,0.000000,0.000000,0.000000,120.264519,62.473839,144.412853
3061,2015,5,8,13,0.000000,0.000000,0.000000,120.198231,58.285871,142.006628
3062,2015,5,8,14,0.000000,0.000000,0.000000,125.457661,63.297101,144.477601
3063,2015,5,8,15,0.000000,0.000000,0.000000,124.294067,67.377567,143.715090
3064,2015,5,8,16,0.000000,0.000000,0.000000,123.106312,76.781552,147.576202
3065,2015,5,8,17,0.000000,0.000000,0.000000,125.668024,94.747664,161.979019
3066,2015,5,8,18,0.000000,0.000000,0.000000,139.808474,126.224734,190.687179
3067,2015,5,8,19,0.000000,0.000000,0.000000,139.539946,143.130006,202.806874
3068,2015,5,8,20,0.000000,0.000000,0.000000,124.186871,128.593591,186.147188
3069,2015,5,8,21,0.000000,0.000000,0.000000,107.486576,113.681196,172.223661
3070,2015,5,8,22,0.000000,0.000000,0.000000,101.441732,106.156112,157.256082
3071,2015,5,8,23,0.000000,0.000000,0.000000,98.037843,101.382503,146.325537
3072,2015,5,8,24,0.000000,0.000000,0.000000,97.793924,101.403744,147.237726
3073,2015,5,9,1,0.000000,0.000000,0.000000,85.386685,89.334965,132.274220
3074,2015,5,9,2,0.000000,0.000000,0.000000,87.635942,91.339042,134.129055
3075,2015,5,9,3,0.000000,0.000000,0.000000,84.265441,87.150041,125.815388
3076,2015,5,9,4,0.000000,0.000000,0.000000,84.754383,86.494123,121.124631
3077,2015,5,9,5,0.000000,0.000000,0.000000,86.096336,86.971476,118.879101
3078,2015,5,9,6,0.000000,0.000000,0.000000,89.200757,89.354817,119.653289
3079,2015,5,9,7,0.000000,0.000000,0.000000,92.756208,92.756208,123.674944
3080,2015,5,9,8,0.000000,0.000000,0.000000,96.660826,92.660826,127.131102
3081,2015,5,9,9,0.000000,0.000000,0.000000,104.142829,82.763769,130.438159
3082,2015,5,9,10,0.000000,0.000000,0.000000,106.083153,68.547273,128.676765
3083,2015,5,9,11,0.000000,0.000000,0.000000,99.940329,50.554769,119.321158
3084,2015,5,9,12,0.000000,0.000000,0.000000,88.909172,32.995752,111.366269
3085,2015,5,9,13,0.000000,0.000000,0.000000,78.382075,20.821455,106.559874
3086,2015,5,9,14,0.000000,0.000000,0.000000,73.267977,17.492977,104.690635
3087,2015,5,9,15,0.000000,0.000000,0.000000,67.203749,18.251549,104.761399
3088,2015,5,9,16,0.000000,0.000000,0.000000,60.323704,23.695724,109.117699
3089,2015,5,9,17,0.000000,0.000000,0.000000,56.388519,36.132519,119.373358
3090,2015,5,9,18,0.000000,0.000000,0.000000,72.547754,68.111114,143.692685
3091,2015,5,9,19,0.000000,0.000000,0.000000,84.339766,95.981126,166.779368
3092,2015,5,9,20,0.000000,0.000000,0.000000,79.131324,91.017204,160.975872
3093,2015,5,9,21,0.000000,0.000000,0.000000,72.509156,84.711956,153.625274
3094,2015,5,9,22,0.000000,0.000000,0.000000,72.181192,83.375432,148.481375
3095,2015,5,9,23,0.000000,0.000000,0.000000,63.426218,75.355118,140.236491
3096,2015,5,9,24,0.000000,0.000000,0.000000,65.281132,76.641312,140.055682
3097,2015,5,10,1,0.000000,0.000000,0.000000,60.204117,71.048197,130.877863
3098,2015,5,10,2,0.000000,0.000000,0.000000,65.026400,74.735640,132.011654
3099,2015,5,10,3,0.000000,0.000000,0.000000,63.744802,72.169182,124.306843
3100,2015,5,10,4,0.000000,0.000000,0.000000,67.341639,73.560159,118.808612
3101,2015,5,10,5,0.000000,0.000000,0.000000,70.609965,74.997185,114.620314
3102,2015,5,10,6,0.000000,0.000000,0.000000,77.804594,80.095074,114.428365
3103,2015,5,10,7,0.000000,0.000000,0.000000,83.188140,84.330840,116.250120
3104,2015,5,10,8,0.000000,0.000000,0.000000,85.934585,82.993625,117.771633
3105,2015,5,10,9,0.000000,0.000000,0.000000,84.813457,65.710457,115.287276
3106,2015,5,10,10,0.000000,0.000000,0.000000,80.587150,46.305430,109.868173
3107,2015,5,10,11,0.000000,0.000000,0.000000,75.455633,29.422153,102.317938
3108,2015,5,10,12,0.000000,0.000000,0.000000,71.268228,16.829348,94.726198
3109,2015,5,10,13,0.000000,0.000000,0.000000,67.771173,9.783253,90.417938
3110,2015,5,10,14,0.000000,0.000000,0.000000,69.272286,11.470426,89.904368
3111,2015,5,10,15,0.000000,0.000000,0.000000,66.079883,14.714763,92.002618
3112,2015,5,10,16,0.000000,0.000000,0.000000,63.713654,23.863414,98.600419
3113,2015,5,10,17,0.000000,0.000000,0.000000,62.166355,38.030495,108.971126
3114,2015,5,10,18,0.000000,0.000000,0.000000,69.494334,63.207794,130.988592
3115,2015,5,10,19,0.000000,0.000000,0.000000,78.638853,88.865093,152.574257
3116,2015,5,10,20,0.000000,0.000000,0.000000,72.489878,83.525198,148.151330
3117,2015,5,10,21,0.000000,0.000000,0.000000,64.295407,76.279567,141.653290
3118,2015,5,10,22,0.000000,0.000000,0.000000,67.394164,77.101244,135.158592
3119,2015,5,10,23,0.000000,0.000000,0.000000,56.926878,68.031078,127.722104
3120,2015,5,10,24,0.000000,0.000000,0.000000,57.179680,68.263560,127.964346
3121,2015,5,11,1,0.000000,0.000000,0.000000,49.199471,61.174751,121.483934
3122,2015,5,11,2,0.000000,0.000000,0.000000,48.478688,61.324368,124.584757
3123,2015,5,11,3,0.000000,0.000000,0.000000,40.448825,54.445125,119.247834
3124,2015,5,11,4,0.000000,0.000000,0.000000,36.380461,50.744161,115.537881
3125,2015,5,11,5,0.000000,0.000000,0.000000,34.503955,49.075995,114.008127
3126,2015,5,11,6,0.000000,0.000000,0.000000,50.858365,61.761145,118.690794
3127,2015,5,11,7,0.000000,0.000000,0.000000,57.596034,69.795614,133.726086
3128,2015,5,11,8,0.000000,0.000000,0.000000,61.641887,72.826067,151.298689
3129,2015,5,11,9,0.000000,0.000000,0.000000,57.318835,53.890895,151.778061
3130,2015,5,11,10,0.000000,0.000000,0.000000,52.269490,33.410730,144.085107
3131,2015,5,11,11,0.000000,0.000000,0.000000,48.166628,16.897728,134.833970
3132,2015,5,11,12,0.000000,0.000000,0.000000,46.401302,6.375442,128.831056
3133,2015,5,11,13,0.000000,0.000000,0.000000,43.095108,-0.921192,122.717411
3134,2015,5,11,14,0.000000,0.000000,0.000000,42.635324,-0.590796,122.408539
3135,2015,5,11,15,0.000000,0.000000,0.000000,54.806119,13.440599,123.635732
3136,2015,5,11,16,0.000000,0.000000,0.000000,70.565457,35.073097,128.072929
3137,2015,5,11,17,0.000000,0.000000,0.000000,88.364363,63.213043,139.162991
3138,2015,5,11,18,0.000000,0.000000,0.000000,102.114091,93.369211,163.009348
3139,2015,5,11,19,0.000000,0.000000,0.000000,118.333855,123.387355,181.361474
3140,2015,5,11,20,0.000000,0.000000,0.000000,114.789874,117.668814,166.488218
3141,2015,5,11,21,0.000000,0.000000,0.000000,111.287236,113.162796,157.135595
3142,2015,5,11,22,0.000000,0.000000,0.000000,104.295137,105.905677,146.576036
3143,2015,5,11,23,0.000000,0.000000,0.000000,94.198347,96.697667,137.261289
3144,2015,5,11,24,0.000000,0.000000,0.000000,88.130172,92.684112,138.758616
3145,2015,5,12,1,0.000000,0.000000,0.000000,77.871262,83.147782,128.452109
3146,2015,5,12,2,0.000000,0.000000,0.000000,69.782778,77.875958,130.811877
3147,2015,5,12,3,0.000000,0.000000,0.000000,57.095785,67.490645,124.637061
3148,2015,5,12,4,0.000000,0.000000,0.000000,43.670438,56.909818,120.011024
3149,2015,5,12,5,0.000000,0.000000,0.000000,32.679858,49.370818,121.464290
3150,2015,5,12,6,0.000000,0.000000,0.000000,40.788009,55.911469,124.960159
3151,2015,5,12,7,0.000000,0.000000,0.000000,66.267301,78.032561,143.260948
3152,2015,5,12,8,0.000000,0.000000,0.000000,91.839751,98.009991,168.164121
3153,2015,5,12,9,0.000000,0.000000,0.000000,75.196445,71.607405,174.863073
3154,2015,5,12,10,0.000000,0.000000,0.000000,84.186577,61.910037,170.691583
3155,2015,5,12,11,0.000000,0.000000,0.000000,77.495127,42.018287,154.301582
3156,2015,5,12,12,0.000000,0.000000,0.000000,73.851715,29.316135,144.386247
3157,2015,5,12,13,0.000000,0.000000,0.000000,67.222106,20.126666,140.517422
3158,2015,5,12,14,0.000000,0.000000,0.000000,73.619695,25.603615,141.367886
3159,2015,5,12,15,0.000000,0.000000,0.000000,72.324527,30.694387,145.758716
3160,2015,5,12,16,0.000000,0.000000,0.000000,75.213077,43.667797,152.689463
3161,2015,5,12,17,0.000000,0.000000,0.000000,87.752276,69.839096,172.124861
3162,2015,5,12,18,0.000000,0.000000,0.000000,97.175048,98.926708,205.407811
3163,2015,5,12,19,0.000000,0.000000,0.000000,117.339521,132.016841,224.946854
3164,2015,5,12,20,0.000000,0.000000,0.000000,93.729374,112.400654,212.105138
3165,2015,5,12,21,0.000000,0.000000,0.000000,96.056971,110.901531,197.350574
3166,2015,5,12,22,0.000000,0.000000,0.000000,77.125148,92.636888,175.221651
3167,2015,5,12,23,0.000000,0.000000,0.000000,57.883507,74.479467,154.625822
3168,2015,5,12,24,0.000000,0.000000,0.000000,62.910597,77.335717,151.198023
3169,2015,5,13,1,0.000000,0.000000,0.000000,54.225922,68.756142,140.108922
3170,2015,5,13,2,0.000000,0.000000,0.000000,60.876059,74.279899,143.719331
3171,2015,5,13,3,0.000000,0.000000,0.000000,55.864255,69.091435,136.212514
3172,2015,5,13,4,0.000000,0.000000,0.000000,50.161170,64.118210,132.014413
3173,2015,5,13,5,0.000000,0.000000,0.000000,48.441034,62.793974,131.568431
3174,2015,5,13,6,0.000000,0.000000,0.000000,50.479522,65.284542,136.396123
3175,2015,5,13,7,0.000000,0.000000,0.000000,64.272403,80.569963,161.751817
3176,2015,5,13,8,0.000000,0.000000,0.000000,86.802476,100.841356,198.168075
3177,2015,5,13,9,0.000000,0.000000,0.000000,95.432845,92.872605,206.646007
3178,2015,5,13,10,0.000000,0.000000,0.000000,93.762198,75.055958,200.120478
3179,2015,5,13,11,0.000000,0.000000,0.000000,87.436514,55.634134,184.704245
3180,2015,5,13,12,0.000000,0.000000,0.000000,81.658478,40.557638,170.824051
3181,2015,5,13,13,0.000000,0.000000,0.000000,77.823602,32.650642,163.624323
3182,2015,5,13,14,0.000000,0.000000,0.000000,77.862821,33.141561,162.401214
3183,2015,5,13,15,0.000000,0.000000,0.000000,73.764643,34.472343,158.588790
3184,2015,5,13,16,0.000000,0.000000,0.000000,74.848521,45.076561,160.478881
3185,2015,5,13,17,0.000000,0.000000,0.000000,87.266583,70.026483,174.618311
3186,2015,5,13,18,0.000000,0.000000,0.000000,112.731337,110.920497,209.524529
3187,2015,5,13,19,0.000000,0.000000,0.000000,130.048884,141.749944,228.003459
3188,2015,5,13,20,0.000000,0.000000,0.000000,124.593004,134.778904,213.658205
3189,2015,5,13,21,0.000000,0.000000,0.000000,113.422855,123.662595,199.015926
3190,2015,5,13,22,0.000000,0.000000,0.000000,97.755775,107.174895,174.296926
3191,2015,5,13,23,0.000000,0.000000,0.000000,87.786515,95.990475,155.333834
3192,2015,5,13,24,0.000000,0.000000,0.000000,97.370422,102.546802,153.983669
3193,2015,5,14,1,0.000000,0.000000,0.000000,88.795057,94.026997,142.809130
3194,2015,5,14,2,0.000000,0.000000,0.000000,92.489575,97.607415,147.202687
3195,2015,5,14,3,0.000000,0.000000,0.000000,87.509333,91.948733,137.396311
3196,2015,5,14,4,0.000000,0.000000,0.000000,84.842675,88.943535,132.260913
3197,2015,5,14,5,0.000000,0.000000,0.000000,86.204715,89.574275,130.664234
3198,2015,5,14,6,0.000000,0.000000,0.000000,90.139504,92.967764,133.384551
3199,2015,5,14,7,0.000000,0.000000,0.000000,101.890731,105.838391,154.276721
3200,2015,5,14,8,0.000000,0.000000,0.000000,135.061729,134.166869,192.822958
3201,2015,5,14,9,0.000000,0.000000,0.000000,147.359451,128.796331,201.201374
3202,2015,5,14,10,0.000000,0.000000,0.000000,148.397256,112.948776,194.836768
3203,2015,5,14,11,0.000000,0.000000,0.000000,142.905244,94.662544,181.941059
3204,2015,5,14,12,0.000000,0.000000,0.000000,138.998149,82.055289,173.347519
3205,2015,5,14,13,0.000000,0.000000,0.000000,132.790105,71.754785,162.888647
3206,2015,5,14,14,0.000000,0.000000,0.000000,128.169934,67.962774,157.209832
3207,2015,5,14,15,0.000000,0.000000,0.000000,128.829754,74.268834,160.755378
3208,2015,5,14,16,0.000000,0.000000,0.000000,126.479700,81.583880,158.742440
3209,2015,5,14,17,0.000000,0.000000,0.000000,131.619324,100.844564,170.593552
3210,2015,5,14,18,0.000000,0.000000,0.000000,151.605423,137.873583,205.725310
3211,2015,5,14,19,0.000000,0.000000,0.000000,155.646929,158.928669,222.844025
3212,2015,5,14,20,0.000000,0.000000,0.000000,145.592643,149.719763,213.383418
3213,2015,5,14,21,0.000000,0.000000,0.000000,133.559398,138.204058,199.754277
3214,2015,5,14,22,0.000000,0.000000,0.000000,113.947283,118.242283,171.973044
3215,2015,5,14,23,0.000000,0.000000,0.000000,101.474484,104.794164,150.791152
3216,2015,5,14,24,0.000000,0.000000,0.000000,100.060626,103.391626,148.958835
3217,2015,5,15,1,0.000000,0.000000,0.000000,89.910854,93.012394,134.354991
3218,2015,5,15,2,0.000000,0.000000,0.000000,94.103685,96.636245,137.290193
3219,2015,5,15,3,0.000000,0.000000,0.000000,87.244769,89.699209,127.780412
3220,2015,5,15,4,0.000000,0.000000,0.000000,86.298466,88.037586,123.180515
3221,2015,5,15,5,0.000000,0.000000,0.000000,87.075662,88.383242,122.202922
3222,2015,5,15,6,0.000000,0.000000,0.000000,92.661176,93.252976,126.309968
3223,2015,5,15,7,0.000000,0.000000,0.000000,110.276608,110.700988,149.015917
3224,2015,5,15,8,0.000000,0.000000,0.000000,139.624634,135.898614,185.694752
3225,2015,5,15,9,0.000000,0.000000,0.000000,151.626714,130.152194,193.304525
3226,2015,5,15,10,0.000000,0.000000,0.000000,150.432398,112.032398,183.776530
3227,2015,5,15,11,0.000000,0.000000,0.000000,146.829313,95.766233,174.011377
3228,2015,5,15,12,0.000000,0.000000,0.000000,142.326295,82.942715,166.395019
3229,2015,5,15,13,0.000000,0.000000,0.000000,137.886483,75.151623,161.752631
3230,2015,5,15,14,0.000000,0.000000,0.000000,135.396560,73.392400,158.459333
3231,2015,5,15,15,0.000000,0.000000,0.000000,126.110951,70.066131,150.205441
3232,2015,5,15,16,0.000000,0.000000,0.000000,123.347805,77.848525,151.750434
3233,2015,5,15,17,0.000000,0.000000,0.000000,125.305255,94.608155,162.537206
3234,2015,5,15,18,0.000000,0.000000,0.000000,144.097946,130.393086,195.841248
3235,2015,5,15,19,0.000000,0.000000,0.000000,149.229922,151.504362,209.587282
3236,2015,5,15,20,0.000000,0.000000,0.000000,139.774062,141.640022,195.073229
3237,2015,5,15,21,0.000000,0.000000,0.000000,127.950794,130.008594,180.204126
3238,2015,5,15,22,0.000000,0.000000,0.000000,114.723039,116.487419,161.197825
3239,2015,5,15,23,0.000000,0.000000,0.000000,109.338023,109.882863,148.326617
3240,2015,5,15,24,0.000000,0.000000,0.000000,110.582149,110.582149,147.442865
3241,2015,5,16,1,0.000000,0.000000,0.000000,99.207266,99.207266,132.276355
3242,2015,5,16,2,0.000000,0.000000,0.000000,101.357349,101.357349,135.143132
3243,2015,5,16,3,0.000000,0.000000,0.000000,93.421685,93.421685,124.562247
3244,2015,5,16,4,0.000000,0.000000,0.000000,89.632683,89.632683,119.510244
3245,2015,5,16,5,0.000000,0.000000,0.000000,88.125420,88.125420,117.500560
3246,2015,5,16,6,0.000000,0.000000,0.000000,89.092746,89.092746,118.790328
3247,2015,5,16,7,0.000000,0.000000,0.000000,92.335389,92.335389,123.113853
3248,2015,5,16,8,0.000000,0.000000,0.000000,96.548581,92.548581,126.981442
3249,2015,5,16,9,0.000000,0.000000,0.000000,104.826644,83.226644,130.318859
3250,2015,5,16,10,0.000000,0.000000,0.000000,109.300948,71.257948,130.600598
3251,2015,5,16,11,0.000000,0.000000,0.000000,106.089681,55.328461,121.100547
3252,2015,5,16,12,0.000000,0.000000,0.000000,102.514556,42.985996,112.636128
3253,2015,5,16,13,0.000000,0.000000,0.000000,98.299471,34.937631,106.044041
3254,2015,5,16,14,0.000000,0.000000,0.000000,94.819333,32.545033,103.095711
3255,2015,5,16,15,0.000000,0.000000,0.000000,89.600415,33.535015,101.428687
3256,2015,5,16,16,0.000000,0.000000,0.000000,88.601092,43.228872,106.014429
3257,2015,5,16,17,0.000000,0.000000,0.000000,92.792515,61.731355,117.487941
3258,2015,5,16,18,0.000000,0.000000,0.000000,111.330515,96.749135,148.060914
3259,2015,5,16,19,0.000000,0.000000,0.000000,123.030836,124.563216,171.192221
3260,2015,5,16,20,0.000000,0.000000,0.000000,116.437363,117.452003,159.984804
3261,2015,5,16,21,0.000000,0.000000,0.000000,110.543380,111.780780,153.165706
3262,2015,5,16,22,0.000000,0.000000,0.000000,104.832177,105.993357,145.195075
3263,2015,5,16,23,0.000000,0.000000,0.000000,101.774628,102.039868,136.937291
3264,2015,5,16,24,0.000000,0.000000,0.000000,104.434500,104.434500,139.246000
3265,2015,5,17,1,0.000000,0.000000,0.000000,97.056524,97.056524,129.408698
3266,2015,5,17,2,0.000000,0.000000,0.000000,98.586019,98.586019,131.448026
3267,2015,5,17,3,0.000000,0.000000,0.000000,91.757563,91.757563,122.343418
3268,2015,5,17,4,0.000000,0.000000,0.000000,85.696656,86.566196,118.320061
3269,2015,5,17,5,0.000000,0.000000,0.000000,79.214590,81.335010,115.514747
3270,2015,5,17,6,0.000000,0.000000,0.000000,79.010280,81.278440,115.931787
3271,2015,5,17,7,0.000000,0.000000,0.000000,76.701087,80.193507,118.566077
3272,2015,5,17,8,0.000000,0.000000,0.000000,81.005785,79.865245,119.601860
3273,2015,5,17,9,0.000000,0.000000,0.000000,86.260178,67.800978,120.220638
3274,2015,5,17,10,0.000000,0.000000,0.000000,89.835927,54.620007,117.840276
3275,2015,5,17,11,0.000000,0.000000,0.000000,90.664759,42.126779,110.909105
3276,2015,5,17,12,0.000000,0.000000,0.000000,85.735496,28.564676,101.266834
3277,2015,5,17,13,0.000000,0.000000,0.000000,82.326775,21.407915,96.147687
3278,2015,5,17,14,0.000000,0.000000,0.000000,79.638228,19.711688,93.810450
3279,2015,5,17,15,0.000000,0.000000,0.000000,77.910211,23.763451,94.795402
3280,2015,5,17,16,0.000000,0.000000,0.000000,82.901380,38.185220,101.476427
3281,2015,5,17,17,0.000000,0.000000,0.000000,90.326350,59.654490,116.016453
3282,2015,5,17,18,0.000000,0.000000,0.000000,111.388715,97.256495,150.234594
3283,2015,5,17,19,0.000000,0.000000,0.000000,127.277075,129.104795,178.232127
3284,2015,5,17,20,0.000000,0.000000,0.000000,116.056685,118.146545,164.494926
3285,2015,5,17,21,0.000000,0.000000,0.000000,110.620426,112.367066,155.644888
3286,2015,5,17,22,0.000000,0.000000,0.000000,103.912760,105.433000,145.644799
3287,2015,5,17,23,0.000000,0.000000,0.000000,99.296363,99.474203,133.225071
3288,2015,5,17,24,0.000000,0.000000,0.000000,98.722598,98.722598,131.630131
3289,2015,5,18,1,0.000000,0.000000,0.000000,93.519514,93.519514,124.692685
3290,2015,5,18,2,0.000000,0.000000,0.000000,95.959046,95.959046,127.945395
3291,2015,5,18,3,0.000000,0.000000,0.000000,91.830914,91.830914,122.441219
3292,2015,5,18,4,0.000000,0.000000,0.000000,89.241863,89.241863,118.989151
3293,2015,5,18,5,0.000000,0.000000,0.000000,88.901369,88.901369,118.535159
3294,2015,5,18,6,0.000000,0.000000,0.000000,92.843995,92.843995,123.791994
3295,2015,5,18,7,0.000000,0.000000,0.000000,109.698312,109.698312,146.264417
3296,2015,5,18,8,0.000000,0.000000,0.000000,140.035696,136.035696,184.964262
3297,2015,5,18,9,0.000000,0.000000,0.000000,153.267015,132.255735,197.653379
3298,2015,5,18,10,0.000000,0.000000,0.000000,152.863147,115.494627,191.831103
3299,2015,5,18,11,0.000000,0.000000,0.000000,143.425395,93.876235,176.537780
3300,2015,5,18,12,0.000000,0.000000,0.000000,135.326935,77.264955,163.230006
3301,2015,5,18,13,0.000000,0.000000,0.000000,125.962326,64.718026,152.809701
3302,2015,5,18,14,0.000000,0.000000,0.000000,120.153019,60.506559,149.137212
3303,2015,5,18,15,0.000000,0.000000,0.000000,113.853611,60.924771,148.403561
3304,2015,5,18,16,0.000000,0.000000,0.000000,109.989100,67.720180,149.013840
3305,2015,5,18,17,0.000000,0.000000,0.000000,118.893946,90.182746,163.256328
3306,2015,5,18,18,0.000000,0.000000,0.000000,142.424979,130.189159,200.466145
3307,2015,5,18,19,0.000000,0.000000,0.000000,152.656536,156.448336,221.237114
3308,2015,5,18,20,0.000000,0.000000,0.000000,142.842294,146.886014,209.327086
3309,2015,5,18,21,0.000000,0.000000,0.000000,128.086862,133.117062,194.256749
3310,2015,5,18,22,0.000000,0.000000,0.000000,118.143381,120.715521,169.527828
3311,2015,5,18,23,0.000000,0.000000,0.000000,109.029586,110.021286,150.000714
3312,2015,5,18,24,0.000000,0.000000,0.000000,106.135834,107.293054,146.914806
3313,2015,5,19,1,0.000000,0.000000,0.000000,96.159005,97.409845,134.049260
3314,2015,5,19,2,0.000000,0.000000,0.000000,99.678501,100.941961,138.800815
3315,2015,5,19,3,0.000000,0.000000,0.000000,94.100443,94.936463,129.368683
3316,2015,5,19,4,0.000000,0.000000,0.000000,90.962479,91.805579,125.217772
3317,2015,5,19,5,0.000000,0.000000,0.000000,91.230896,91.897856,124.753675
3318,2015,5,19,6,0.000000,0.000000,0.000000,95.188404,95.883204,130.160271
3319,2015,5,19,7,0.000000,0.000000,0.000000,116.230050,116.586910,156.638747
3320,2015,5,19,8,0.000000,0.000000,0.000000,150.961624,147.166884,200.490046
3321,2015,5,19,9,0.000000,0.000000,0.000000,159.346364,138.283944,205.520525
3322,2015,5,19,10,0.000000,0.000000,0.000000,156.163838,118.562998,195.147864
3323,2015,5,19,11,0.000000,0.000000,0.000000,144.636860,94.582980,175.797707
3324,2015,5,19,12,0.000000,0.000000,0.000000,136.857774,78.241974,162.686632
3325,2015,5,19,13,0.000000,0.000000,0.000000,127.195669,65.699769,153.280025
3326,2015,5,19,14,0.000000,0.000000,0.000000,122.890936,62.839096,150.895994
3327,2015,5,19,15,0.000000,0.000000,0.000000,116.968278,63.319198,149.195330
3328,2015,5,19,16,0.000000,0.000000,0.000000,112.505913,69.372973,148.337497
3329,2015,5,19,17,0.000000,0.000000,0.000000,118.472739,89.991779,163.769171
3330,2015,5,19,18,0.000000,0.000000,0.000000,148.088304,134.823424,203.214965
3331,2015,5,19,19,0.000000,0.000000,0.000000,157.453190,160.108430,222.328706
3332,2015,5,19,20,0.000000,0.000000,0.000000,150.341448,152.856388,212.191651
3333,2015,5,19,21,0.000000,0.000000,0.000000,139.302661,141.688161,196.869214
3334,2015,5,19,22,0.000000,0.000000,0.000000,124.121554,125.971334,174.127712
3335,2015,5,19,23,0.000000,0.000000,0.000000,110.902821,111.387781,150.133574
3336,2015,5,19,24,0.000000,0.000000,0.000000,109.424377,109.614517,146.786489
3337,2015,5,20,1,0.000000,0.000000,0.000000,98.884638,99.475158,134.601944
3338,2015,5,20,2,0.000000,0.000000,0.000000,103.798168,103.963008,139.166810
3339,2015,5,20,3,0.000000,0.000000,0.000000,96.556945,96.741125,129.602100
3340,2015,5,20,4,0.000000,0.000000,0.000000,92.917406,93.090946,124.699729
3341,2015,5,20,5,0.000000,0.000000,0.000000,92.638436,92.638436,123.517915
3342,2015,5,20,6,0.000000,0.000000,0.000000,96.401418,96.401418,128.535224
3343,2015,5,20,7,0.000000,0.000000,0.000000,117.177944,117.177944,156.237258
3344,2015,5,20,8,0.000000,0.000000,0.000000,149.924508,145.924508,198.149345
3345,2015,5,20,9,0.000000,0.000000,0.000000,160.579174,138.979174,204.655565
3346,2015,5,20,10,0.000000,0.000000,0.000000,156.627136,118.227136,192.036181
3347,2015,5,20,11,0.000000,0.000000,0.000000,145.095162,94.033082,171.703843
3348,2015,5,20,12,0.000000,0.000000,0.000000,137.572352,77.764812,158.077949
3349,2015,5,20,13,0.000000,0.000000,0.000000,132.022774,68.169914,148.717018
3350,2015,5,20,14,0.000000,0.000000,0.000000,131.539376,68.486056,148.420342
3351,2015,5,20,15,0.000000,0.000000,0.000000,126.260538,68.782658,143.717278
3352,2015,5,20,16,0.000000,0.000000,0.000000,123.329364,76.129364,143.789153
3353,2015,5,20,17,0.000000,0.000000,0.000000,132.829260,100.029260,162.755681
3354,2015,5,20,18,0.000000,0.000000,0.000000,159.352907,143.352907,205.470543
3355,2015,5,20,19,0.000000,0.000000,0.000000,164.206508,164.206508,218.942010
3356,2015,5,20,20,0.000000,0.000000,0.000000,154.235672,154.577192,207.241322
3357,2015,5,20,21,0.000000,0.000000,0.000000,143.948669,144.266829,193.416306
3358,2015,5,20,22,0.000000,0.000000,0.000000,128.328869,128.328869,171.105159
3359,2015,5,20,23,0.000000,0.000000,0.000000,112.003477,112.214077,150.320769
3360,2015,5,20,24,0.000000,0.000000,0.000000,110.776454,110.776454,147.701938
3361,2015,5,21,1,0.000000,0.000000,0.000000,101.464845,101.464845,135.286459
3362,2015,5,21,2,0.000000,0.000000,0.000000,104.655010,104.655010,139.540014
3363,2015,5,21,3,0.000000,0.000000,0.000000,96.717045,96.717045,128.956061
3364,2015,5,21,4,0.000000,0.000000,0.000000,92.418050,92.611910,124.128747
3365,2015,5,21,5,0.000000,0.000000,0.000000,89.526949,90.402529,123.455306
3366,2015,5,21,6,0.000000,0.000000,0.000000,91.823288,93.158868,128.663757
3367,2015,5,21,7,0.000000,0.000000,0.000000,112.967328,114.204408,156.396143
3368,2015,5,21,8,0.000000,0.000000,0.000000,147.531667,144.373307,198.886543
3369,2015,5,21,9,0.000000,0.000000,0.000000,153.655387,133.506587,202.196116
3370,2015,5,21,10,0.000000,0.000000,0.000000,152.186270,114.580310,189.820547
3371,2015,5,21,11,0.000000,0.000000,0.000000,144.737363,94.061183,173.027645
3372,2015,5,21,12,0.000000,0.000000,0.000000,137.776918,78.174678,159.308771
3373,2015,5,21,13,0.000000,0.000000,0.000000,131.922493,68.801733,151.999778
3374,2015,5,21,14,0.000000,0.000000,0.000000,127.240313,65.345933,148.096644
3375,2015,5,21,15,0.000000,0.000000,0.000000,124.435810,68.026830,146.272507
3376,2015,5,21,16,0.000000,0.000000,0.000000,119.924890,73.627150,143.460400
3377,2015,5,21,17,0.000000,0.000000,0.000000,131.118893,98.553233,161.568777
3378,2015,5,21,18,0.000000,0.000000,0.000000,151.771697,136.544877,198.970436
3379,2015,5,21,19,0.000000,0.000000,0.000000,158.226053,159.334873,216.142564
3380,2015,5,21,20,0.000000,0.000000,0.000000,152.323214,152.957194,206.056192
3381,2015,5,21,21,0.000000,0.000000,0.000000,141.535838,142.533118,193.368424
3382,2015,5,21,22,0.000000,0.000000,0.000000,124.438357,125.326257,170.061343
3383,2015,5,21,23,0.000000,0.000000,0.000000,111.381517,111.601177,149.533769
3384,2015,5,21,24,0.000000,0.000000,0.000000,110.671134,110.671134,147.561512
3385,2015,5,22,1,0.000000,0.000000,0.000000,98.636188,98.820208,132.373678
3386,2015,5,22,2,0.000000,0.000000,0.000000,99.907383,100.536943,136.147790
3387,2015,5,22,3,0.000000,0.000000,0.000000,90.327620,91.604140,126.393920
3388,2015,5,22,4,0.000000,0.000000,0.000000,86.708499,88.003359,121.654012
3389,2015,5,22,5,0.000000,0.000000,0.000000,86.327367,87.566307,120.884876
3390,2015,5,22,6,0.000000,0.000000,0.000000,94.214336,94.398156,126.476941
3391,2015,5,22,7,0.000000,0.000000,0.000000,112.365967,112.517167,150.526890
3392,2015,5,22,8,0.000000,0.000000,0.000000,142.325160,138.325160,188.016880
3393,2015,5,22,9,0.000000,0.000000,0.000000,150.856744,129.256744,191.692326
3394,2015,5,22,10,0.000000,0.000000,0.000000,147.206107,109.145127,181.056902
3395,2015,5,22,11,0.000000,0.000000,0.000000,137.703322,87.491662,165.816682
3396,2015,5,22,12,0.000000,0.000000,0.000000,129.772994,70.565994,150.481325
3397,2015,5,22,13,0.000000,0.000000,0.000000,128.458353,65.220173,146.832964
3398,2015,5,22,14,0.000000,0.000000,0.000000,126.196623,64.028083,145.425644
3399,2015,5,22,15,0.000000,0.000000,0.000000,121.376276,65.247996,143.503062
3400,2015,5,22,16,0.000000,0.000000,0.000000,119.284687,73.104847,143.156996
3401,2015,5,22,17,0.000000,0.000000,0.000000,126.466857,94.499297,158.157195
3402,2015,5,22,18,0.000000,0.000000,0.000000,148.677236,133.434236,194.768981
3403,2015,5,22,19,0.000000,0.000000,0.000000,156.382326,157.084806,211.788008
3404,2015,5,22,20,0.000000,0.000000,0.000000,145.535452,146.186752,197.086669
3405,2015,5,22,21,0.000000,0.000000,0.000000,135.553205,136.587345,185.563594
3406,2015,5,22,22,0.000000,0.000000,0.000000,120.877061,121.848781,165.704108
3407,2015,5,22,23,0.000000,0.000000,0.000000,112.787772,112.787772,150.383696
3408,2015,5,22,24,0.000000,0.000000,0.000000,112.243462,112.243462,149.657950
3409,2015,5,23,1,0.000000,0.000000,0.000000,103.436803,103.631923,138.826297
3410,2015,5,23,2,0.000000,0.000000,0.000000,107.209477,107.209477,142.945969
3411,2015,5,23,3,0.000000,0.000000,0.000000,98.317731,98.317731,131.090309
3412,2015,5,23,4,0.000000,0.000000,0.000000,93.439413,93.779973,126.175164
3413,2015,5,23,5,0.000000,0.000000,0.000000,89.308212,90.333272,123.861230
3414,2015,5,23,6,0.000000,0.000000,0.000000,89.067192,90.513252,125.504536
3415,2015,5,23,7,0.000000,0.000000,0.000000,89.097486,91.728926,131.076701
3416,2015,5,23,8,0.000000,0.000000,0.000000,95.872487,94.668807,139.129476
3417,2015,5,23,9,0.000000,0.000000,0.000000,105.735420,87.855540,148.891120
3418,2015,5,23,10,0.000000,0.000000,0.000000,108.343541,74.218721,147.608894
3419,2015,5,23,11,0.000000,0.000000,0.000000,97.771665,52.288025,134.638567
3420,2015,5,23,12,0.000000,0.000000,0.000000,90.480129,36.391449,121.976332
3421,2015,5,23,13,0.000000,0.000000,0.000000,83.535549,25.877689,112.977385
3422,2015,5,23,14,0.000000,0.000000,0.000000,76.715779,20.765199,108.468331
3423,2015,5,23,15,0.000000,0.000000,0.000000,69.611424,20.358964,106.570419
3424,2015,5,23,16,0.000000,0.000000,0.000000,66.550981,28.833741,112.337522
3425,2015,5,23,17,0.000000,0.000000,0.000000,69.816934,47.408734,127.234312
3426,2015,5,23,18,0.000000,0.000000,0.000000,94.809719,88.892359,166.465279
3427,2015,5,23,19,0.000000,0.000000,0.000000,111.623699,120.954479,192.375239
3428,2015,5,23,20,0.000000,0.000000,0.000000,103.841160,111.419080,173.818507
3429,2015,5,23,21,0.000000,0.000000,0.000000,103.639198,108.752218,162.046358
3430,2015,5,23,22,0.000000,0.000000,0.000000,105.818369,108.789209,154.955078
3431,2015,5,23,23,0.000000,0.000000,0.000000,107.435634,107.984754,145.810072
3432,2015,5,23,24,0.000000,0.000000,0.000000,110.491836,110.491836,147.322448
3433,2015,5,24,1,0.000000,0.000000,0.000000,101.509220,101.509220,135.345626
3434,2015,5,24,2,0.000000,0.000000,0.000000,104.177947,104.177947,138.903930
3435,2015,5,24,3,0.000000,0.000000,0.000000,96.621480,96.621480,128.828640
3436,2015,5,24,4,0.000000,0.000000,0.000000,89.726674,90.523074,123.352099
3437,2015,5,24,5,0.000000,0.000000,0.000000,85.005222,86.588982,120.731176
3438,2015,5,24,6,0.000000,0.000000,0.000000,79.125615,82.346375,120.531033
3439,2015,5,24,7,0.000000,0.000000,0.000000,67.689940,74.628980,122.635439
3440,2015,5,24,8,0.000000,0.000000,0.000000,69.320880,72.388060,123.658013
3441,2015,5,24,9,0.000000,0.000000,0.000000,73.949665,60.316445,126.327860
3442,2015,5,24,10,0.000000,0.000000,0.000000,75.119731,45.519411,124.424815
3443,2015,5,24,11,0.000000,0.000000,0.000000,70.959536,29.143976,116.006769
3444,2015,5,24,12,0.000000,0.000000,0.000000,70.070358,18.164118,104.948024
3445,2015,5,24,13,0.000000,0.000000,0.000000,72.267665,14.739285,98.557780
3446,2015,5,24,14,0.000000,0.000000,0.000000,70.921781,13.860981,95.561975
3447,2015,5,24,15,0.000000,0.000000,0.000000,70.839765,19.000705,96.137407
3448,2015,5,24,16,0.000000,0.000000,0.000000,75.209410,32.864310,102.285413
3449,2015,5,24,17,0.000000,0.000000,0.000000,87.028858,57.919698,118.912397
3450,2015,5,24,18,0.000000,0.000000,0.000000,115.812648,101.632088,155.907584
3451,2015,5,24,19,0.000000,0.000000,0.000000,131.317642,132.613742,181.138656
3452,2015,5,24,20,0.000000,0.000000,0.000000,120.937400,122.480160,168.449414
3453,2015,5,24,21,0.000000,0.000000,0.000000,112.796957,114.722037,159.379650
3454,2015,5,24,22,0.000000,0.000000,0.000000,97.116500,100.897780,147.134640
3455,2015,5,24,23,0.000000,0.000000,0.000000,87.742962,91.179782,133.029109
3456,2015,5,24,24,0.000000,0.000000,0.000000,86.180856,89.411236,129.982915
3457,2015,5,25,1,0.000000,0.000000,0.000000,84.655609,87.054329,124.068172
3458,2015,5,25,2,0.000000,0.000000,0.000000,92.565097,93.632637,128.401983
3459,2015,5,25,3,0.000000,0.000000,0.000000,90.637440,91.025040,122.658721
3460,2015,5,25,4,0.000000,0.000000,0.000000,87.194651,87.802451,119.095935
3461,2015,5,25,5,0.000000,0.000000,0.000000,86.226967,86.922067,118.213089
3462,2015,5,25,6,0.000000,0.000000,0.000000,85.420173,87.550633,123.835711
3463,2015,5,25,7,0.000000,0.000000,0.000000,95.344856,99.302676,145.596301
3464,2015,5,25,8,0.000000,0.000000,0.000000,120.680843,122.099203,184.443471
3465,2015,5,25,9,0.000000,0.000000,0.000000,132.350277,116.841197,195.441329
3466,2015,5,25,10,0.000000,0.000000,0.000000,131.464310,98.878710,185.619614
3467,2015,5,25,11,0.000000,0.000000,0.000000,129.089394,82.768454,172.488138
3468,2015,5,25,12,0.000000,0.000000,0.000000,131.513382,75.349342,167.002322
3469,2015,5,25,13,0.000000,0.000000,0.000000,133.923210,73.067730,165.238707
3470,2015,5,25,14,0.000000,0.000000,0.000000,140.841625,79.633005,169.431940
3471,2015,5,25,15,0.000000,0.000000,0.000000,144.347427,87.508667,170.815689
3472,2015,5,25,16,0.000000,0.000000,0.000000,143.151644,96.216324,171.454031
3473,2015,5,25,17,0.000000,0.000000,0.000000,152.172163,119.372163,188.546217
3474,2015,5,25,18,0.000000,0.000000,0.000000,169.401724,153.535444,219.492991
3475,2015,5,25,19,0.000000,0.000000,0.000000,166.242442,166.746662,224.009616
3476,2015,5,25,20,0.000000,0.000000,0.000000,153.062439,153.960399,208.273731
3477,2015,5,25,21,0.000000,0.000000,0.000000,140.166264,141.313964,192.244285
3478,2015,5,25,22,0.000000,0.000000,0.000000,124.249493,124.893973,168.673564
3479,2015,5,25,23,0.000000,0.000000,0.000000,108.921239,109.819379,149.419638
3480,2015,5,25,24,0.000000,0.000000,0.000000,104.378894,105.997834,146.726913
3481,2015,5,26,1,0.000000,0.000000,0.000000,92.683701,94.621781,132.622641
3482,2015,5,26,2,0.000000,0.000000,0.000000,91.831359,95.016079,137.303839
3483,2015,5,26,3,0.000000,0.000000,0.000000,88.454369,90.619009,128.040812
3484,2015,5,26,4,0.000000,0.000000,0.000000,88.019084,89.406444,123.833126
3485,2015,5,26,5,0.000000,0.000000,0.000000,87.724766,89.035046,123.080994
3486,2015,5,26,6,0.000000,0.000000,0.000000,85.832405,88.632725,127.511367
3487,2015,5,26,7,0.000000,0.000000,0.000000,94.167557,99.849337,152.071717
3488,2015,5,26,8,0.000000,0.000000,0.000000,98.523213,108.131733,193.120711
3489,2015,5,26,9,0.000000,0.000000,0.000000,99.831978,95.497278,204.230703
3490,2015,5,26,10,0.000000,0.000000,0.000000,93.711818,74.837698,199.269865
3491,2015,5,26,11,0.000000,0.000000,0.000000,93.218357,60.632657,188.757876
3492,2015,5,26,12,0.000000,0.000000,0.000000,98.618347,55.061587,181.976249
3493,2015,5,26,13,0.000000,0.000000,0.000000,95.915407,48.474547,177.163196
3494,2015,5,26,14,0.000000,0.000000,0.000000,96.855395,50.082955,178.152473
3495,2015,5,26,15,0.000000,0.000000,0.000000,96.446025,54.278405,175.412473
3496,2015,5,26,16,0.000000,0.000000,0.000000,96.590147,64.593387,179.085316
3497,2015,5,26,17,0.000000,0.000000,0.000000,109.588536,90.698176,196.679701
3498,2015,5,26,18,0.000000,0.000000,0.000000,121.251309,119.752369,222.340025
3499,2015,5,26,19,0.000000,0.000000,0.000000,122.413309,136.399429,228.486306
3500,2015,5,26,20,0.000000,0.000000,0.000000,115.921462,128.977082,215.488176
3501,2015,5,26,21,0.000000,0.000000,0.000000,106.070189,118.545889,199.646852
3502,2015,5,26,22,0.000000,0.000000,0.000000,95.979714,106.015934,174.808645
3503,2015,5,26,23,0.000000,0.000000,0.000000,79.327114,90.489974,157.862832
3504,2015,5,26,24,0.000000,0.000000,0.000000,77.370568,88.830588,156.640851
3505,2015,5,27,1,0.000000,0.000000,0.000000,71.843550,81.828770,142.389093
3506,2015,5,27,2,0.000000,0.000000,0.000000,75.568632,85.235672,145.871029
3507,2015,5,27,3,0.000000,0.000000,0.000000,69.650931,79.187451,137.371669
3508,2015,5,27,4,0.000000,0.000000,0.000000,64.268479,74.049619,131.336625
3509,2015,5,27,5,0.000000,0.000000,0.000000,63.851547,73.339747,129.413662
3510,2015,5,27,6,0.000000,0.000000,0.000000,76.565545,83.232805,133.201274
3511,2015,5,27,7,0.000000,0.000000,0.000000,86.185871,94.933271,155.735695
3512,2015,5,27,8,0.000000,0.000000,0.000000,109.163776,115.791076,193.395768
3513,2015,5,27,9,0.000000,0.000000,0.000000,118.293351,107.648451,199.398268
3514,2015,5,27,10,0.000000,0.000000,0.000000,111.773471,85.493411,188.791014
3515,2015,5,27,11,0.000000,0.000000,0.000000,107.628934,68.061494,175.390525
3516,2015,5,27,12,0.000000,0.000000,0.000000,99.409621,51.274461,161.665414
3517,2015,5,27,13,0.000000,0.000000,0.000000,100.136622,47.818082,160.028976
3518,2015,5,27,14,0.000000,0.000000,0.000000,96.525764,45.621864,158.432818
3519,2015,5,27,15,0.000000,0.000000,0.000000,90.766112,46.602652,158.525336
3520,2015,5,27,16,0.000000,0.000000,0.000000,88.403164,54.221104,157.971273
3521,2015,5,27,17,0.000000,0.000000,0.000000,95.800184,75.159424,170.126699
3522,2015,5,27,18,0.000000,0.000000,0.000000,119.255152,114.567752,204.799003
3523,2015,5,27,19,0.000000,0.000000,0.000000,126.292021,137.022081,218.462975
3524,2015,5,27,20,0.000000,0.000000,0.000000,115.573733,126.594233,205.527311
3525,2015,5,27,21,0.000000,0.000000,0.000000,106.250991,116.829731,191.035442
3526,2015,5,27,22,0.000000,0.000000,0.000000,93.421907,103.582967,171.980823
3527,2015,5,27,23,0.000000,0.000000,0.000000,85.365456,93.628936,152.383515
3528,2015,5,27,24,0.000000,0.000000,0.000000,93.273681,98.775921,150.042028
3529,2015,5,28,1,0.000000,0.000000,0.000000,87.980410,92.006670,136.096427
3530,2015,5,28,2,0.000000,0.000000,0.000000,96.164816,98.843756,140.721474
3531,2015,5,28,3,0.000000,0.000000,0.000000,90.644666,92.676846,130.343062
3532,2015,5,28,4,0.000000,0.000000,0.000000,88.988704,90.387824,125.180832
3533,2015,5,28,5,0.000000,0.000000,0.000000,88.747470,90.056610,124.439280
3534,2015,5,28,6,0.000000,0.000000,0.000000,91.746278,93.419318,130.135891
3535,2015,5,28,7,0.000000,0.000000,0.000000,108.530035,110.488335,153.845447
3536,2015,5,28,8,0.000000,0.000000,0.000000,138.089611,136.344291,192.891322
3537,2015,5,28,9,0.000000,0.000000,0.000000,145.182433,126.346713,197.026551
3538,2015,5,28,10,0.000000,0.000000,0.000000,142.625968,107.115408,186.852010
3539,2015,5,28,11,0.000000,0.000000,0.000000,134.056128,86.316608,172.490411
3540,2015,5,28,12,0.000000,0.000000,0.000000,127.000104,70.586904,159.821872
3541,2015,5,28,13,0.000000,0.000000,0.000000,121.222249,61.721269,154.625092
3542,2015,5,28,14,0.000000,0.000000,0.000000,119.744076,61.250636,153.972715
3543,2015,5,28,15,0.000000,0.000000,0.000000,117.915819,65.170319,154.675426
3544,2015,5,28,16,0.000000,0.000000,0.000000,115.798418,73.738478,157.734837
3545,2015,5,28,17,0.000000,0.000000,0.000000,126.647961,98.176981,174.716042
3546,2015,5,28,18,0.000000,0.000000,0.000000,149.443596,136.959356,208.665009
3547,2015,5,28,19,0.000000,0.000000,0.000000,153.903489,156.611109,217.840212
3548,2015,5,28,20,0.000000,0.000000,0.000000,149.008648,151.002288,207.981851
3549,2015,5,28,21,0.000000,0.000000,0.000000,137.023446,138.798426,190.981167
3550,2015,5,28,22,0.000000,0.000000,0.000000,113.155526,116.320606,165.644408
3551,2015,5,28,23,0.000000,0.000000,0.000000,95.916233,100.316033,148.420711
3552,2015,5,28,24,0.000000,0.000000,0.000000,99.166884,102.480924,147.688033
3553,2015,5,29,1,0.000000,0.000000,0.000000,94.438952,96.243252,134.338670
3554,2015,5,29,2,0.000000,0.000000,0.000000,97.163094,99.035134,138.286978
3555,2015,5,29,3,0.000000,0.000000,0.000000,90.562639,92.046399,127.674398
3556,2015,5,29,4,0.000000,0.000000,0.000000,84.220428,86.414768,122.534157
3557,2015,5,29,5,0.000000,0.000000,0.000000,84.569482,86.602542,122.246923
3558,2015,5,29,6,0.000000,0.000000,0.000000,83.857789,87.247829,127.630572
3559,2015,5,29,7,0.000000,0.000000,0.000000,94.867328,99.300728,147.178971
3560,2015,5,29,8,0.000000,0.000000,0.000000,113.833203,115.021803,174.241071
3561,2015,5,29,9,0.000000,0.000000,0.000000,125.923246,110.124886,185.521981
3562,2015,5,29,10,0.000000,0.000000,0.000000,127.961400,94.539640,177.046987
3563,2015,5,29,11,0.000000,0.000000,0.000000,123.361296,75.969576,159.853701
3564,2015,5,29,12,0.000000,0.000000,0.000000,114.545118,60.025898,152.053797
3565,2015,5,29,13,0.000000,0.000000,0.000000,107.748970,50.641510,147.830480
3566,2015,5,29,14,0.000000,0.000000,0.000000,96.511080,42.796100,145.294867
3567,2015,5,29,15,0.000000,0.000000,0.000000,95.916740,47.020060,143.304480
3568,2015,5,29,16,0.000000,0.000000,0.000000,96.826702,57.371242,144.593456
3569,2015,5,29,17,0.000000,0.000000,0.000000,105.445987,80.933887,164.921515
3570,2015,5,29,18,0.000000,0.000000,0.000000,126.815283,118.474663,197.830818
3571,2015,5,29,19,0.000000,0.000000,0.000000,125.625363,132.996583,201.899511
3572,2015,5,29,20,0.000000,0.000000,0.000000,113.363743,120.235703,183.220803
3573,2015,5,29,21,0.000000,0.000000,0.000000,104.394291,110.458111,167.490214
3574,2015,5,29,22,0.000000,0.000000,0.000000,95.470378,101.201278,154.038037
3575,2015,5,29,23,0.000000,0.000000,0.000000,94.041655,98.529655,146.332874
3576,2015,5,29,24,0.000000,0.000000,0.000000,102.657208,105.523848,150.253931
3577,2015,5,30,1,0.000000,0.000000,0.000000,96.693291,97.622431,133.260375
3578,2015,5,30,2,0.000000,0.000000,0.000000,98.001392,98.856192,134.657590
3579,2015,5,30,3,0.000000,0.000000,0.000000,92.846430,93.631430,127.458573
3580,2015,5,30,4,0.000000,0.000000,0.000000,91.413291,91.619411,122.846281
3581,2015,5,30,5,0.000000,0.000000,0.000000,88.658907,89.236607,120.907809
3582,2015,5,30,6,0.000000,0.000000,0.000000,87.445558,88.561598,121.802263
3583,2015,5,30,7,0.000000,0.000000,0.000000,89.712627,90.905427,125.183237
3584,2015,5,30,8,0.000000,0.000000,0.000000,95.836357,93.009417,131.506089
3585,2015,5,30,9,0.000000,0.000000,0.000000,106.857905,86.235185,137.587846
3586,2015,5,30,10,0.000000,0.000000,0.000000,113.474901,75.637221,137.124028
3587,2015,5,30,11,0.000000,0.000000,0.000000,108.958991,58.906611,128.234215
3588,2015,5,30,12,0.000000,0.000000,0.000000,107.795544,48.758564,121.971485
3589,2015,5,30,13,0.000000,0.000000,0.000000,105.397340,42.251120,116.514094
3590,2015,5,30,14,0.000000,0.000000,0.000000,106.464280,43.591480,115.829306
3591,2015,5,30,15,0.000000,0.000000,0.000000,105.076323,47.476323,114.901764
3592,2015,5,30,16,0.000000,0.000000,0.000000,104.704022,57.504022,118.955362
3593,2015,5,30,17,0.000000,0.000000,0.000000,109.031337,76.383397,131.734730
3594,2015,5,30,18,0.000000,0.000000,0.000000,122.025010,107.661410,163.336547
3595,2015,5,30,19,0.000000,0.000000,0.000000,96.550497,106.657937,175.902049
3596,2015,5,30,20,0.000000,0.000000,0.000000,66.890984,82.896304,163.879472
3597,2015,5,30,21,0.000000,0.000000,0.000000,53.452259,72.015199,157.896732
3598,2015,5,30,22,0.000000,0.000000,0.000000,42.498474,62.167374,148.452832
3599,2015,5,30,23,0.000000,0.000000,0.000000,37.983555,57.452815,141.501287
3600,2015,5,30,24,0.000000,0.000000,0.000000,37.073564,56.794924,141.464432
3601,2015,5,31,1,0.000000,0.000000,0.000000,29.489181,49.423701,132.346667
3602,2015,5,31,2,0.000000,0.000000,0.000000,32.116582,51.991602,135.572202
3603,2015,5,31,3,0.000000,0.000000,0.000000,25.460717,45.291137,126.489582
3604,2015,5,31,4,0.000000,0.000000,0.000000,21.556149,41.336289,121.048852
3605,2015,5,31,5,0.000000,0.000000,0.000000,19.587559,39.439659,118.759879
3606,2015,5,31,6,0.000000,0.000000,0.000000,19.382478,39.198898,118.319930
3607,2015,5,31,7,0.000000,0.000000,0.000000,20.579175,40.326255,119.591940
3608,2015,5,31,8,0.000000,0.000000,0.000000,23.541754,39.154854,121.166805
3609,2015,5,31,9,0.000000,0.000000,0.000000,29.195324,26.956184,119.827779
3610,2015,5,31,10,0.000000,0.000000,0.000000,34.020581,14.283341,115.653655
3611,2015,5,31,11,0.000000,0.000000,0.000000,36.862261,3.516381,110.068908
3612,2015,5,31,12,0.000000,0.000000,0.000000,41.316381,-2.452299,104.584669
3613,2015,5,31,13,0.000000,0.000000,0.000000,49.884748,-0.805732,100.624091
3614,2015,5,31,14,0.000000,0.000000,0.000000,57.832561,5.385021,99.638228
3615,2015,5,31,15,0.000000,0.000000,0.000000,63.093335,14.102515,99.100619
3616,2015,5,31,16,0.000000,0.000000,0.000000,61.938023,23.829243,104.359724
3617,2015,5,31,17,0.000000,0.000000,0.000000,67.456611,43.578551,117.227868
3618,2015,5,31,18,0.000000,0.000000,0.000000,83.745254,76.705734,146.475912
3619,2015,5,31,19,0.000000,0.000000,0.000000,91.047065,100.266685,164.420980
3620,2015,5,31,20,0.000000,0.000000,0.000000,92.294989,99.484709,156.612011
3621,2015,5,31,21,0.000000,0.000000,0.000000,94.421633,99.511253,149.647071
3622,2015,5,31,22,0.000000,0.000000,0.000000,92.882872,96.344152,139.996469
3623,2015,5,31,23,0.000000,0.000000,0.000000,88.233520,91.126480,131.145173
3624,2015,5,31,24,0.000000,0.000000,0.000000,85.742621,89.151881,130.233375
3625,2015,6,1,1,0.000000,0.000000,0.000000,91.347266,94.369366,135.899489
3626,2015,6,1,2,0.000000,0.000000,0.000000,93.966156,96.818876,138.600901
3627,2015,6,1,3,0.000000,0.000000,0.000000,92.837580,95.213380,134.870507
3628,2015,6,1,4,0.000000,0.000000,0.000000,90.407836,92.660216,131.054888
3629,2015,6,1,5,0.000000,0.000000,0.000000,91.496683,93.678603,132.177870
3630,2015,6,1,6,0.000000,0.000000,0.000000,99.235087,100.858447,139.889129
3631,2015,6,1,7,0.000000,0.000000,0.000000,107.745974,109.384534,151.307913
3632,2015,6,1,8,0.000000,0.000000,0.000000,127.762301,125.316821,172.470828
3633,2015,6,1,9,0.000000,0.000000,0.000000,134.701612,113.446752,171.762803
3634,2015,6,1,10,0.000000,0.000000,0.000000,134.772283,98.197903,164.649271
3635,2015,6,1,11,0.000000,0.000000,0.000000,129.539762,80.628462,154.233616
3636,2015,6,1,12,0.000000,0.000000,0.000000,126.053516,69.433516,147.444688
3637,2015,6,1,13,0.000000,0.000000,0.000000,126.226574,65.444674,145.169899
3638,2015,6,1,14,0.000000,0.000000,0.000000,124.607997,64.947297,144.860730
3639,2015,6,1,15,0.000000,0.000000,0.000000,124.686022,71.339382,147.363710
3640,2015,6,1,16,0.000000,0.000000,0.000000,126.337654,83.687874,152.117898
3641,2015,6,1,17,0.000000,0.000000,0.000000,129.688060,100.915020,163.826560
3642,2015,6,1,18,0.000000,0.000000,0.000000,146.000953,134.166793,193.575190
3643,2015,6,1,19,0.000000,0.000000,0.000000,150.552188,151.087588,203.234784
3644,2015,6,1,20,0.000000,0.000000,0.000000,139.542359,140.319319,189.682293
3645,2015,6,1,21,0.000000,0.000000,0.000000,131.046868,132.494868,181.486491
3646,2015,6,1,22,0.000000,0.000000,0.000000,124.185017,126.238237,175.161716
3647,2015,6,1,23,0.000000,0.000000,0.000000,116.711074,117.719814,160.322219
3648,2015,6,1,24,0.000000,0.000000,0.000000,117.968154,118.465374,159.611232
3649,2015,6,2,1,0.000000,0.000000,0.000000,113.321037,113.975197,154.147463
3650,2015,6,2,2,0.000000,0.000000,0.000000,114.579481,115.120721,155.298428
3651,2015,6,2,3,0.000000,0.000000,0.000000,113.325066,113.460746,151.733261
3652,2015,6,2,4,0.000000,0.000000,0.000000,111.377336,111.377336,148.503114
3653,2015,6,2,5,0.000000,0.000000,0.000000,110.988892,110.988892,147.985190
3654,2015,6,2,6,0.000000,0.000000,0.000000,113.870937,113.870937,151.827916
3655,2015,6,2,7,0.000000,0.000000,0.000000,124.532792,124.831992,167.439989
3656,2015,6,2,8,0.000000,0.000000,0.000000,139.556503,137.367823,189.394831
3657,2015,6,2,9,0.000000,0.000000,0.000000,145.383972,125.691392,193.296589
3658,2015,6,2,10,0.000000,0.000000,0.000000,135.897124,102.893784,182.813912
3659,2015,6,2,11,0.000000,0.000000,0.000000,126.255796,81.093556,167.350608
3660,2015,6,2,12,0.000000,0.000000,0.000000,122.596303,69.003043,156.959858
3661,2015,6,2,13,0.000000,0.000000,0.000000,117.511384,60.296364,150.195085
3662,2015,6,2,14,0.000000,0.000000,0.000000,113.521562,57.926402,149.051335
3663,2015,6,2,15,0.000000,0.000000,0.000000,107.181181,59.143361,148.798414
3664,2015,6,2,16,0.000000,0.000000,0.000000,111.316691,73.076171,152.666495
3665,2015,6,2,17,0.000000,0.000000,0.000000,113.661151,89.075331,161.997709
3666,2015,6,2,18,0.000000,0.000000,0.000000,134.216973,126.383933,196.535110
3667,2015,6,2,19,0.000000,0.000000,0.000000,139.135997,144.154477,208.934236
3668,2015,6,2,20,0.000000,0.000000,0.000000,124.464842,130.273422,193.059830
3669,2015,6,2,21,0.000000,0.000000,0.000000,114.889381,120.965581,181.541441
3670,2015,6,2,22,0.000000,0.000000,0.000000,116.876496,120.574536,173.092848
3671,2015,6,2,23,0.000000,0.000000,0.000000,115.334905,116.048285,157.108980
3672,2015,6,2,24,0.000000,0.000000,0.000000,109.346091,110.717211,152.193348
3673,2015,6,3,1,0.000000,0.000000,0.000000,105.359763,106.302683,144.879977
3674,2015,6,3,2,0.000000,0.000000,0.000000,107.595078,108.251058,146.521344
3675,2015,6,3,3,0.000000,0.000000,0.000000,105.265434,105.574154,141.794605
3676,2015,6,3,4,0.000000,0.000000,0.000000,103.101752,103.268512,138.247216
3677,2015,6,3,5,0.000000,0.000000,0.000000,102.688247,102.836407,137.609076
3678,2015,6,3,6,0.000000,0.000000,0.000000,104.984449,105.147949,140.742265
3679,2015,6,3,7,0.000000,0.000000,0.000000,116.172030,116.378670,155.860360
3680,2015,6,3,8,0.000000,0.000000,0.000000,133.903749,130.909669,178.099293
3681,2015,6,3,9,0.000000,0.000000,0.000000,138.254972,116.996312,176.482882
3682,2015,6,3,10,0.000000,0.000000,0.000000,136.799400,100.442640,168.367653
3683,2015,6,3,11,0.000000,0.000000,0.000000,131.705707,82.307687,154.850183
3684,2015,6,3,12,0.000000,0.000000,0.000000,127.649986,70.271486,146.033647
3685,2015,6,3,13,0.000000,0.000000,0.000000,124.654554,63.272554,140.273405
3686,2015,6,3,14,0.000000,0.000000,0.000000,123.270582,62.840842,139.488656
3687,2015,6,3,15,0.000000,0.000000,0.000000,121.580204,67.517344,139.880259
3688,2015,6,3,16,0.000000,0.000000,0.000000,119.883629,77.191849,143.316533
3689,2015,6,3,17,0.000000,0.000000,0.000000,122.766707,93.854407,153.948209
3690,2015,6,3,18,0.000000,0.000000,0.000000,138.821129,126.665709,182.502878
3691,2015,6,3,19,0.000000,0.000000,0.000000,145.704405,146.238805,196.766407
3692,2015,6,3,20,0.000000,0.000000,0.000000,135.693604,136.505744,184.714792
3693,2015,6,3,21,0.000000,0.000000,0.000000,129.029483,130.002883,176.581843
3694,2015,6,3,22,0.000000,0.000000,0.000000,125.701760,126.047820,169.217293
3695,2015,6,3,23,0.000000,0.000000,0.000000,113.264114,113.264114,151.018819
3696,2015,6,3,24,0.000000,0.000000,0.000000,113.139821,113.139821,150.853094
3697,2015,6,4,1,0.000000,0.000000,0.000000,107.739727,107.739727,143.652969
3698,2015,6,4,2,0.000000,0.000000,0.000000,109.253409,109.253409,145.671212
3699,2015,6,4,3,0.000000,0.000000,0.000000,105.866146,105.866146,141.154862
3700,2015,6,4,4,0.000000,0.000000,0.000000,101.402869,101.988909,137.938679
3701,2015,6,4,5,0.000000,0.000000,0.000000,99.003944,100.090584,137.076245
3702,2015,6,4,6,0.000000,0.000000,0.000000,101.232240,102.489260,140.842413
3703,2015,6,4,7,0.000000,0.000000,0.000000,112.093276,113.716876,157.034502
3704,2015,6,4,8,0.000000,0.000000,0.000000,134.855381,132.213641,181.012388
3705,2015,6,4,9,0.000000,0.000000,0.000000,144.571268,123.774908,187.062011
3706,2015,6,4,10,0.000000,0.000000,0.000000,143.755237,107.741257,179.241743
3707,2015,6,4,11,0.000000,0.000000,0.000000,137.261487,88.367447,164.609796
3708,2015,6,4,12,0.000000,0.000000,0.000000,131.088261,74.286861,153.311147
3709,2015,6,4,13,0.000000,0.000000,0.000000,123.420412,63.523852,145.559937
3710,2015,6,4,14,0.000000,0.000000,0.000000,120.175971,61.230811,142.290547
3711,2015,6,4,15,0.000000,0.000000,0.000000,119.881675,67.024275,143.241033
3712,2015,6,4,16,0.000000,0.000000,0.000000,120.601591,78.329091,146.230454
3713,2015,6,4,17,0.000000,0.000000,0.000000,123.227426,94.786486,156.762181
3714,2015,6,4,18,0.000000,0.000000,0.000000,142.937044,131.043984,189.215113
3715,2015,6,4,19,0.000000,0.000000,0.000000,150.446650,151.478610,205.411347
3716,2015,6,4,20,0.000000,0.000000,0.000000,141.902049,143.076529,194.683639
3717,2015,6,4,21,0.000000,0.000000,0.000000,132.581980,133.859360,182.737080
3718,2015,6,4,22,0.000000,0.000000,0.000000,125.342179,126.591059,172.951011
3719,2015,6,4,23,0.000000,0.000000,0.000000,118.364592,118.364592,157.819456
3720,2015,6,4,24,0.000000,0.000000,0.000000,116.518006,116.518006,155.357342
3721,2015,6,5,1,0.000000,0.000000,0.000000,108.781480,108.781480,145.041973
3722,2015,6,5,2,0.000000,0.000000,0.000000,110.091676,110.091676,146.788901
3723,2015,6,5,3,0.000000,0.000000,0.000000,106.246264,106.246264,141.661685
3724,2015,6,5,4,0.000000,0.000000,0.000000,104.140962,104.140962,138.854617
3725,2015,6,5,5,0.000000,0.000000,0.000000,103.700359,103.700359,138.267145
3726,2015,6,5,6,0.000000,0.000000,0.000000,106.201877,106.201877,141.602503
3727,2015,6,5,7,0.000000,0.000000,0.000000,118.253262,118.551782,159.064110
3728,2015,6,5,8,0.000000,0.000000,0.000000,137.117216,134.066036,182.117448
3729,2015,6,5,9,0.000000,0.000000,0.000000,149.212064,127.612064,189.499418
3730,2015,6,5,10,0.000000,0.000000,0.000000,148.400038,111.754678,182.488370
3731,2015,6,5,11,0.000000,0.000000,0.000000,141.645432,92.376272,168.704496
3732,2015,6,5,12,0.000000,0.000000,0.000000,135.741423,79.140483,160.450844
3733,2015,6,5,13,0.000000,0.000000,0.000000,128.140292,68.399152,152.578403
3734,2015,6,5,14,0.000000,0.000000,0.000000,126.901806,68.035086,151.624381
3735,2015,6,5,15,0.000000,0.000000,0.000000,121.252601,69.045981,148.105908
3736,2015,6,5,16,0.000000,0.000000,0.000000,119.477978,78.532338,150.924318
3737,2015,6,5,17,0.000000,0.000000,0.000000,123.544047,96.357587,163.038583
3738,2015,6,5,18,0.000000,0.000000,0.000000,139.392842,129.155642,192.216856
3739,2015,6,5,19,0.000000,0.000000,0.000000,140.292241,143.229661,200.764281
3740,2015,6,5,20,0.000000,0.000000,0.000000,130.458486,133.754866,189.327755
3741,2015,6,5,21,0.000000,0.000000,0.000000,122.721940,125.859940,178.273253
3742,2015,6,5,22,0.000000,0.000000,0.000000,118.174405,120.929885,170.424780
3743,2015,6,5,23,0.000000,0.000000,0.000000,108.732948,111.050208,155.791143
3744,2015,6,5,24,0.000000,0.000000,0.000000,110.610023,112.155703,154.693204
3745,2015,6,6,1,0.000000,0.000000,0.000000,102.655245,104.238105,144.260340
3746,2015,6,6,2,0.000000,0.000000,0.000000,102.074670,104.015350,145.156066
3747,2015,6,6,3,0.000000,0.000000,0.000000,97.175205,99.375165,139.833420
3748,2015,6,6,4,0.000000,0.000000,0.000000,94.188983,96.293383,135.405845
3749,2015,6,6,5,0.000000,0.000000,0.000000,92.389695,94.465155,132.871740
3750,2015,6,6,6,0.000000,0.000000,0.000000,89.975558,92.895298,133.592863
3751,2015,6,6,7,0.000000,0.000000,0.000000,91.163188,94.600808,137.593144
3752,2015,6,6,8,0.000000,0.000000,0.000000,92.873932,93.542312,140.484349
3753,2015,6,6,9,0.000000,0.000000,0.000000,98.774262,81.143122,140.770363
3754,2015,6,6,10,0.000000,0.000000,0.000000,91.749092,62.218992,140.158322
3755,2015,6,6,11,0.000000,0.000000,0.000000,75.184211,36.477291,129.379988
3756,2015,6,6,12,0.000000,0.000000,0.000000,64.215593,19.169053,119.003604
3757,2015,6,6,13,0.000000,0.000000,0.000000,59.461660,11.008040,113.681987
3758,2015,6,6,14,0.000000,0.000000,0.000000,62.019460,13.754380,114.588906
3759,2015,6,6,15,0.000000,0.000000,0.000000,59.473635,18.240375,116.942967
3760,2015,6,6,16,0.000000,0.000000,0.000000,56.155744,27.315724,122.987565
3761,2015,6,6,17,0.000000,0.000000,0.000000,60.853578,46.430938,139.015784
3762,2015,6,6,18,0.000000,0.000000,0.000000,76.204232,77.752032,162.962042
3763,2015,6,6,19,0.000000,0.000000,0.000000,87.454269,99.030309,170.627212
3764,2015,6,6,20,0.000000,0.000000,0.000000,91.337820,100.019200,162.296867
3765,2015,6,6,21,0.000000,0.000000,0.000000,88.880893,96.474613,153.945217
3766,2015,6,6,22,0.000000,0.000000,0.000000,90.631032,96.418792,147.850923
3767,2015,6,6,23,0.000000,0.000000,0.000000,82.842814,90.254734,145.046046
3768,2015,6,6,24,0.000000,0.000000,0.000000,79.353926,87.785146,145.150929
3769,2015,6,7,1,0.000000,0.000000,0.000000,80.474515,87.789415,141.435553
3770,2015,6,7,2,0.000000,0.000000,0.000000,81.334135,88.447535,141.641380
3771,2015,6,7,3,0.000000,0.000000,0.000000,75.595175,83.017315,135.430220
3772,2015,6,7,4,0.000000,0.000000,0.000000,73.861506,81.029286,131.931648
3773,2015,6,7,5,0.000000,0.000000,0.000000,69.903548,77.359368,127.998558
3774,2015,6,7,6,0.000000,0.000000,0.000000,79.910494,84.453034,127.745845
3775,2015,6,7,7,0.000000,0.000000,0.000000,83.318106,87.520406,130.701542
3776,2015,6,7,8,0.000000,0.000000,0.000000,86.923013,87.802833,133.536511
3777,2015,6,7,9,0.000000,0.000000,0.000000,95.210388,76.578748,131.349531
3778,2015,6,7,10,0.000000,0.000000,0.000000,97.008309,63.186529,127.142772
3779,2015,6,7,11,0.000000,0.000000,0.000000,98.334621,50.807661,119.087015
3780,2015,6,7,12,0.000000,0.000000,0.000000,101.246501,44.585461,114.177148
3781,2015,6,7,13,0.000000,0.000000,0.000000,101.090385,40.053265,110.463953
3782,2015,6,7,14,0.000000,0.000000,0.000000,99.539134,39.720534,110.698712
3783,2015,6,7,15,0.000000,0.000000,0.000000,99.182768,45.809608,113.235611
3784,2015,6,7,16,0.000000,0.000000,0.000000,101.665901,59.194621,120.055228
3785,2015,6,7,17,0.000000,0.000000,0.000000,107.078400,78.351900,133.897534
3786,2015,6,7,18,0.000000,0.000000,0.000000,124.503813,112.496613,164.104817
3787,2015,6,7,19,0.000000,0.000000,0.000000,130.029062,130.964882,177.739243
3788,2015,6,7,20,0.000000,0.000000,0.000000,127.325743,128.104583,173.402244
3789,2015,6,7,21,0.000000,0.000000,0.000000,123.901372,124.997832,170.318643
3790,2015,6,7,22,0.000000,0.000000,0.000000,113.541891,115.251751,159.368534
3791,2015,6,7,23,0.000000,0.000000,0.000000,112.300477,112.300477,149.733969
3792,2015,6,7,24,0.000000,0.000000,0.000000,111.400694,111.400694,148.534259
3793,2015,6,8,1,0.000000,0.000000,0.000000,110.698181,110.698181,147.597575
3794,2015,6,8,2,0.000000,0.000000,0.000000,112.135480,112.135480,149.513973
3795,2015,6,8,3,0.000000,0.000000,0.000000,108.969987,108.969987,145.293315
3796,2015,6,8,4,0.000000,0.000000,0.000000,106.649069,106.649069,142.198759
3797,2015,6,8,5,0.000000,0.000000,0.000000,105.855425,105.855425,141.140567
3798,2015,6,8,6,0.000000,0.000000,0.000000,106.555910,106.555910,142.074547
3799,2015,6,8,7,0.000000,0.000000,0.000000,109.162196,109.162196,145.549594
3800,2015,6,8,8,0.000000,0.000000,0.000000,109.145143,105.945143,144.126857
3801,2015,6,8,9,0.000000,0.000000,0.000000,110.079817,88.955837,139.544516
3802,2015,6,8,10,0.000000,0.000000,0.000000,108.777494,73.011934,133.764045
3803,2015,6,8,11,0.000000,0.000000,0.000000,111.110955,63.282695,134.716060
3804,2015,6,8,12,0.000000,0.000000,0.000000,106.110913,50.033513,123.386683
3805,2015,6,8,13,0.000000,0.000000,0.000000,102.459092,42.849172,118.949162
3806,2015,6,8,14,0.000000,0.000000,0.000000,99.020367,41.188467,119.278290
3807,2015,6,8,15,0.000000,0.000000,0.000000,97.466908,46.270788,121.107317
3808,2015,6,8,16,0.000000,0.000000,0.000000,95.987491,56.611051,126.926601
3809,2015,6,8,17,0.000000,0.000000,0.000000,102.427996,76.771916,142.025621
3810,2015,6,8,18,0.000000,0.000000,0.000000,117.545528,109.499548,173.312797
3811,2015,6,8,19,0.000000,0.000000,0.000000,120.982138,126.445318,186.804357
3812,2015,6,8,20,0.000000,0.000000,0.000000,115.868303,121.573563,181.115617
3813,2015,6,8,21,0.000000,0.000000,0.000000,107.991585,115.049185,176.924246
3814,2015,6,8,22,0.000000,0.000000,0.000000,111.712237,115.681417,167.472490
3815,2015,6,8,23,0.000000,0.000000,0.000000,104.967927,107.915907,153.714475
3816,2015,6,8,24,0.000000,0.000000,0.000000,101.604092,105.341672,152.914162
3817,2015,6,9,1,0.000000,0.000000,0.000000,94.561471,99.776231,150.417508
3818,2015,6,9,2,0.000000,0.000000,0.000000,87.627445,95.468705,153.429139
3819,2015,6,9,3,0.000000,0.000000,0.000000,81.175136,89.609636,147.594515
3820,2015,6,9,4,0.000000,0.000000,0.000000,79.879054,87.880714,143.846486
3821,2015,6,9,5,0.000000,0.000000,0.000000,84.328577,90.791397,142.597929
3822,2015,6,9,6,0.000000,0.000000,0.000000,96.119044,99.752404,145.114405
3823,2015,6,9,7,0.000000,0.000000,0.000000,106.036298,110.378798,161.646731
3824,2015,6,9,8,0.000000,0.000000,0.000000,116.224091,118.970011,181.313081
3825,2015,6,9,9,0.000000,0.000000,0.000000,119.530389,106.410129,189.495971
3826,2015,6,9,10,0.000000,0.000000,0.000000,113.058655,86.865655,184.144207
3827,2015,6,9,11,0.000000,0.000000,0.000000,99.434444,62.864344,171.685458
3828,2015,6,9,12,0.000000,0.000000,0.000000,83.233753,40.528773,155.288431
3829,2015,6,9,13,0.000000,0.000000,0.000000,74.556116,28.560496,145.278594
3830,2015,6,9,14,0.000000,0.000000,0.000000,70.402587,26.098407,144.250610
3831,2015,6,9,15,0.000000,0.000000,0.000000,64.095649,27.733249,145.836333
3832,2015,6,9,16,0.000000,0.000000,0.000000,60.859898,36.564858,150.469677
3833,2015,6,9,17,0.000000,0.000000,0.000000,67.933862,57.814422,168.537763
3834,2015,6,9,18,0.000000,0.000000,0.000000,85.018986,91.740046,198.856928
3835,2015,6,9,19,0.000000,0.000000,0.000000,83.322387,103.117667,203.474489
3836,2015,6,9,20,0.000000,0.000000,0.000000,72.344664,92.311464,189.637951
3837,2015,6,9,21,0.000000,0.000000,0.000000,63.637148,83.607808,178.045944
3838,2015,6,9,22,0.000000,0.000000,0.000000,57.522069,77.364049,169.291998
3839,2015,6,9,23,0.000000,0.000000,0.000000,42.695095,62.555615,149.609220
3840,2015,6,9,24,0.000000,0.000000,0.000000,40.200759,60.184779,146.859772
3841,2015,6,10,1,0.000000,0.000000,0.000000,36.600344,56.575464,142.017685
3842,2015,6,10,2,0.000000,0.000000,0.000000,39.466504,59.028524,143.911432
3843,2015,6,10,3,0.000000,0.000000,0.000000,35.565716,55.258996,139.322927
3844,2015,6,10,4,0.000000,0.000000,0.000000,34.933239,54.306959,136.988345
3845,2015,6,10,5,0.000000,0.000000,0.000000,35.120491,54.271331,136.197908
3846,2015,6,10,6,0.000000,0.000000,0.000000,35.567951,55.339231,139.689909
3847,2015,6,10,7,0.000000,0.000000,0.000000,50.654709,69.761329,156.703839
3848,2015,6,10,8,0.000000,0.000000,0.000000,68.866690,84.955890,180.438521
3849,2015,6,10,9,0.000000,0.000000,0.000000,84.357382,81.944322,192.565562
3850,2015,6,10,10,0.000000,0.000000,0.000000,85.670428,68.249248,188.561731
3851,2015,6,10,11,0.000000,0.000000,0.000000,76.143382,46.391842,172.450656
3852,2015,6,10,12,0.000000,0.000000,0.000000,65.244542,27.129982,152.724775
3853,2015,6,10,13,0.000000,0.000000,0.000000,62.923917,20.773157,147.711676
3854,2015,6,10,14,0.000000,0.000000,0.000000,70.959178,28.108978,151.777971
3855,2015,6,10,15,0.000000,0.000000,0.000000,64.625002,29.713862,153.314683
3856,2015,6,10,16,0.000000,0.000000,0.000000,65.061121,40.667881,155.613041
3857,2015,6,10,17,0.000000,0.000000,0.000000,72.436921,61.249281,169.556908
3858,2015,6,10,18,0.000000,0.000000,0.000000,93.286807,98.353067,202.158290
3859,2015,6,10,19,0.000000,0.000000,0.000000,97.956340,114.882560,209.597480
3860,2015,6,10,20,0.000000,0.000000,0.000000,94.803626,110.152186,198.031448
3861,2015,6,10,21,0.000000,0.000000,0.000000,81.761394,97.911194,184.380926
3862,2015,6,10,22,0.000000,0.000000,0.000000,79.055387,93.691007,173.706743
3863,2015,6,10,23,0.000000,0.000000,0.000000,60.247203,76.246823,154.994498
3864,2015,6,10,24,0.000000,0.000000,0.000000,57.639925,73.769325,152.123767
3865,2015,6,11,1,0.000000,0.000000,0.000000,58.182890,72.963790,146.554720
3866,2015,6,11,2,0.000000,0.000000,0.000000,55.354779,71.409259,148.727278
3867,2015,6,11,3,0.000000,0.000000,0.000000,48.227647,65.411027,144.492636
3868,2015,6,11,4,0.000000,0.000000,0.000000,54.604218,69.347118,141.605824
3869,2015,6,11,5,0.000000,0.000000,0.000000,54.960637,69.461717,140.952556
3870,2015,6,11,6,0.000000,0.000000,0.000000,62.414625,75.728925,145.352901
3871,2015,6,11,7,0.000000,0.000000,0.000000,73.370968,87.841268,165.356024
3872,2015,6,11,8,0.000000,0.000000,0.000000,82.093394,96.483114,190.143219
3873,2015,6,11,9,0.000000,0.000000,0.000000,88.907361,86.113921,196.857094
3874,2015,6,11,10,0.000000,0.000000,0.000000,90.249798,71.244138,187.273317
3875,2015,6,11,11,0.000000,0.000000,0.000000,82.032178,51.061018,174.610824
3876,2015,6,11,12,0.000000,0.000000,0.000000,73.934601,35.295581,161.864041
3877,2015,6,11,13,0.000000,0.000000,0.000000,70.774192,28.172992,156.076656
3878,2015,6,11,14,0.000000,0.000000,0.000000,70.925369,28.764869,154.951493
3879,2015,6,11,15,0.000000,0.000000,0.000000,74.298007,37.630487,158.015583
3880,2015,6,11,16,0.000000,0.000000,0.000000,73.900738,48.422198,162.334463
3881,2015,6,11,17,0.000000,0.000000,0.000000,76.891817,65.648617,175.237489
3882,2015,6,11,18,0.000000,0.000000,0.000000,94.881506,100.706006,207.823008
3883,2015,6,11,19,0.000000,0.000000,0.000000,96.196599,115.141059,216.669613
3884,2015,6,11,20,0.000000,0.000000,0.000000,90.031721,108.075941,204.248654
3885,2015,6,11,21,0.000000,0.000000,0.000000,79.549527,97.537127,190.008170
3886,2015,6,11,22,0.000000,0.000000,0.000000,71.005309,89.254869,179.838359
3887,2015,6,11,23,0.000000,0.000000,0.000000,56.121328,74.791908,161.957810
3888,2015,6,11,24,0.000000,0.000000,0.000000,52.801090,71.708470,158.635894
3889,2015,6,12,1,0.000000,0.000000,0.000000,48.396988,66.943528,151.079838
3890,2015,6,12,2,0.000000,0.000000,0.000000,57.585636,74.163076,154.142235
3891,2015,6,12,3,0.000000,0.000000,0.000000,60.295432,75.249912,150.181482
3892,2015,6,12,4,0.000000,0.000000,0.000000,58.396925,73.195685,146.923447
3893,2015,6,12,5,0.000000,0.000000,0.000000,45.114488,63.443548,145.688264
3894,2015,6,12,6,0.000000,0.000000,0.000000,57.715648,73.347848,149.904464
3895,2015,6,12,7,0.000000,0.000000,0.000000,73.820749,87.293849,161.302132
3896,2015,6,12,8,0.000000,0.000000,0.000000,93.622952,103.091812,182.551949
3897,2015,6,12,9,0.000000,0.000000,0.000000,101.647408,92.320488,183.354251
3898,2015,6,12,10,0.000000,0.000000,0.000000,95.000665,72.265225,176.202167
3899,2015,6,12,11,0.000000,0.000000,0.000000,85.208869,51.130389,164.345585
3900,2015,6,12,12,0.000000,0.000000,0.000000,90.960047,46.725127,158.450436
3901,2015,6,12,13,0.000000,0.000000,0.000000,90.150720,41.486660,153.618680
3902,2015,6,12,14,0.000000,0.000000,0.000000,92.901907,45.006407,157.490210
3903,2015,6,12,15,0.000000,0.000000,0.000000,92.874106,50.391306,155.645741
3904,2015,6,12,16,0.000000,0.000000,0.000000,88.725611,57.864731,156.983374
3905,2015,6,12,17,0.000000,0.000000,0.000000,84.359456,69.085776,166.385434
3906,2015,6,12,18,0.000000,0.000000,0.000000,105.158708,104.486808,191.209410
3907,2015,6,12,19,0.000000,0.000000,0.000000,99.742309,114.051289,199.764985
3908,2015,6,12,20,0.000000,0.000000,0.000000,100.189967,111.970847,188.564063
3909,2015,6,12,21,0.000000,0.000000,0.000000,91.909660,104.127000,179.560467
3910,2015,6,12,22,0.000000,0.000000,0.000000,82.610456,96.051776,172.873435
3911,2015,6,12,23,0.000000,0.000000,0.000000,57.419955,75.467615,160.782354
3912,2015,6,12,24,0.000000,0.000000,0.000000,69.231209,84.556289,163.825319
3913,2015,6,13,1,0.000000,0.000000,0.000000,65.780695,79.379955,151.170807
3914,2015,6,13,2,0.000000,0.000000,0.000000,74.527062,86.150902,153.614002
3915,2015,6,13,3,0.000000,0.000000,0.000000,80.602386,88.994226,146.631768
3916,2015,6,13,4,0.000000,0.000000,0.000000,82.015466,88.915786,141.555448
3917,2015,6,13,5,0.000000,0.000000,0.000000,85.632689,91.007429,139.259039
3918,2015,6,13,6,0.000000,0.000000,0.000000,94.982034,97.610974,138.911098
3919,2015,6,13,7,0.000000,0.000000,0.000000,99.316570,101.313750,141.742266
3920,2015,6,13,8,0.000000,0.000000,0.000000,101.247573,100.330473,144.250298
3921,2015,6,13,9,0.000000,0.000000,0.000000,107.181859,88.672939,147.884186
3922,2015,6,13,10,0.000000,0.000000,0.000000,106.910637,75.424337,151.244782
3923,2015,6,13,11,0.000000,0.000000,0.000000,105.191315,60.747315,142.616420
3924,2015,6,13,12,0.000000,0.000000,0.000000,99.906975,47.117615,130.458954
3925,2015,6,13,13,0.000000,0.000000,0.000000,96.730372,40.454712,126.870749
3926,2015,6,13,14,0.000000,0.000000,0.000000,95.808461,40.341261,126.031015
3927,2015,6,13,15,0.000000,0.000000,0.000000,95.232742,45.882082,126.740576
3928,2015,6,13,16,0.000000,0.000000,0.000000,93.790874,56.156994,132.129725
3929,2015,6,13,17,0.000000,0.000000,0.000000,97.709245,73.996625,144.803434
3930,2015,6,13,18,0.000000,0.000000,0.000000,113.435938,106.129018,171.282291
3931,2015,6,13,19,0.000000,0.000000,0.000000,119.563293,124.680233,183.296777
3932,2015,6,13,20,0.000000,0.000000,0.000000,115.287681,120.502461,178.052548
3933,2015,6,13,21,0.000000,0.000000,0.000000,111.801208,116.951328,173.102171
3934,2015,6,13,22,0.000000,0.000000,0.000000,108.061095,112.532615,164.948553
3935,2015,6,13,23,0.000000,0.000000,0.000000,109.315137,111.581897,156.331730
3936,2015,6,13,24,0.000000,0.000000,0.000000,106.228333,109.339993,156.158857
3937,2015,6,14,1,0.000000,0.000000,0.000000,103.886996,106.569256,151.033208
3938,2015,6,14,2,0.000000,0.000000,0.000000,105.350216,107.853876,152.150702
3939,2015,6,14,3,0.000000,0.000000,0.000000,102.174864,104.251484,145.924045
3940,2015,6,14,4,0.000000,0.000000,0.000000,98.336432,100.299272,140.275162
3941,2015,6,14,5,0.000000,0.000000,0.000000,96.259342,98.077022,136.828296
3942,2015,6,14,6,0.000000,0.000000,0.000000,96.568911,98.128451,136.036401
3943,2015,6,14,7,0.000000,0.000000,0.000000,96.536796,98.584796,138.273061
3944,2015,6,14,8,0.000000,0.000000,0.000000,96.344913,95.757493,139.251924
3945,2015,6,14,9,0.000000,0.000000,0.000000,98.321357,80.027337,137.073049
3946,2015,6,14,10,0.000000,0.000000,0.000000,99.233938,66.265318,134.091691
3947,2015,6,14,11,0.000000,0.000000,0.000000,100.385754,54.554554,129.735405
3948,2015,6,14,12,0.000000,0.000000,0.000000,96.322347,42.726627,121.916436
3949,2015,6,14,13,0.000000,0.000000,0.000000,89.784979,33.607859,118.070078
3950,2015,6,14,14,0.000000,0.000000,0.000000,87.344776,32.425476,117.302968
3951,2015,6,14,15,0.000000,0.000000,0.000000,87.890340,38.877020,118.524960
3952,2015,6,14,16,0.000000,0.000000,0.000000,90.771064,52.560304,125.411205
3953,2015,6,14,17,0.000000,0.000000,0.000000,94.554011,70.737751,140.112802
3954,2015,6,14,18,0.000000,0.000000,0.000000,117.573103,107.993983,166.194911
3955,2015,6,14,19,0.000000,0.000000,0.000000,124.011946,126.438346,176.672462
3956,2015,6,14,20,0.000000,0.000000,0.000000,120.387452,122.754172,171.561296
3957,2015,6,14,21,0.000000,0.000000,0.000000,117.449956,119.576696,166.524728
3958,2015,6,14,22,0.000000,0.000000,0.000000,111.507217,113.474377,157.856369
3959,2015,6,14,23,0.000000,0.000000,0.000000,111.112224,111.760284,151.173912
3960,2015,6,14,24,0.000000,0.000000,0.000000,112.589078,112.589078,150.118771
3961,2015,6,15,1,0.000000,0.000000,0.000000,108.744174,108.744174,144.992231
3962,2015,6,15,2,0.000000,0.000000,0.000000,110.341268,110.341268,147.121691
3963,2015,6,15,3,0.000000,0.000000,0.000000,107.556232,107.556232,143.408309
3964,2015,6,15,4,0.000000,0.000000,0.000000,105.476094,105.476094,140.634791
3965,2015,6,15,5,0.000000,0.000000,0.000000,104.517497,104.517497,139.356662
3966,2015,6,15,6,0.000000,0.000000,0.000000,107.274094,107.274094,143.032125
3967,2015,6,15,7,0.000000,0.000000,0.000000,122.389107,122.389107,163.185475
3968,2015,6,15,8,0.000000,0.000000,0.000000,143.084505,140.003725,189.935700
3969,2015,6,15,9,0.000000,0.000000,0.000000,153.472727,132.950467,200.209756
3970,2015,6,15,10,0.000000,0.000000,0.000000,148.378996,113.226416,189.426622
3971,2015,6,15,11,0.000000,0.000000,0.000000,135.925596,89.456936,174.147048
3972,2015,6,15,12,0.000000,0.000000,0.000000,126.952951,73.151411,161.796748
3973,2015,6,15,13,0.000000,0.000000,0.000000,114.300641,58.402681,152.060375
3974,2015,6,15,14,0.000000,0.000000,0.000000,117.409715,60.584855,148.496940
3975,2015,6,15,15,0.000000,0.000000,0.000000,112.658910,62.791770,147.565226
3976,2015,6,15,16,0.000000,0.000000,0.000000,111.100330,72.547470,150.920427
3977,2015,6,15,17,0.000000,0.000000,0.000000,112.527522,88.511722,163.146296
3978,2015,6,15,18,0.000000,0.000000,0.000000,133.864163,127.689843,203.805390
3979,2015,6,15,19,0.000000,0.000000,0.000000,139.440750,146.114770,217.066427
3980,2015,6,15,20,0.000000,0.000000,0.000000,129.543938,136.440598,204.909665
3981,2015,6,15,21,0.000000,0.000000,0.000000,116.441280,124.529760,193.001280
3982,2015,6,15,22,0.000000,0.000000,0.000000,109.889049,116.509769,177.415425
3983,2015,6,15,23,0.000000,0.000000,0.000000,112.475495,115.627975,164.678900
3984,2015,6,15,24,0.000000,0.000000,0.000000,107.136471,111.113851,161.409735
3985,2015,6,16,1,0.000000,0.000000,0.000000,93.669982,97.603042,143.247589
3986,2015,6,16,2,0.000000,0.000000,0.000000,93.965990,98.374110,145.859213
3987,2015,6,16,3,0.000000,0.000000,0.000000,93.408232,97.108892,141.814056
3988,2015,6,16,4,0.000000,0.000000,0.000000,95.239557,97.665697,138.308063
3989,2015,6,16,5,0.000000,0.000000,0.000000,99.440637,100.514997,137.601197
3990,2015,6,16,6,0.000000,0.000000,0.000000,105.619745,105.793865,141.638886
3991,2015,6,16,7,0.000000,0.000000,0.000000,119.751538,119.751538,159.668717
3992,2015,6,16,8,0.000000,0.000000,0.000000,137.565026,134.709626,183.628168
3993,2015,6,16,9,0.000000,0.000000,0.000000,144.808113,125.403033,193.870443
3994,2015,6,16,10,0.000000,0.000000,0.000000,145.481068,110.726108,187.418277
3995,2015,6,16,11,0.000000,0.000000,0.000000,134.645099,88.094759,172.058546
3996,2015,6,16,12,0.000000,0.000000,0.000000,122.584134,69.027874,157.116299
3997,2015,6,16,13,0.000000,0.000000,0.000000,119.203313,61.732853,151.258937
3998,2015,6,16,14,0.000000,0.000000,0.000000,119.244237,62.702057,152.262143
3999,2015,6,16,15,0.000000,0.000000,0.000000,114.695038,65.255078,152.273570
4000,2015,6,16,16,0.000000,0.000000,0.000000,111.637697,74.062177,156.197836
4001,2015,6,16,17,0.000000,0.000000,0.000000,116.315427,92.952447,171.243329
4002,2015,6,16,18,0.000000,0.000000,0.000000,135.657879,129.664019,207.039159
4003,2015,6,16,19,0.000000,0.000000,0.000000,142.899976,149.316496,220.477061
4004,2015,6,16,20,0.000000,0.000000,0.000000,138.910240,144.397560,210.821147
4005,2015,6,16,21,0.000000,0.000000,0.000000,126.457644,132.357424,196.142498
4006,2015,6,16,22,0.000000,0.000000,0.000000,112.936748,118.967948,178.727931
4007,2015,6,16,23,0.000000,0.000000,0.000000,106.577191,111.139191,163.392254
4008,2015,6,16,24,0.000000,0.000000,0.000000,88.358846,97.145806,158.817607
4009,2015,6,17,1,0.000000,0.000000,0.000000,81.207876,89.485156,146.904475
4010,2015,6,17,2,0.000000,0.000000,0.000000,79.616407,88.720747,148.642129
4011,2015,6,17,3,0.000000,0.000000,0.000000,73.119270,82.921330,143.235306
4012,2015,6,17,4,0.000000,0.000000,0.000000,67.068109,77.683089,138.960718
4013,2015,6,17,5,0.000000,0.000000,0.000000,57.968134,71.015454,138.178339
4014,2015,6,17,6,0.000000,0.000000,0.000000,57.389578,71.459018,142.176824
4015,2015,6,17,7,0.000000,0.000000,0.000000,69.736532,85.072552,164.550136
4016,2015,6,17,8,0.000000,0.000000,0.000000,83.630290,97.629030,190.367839
4017,2015,6,17,9,0.000000,0.000000,0.000000,90.093273,87.212033,198.028577
4018,2015,6,17,10,0.000000,0.000000,0.000000,87.496069,70.436089,192.681518
4019,2015,6,17,11,0.000000,0.000000,0.000000,78.884623,49.261803,176.706338
4020,2015,6,17,12,0.000000,0.000000,0.000000,71.361837,33.739857,163.179876
4021,2015,6,17,13,0.000000,0.000000,0.000000,68.311249,26.700529,157.414973
4022,2015,6,17,14,0.000000,0.000000,0.000000,68.770760,27.965600,158.403601
4023,2015,6,17,15,0.000000,0.000000,0.000000,63.805344,29.402024,154.591632
4024,2015,6,17,16,0.000000,0.000000,0.000000,62.947565,39.739465,158.325620
4025,2015,6,17,17,0.000000,0.000000,0.000000,69.589519,59.985479,173.150505
4026,2015,6,17,18,0.000000,0.000000,0.000000,86.063954,93.263314,202.482285
4027,2015,6,17,19,0.000000,0.000000,0.000000,84.379814,104.379274,205.837232
4028,2015,6,17,20,0.000000,0.000000,0.000000,72.496879,92.494899,189.986599
4029,2015,6,17,21,0.000000,0.000000,0.000000,63.735526,83.617266,177.762154
4030,2015,6,17,22,0.000000,0.000000,0.000000,56.368397,76.157637,167.507650
4031,2015,6,17,23,0.000000,0.000000,0.000000,43.630778,63.437218,150.604424
4032,2015,6,17,24,0.000000,0.000000,0.000000,43.573601,63.192801,149.654401
4033,2015,6,18,1,0.000000,0.000000,0.000000,39.482803,58.925123,143.374564
4034,2015,6,18,2,0.000000,0.000000,0.000000,40.378840,59.786840,144.409120
4035,2015,6,18,3,0.000000,0.000000,0.000000,35.183883,55.151223,140.092763
4036,2015,6,18,4,0.000000,0.000000,0.000000,41.977940,59.358620,137.080427
4037,2015,6,18,5,0.000000,0.000000,0.000000,50.722436,64.924616,133.906755
4038,2015,6,18,6,0.000000,0.000000,0.000000,63.509136,74.975216,138.187222
4039,2015,6,18,7,0.000000,0.000000,0.000000,56.996852,72.899292,150.207190
4040,2015,6,18,8,0.000000,0.000000,0.000000,63.431931,79.369751,172.485735
4041,2015,6,18,9,0.000000,0.000000,0.000000,66.629328,64.511348,170.305197
4042,2015,6,18,10,0.000000,0.000000,0.000000,69.093707,50.998067,163.311956
4043,2015,6,18,11,0.000000,0.000000,0.000000,73.217365,41.866185,161.084313
4044,2015,6,18,12,0.000000,0.000000,0.000000,76.430668,36.381548,158.611664
4045,2015,6,18,13,0.000000,0.000000,0.000000,67.824877,24.243257,147.568943
4046,2015,6,18,14,0.000000,0.000000,0.000000,66.922845,24.639265,149.040420
4047,2015,6,18,15,0.000000,0.000000,0.000000,68.900518,32.218178,150.749771
4048,2015,6,18,16,0.000000,0.000000,0.000000,66.942455,41.655295,153.949860
4049,2015,6,18,17,0.000000,0.000000,0.000000,70.188706,58.663806,164.985408
4050,2015,6,18,18,0.000000,0.000000,0.000000,91.661091,97.276851,202.555001
4051,2015,6,18,19,0.000000,0.000000,0.000000,95.325128,114.539328,216.766437
4052,2015,6,18,20,0.000000,0.000000,0.000000,86.483784,105.155664,202.447151
4053,2015,6,18,21,0.000000,0.000000,0.000000,76.305285,95.221865,190.017754
4054,2015,6,18,22,0.000000,0.000000,0.000000,70.537315,89.062295,180.499661
4055,2015,6,18,23,0.000000,0.000000,0.000000,57.676752,76.900452,166.612936
4056,2015,6,18,24,0.000000,0.000000,0.000000,55.015519,74.679379,165.118706
4057,2015,6,19,1,0.000000,0.000000,0.000000,48.297089,67.901409,155.882946
4058,2015,6,19,2,0.000000,0.000000,0.000000,49.300686,69.041006,157.855741
4059,2015,6,19,3,0.000000,0.000000,0.000000,45.645445,65.421905,153.150740
4060,2015,6,19,4,0.000000,0.000000,0.000000,43.969714,63.537854,149.944272
4061,2015,6,19,5,0.000000,0.000000,0.000000,44.532607,63.826007,149.412676
4062,2015,6,19,6,0.000000,0.000000,0.000000,47.444431,66.754751,153.374068
4063,2015,6,19,7,0.000000,0.000000,0.000000,59.084741,78.792341,170.748455
4064,2015,6,19,8,0.000000,0.000000,0.000000,74.354548,91.051348,190.591130
4065,2015,6,19,9,0.000000,0.000000,0.000000,85.327841,83.704941,197.546922
4066,2015,6,19,10,0.000000,0.000000,0.000000,80.429326,63.604686,184.357447
4067,2015,6,19,11,0.000000,0.000000,0.000000,72.620411,43.017151,168.445335
4068,2015,6,19,12,0.000000,0.000000,0.000000,68.000470,30.398970,158.793626
4069,2015,6,19,13,0.000000,0.000000,0.000000,63.198261,21.591241,150.614921
4070,2015,6,19,14,0.000000,0.000000,0.000000,62.483283,21.681563,150.036351
4071,2015,6,19,15,0.000000,0.000000,0.000000,61.126620,26.719040,151.000119
4072,2015,6,19,16,0.000000,0.000000,0.000000,60.792558,37.589018,155.473557
4073,2015,6,19,17,0.000000,0.000000,0.000000,64.594692,54.984672,166.462830
4074,2015,6,19,18,0.000000,0.000000,0.000000,80.395099,87.591799,194.911399
4075,2015,6,19,19,0.000000,0.000000,0.000000,83.373320,103.295880,204.136373
4076,2015,6,19,20,0.000000,0.000000,0.000000,74.265803,93.785383,190.112445
4077,2015,6,19,21,0.000000,0.000000,0.000000,72.321278,91.113578,184.125770
4078,2015,6,19,22,0.000000,0.000000,0.000000,65.664111,84.592591,175.885054
4079,2015,6,19,23,0.000000,0.000000,0.000000,55.550109,74.606449,162.996398
4080,2015,6,19,24,0.000000,0.000000,0.000000,54.916403,74.305683,163.705178
4081,2015,6,20,1,0.000000,0.000000,0.000000,47.850481,67.489821,155.450894
4082,2015,6,20,2,0.000000,0.000000,0.000000,49.903442,69.075882,156.009310
4083,2015,6,20,3,0.000000,0.000000,0.000000,46.830096,65.528336,149.698582
4084,2015,6,20,4,0.000000,0.000000,0.000000,49.092503,66.526503,146.815338
4085,2015,6,20,5,0.000000,0.000000,0.000000,51.028163,67.527503,145.034470
4086,2015,6,20,6,0.000000,0.000000,0.000000,55.002912,70.484372,145.584029
4087,2015,6,20,7,0.000000,0.000000,0.000000,58.062433,73.163673,147.889031
4088,2015,6,20,8,0.000000,0.000000,0.000000,55.114338,68.939198,151.535130
4089,2015,6,20,9,0.000000,0.000000,0.000000,53.751540,51.108680,150.685374
4090,2015,6,20,10,0.000000,0.000000,0.000000,55.714740,37.945780,146.997841
4091,2015,6,20,11,0.000000,0.000000,0.000000,52.885382,21.923182,135.790242
4092,2015,6,20,12,0.000000,0.000000,0.000000,49.400590,10.363350,127.293666
4093,2015,6,20,13,0.000000,0.000000,0.000000,44.675151,2.067891,121.249654
4094,2015,6,20,14,0.000000,0.000000,0.000000,47.584157,4.634237,120.145916
4095,2015,6,20,15,0.000000,0.000000,0.000000,47.346540,10.509540,121.289387
4096,2015,6,20,16,0.000000,0.000000,0.000000,50.510176,23.850796,125.636461
4097,2015,6,20,17,0.000000,0.000000,0.000000,59.518261,45.040321,136.977295
4098,2015,6,20,18,0.000000,0.000000,0.000000,78.706687,80.533907,167.602609
4099,2015,6,20,19,0.000000,0.000000,0.000000,92.113128,103.882328,177.740438
4100,2015,6,20,20,0.000000,0.000000,0.000000,102.628173,110.399433,173.103444
4101,2015,6,20,21,0.000000,0.000000,0.000000,106.592064,111.395924,164.540765
4102,2015,6,20,22,0.000000,0.000000,0.000000,105.720337,109.388537,158.078716
4103,2015,6,20,23,0.000000,0.000000,0.000000,109.094871,110.935831,154.050975
4104,2015,6,20,24,0.000000,0.000000,0.000000,114.229786,114.998026,155.891501
4105,2015,6,21,1,0.000000,0.000000,0.000000,111.608939,112.353379,152.285972
4106,2015,6,21,2,0.000000,0.000000,0.000000,115.851671,115.851671,154.468895
4107,2015,6,21,3,0.000000,0.000000,0.000000,111.268307,111.268307,148.357742
4108,2015,6,21,4,0.000000,0.000000,0.000000,108.251043,108.251043,144.334724
4109,2015,6,21,5,0.000000,0.000000,0.000000,104.151365,104.549745,140.727593
4110,2015,6,21,6,0.000000,0.000000,0.000000,104.259519,104.456859,139.933612
4111,2015,6,21,7,0.000000,0.000000,0.000000,106.712572,106.904592,143.179523
4112,2015,6,21,8,0.000000,0.000000,0.000000,109.894996,106.694996,145.126662
4113,2015,6,21,9,0.000000,0.000000,0.000000,114.385998,92.785998,143.064664
4114,2015,6,21,10,0.000000,0.000000,0.000000,116.286390,79.486390,138.948521
4115,2015,6,21,11,0.000000,0.000000,0.000000,116.813621,67.213621,134.051495
4116,2015,6,21,12,0.000000,0.000000,0.000000,115.873417,58.273417,129.297889
4117,2015,6,21,13,0.000000,0.000000,0.000000,114.616068,53.168288,126.581784
4118,2015,6,21,14,0.000000,0.000000,0.000000,112.852833,52.372533,125.362378
4119,2015,6,21,15,0.000000,0.000000,0.000000,109.536740,55.842100,125.540667
4120,2015,6,21,16,0.000000,0.000000,0.000000,108.610638,66.464078,130.830238
4121,2015,6,21,17,0.000000,0.000000,0.000000,113.409071,84.634251,142.112935
4122,2015,6,21,18,0.000000,0.000000,0.000000,130.873239,118.698879,171.817305
4123,2015,6,21,19,0.000000,0.000000,0.000000,134.423408,135.493468,184.224825
4124,2015,6,21,20,0.000000,0.000000,0.000000,131.779408,132.539068,179.250957
4125,2015,6,21,21,0.000000,0.000000,0.000000,127.537695,128.602475,175.019234
4126,2015,6,21,22,0.000000,0.000000,0.000000,117.261803,119.091803,164.889071
4127,2015,6,21,23,0.000000,0.000000,0.000000,112.924762,113.578782,153.618443
4128,2015,6,21,24,0.000000,0.000000,0.000000,114.556653,114.556653,152.742204
4129,2015,6,22,1,0.000000,0.000000,0.000000,111.042223,111.193483,148.762177
4130,2015,6,22,2,0.000000,0.000000,0.000000,113.230164,113.230164,150.973552
4131,2015,6,22,3,0.000000,0.000000,0.000000,109.962019,110.131279,147.405906
4132,2015,6,22,4,0.000000,0.000000,0.000000,107.843164,108.008084,144.560512
4133,2015,6,22,5,0.000000,0.000000,0.000000,106.332106,106.538126,142.737569
4134,2015,6,22,6,0.000000,0.000000,0.000000,109.967368,109.967368,146.623157
4135,2015,6,22,7,0.000000,0.000000,0.000000,125.770192,125.770192,167.693589
4136,2015,6,22,8,0.000000,0.000000,0.000000,147.221233,144.146653,195.480270
4137,2015,6,22,9,0.000000,0.000000,0.000000,160.693212,139.278532,205.672443
4138,2015,6,22,10,0.000000,0.000000,0.000000,156.801715,120.373935,194.705980
4139,2015,6,22,11,0.000000,0.000000,0.000000,148.796445,99.612045,178.634726
4140,2015,6,22,12,0.000000,0.000000,0.000000,141.220701,84.332301,166.415068
4141,2015,6,22,13,0.000000,0.000000,0.000000,133.655022,73.209942,156.646322
4142,2015,6,22,14,0.000000,0.000000,0.000000,127.903180,68.977540,152.684587
4143,2015,6,22,15,0.000000,0.000000,0.000000,123.780680,71.552260,151.374946
4144,2015,6,22,16,0.000000,0.000000,0.000000,126.262562,84.125342,154.409722
4145,2015,6,22,17,0.000000,0.000000,0.000000,131.357921,102.559901,165.936468
4146,2015,6,22,18,0.000000,0.000000,0.000000,154.451118,142.863058,205.990543
4147,2015,6,22,19,0.000000,0.000000,0.000000,161.246300,162.145620,219.191893
4148,2015,6,22,20,0.000000,0.000000,0.000000,149.614577,151.052857,206.198076
4149,2015,6,22,21,0.000000,0.000000,0.000000,137.721890,139.867810,193.643480
4150,2015,6,22,22,0.000000,0.000000,0.000000,122.708317,125.677577,177.467636
4151,2015,6,22,23,0.000000,0.000000,0.000000,113.431180,116.307880,164.666174
4152,2015,6,22,24,0.000000,0.000000,0.000000,107.291652,111.297672,161.750295
4153,2015,6,23,1,0.000000,0.000000,0.000000,99.057470,102.823050,149.649333
4154,2015,6,23,2,0.000000,0.000000,0.000000,100.888333,104.806473,152.802431
4155,2015,6,23,3,0.000000,0.000000,0.000000,95.193991,99.068731,145.007441
4156,2015,6,23,4,0.000000,0.000000,0.000000,93.502093,97.190433,141.881710
4157,2015,6,23,5,0.000000,0.000000,0.000000,95.460045,98.418545,141.086393
4158,2015,6,23,6,0.000000,0.000000,0.000000,94.530106,98.359606,143.911142
4159,2015,6,23,7,0.000000,0.000000,0.000000,106.096880,111.594720,167.119093
4160,2015,6,23,8,0.000000,0.000000,0.000000,120.791162,124.832082,193.445843
4161,2015,6,23,9,0.000000,0.000000,0.000000,122.545065,110.986925,200.805433
4162,2015,6,23,10,0.000000,0.000000,0.000000,115.180216,90.382356,193.483608
4163,2015,6,23,11,0.000000,0.000000,0.000000,105.548478,68.723958,178.650211
4164,2015,6,23,12,0.000000,0.000000,0.000000,98.461883,53.807263,166.494284
4165,2015,6,23,13,0.000000,0.000000,0.000000,93.975434,45.150054,157.965472
4166,2015,6,23,14,0.000000,0.000000,0.000000,94.177958,45.939618,157.591691
4167,2015,6,23,15,0.000000,0.000000,0.000000,91.677891,49.003211,153.155348
4168,2015,6,23,16,0.000000,0.000000,0.000000,90.099629,58.459989,155.181185
4169,2015,6,23,17,0.000000,0.000000,0.000000,107.130515,86.444955,171.491407
4170,2015,6,23,18,0.000000,0.000000,0.000000,137.900260,131.337440,207.373854
4171,2015,6,23,19,0.000000,0.000000,0.000000,144.302823,149.429663,216.329018
4172,2015,6,23,20,0.000000,0.000000,0.000000,137.342199,141.906499,204.422999
4173,2015,6,23,21,0.000000,0.000000,0.000000,126.983516,131.366996,189.767595
4174,2015,6,23,22,0.000000,0.000000,0.000000,118.629639,122.088199,174.312799
4175,2015,6,23,23,0.000000,0.000000,0.000000,116.155075,116.964655,158.651474
4176,2015,6,23,24,0.000000,0.000000,0.000000,116.295187,116.295187,155.060250
4177,2015,6,24,1,0.000000,0.000000,0.000000,107.551830,107.961470,145.314093
4178,2015,6,24,2,0.000000,0.000000,0.000000,110.424748,110.603188,148.065717
4179,2015,6,24,3,0.000000,0.000000,0.000000,106.321621,106.472301,142.465335
4180,2015,6,24,4,0.000000,0.000000,0.000000,103.833831,103.833831,138.445108
4181,2015,6,24,5,0.000000,0.000000,0.000000,102.697745,102.848785,137.635180
4182,2015,6,24,6,0.000000,0.000000,0.000000,104.029479,104.711279,141.887706
4183,2015,6,24,7,0.000000,0.000000,0.000000,116.969531,118.566431,163.411575
4184,2015,6,24,8,0.000000,0.000000,0.000000,131.874444,131.580904,187.996072
4185,2015,6,24,9,0.000000,0.000000,0.000000,134.271454,117.491714,192.073152
4186,2015,6,24,10,0.000000,0.000000,0.000000,130.376521,99.624801,185.960669
4187,2015,6,24,11,0.000000,0.000000,0.000000,123.037394,79.298134,169.699978
4188,2015,6,24,12,0.000000,0.000000,0.000000,117.788547,65.971487,158.838449
4189,2015,6,24,13,0.000000,0.000000,0.000000,110.656657,55.392097,150.157596
4190,2015,6,24,14,0.000000,0.000000,0.000000,109.265192,54.892152,149.079403
4191,2015,6,24,15,0.000000,0.000000,0.000000,105.580539,57.651919,147.173826
4192,2015,6,24,16,0.000000,0.000000,0.000000,100.338278,64.803238,150.654183
4193,2015,6,24,17,0.000000,0.000000,0.000000,96.088150,75.920830,159.186706
4194,2015,6,24,18,0.000000,0.000000,0.000000,121.125342,116.041962,191.911350
4195,2015,6,24,19,0.000000,0.000000,0.000000,125.582749,133.251289,203.230185
4196,2015,6,24,20,0.000000,0.000000,0.000000,118.309409,125.589569,191.719958
4197,2015,6,24,21,0.000000,0.000000,0.000000,106.917041,114.899541,179.807722
4198,2015,6,24,22,0.000000,0.000000,0.000000,96.298316,105.425816,170.992755
4199,2015,6,24,23,0.000000,0.000000,0.000000,91.925007,98.417107,152.863143
4200,2015,6,24,24,0.000000,0.000000,0.000000,87.919794,95.145814,150.947818
4201,2015,6,25,1,0.000000,0.000000,0.000000,81.930626,89.333266,143.786488
4202,2015,6,25,2,0.000000,0.000000,0.000000,81.037575,88.832555,144.426674
4203,2015,6,25,3,0.000000,0.000000,0.000000,78.203359,85.782799,139.641866
4204,2015,6,25,4,0.000000,0.000000,0.000000,81.079749,86.972049,135.603732
4205,2015,6,25,5,0.000000,0.000000,0.000000,85.784898,90.181858,134.899011
4206,2015,6,25,6,0.000000,0.000000,0.000000,92.538582,96.071742,139.872856
4207,2015,6,25,7,0.000000,0.000000,0.000000,97.791221,102.879501,154.133601
4208,2015,6,25,8,0.000000,0.000000,0.000000,98.738657,105.037337,174.578716
4209,2015,6,25,9,0.000000,0.000000,0.000000,96.770198,86.702738,173.395451
4210,2015,6,25,10,0.000000,0.000000,0.000000,95.125969,69.844749,164.488932
4211,2015,6,25,11,0.000000,0.000000,0.000000,87.397504,50.157784,152.511312
4212,2015,6,25,12,0.000000,0.000000,0.000000,79.313154,35.122834,143.129379
4213,2015,6,25,13,0.000000,0.000000,0.000000,72.627007,25.799007,138.822009
4214,2015,6,25,14,0.000000,0.000000,0.000000,73.334787,27.082067,139.067022
4215,2015,6,25,15,0.000000,0.000000,0.000000,70.048218,30.828778,140.440237
4216,2015,6,25,16,0.000000,0.000000,0.000000,70.944261,43.065661,147.192215
4217,2015,6,25,17,0.000000,0.000000,0.000000,72.476975,58.911495,158.513727
4218,2015,6,25,18,0.000000,0.000000,0.000000,82.266330,87.002150,185.922267
4219,2015,6,25,19,0.000000,0.000000,0.000000,85.308621,103.243301,197.440001
4220,2015,6,25,20,0.000000,0.000000,0.000000,77.585540,95.515420,187.120160
4221,2015,6,25,21,0.000000,0.000000,0.000000,73.835380,91.431240,180.561187
4222,2015,6,25,22,0.000000,0.000000,0.000000,68.417151,84.986251,168.545335
4223,2015,6,25,23,0.000000,0.000000,0.000000,55.313382,72.739422,155.072696
4224,2015,6,25,24,0.000000,0.000000,0.000000,53.841103,71.473723,154.073697
4225,2015,6,26,1,0.000000,0.000000,0.000000,50.522614,67.606434,147.087978
4226,2015,6,26,2,0.000000,0.000000,0.000000,52.827423,69.423523,147.885031
4227,2015,6,26,3,0.000000,0.000000,0.000000,52.843286,68.095646,141.635395
4228,2015,6,26,4,0.000000,0.000000,0.000000,50.712726,65.652646,137.336595
4229,2015,6,26,5,0.000000,0.000000,0.000000,54.854657,68.120357,135.046143
4230,2015,6,26,6,0.000000,0.000000,0.000000,53.954362,68.757202,141.019069
4231,2015,6,26,7,0.000000,0.000000,0.000000,66.816820,80.325020,152.127360
4232,2015,6,26,8,0.000000,0.000000,0.000000,84.191552,94.720672,174.924629
4233,2015,6,26,9,0.000000,0.000000,0.000000,84.308536,78.390696,176.144795
4234,2015,6,26,10,0.000000,0.000000,0.000000,83.734876,63.739636,173.968715
4235,2015,6,26,11,0.000000,0.000000,0.000000,78.721940,46.700160,165.294280
4236,2015,6,26,12,0.000000,0.000000,0.000000,91.518028,46.876368,157.296291
4237,2015,6,26,13,0.000000,0.000000,0.000000,96.288222,45.760402,153.104469
4238,2015,6,26,14,0.000000,0.000000,0.000000,90.867114,42.539774,152.761899
4239,2015,6,26,15,0.000000,0.000000,0.000000,89.946443,48.601543,157.052391
4240,2015,6,26,16,0.000000,0.000000,0.000000,94.557177,63.366777,163.221036
4241,2015,6,26,17,0.000000,0.000000,0.000000,102.665011,83.273811,171.577748
4242,2015,6,26,18,0.000000,0.000000,0.000000,114.812441,112.537901,196.602068
4243,2015,6,26,19,0.000000,0.000000,0.000000,110.070210,121.510710,200.149279
4244,2015,6,26,20,0.000000,0.000000,0.000000,108.615541,117.980621,188.524428
4245,2015,6,26,21,0.000000,0.000000,0.000000,105.848350,114.535550,181.671400
4246,2015,6,26,22,0.000000,0.000000,0.000000,102.810656,110.303836,172.049047
4247,2015,6,26,23,0.000000,0.000000,0.000000,97.690147,104.188007,160.576876
4248,2015,6,26,24,0.000000,0.000000,0.000000,89.222676,98.439876,161.977168
4249,2015,6,27,1,0.000000,0.000000,0.000000,86.927966,95.351166,155.212222
4250,2015,6,27,2,0.000000,0.000000,0.000000,97.432918,102.855158,155.214344
4251,2015,6,27,3,0.000000,0.000000,0.000000,97.907746,102.470866,151.838221
4252,2015,6,27,4,0.000000,0.000000,0.000000,86.929677,93.658617,147.307956
4253,2015,6,27,5,0.000000,0.000000,0.000000,80.536520,88.569960,144.871413
4254,2015,6,27,6,0.000000,0.000000,0.000000,94.869722,98.789802,144.786669
4255,2015,6,27,7,0.000000,0.000000,0.000000,101.004714,104.498274,150.976232
4256,2015,6,27,8,0.000000,0.000000,0.000000,107.865812,107.260872,154.531363
4257,2015,6,27,9,0.000000,0.000000,0.000000,118.192510,98.667290,157.822320
4258,2015,6,27,10,0.000000,0.000000,0.000000,125.401717,90.812997,161.421596
4259,2015,6,27,11,0.000000,0.000000,0.000000,123.222742,75.990942,153.648590
4260,2015,6,27,12,0.000000,0.000000,0.000000,120.945507,65.068247,144.100129
4261,2015,6,27,13,0.000000,0.000000,0.000000,115.841919,56.210199,136.691199
4262,2015,6,27,14,0.000000,0.000000,0.000000,114.811693,55.646913,134.113284
4263,2015,6,27,15,0.000000,0.000000,0.000000,112.632166,60.245366,135.771154
4264,2015,6,27,16,0.000000,0.000000,0.000000,113.062804,71.919544,141.448525
4265,2015,6,27,17,0.000000,0.000000,0.000000,116.968990,89.822150,154.456734
4266,2015,6,27,18,0.000000,0.000000,0.000000,130.061395,119.572315,178.599486
4267,2015,6,27,19,0.000000,0.000000,0.000000,133.624134,136.306934,190.685245
4268,2015,6,27,20,0.000000,0.000000,0.000000,127.021081,130.145961,183.944215
4269,2015,6,27,21,0.000000,0.000000,0.000000,122.970748,126.176028,178.918971
4270,2015,6,27,22,0.000000,0.000000,0.000000,115.940007,118.845807,168.147076
4271,2015,6,27,23,0.000000,0.000000,0.000000,112.598601,114.475761,158.891548
4272,2015,6,27,24,0.000000,0.000000,0.000000,114.879879,116.358559,160.073678
4273,2015,6,28,1,0.000000,0.000000,0.000000,108.648954,110.702134,154.446779
4274,2015,6,28,2,0.000000,0.000000,0.000000,106.803108,109.699308,155.919744
4275,2015,6,28,3,0.000000,0.000000,0.000000,101.987009,105.273289,151.318652
4276,2015,6,28,4,0.000000,0.000000,0.000000,100.808890,103.599990,147.436987
4277,2015,6,28,5,0.000000,0.000000,0.000000,101.012447,103.096567,144.409156
4278,2015,6,28,6,0.000000,0.000000,0.000000,103.116846,104.453506,143.726875
4279,2015,6,28,7,0.000000,0.000000,0.000000,97.605235,100.910715,145.565886
4280,2015,6,28,8,0.000000,0.000000,0.000000,97.004529,97.830169,146.725692
4281,2015,6,28,9,0.000000,0.000000,0.000000,100.727933,83.265453,144.162338
4282,2015,6,28,10,0.000000,0.000000,0.000000,102.637819,70.387579,141.982638
4283,2015,6,28,11,0.000000,0.000000,0.000000,101.173716,56.332976,135.408167
4284,2015,6,28,12,0.000000,0.000000,0.000000,95.559839,42.698179,124.325372
4285,2015,6,28,13,0.000000,0.000000,0.000000,90.303165,34.264605,119.407606
4286,2015,6,28,14,0.000000,0.000000,0.000000,85.554264,31.480444,118.861192
4287,2015,6,28,15,0.000000,0.000000,0.000000,81.077991,34.278451,119.772801
4288,2015,6,28,16,0.000000,0.000000,0.000000,81.399222,45.770762,124.966150
4289,2015,6,28,17,0.000000,0.000000,0.000000,87.181936,64.877876,137.340301
4290,2015,6,28,18,0.000000,0.000000,0.000000,103.823450,98.239370,166.505561
4291,2015,6,28,19,0.000000,0.000000,0.000000,110.386426,118.199706,183.643874
4292,2015,6,28,20,0.000000,0.000000,0.000000,104.111601,112.441861,177.690014
4293,2015,6,28,21,0.000000,0.000000,0.000000,96.321919,106.123419,174.169559
4294,2015,6,28,22,0.000000,0.000000,0.000000,102.101902,108.596442,166.443722
4295,2015,6,28,23,0.000000,0.000000,0.000000,102.964173,106.347313,153.073551
4296,2015,6,28,24,0.000000,0.000000,0.000000,94.899170,100.075850,150.690066
4297,2015,6,29,1,0.000000,0.000000,0.000000,88.553375,94.539095,146.004527
4298,2015,6,29,2,0.000000,0.000000,0.000000,86.478988,93.613868,148.601425
4299,2015,6,29,3,0.000000,0.000000,0.000000,84.962843,91.439463,143.508018
4300,2015,6,29,4,0.000000,0.000000,0.000000,83.155161,89.440381,140.204574
4301,2015,6,29,5,0.000000,0.000000,0.000000,80.953022,87.677342,139.317522
4302,2015,6,29,6,0.000000,0.000000,0.000000,88.155739,93.537199,142.654465
4303,2015,6,29,7,0.000000,0.000000,0.000000,83.216591,93.364451,158.312135
4304,2015,6,29,8,0.000000,0.000000,0.000000,85.117054,95.751494,176.650126
4305,2015,6,29,9,0.000000,0.000000,0.000000,86.162234,82.321114,188.307752
4306,2015,6,29,10,0.000000,0.000000,0.000000,86.294022,68.516662,187.731016
4307,2015,6,29,11,0.000000,0.000000,0.000000,79.924526,49.421246,173.984062
4308,2015,6,29,12,0.000000,0.000000,0.000000,72.076682,33.728962,160.746216
4309,2015,6,29,13,0.000000,0.000000,0.000000,65.155307,23.223667,151.709422
4310,2015,6,29,14,0.000000,0.000000,0.000000,64.525594,23.672814,152.521153
4311,2015,6,29,15,0.000000,0.000000,0.000000,60.700777,26.273797,150.341796
4312,2015,6,29,16,0.000000,0.000000,0.000000,61.901978,38.676718,156.851423
4313,2015,6,29,17,0.000000,0.000000,0.000000,66.344607,56.726407,168.757876
4314,2015,6,29,18,0.000000,0.000000,0.000000,87.058607,94.206227,203.567037
4315,2015,6,29,19,0.000000,0.000000,0.000000,91.499127,111.441667,215.064023
4316,2015,6,29,20,0.000000,0.000000,0.000000,80.830133,100.793213,200.934550
4317,2015,6,29,21,0.000000,0.000000,0.000000,69.596043,89.556543,185.943724
4318,2015,6,29,22,0.000000,0.000000,0.000000,60.512154,80.464274,173.792765
4319,2015,6,29,23,0.000000,0.000000,0.000000,48.180957,68.161997,157.486130
4320,2015,6,29,24,0.000000,0.000000,0.000000,45.470629,65.431109,153.776412
4321,2015,6,30,1,0.000000,0.000000,0.000000,40.093812,60.031332,146.500176
4322,2015,6,30,2,0.000000,0.000000,0.000000,42.066946,61.989606,149.061674
4323,2015,6,30,3,0.000000,0.000000,0.000000,38.579186,58.409006,143.978075
4324,2015,6,30,4,0.000000,0.000000,0.000000,37.861562,57.096582,140.245510
4325,2015,6,30,5,0.000000,0.000000,0.000000,38.559391,57.287471,138.810228
4326,2015,6,30,6,0.000000,0.000000,0.000000,46.204332,63.507692,142.354789
4327,2015,6,30,7,0.000000,0.000000,0.000000,60.386179,77.372919,159.786358
4328,2015,6,30,8,0.000000,0.000000,0.000000,68.864181,84.313321,177.448228
4329,2015,6,30,9,0.000000,0.000000,0.000000,87.072229,84.094169,193.548692
4330,2015,6,30,10,0.000000,0.000000,0.000000,96.693495,78.226295,198.377727
4331,2015,6,30,11,0.000000,0.000000,0.000000,96.086432,64.497472,190.466762
4332,2015,6,30,12,0.000000,0.000000,0.000000,95.416184,55.380844,183.989991
4333,2015,6,30,13,0.000000,0.000000,0.000000,91.723124,48.394524,180.614033
4334,2015,6,30,14,0.000000,0.000000,0.000000,93.892698,50.598158,180.282410
4335,2015,6,30,15,0.000000,0.000000,0.000000,94.552132,57.438892,182.941055
4336,2015,6,30,16,0.000000,0.000000,0.000000,98.921700,71.779300,187.931067
4337,2015,6,30,17,0.000000,0.000000,0.000000,105.130668,90.048868,194.975824
4338,2015,6,30,18,0.000000,0.000000,0.000000,114.993161,116.912101,216.412602
4339,2015,6,30,19,0.000000,0.000000,0.000000,114.979103,129.410223,220.650697
4340,2015,6,30,20,0.000000,0.000000,0.000000,108.289831,122.751111,211.872415
4341,2015,6,30,21,0.000000,0.000000,0.000000,92.550694,107.322914,192.337951
4342,2015,6,30,22,0.000000,0.000000,0.000000,87.458401,100.995861,179.786015
4343,2015,6,30,23,0.000000,0.000000,0.000000,73.344345,88.507045,168.551727
4344,2015,6,30,24,0.000000,0.000000,0.000000,74.109439,88.139739,164.287319
4345,2015,7,1,1,0.000000,0.000000,0.000000,44.161593,63.381493,148.574991
4346,2015,7,1,2,0.000000,0.000000,0.000000,46.818512,65.667492,150.386589
4347,2015,7,1,3,0.000000,0.000000,0.000000,40.494272,60.203512,145.968816
4348,2015,7,1,4,0.000000,0.000000,0.000000,39.782169,58.852069,142.035758
4349,2015,7,1,5,0.000000,0.000000,0.000000,39.624978,58.422518,140.555157
4350,2015,7,1,6,0.000000,0.000000,0.000000,45.119837,63.131557,144.214476
4351,2015,7,1,7,0.000000,0.000000,0.000000,47.758012,67.403872,155.358030
4352,2015,7,1,8,0.000000,0.000000,0.000000,61.355036,77.347016,173.352622
4353,2015,7,1,9,0.000000,0.000000,0.000000,72.095865,68.882405,175.865007
4354,2015,7,1,10,0.000000,0.000000,0.000000,72.819734,53.084534,170.778712
4355,2015,7,1,11,0.000000,0.000000,0.000000,65.346266,32.523206,157.254075
4356,2015,7,1,12,0.000000,0.000000,0.000000,62.387463,19.978803,149.176204
4357,2015,7,1,13,0.000000,0.000000,0.000000,59.683083,13.279143,143.842390
4358,2015,7,1,14,0.000000,0.000000,0.000000,61.996224,16.138084,146.090312
4359,2015,7,1,15,0.000000,0.000000,0.000000,58.636427,18.633987,145.253850
4360,2015,7,1,16,0.000000,0.000000,0.000000,58.376942,29.498182,149.451709
4361,2015,7,1,17,0.000000,0.000000,0.000000,60.956148,47.247588,159.401584
4362,2015,7,1,18,0.000000,0.000000,0.000000,77.194538,79.547538,184.956718
4363,2015,7,1,19,0.000000,0.000000,0.000000,80.344416,100.188216,199.730288
4364,2015,7,1,20,0.000000,0.000000,0.000000,70.560337,90.506637,187.163182
4365,2015,7,1,21,0.000000,0.000000,0.000000,65.953437,85.771757,180.423409
4366,2015,7,1,22,0.000000,0.000000,0.000000,59.606536,79.395916,171.825822
4367,2015,7,1,23,0.000000,0.000000,0.000000,48.556219,68.115799,156.019665
4368,2015,7,1,24,0.000000,0.000000,0.000000,52.628774,70.820214,155.065086
4369,2015,7,2,1,0.000000,0.000000,0.000000,44.752377,63.792177,148.522236
4370,2015,7,2,2,0.000000,0.000000,0.000000,55.026465,71.514625,150.313367
4371,2015,7,2,3,0.000000,0.000000,0.000000,50.276016,66.983376,145.002368
4372,2015,7,2,4,0.000000,0.000000,0.000000,37.550537,57.013797,140.895929
4373,2015,7,2,5,0.000000,0.000000,0.000000,36.178715,55.711375,139.390700
4374,2015,7,2,6,0.000000,0.000000,0.000000,37.500465,57.345725,142.611834
4375,2015,7,2,7,0.000000,0.000000,0.000000,49.906378,68.490678,153.268570
4376,2015,7,2,8,0.000000,0.000000,0.000000,66.284245,80.514465,171.703353
4377,2015,7,2,9,0.000000,0.000000,0.000000,72.175402,68.149302,172.178736
4378,2015,7,2,10,0.000000,0.000000,0.000000,77.119838,55.320658,166.880277
4379,2015,7,2,11,0.000000,0.000000,0.000000,72.483573,36.991573,154.315431
4380,2015,7,2,12,0.000000,0.000000,0.000000,66.351817,22.063457,145.690076
4381,2015,7,2,13,0.000000,0.000000,0.000000,60.745906,13.913066,143.257955
4382,2015,7,2,14,0.000000,0.000000,0.000000,59.243696,13.619836,143.513582
4383,2015,7,2,15,0.000000,0.000000,0.000000,58.076067,17.912047,143.752662
4384,2015,7,2,16,0.000000,0.000000,0.000000,62.427270,33.047710,152.515080
4385,2015,7,2,17,0.000000,0.000000,0.000000,70.789320,55.393460,164.638414
4386,2015,7,2,18,0.000000,0.000000,0.000000,91.191040,90.987500,191.688200
4387,2015,7,2,19,0.000000,0.000000,0.000000,95.075552,111.032972,201.235362
4388,2015,7,2,20,0.000000,0.000000,0.000000,83.820350,99.475370,184.817227
4389,2015,7,2,21,0.000000,0.000000,0.000000,77.504229,93.401329,177.525439
4390,2015,7,2,22,0.000000,0.000000,0.000000,67.029533,84.351693,170.209457
4391,2015,7,2,23,0.000000,0.000000,0.000000,53.778644,71.608924,154.912832
4392,2015,7,2,24,0.000000,0.000000,0.000000,55.461722,72.505582,153.486977
4393,2015,7,3,1,0.000000,0.000000,0.000000,57.439952,74.031972,154.016029
4394,2015,7,3,2,0.000000,0.000000,0.000000,51.083243,69.901123,155.927764
4395,2015,7,3,3,0.000000,0.000000,0.000000,46.837416,65.800236,150.943048
4396,2015,7,3,4,0.000000,0.000000,0.000000,41.027340,60.789760,146.927746
4397,2015,7,3,5,0.000000,0.000000,0.000000,41.066431,60.671031,146.243375
4398,2015,7,3,6,0.000000,0.000000,0.000000,44.069743,63.473703,149.311470
4399,2015,7,3,7,0.000000,0.000000,0.000000,50.370500,70.003540,158.781521
4400,2015,7,3,8,0.000000,0.000000,0.000000,64.855132,80.717652,177.415270
4401,2015,7,3,9,0.000000,0.000000,0.000000,75.308541,72.193581,180.608241
4402,2015,7,3,10,0.000000,0.000000,0.000000,76.541450,57.210610,177.628013
4403,2015,7,3,11,0.000000,0.000000,0.000000,71.810054,38.788834,164.947712
4404,2015,7,3,12,0.000000,0.000000,0.000000,67.636155,24.706735,153.744246
4405,2015,7,3,13,0.000000,0.000000,0.000000,65.616814,18.510554,148.476539
4406,2015,7,3,14,0.000000,0.000000,0.000000,65.360199,18.922179,147.869505
4407,2015,7,3,15,0.000000,0.000000,0.000000,62.907327,22.024427,146.839570
4408,2015,7,3,16,0.000000,0.000000,0.000000,63.404856,33.562216,151.657487
4409,2015,7,3,17,0.000000,0.000000,0.000000,65.158178,50.634498,161.200397
4410,2015,7,3,18,0.000000,0.000000,0.000000,77.458982,80.124322,186.766896
4411,2015,7,3,19,0.000000,0.000000,0.000000,84.065175,102.736295,199.218794
4412,2015,7,3,20,0.000000,0.000000,0.000000,75.721808,94.279648,187.565664
4413,2015,7,3,21,0.000000,0.000000,0.000000,74.989650,92.511430,181.754507
4414,2015,7,3,22,0.000000,0.000000,0.000000,69.782398,86.596418,171.508624
4415,2015,7,3,23,0.000000,0.000000,0.000000,70.424489,84.583309,159.973812
4416,2015,7,3,24,0.000000,0.000000,0.000000,58.154964,76.172024,161.619565
4417,2015,7,4,1,0.000000,0.000000,0.000000,49.627366,68.513026,154.302902
4418,2015,7,4,2,0.000000,0.000000,0.000000,48.733201,68.039421,155.073294
4419,2015,7,4,3,0.000000,0.000000,0.000000,44.723867,63.892487,149.085383
4420,2015,7,4,4,0.000000,0.000000,0.000000,40.080607,59.748587,145.224716
4421,2015,7,4,5,0.000000,0.000000,0.000000,37.276452,57.009012,141.787215
4422,2015,7,4,6,0.000000,0.000000,0.000000,37.985068,57.579988,142.089717
4423,2015,7,4,7,0.000000,0.000000,0.000000,40.061927,59.969527,146.318036
4424,2015,7,4,8,0.000000,0.000000,0.000000,43.258866,58.901246,147.592928
4425,2015,7,4,9,0.000000,0.000000,0.000000,48.040203,45.269163,145.855417
4426,2015,7,4,10,0.000000,0.000000,0.000000,51.292427,31.555567,142.067889
4427,2015,7,4,11,0.000000,0.000000,0.000000,49.635105,16.047925,132.739967
4428,2015,7,4,12,0.000000,0.000000,0.000000,45.953987,2.836727,123.958103
4429,2015,7,4,13,0.000000,0.000000,0.000000,42.460396,-4.430544,118.606141
4430,2015,7,4,14,0.000000,0.000000,0.000000,43.326884,-2.982576,119.091699
4431,2015,7,4,15,0.000000,0.000000,0.000000,41.960325,1.335845,120.116193
4432,2015,7,4,16,0.000000,0.000000,0.000000,42.220465,13.065665,126.621554
4433,2015,7,4,17,0.000000,0.000000,0.000000,46.948222,32.435782,136.972909
4434,2015,7,4,18,0.000000,0.000000,0.000000,60.104488,63.049168,164.931158
4435,2015,7,4,19,0.000000,0.000000,0.000000,68.400304,87.300624,179.401899
4436,2015,7,4,20,0.000000,0.000000,0.000000,64.149279,82.888539,172.982252
4437,2015,7,4,21,0.000000,0.000000,0.000000,56.138115,75.187775,163.749234
4438,2015,7,4,22,0.000000,0.000000,0.000000,56.203769,74.175989,158.808719
4439,2015,7,4,23,0.000000,0.000000,0.000000,49.612477,68.745497,155.437395
4440,2015,7,4,24,0.000000,0.000000,0.000000,51.671535,70.560875,157.045634
4441,2015,7,5,1,0.000000,0.000000,0.000000,54.382617,71.603457,152.874076
4442,2015,7,5,2,0.000000,0.000000,0.000000,60.517031,76.492871,155.243295
4443,2015,7,5,3,0.000000,0.000000,0.000000,54.916153,71.298713,149.673484
4444,2015,7,5,4,0.000000,0.000000,0.000000,53.536142,69.264562,144.780816
4445,2015,7,5,5,0.000000,0.000000,0.000000,58.373435,72.061135,141.707180
4446,2015,7,5,6,0.000000,0.000000,0.000000,69.272337,79.674537,140.906717
4447,2015,7,5,7,0.000000,0.000000,0.000000,76.382661,84.832901,141.278002
4448,2015,7,5,8,0.000000,0.000000,0.000000,78.192165,82.593825,141.713967
4449,2015,7,5,9,0.000000,0.000000,0.000000,75.989718,63.909878,139.680371
4450,2015,7,5,10,0.000000,0.000000,0.000000,77.926200,49.034500,134.857000
4451,2015,7,5,11,0.000000,0.000000,0.000000,73.593044,31.887064,126.796153
4452,2015,7,5,12,0.000000,0.000000,0.000000,81.238498,27.112238,119.628783
4453,2015,7,5,13,0.000000,0.000000,0.000000,81.138089,22.428829,115.024238
4454,2015,7,5,14,0.000000,0.000000,0.000000,78.816637,21.628537,115.644382
4455,2015,7,5,15,0.000000,0.000000,0.000000,81.364027,29.002127,117.879837
4456,2015,7,5,16,0.000000,0.000000,0.000000,81.086811,40.561231,125.379707
4457,2015,7,5,17,0.000000,0.000000,0.000000,82.027894,57.665594,137.779792
4458,2015,7,5,18,0.000000,0.000000,0.000000,95.849511,88.830731,166.095041
4459,2015,7,5,19,0.000000,0.000000,0.000000,100.355620,110.685020,182.011360
4460,2015,7,5,20,0.000000,0.000000,0.000000,96.771116,107.585676,179.496101
4461,2015,7,5,21,0.000000,0.000000,0.000000,93.989687,104.610047,174.881262
4462,2015,7,5,22,0.000000,0.000000,0.000000,87.777748,97.892568,164.239490
4463,2015,7,5,23,0.000000,0.000000,0.000000,75.289240,87.122500,155.607533
4464,2015,7,5,24,0.000000,0.000000,0.000000,68.963335,82.747475,156.277100
4465,2015,7,6,1,0.000000,0.000000,0.000000,68.186899,81.447739,152.799785
4466,2015,7,6,2,0.000000,0.000000,0.000000,68.111332,81.837752,154.871736
4467,2015,7,6,3,0.000000,0.000000,0.000000,59.052150,74.312950,149.953266
4468,2015,7,6,4,0.000000,0.000000,0.000000,56.128665,71.467525,146.419567
4469,2015,7,6,5,0.000000,0.000000,0.000000,69.858989,80.994569,145.111359
4470,2015,7,6,6,0.000000,0.000000,0.000000,84.187515,92.014295,148.774994
4471,2015,7,6,7,0.000000,0.000000,0.000000,92.244297,99.637057,157.491942
4472,2015,7,6,8,0.000000,0.000000,0.000000,106.459825,110.652505,178.428940
4473,2015,7,6,9,0.000000,0.000000,0.000000,120.787125,105.450205,184.210540
4474,2015,7,6,10,0.000000,0.000000,0.000000,127.262526,94.794166,183.947688
4475,2015,7,6,11,0.000000,0.000000,0.000000,134.275560,84.271320,168.980960
4476,2015,7,6,12,0.000000,0.000000,0.000000,138.047337,77.036957,163.248010
4477,2015,7,6,13,0.000000,0.000000,0.000000,137.063177,72.265037,161.176249
4478,2015,7,6,14,0.000000,0.000000,0.000000,136.143849,71.935089,159.317585
4479,2015,7,6,15,0.000000,0.000000,0.000000,133.187735,73.686695,153.662127
4480,2015,7,6,16,0.000000,0.000000,0.000000,132.860634,84.219494,156.538859
4481,2015,7,6,17,0.000000,0.000000,0.000000,135.411571,102.261751,167.949601
4482,2015,7,6,18,0.000000,0.000000,0.000000,154.781520,138.468940,201.299987
4483,2015,7,6,19,0.000000,0.000000,0.000000,158.406325,158.787605,212.987740
4484,2015,7,6,20,0.000000,0.000000,0.000000,147.859856,148.261416,199.020421
4485,2015,7,6,21,0.000000,0.000000,0.000000,136.451055,137.319955,185.989606
4486,2015,7,6,22,0.000000,0.000000,0.000000,128.278937,129.305037,175.827049
4487,2015,7,6,23,0.000000,0.000000,0.000000,118.058631,118.503351,159.486868
4488,2015,7,6,24,0.000000,0.000000,0.000000,113.543848,114.928168,157.851957
4489,2015,7,7,1,0.000000,0.000000,0.000000,104.771391,106.700091,148.695788
4490,2015,7,7,2,0.000000,0.000000,0.000000,106.547215,108.700275,152.110567
4491,2015,7,7,3,0.000000,0.000000,0.000000,100.278293,102.840893,145.663190
4492,2015,7,7,4,0.000000,0.000000,0.000000,97.516164,100.203044,142.560326
4493,2015,7,7,5,0.000000,0.000000,0.000000,97.274521,99.877821,141.848094
4494,2015,7,7,6,0.000000,0.000000,0.000000,98.552955,101.403475,144.706366
4495,2015,7,7,7,0.000000,0.000000,0.000000,107.656142,111.840582,163.068909
4496,2015,7,7,8,0.000000,0.000000,0.000000,111.424429,114.017349,177.582865
4497,2015,7,7,9,0.000000,0.000000,0.000000,121.403978,107.086898,189.792263
4498,2015,7,7,10,0.000000,0.000000,0.000000,121.556596,90.904436,184.815382
4499,2015,7,7,11,0.000000,0.000000,0.000000,111.979021,68.204161,168.322681
4500,2015,7,7,12,0.000000,0.000000,0.000000,101.512360,47.742540,148.323987
4501,2015,7,7,13,0.000000,0.000000,0.000000,92.325133,35.957233,140.866645
4502,2015,7,7,14,0.000000,0.000000,0.000000,89.741927,34.991327,141.586436
4503,2015,7,7,15,0.000000,0.000000,0.000000,85.795175,37.007795,140.469127
4504,2015,7,7,16,0.000000,0.000000,0.000000,87.069113,49.067193,145.133190
4505,2015,7,7,17,0.000000,0.000000,0.000000,94.837807,70.793207,156.342276
4506,2015,7,7,18,0.000000,0.000000,0.000000,121.195004,112.855704,193.726605
4507,2015,7,7,19,0.000000,0.000000,0.000000,133.929257,141.554097,214.154929
4508,2015,7,7,20,0.000000,0.000000,0.000000,129.845652,136.270812,203.111616
4509,2015,7,7,21,0.000000,0.000000,0.000000,124.290565,129.930285,192.039447
4510,2015,7,7,22,0.000000,0.000000,0.000000,121.055052,124.769452,178.740603
4511,2015,7,7,23,0.000000,0.000000,0.000000,122.401234,123.458074,168.133565
4512,2015,7,7,24,0.000000,0.000000,0.000000,119.460284,120.041384,161.992178
4513,2015,7,8,1,0.000000,0.000000,0.000000,111.125156,111.399456,149.446942
4514,2015,7,8,2,0.000000,0.000000,0.000000,114.337771,114.494891,153.183588
4515,2015,7,8,3,0.000000,0.000000,0.000000,110.089876,110.089876,146.786501
4516,2015,7,8,4,0.000000,0.000000,0.000000,107.579374,107.579374,143.439166
4517,2015,7,8,5,0.000000,0.000000,0.000000,105.725732,106.035512,142.413282
4518,2015,7,8,6,0.000000,0.000000,0.000000,105.270265,106.190145,144.653127
4519,2015,7,8,7,0.000000,0.000000,0.000000,116.060718,117.683298,162.319665
4520,2015,7,8,8,0.000000,0.000000,0.000000,128.553523,126.452543,178.516791
4521,2015,7,8,9,0.000000,0.000000,0.000000,141.904021,122.959001,195.528602
4522,2015,7,8,10,0.000000,0.000000,0.000000,143.866871,108.480271,192.468361
4523,2015,7,8,11,0.000000,0.000000,0.000000,132.313191,83.632331,172.540242
4524,2015,7,8,12,0.000000,0.000000,0.000000,115.247549,57.949169,150.170959
4525,2015,7,8,13,0.000000,0.000000,0.000000,107.596129,47.025869,141.616958
4526,2015,7,8,14,0.000000,0.000000,0.000000,103.484465,44.803065,141.566087
4527,2015,7,8,15,0.000000,0.000000,0.000000,99.224644,46.756184,141.196712
4528,2015,7,8,16,0.000000,0.000000,0.000000,95.411783,54.885843,144.477991
4529,2015,7,8,17,0.000000,0.000000,0.000000,93.414686,69.407766,154.620621
4530,2015,7,8,18,0.000000,0.000000,0.000000,124.251539,114.253119,190.059425
4531,2015,7,8,19,0.000000,0.000000,0.000000,139.558429,144.616669,209.683025
4532,2015,7,8,20,0.000000,0.000000,0.000000,138.163285,141.390485,199.277980
4533,2015,7,8,21,0.000000,0.000000,0.000000,129.450616,132.400516,186.367021
4534,2015,7,8,22,0.000000,0.000000,0.000000,124.398329,126.484689,175.600785
4535,2015,7,8,23,0.000000,0.000000,0.000000,117.301819,118.254699,160.849199
4536,2015,7,8,24,0.000000,0.000000,0.000000,118.220511,118.220511,157.627348
4537,2015,7,9,1,0.000000,0.000000,0.000000,110.607619,110.607619,147.476826
4538,2015,7,9,2,0.000000,0.000000,0.000000,112.296024,112.296024,149.728032
4539,2015,7,9,3,0.000000,0.000000,0.000000,105.911077,106.429757,143.635276
4540,2015,7,9,4,0.000000,0.000000,0.000000,101.574266,102.528926,139.887434
4541,2015,7,9,5,0.000000,0.000000,0.000000,99.084468,100.468408,138.571010
4542,2015,7,9,6,0.000000,0.000000,0.000000,96.710486,99.367726,141.347768
4543,2015,7,9,7,0.000000,0.000000,0.000000,102.893390,107.134830,156.984573
4544,2015,7,9,8,0.000000,0.000000,0.000000,112.943338,114.492358,174.736544
4545,2015,7,9,9,0.000000,0.000000,0.000000,114.717629,102.034269,188.501159
4546,2015,7,9,10,0.000000,0.000000,0.000000,98.487639,74.627159,185.751279
4547,2015,7,9,11,0.000000,0.000000,0.000000,75.156732,41.122572,164.682896
4548,2015,7,9,12,0.000000,0.000000,0.000000,65.947216,21.735616,145.508821
4549,2015,7,9,13,0.000000,0.000000,0.000000,76.738422,24.728582,140.421976
4550,2015,7,9,14,0.000000,0.000000,0.000000,96.036428,38.998188,139.303451
4551,2015,7,9,15,0.000000,0.000000,0.000000,109.530910,54.046370,140.863361
4552,2015,7,9,16,0.000000,0.000000,0.000000,116.376290,70.138250,145.774200
4553,2015,7,9,17,0.000000,0.000000,0.000000,102.895777,76.254297,154.967463
4554,2015,7,9,18,0.000000,0.000000,0.000000,103.204795,97.607215,182.534354
4555,2015,7,9,19,0.000000,0.000000,0.000000,98.686553,114.667673,206.160630
4556,2015,7,9,20,0.000000,0.000000,0.000000,87.803229,104.622349,195.560199
4557,2015,7,9,21,0.000000,0.000000,0.000000,77.849438,95.545418,186.380490
4558,2015,7,9,22,0.000000,0.000000,0.000000,89.681435,102.191975,177.957766
4559,2015,7,9,23,0.000000,0.000000,0.000000,107.173462,111.780962,164.399616
4560,2015,7,9,24,0.000000,0.000000,0.000000,114.122294,116.460414,163.074285
4561,2015,7,10,1,0.000000,0.000000,0.000000,95.579832,100.547192,150.620789
4562,2015,7,10,2,0.000000,0.000000,0.000000,89.771138,96.569418,151.420158
4563,2015,7,10,3,0.000000,0.000000,0.000000,68.828508,80.342148,145.501664
4564,2015,7,10,4,0.000000,0.000000,0.000000,49.282272,65.493032,141.359909
4565,2015,7,10,5,0.000000,0.000000,0.000000,44.199819,61.409959,139.247079
4566,2015,7,10,6,0.000000,0.000000,0.000000,49.896536,65.993976,141.650101
4567,2015,7,10,7,0.000000,0.000000,0.000000,64.268264,78.940324,154.160633
4568,2015,7,10,8,0.000000,0.000000,0.000000,80.658726,90.961466,172.541089
4569,2015,7,10,9,0.000000,0.000000,0.000000,92.316398,83.813558,178.141944
4570,2015,7,10,10,0.000000,0.000000,0.000000,106.376611,78.038771,175.375561
4571,2015,7,10,11,0.000000,0.000000,0.000000,103.686593,60.457793,159.814391
4572,2015,7,10,12,0.000000,0.000000,0.000000,105.366734,50.531014,148.488952
4573,2015,7,10,13,0.000000,0.000000,0.000000,106.728059,46.724139,143.102451
4574,2015,7,10,14,0.000000,0.000000,0.000000,94.885238,38.543638,141.019518
4575,2015,7,10,15,0.000000,0.000000,0.000000,93.360606,43.512946,145.608394
4576,2015,7,10,16,0.000000,0.000000,0.000000,81.594238,46.172138,149.872517
4577,2015,7,10,17,0.000000,0.000000,0.000000,76.033198,58.151178,160.028170
4578,2015,7,10,18,0.000000,0.000000,0.000000,90.187385,89.347205,187.379006
4579,2015,7,10,19,0.000000,0.000000,0.000000,92.745394,108.230994,195.926658
4580,2015,7,10,20,0.000000,0.000000,0.000000,85.077046,100.183946,183.934928
4581,2015,7,10,21,0.000000,0.000000,0.000000,80.281617,95.596217,178.510289
4582,2015,7,10,22,0.000000,0.000000,0.000000,73.617303,88.509583,167.653711
4583,2015,7,10,23,0.000000,0.000000,0.000000,65.260246,80.334206,157.358808
4584,2015,7,10,24,0.000000,0.000000,0.000000,59.552245,76.358865,157.833887
4585,2015,7,11,1,0.000000,0.000000,0.000000,53.879361,70.303361,148.484481
4586,2015,7,11,2,0.000000,0.000000,0.000000,55.213729,71.563069,149.915226
4587,2015,7,11,3,0.000000,0.000000,0.000000,52.865475,68.734575,144.543100
4588,2015,7,11,4,0.000000,0.000000,0.000000,49.372995,65.236735,139.861446
4589,2015,7,11,5,0.000000,0.000000,0.000000,45.123717,61.630877,137.198369
4590,2015,7,11,6,0.000000,0.000000,0.000000,49.462729,64.744929,137.267238
4591,2015,7,11,7,0.000000,0.000000,0.000000,57.389937,71.588137,142.778183
4592,2015,7,11,8,0.000000,0.000000,0.000000,52.960545,65.605105,146.538674
4593,2015,7,11,9,0.000000,0.000000,0.000000,54.842179,50.372999,147.000065
4594,2015,7,11,10,0.000000,0.000000,0.000000,58.390584,37.345904,145.428939
4595,2015,7,11,11,0.000000,0.000000,0.000000,56.963828,21.931848,135.769198
4596,2015,7,11,12,0.000000,0.000000,0.000000,60.112721,14.181441,129.704322
4597,2015,7,11,13,0.000000,0.000000,0.000000,57.230634,7.574194,125.394126
4598,2015,7,11,14,0.000000,0.000000,0.000000,53.189134,4.629774,121.741832
4599,2015,7,11,15,0.000000,0.000000,0.000000,52.478382,8.720202,119.516335
4600,2015,7,11,16,0.000000,0.000000,0.000000,57.936497,24.024617,125.376555
4601,2015,7,11,17,0.000000,0.000000,0.000000,66.778490,46.249250,135.334867
4602,2015,7,11,18,0.000000,0.000000,0.000000,80.089805,76.394545,160.591860
4603,2015,7,11,19,0.000000,0.000000,0.000000,82.737235,96.207135,173.175847
4604,2015,7,11,20,0.000000,0.000000,0.000000,79.299255,92.378875,166.770567
4605,2015,7,11,21,0.000000,0.000000,0.000000,72.121344,85.461044,158.413725
4606,2015,7,11,22,0.000000,0.000000,0.000000,57.882627,73.553587,150.307983
4607,2015,7,11,23,0.000000,0.000000,0.000000,56.836314,72.391514,148.372685
4608,2015,7,11,24,0.000000,0.000000,0.000000,53.853676,70.619076,150.043435
4609,2015,7,12,1,0.000000,0.000000,0.000000,48.796823,66.135643,145.976923
4610,2015,7,12,2,0.000000,0.000000,0.000000,50.971703,68.171203,148.226604
4611,2015,7,12,3,0.000000,0.000000,0.000000,57.521157,72.101617,144.737022
4612,2015,7,12,4,0.000000,0.000000,0.000000,67.245921,78.392181,141.677107
4613,2015,7,12,5,0.000000,0.000000,0.000000,54.236063,68.544683,139.088311
4614,2015,7,12,6,0.000000,0.000000,0.000000,40.940251,59.218391,139.884988
4615,2015,7,12,7,0.000000,0.000000,0.000000,41.261226,59.796526,141.513035
4616,2015,7,12,8,0.000000,0.000000,0.000000,41.952882,56.784042,142.065923
4617,2015,7,12,9,0.000000,0.000000,0.000000,43.848161,40.940681,139.629308
4618,2015,7,12,10,0.000000,0.000000,0.000000,44.551628,25.016008,134.019277
4619,2015,7,12,11,0.000000,0.000000,0.000000,42.646152,9.500912,125.483749
4620,2015,7,12,12,0.000000,0.000000,0.000000,44.016574,0.240114,118.298618
4621,2015,7,12,13,0.000000,0.000000,0.000000,41.243010,-6.324730,113.824560
4622,2015,7,12,14,0.000000,0.000000,0.000000,41.142737,-5.631603,114.010062
4623,2015,7,12,15,0.000000,0.000000,0.000000,40.227643,-0.668437,116.538483
4624,2015,7,12,16,0.000000,0.000000,0.000000,42.518920,12.392780,122.486573
4625,2015,7,12,17,0.000000,0.000000,0.000000,50.395137,34.428597,134.782996
4626,2015,7,12,18,0.000000,0.000000,0.000000,68.467895,68.903555,164.373607
4627,2015,7,12,19,0.000000,0.000000,0.000000,77.870259,94.469799,181.291532
4628,2015,7,12,20,0.000000,0.000000,0.000000,76.290674,92.288954,176.379538
4629,2015,7,12,21,0.000000,0.000000,0.000000,72.394825,88.031245,169.496393
4630,2015,7,12,22,0.000000,0.000000,0.000000,74.692622,87.810022,160.804697
4631,2015,7,12,23,0.000000,0.000000,0.000000,77.447019,88.544059,155.048878
4632,2015,7,12,24,0.000000,0.000000,0.000000,71.460859,84.144399,154.470999
4633,2015,7,13,1,0.000000,0.000000,0.000000,63.433050,77.802990,151.637120
4634,2015,7,13,2,0.000000,0.000000,0.000000,67.731940,81.475180,154.444373
4635,2015,7,13,3,0.000000,0.000000,0.000000,73.257598,84.554238,150.394450
4636,2015,7,13,4,0.000000,0.000000,0.000000,79.371602,88.318582,147.581376
4637,2015,7,13,5,0.000000,0.000000,0.000000,91.891497,97.059257,146.638210
4638,2015,7,13,6,0.000000,0.000000,0.000000,97.818070,101.982490,149.858053
4639,2015,7,13,7,0.000000,0.000000,0.000000,102.172152,107.198132,159.684110
4640,2015,7,13,8,0.000000,0.000000,0.000000,110.561000,114.283040,181.700854
4641,2015,7,13,9,0.000000,0.000000,0.000000,119.202524,105.360244,189.072725
4642,2015,7,13,10,0.000000,0.000000,0.000000,120.489107,89.592627,182.251902
4643,2015,7,13,11,0.000000,0.000000,0.000000,110.823626,67.077946,166.918328
4644,2015,7,13,12,0.000000,0.000000,0.000000,100.342720,48.644380,156.431373
4645,2015,7,13,13,0.000000,0.000000,0.000000,98.205724,42.440104,151.518072
4646,2015,7,13,14,0.000000,0.000000,0.000000,94.585794,40.168914,149.602285
4647,2015,7,13,15,0.000000,0.000000,0.000000,95.178773,45.709913,149.800351
4648,2015,7,13,16,0.000000,0.000000,0.000000,95.599567,57.368247,155.436597
4649,2015,7,13,17,0.000000,0.000000,0.000000,102.720446,80.490826,175.322368
4650,2015,7,13,18,0.000000,0.000000,0.000000,128.924225,122.183585,211.492647
4651,2015,7,13,19,0.000000,0.000000,0.000000,135.769498,144.682558,222.620277
4652,2015,7,13,20,0.000000,0.000000,0.000000,124.289572,132.973052,206.242336
4653,2015,7,13,21,0.000000,0.000000,0.000000,114.606549,122.965009,191.814878
4654,2015,7,13,22,0.000000,0.000000,0.000000,105.723966,114.112686,180.112648
4655,2015,7,13,23,0.000000,0.000000,0.000000,99.628872,106.223332,163.612643
4656,2015,7,13,24,0.000000,0.000000,0.000000,103.974816,109.029276,162.220568
4657,2015,7,14,1,0.000000,0.000000,0.000000,102.591478,106.522358,155.132744
4658,2015,7,14,2,0.000000,0.000000,0.000000,105.292916,109.295136,159.067581
4659,2015,7,14,3,0.000000,0.000000,0.000000,101.101384,105.122104,153.565205
4660,2015,7,14,4,0.000000,0.000000,0.000000,102.278092,105.424412,151.053616
4661,2015,7,14,5,0.000000,0.000000,0.000000,102.891287,105.619467,149.919889
4662,2015,7,14,6,0.000000,0.000000,0.000000,109.598016,111.023616,152.783488
4663,2015,7,14,7,0.000000,0.000000,0.000000,121.818382,123.308722,169.379430
4664,2015,7,14,8,0.000000,0.000000,0.000000,136.346327,134.165027,188.532370
4665,2015,7,14,9,0.000000,0.000000,0.000000,146.847606,127.055486,198.166914
4666,2015,7,14,10,0.000000,0.000000,0.000000,138.588565,103.947565,188.910087
4667,2015,7,14,11,0.000000,0.000000,0.000000,127.729066,80.838506,174.782808
4668,2015,7,14,12,0.000000,0.000000,0.000000,119.800607,63.871647,162.632330
4669,2015,7,14,13,0.000000,0.000000,0.000000,110.069515,51.268555,153.171540
4670,2015,7,14,14,0.000000,0.000000,0.000000,108.217446,50.205626,151.001434
4671,2015,7,14,15,0.000000,0.000000,0.000000,107.002601,54.447881,151.164775
4672,2015,7,14,16,0.000000,0.000000,0.000000,106.998101,65.338661,154.636748
4673,2015,7,14,17,0.000000,0.000000,0.000000,113.687764,87.144464,169.814952
4674,2015,7,14,18,0.000000,0.000000,0.000000,134.607554,124.942014,205.420886
4675,2015,7,14,19,0.000000,0.000000,0.000000,143.103558,149.498078,220.645838
4676,2015,7,14,20,0.000000,0.000000,0.000000,136.456955,142.217175,208.823633
4677,2015,7,14,21,0.000000,0.000000,0.000000,128.221490,133.319230,194.751440
4678,2015,7,14,22,0.000000,0.000000,0.000000,118.169743,122.647323,178.455031
4679,2015,7,14,23,0.000000,0.000000,0.000000,114.753129,117.130189,164.097119
4680,2015,7,14,24,0.000000,0.000000,0.000000,113.514314,115.280214,159.593286
4681,2015,7,15,1,0.000000,0.000000,0.000000,105.558409,107.425629,149.458239
4682,2015,7,15,2,0.000000,0.000000,0.000000,109.402306,110.919746,152.951128
4683,2015,7,15,3,0.000000,0.000000,0.000000,104.765319,106.223019,146.489692
4684,2015,7,15,4,0.000000,0.000000,0.000000,102.191294,103.730094,143.436126
4685,2015,7,15,5,0.000000,0.000000,0.000000,103.561252,104.450892,142.233323
4686,2015,7,15,6,0.000000,0.000000,0.000000,107.386429,107.838449,145.291332
4687,2015,7,15,7,0.000000,0.000000,0.000000,122.425729,122.744529,164.722038
4688,2015,7,15,8,0.000000,0.000000,0.000000,138.607897,135.411857,186.812343
4689,2015,7,15,9,0.000000,0.000000,0.000000,151.024135,129.473415,195.528820
4690,2015,7,15,10,0.000000,0.000000,0.000000,147.149901,108.702481,182.561908
4691,2015,7,15,11,0.000000,0.000000,0.000000,138.178008,86.277148,165.333331
4692,2015,7,15,12,0.000000,0.000000,0.000000,132.535889,70.963249,153.275532
4693,2015,7,15,13,0.000000,0.000000,0.000000,129.487844,63.956364,147.653552
4694,2015,7,15,14,0.000000,0.000000,0.000000,129.880372,65.250252,148.999936
4695,2015,7,15,15,0.000000,0.000000,0.000000,125.051904,66.175144,145.727658
4696,2015,7,15,16,0.000000,0.000000,0.000000,123.713366,75.907366,148.239821
4697,2015,7,15,17,0.000000,0.000000,0.000000,129.088295,96.160375,160.554101
4698,2015,7,15,18,0.000000,0.000000,0.000000,150.949324,134.746864,196.704286
4699,2015,7,15,19,0.000000,0.000000,0.000000,159.070801,159.789301,215.447401
4700,2015,7,15,20,0.000000,0.000000,0.000000,149.261105,149.965485,202.301914
4701,2015,7,15,21,0.000000,0.000000,0.000000,139.747054,140.763394,191.072325
4702,2015,7,15,22,0.000000,0.000000,0.000000,130.320368,131.156968,177.664625
4703,2015,7,15,23,0.000000,0.000000,0.000000,120.707545,121.337005,163.880873
4704,2015,7,15,24,0.000000,0.000000,0.000000,119.191290,119.528650,160.496066
4705,2015,7,16,1,0.000000,0.000000,0.000000,111.729490,112.136150,150.870400
4706,2015,7,16,2,0.000000,0.000000,0.000000,114.506064,115.333464,156.535952
4707,2015,7,16,3,0.000000,0.000000,0.000000,107.912220,108.835420,148.191226
4708,2015,7,16,4,0.000000,0.000000,0.000000,105.698929,106.471389,144.536718
4709,2015,7,16,5,0.000000,0.000000,0.000000,105.454573,105.965093,142.988524
4710,2015,7,16,6,0.000000,0.000000,0.000000,105.874275,106.894075,145.924766
4711,2015,7,16,7,0.000000,0.000000,0.000000,118.033929,119.932209,166.237212
4712,2015,7,16,8,0.000000,0.000000,0.000000,135.549986,133.604726,188.572101
4713,2015,7,16,9,0.000000,0.000000,0.000000,151.393236,130.468596,198.942661
4714,2015,7,16,10,0.000000,0.000000,0.000000,150.477728,111.907788,186.427251
4715,2015,7,16,11,0.000000,0.000000,0.000000,142.840503,90.194703,168.073603
4716,2015,7,16,12,0.000000,0.000000,0.000000,134.562560,72.162560,152.116746
4717,2015,7,16,13,0.000000,0.000000,0.000000,129.608120,63.208120,143.760827
4718,2015,7,16,14,0.000000,0.000000,0.000000,129.162233,63.562233,143.516311
4719,2015,7,16,15,0.000000,0.000000,0.000000,127.911109,67.911109,144.298145
4720,2015,7,16,16,0.000000,0.000000,0.000000,125.506180,76.706180,145.991573
4721,2015,7,16,17,0.000000,0.000000,0.000000,127.148741,93.725641,155.657189
4722,2015,7,16,18,0.000000,0.000000,0.000000,145.303630,129.407050,190.604133
4723,2015,7,16,19,0.000000,0.000000,0.000000,158.131113,158.953513,214.679350
4724,2015,7,16,20,0.000000,0.000000,0.000000,147.243356,148.987136,204.462115
4725,2015,7,16,21,0.000000,0.000000,0.000000,129.029211,133.436351,192.605601
4726,2015,7,16,22,0.000000,0.000000,0.000000,107.808732,115.064872,177.606962
4727,2015,7,16,23,0.000000,0.000000,0.000000,87.012859,97.754299,166.143865
4728,2015,7,16,24,0.000000,0.000000,0.000000,70.982481,85.514821,162.460894
4729,2015,7,17,1,0.000000,0.000000,0.000000,62.285632,76.577052,149.740802
4730,2015,7,17,2,0.000000,0.000000,0.000000,72.583615,84.809335,153.831513
4731,2015,7,17,3,0.000000,0.000000,0.000000,80.979203,89.161803,146.157738
4732,2015,7,17,4,0.000000,0.000000,0.000000,88.326162,93.700982,142.850710
4733,2015,7,17,5,0.000000,0.000000,0.000000,92.811657,96.711897,141.949996
4734,2015,7,17,6,0.000000,0.000000,0.000000,91.544357,96.445037,144.928982
4735,2015,7,17,7,0.000000,0.000000,0.000000,94.551940,103.376720,167.251560
4736,2015,7,17,8,0.000000,0.000000,0.000000,111.416155,117.193035,192.430314
4737,2015,7,17,9,0.000000,0.000000,0.000000,120.961251,109.539231,202.712241
4738,2015,7,17,10,0.000000,0.000000,0.000000,113.116404,86.251604,191.236139
4739,2015,7,17,11,0.000000,0.000000,0.000000,98.612003,58.949683,169.691845
4740,2015,7,17,12,0.000000,0.000000,0.000000,85.834605,37.255745,151.644793
4741,2015,7,17,13,0.000000,0.000000,0.000000,80.075247,27.558307,142.504609
4742,2015,7,17,14,0.000000,0.000000,0.000000,84.479211,31.344431,142.109975
4743,2015,7,17,15,0.000000,0.000000,0.000000,88.432042,38.801382,140.049643
4744,2015,7,17,16,0.000000,0.000000,0.000000,93.262871,52.907351,142.408068
4745,2015,7,17,17,0.000000,0.000000,0.000000,100.095295,73.881435,153.229047
4746,2015,7,17,18,0.000000,0.000000,0.000000,116.842702,107.710822,184.224830
4747,2015,7,17,19,0.000000,0.000000,0.000000,125.129297,133.396637,205.419983
4748,2015,7,17,20,0.000000,0.000000,0.000000,115.791005,123.855065,192.020287
4749,2015,7,17,21,0.000000,0.000000,0.000000,102.573908,111.772688,179.692851
4750,2015,7,17,22,0.000000,0.000000,0.000000,95.701135,105.072095,171.332660
4751,2015,7,17,23,0.000000,0.000000,0.000000,78.374743,89.827203,157.944471
4752,2015,7,17,24,0.000000,0.000000,0.000000,68.423386,83.555326,161.846902
4753,2015,7,18,1,0.000000,0.000000,0.000000,52.285370,69.368050,149.433001
4754,2015,7,18,2,0.000000,0.000000,0.000000,50.999155,68.748255,150.828006
4755,2015,7,18,3,0.000000,0.000000,0.000000,49.752171,66.103411,142.642014
4756,2015,7,18,4,0.000000,0.000000,0.000000,54.135400,68.626140,139.803987
4757,2015,7,18,5,0.000000,0.000000,0.000000,59.857833,72.325393,137.992391
4758,2015,7,18,6,0.000000,0.000000,0.000000,71.754351,81.009251,138.862002
4759,2015,7,18,7,0.000000,0.000000,0.000000,63.272356,75.655736,142.152248
4760,2015,7,18,8,0.000000,0.000000,0.000000,52.844479,64.757199,142.968665
4761,2015,7,18,9,0.000000,0.000000,0.000000,52.368289,47.842469,143.437226
4762,2015,7,18,10,0.000000,0.000000,0.000000,51.465676,31.979236,143.467515
4763,2015,7,18,11,0.000000,0.000000,0.000000,46.810211,13.936731,132.304041
4764,2015,7,18,12,0.000000,0.000000,0.000000,40.900721,-1.526999,120.438269
4765,2015,7,18,13,0.000000,0.000000,0.000000,35.741699,-10.688341,111.798746
4766,2015,7,18,14,0.000000,0.000000,0.000000,33.833804,-12.024496,108.539673
4767,2015,7,18,15,0.000000,0.000000,0.000000,33.406623,-6.991457,109.767791
4768,2015,7,18,16,0.000000,0.000000,0.000000,34.789424,5.583624,116.475498
4769,2015,7,18,17,0.000000,0.000000,0.000000,38.646585,24.871285,129.344047
4770,2015,7,18,18,0.000000,0.000000,0.000000,54.948006,58.050966,158.794489
4771,2015,7,18,19,0.000000,0.000000,0.000000,62.952184,82.733264,176.247952
4772,2015,7,18,20,0.000000,0.000000,0.000000,57.708769,77.214069,167.969759
4773,2015,7,18,21,0.000000,0.000000,0.000000,52.252627,72.043347,162.026863
4774,2015,7,18,22,0.000000,0.000000,0.000000,48.175531,67.710991,155.399521
4775,2015,7,18,23,0.000000,0.000000,0.000000,44.706148,64.208348,150.618464
4776,2015,7,18,24,0.000000,0.000000,0.000000,46.395780,65.859800,152.693133
4777,2015,7,19,1,0.000000,0.000000,0.000000,44.274386,63.645246,149.429862
4778,2015,7,19,2,0.000000,0.000000,0.000000,45.312631,64.864851,151.660535
4779,2015,7,19,3,0.000000,0.000000,0.000000,42.989753,62.295313,147.412285
4780,2015,7,19,4,0.000000,0.000000,0.000000,41.686752,60.461532,143.197976
4781,2015,7,19,5,0.000000,0.000000,0.000000,41.123898,59.246638,139.404650
4782,2015,7,19,6,0.000000,0.000000,0.000000,50.274335,65.553975,138.337433
4783,2015,7,19,7,0.000000,0.000000,0.000000,57.886495,71.120315,138.939820
4784,2015,7,19,8,0.000000,0.000000,0.000000,48.865788,61.007168,138.730824
4785,2015,7,19,9,0.000000,0.000000,0.000000,46.263370,41.817210,135.669081
4786,2015,7,19,10,0.000000,0.000000,0.000000,45.637979,24.699579,128.921438
4787,2015,7,19,11,0.000000,0.000000,0.000000,39.839963,6.005183,118.524310
4788,2015,7,19,12,0.000000,0.000000,0.000000,35.115467,-7.951873,109.739703
4789,2015,7,19,13,0.000000,0.000000,0.000000,31.962827,-14.960453,104.458462
4790,2015,7,19,14,0.000000,0.000000,0.000000,30.492559,-15.562481,103.166558
4791,2015,7,19,15,0.000000,0.000000,0.000000,28.193148,-11.920832,104.142291
4792,2015,7,19,16,0.000000,0.000000,0.000000,29.101934,0.184774,110.239165
4793,2015,7,19,17,0.000000,0.000000,0.000000,32.242741,18.550121,121.191428
4794,2015,7,19,18,0.000000,0.000000,0.000000,43.472103,46.606363,143.639351
4795,2015,7,19,19,0.000000,0.000000,0.000000,58.587562,78.519162,171.130882
4796,2015,7,19,20,0.000000,0.000000,0.000000,56.278152,76.234592,168.167589
4797,2015,7,19,21,0.000000,0.000000,0.000000,52.484775,72.458455,163.190207
4798,2015,7,19,22,0.000000,0.000000,0.000000,47.178057,67.160657,156.156209
4799,2015,7,19,23,0.000000,0.000000,0.000000,44.136392,64.125472,152.130896
4800,2015,7,19,24,0.000000,0.000000,0.000000,43.385779,63.374199,151.126999
4801,2015,7,20,1,0.000000,0.000000,0.000000,40.637919,60.630519,147.482692
4802,2015,7,20,2,0.000000,0.000000,0.000000,43.485696,63.480056,151.287942
4803,2015,7,20,3,0.000000,0.000000,0.000000,39.592265,59.587845,146.102393
4804,2015,7,20,4,0.000000,0.000000,0.000000,36.716450,56.711810,142.266947
4805,2015,7,20,5,0.000000,0.000000,0.000000,35.906244,55.900884,141.183313
4806,2015,7,20,6,0.000000,0.000000,0.000000,39.485798,59.472438,145.918718
4807,2015,7,20,7,0.000000,0.000000,0.000000,47.875142,67.849182,157.045709
4808,2015,7,20,8,0.000000,0.000000,0.000000,65.421893,81.399533,178.708177
4809,2015,7,20,9,0.000000,0.000000,0.000000,70.286372,67.574312,175.792216
4810,2015,7,20,10,0.000000,0.000000,0.000000,84.190946,60.211786,166.135181
4811,2015,7,20,11,0.000000,0.000000,0.000000,91.189705,50.321985,154.170246
4812,2015,7,20,12,0.000000,0.000000,0.000000,98.557001,45.090621,145.799561
4813,2015,7,20,13,0.000000,0.000000,0.000000,100.326433,41.461753,139.883404
4814,2015,7,20,14,0.000000,0.000000,0.000000,96.887977,39.591237,139.232516
4815,2015,7,20,15,0.000000,0.000000,0.000000,86.892871,37.841851,140.702401
4816,2015,7,20,16,0.000000,0.000000,0.000000,73.215468,38.592948,142.432197
4817,2015,7,20,17,0.000000,0.000000,0.000000,71.909030,53.753390,153.252387
4818,2015,7,20,18,0.000000,0.000000,0.000000,79.838445,78.922865,173.228553
4819,2015,7,20,19,0.000000,0.000000,0.000000,83.776059,101.239139,193.195786
4820,2015,7,20,20,0.000000,0.000000,0.000000,75.946220,93.656000,183.907266
4821,2015,7,20,21,0.000000,0.000000,0.000000,73.692331,91.068791,179.346589
4822,2015,7,20,22,0.000000,0.000000,0.000000,61.848066,80.116066,167.714754
4823,2015,7,20,23,0.000000,0.000000,0.000000,50.816565,69.487325,154.885633
4824,2015,7,20,24,0.000000,0.000000,0.000000,48.019755,67.383175,154.388967
4825,2015,7,21,1,0.000000,0.000000,0.000000,47.789133,66.360513,150.385284
4826,2015,7,21,2,0.000000,0.000000,0.000000,52.498083,70.353063,153.320684
4827,2015,7,21,3,0.000000,0.000000,0.000000,42.555080,62.253600,148.666534
4828,2015,7,21,4,0.000000,0.000000,0.000000,38.709746,58.384726,143.429568
4829,2015,7,21,5,0.000000,0.000000,0.000000,37.693314,57.304494,141.776592
4830,2015,7,21,6,0.000000,0.000000,0.000000,43.593901,62.279261,145.323548
4831,2015,7,21,7,0.000000,0.000000,0.000000,52.244425,70.900985,156.723180
4832,2015,7,21,8,0.000000,0.000000,0.000000,67.833503,83.084343,178.531924
4833,2015,7,21,9,0.000000,0.000000,0.000000,70.414987,67.402187,174.560250
4834,2015,7,21,10,0.000000,0.000000,0.000000,68.209603,48.538903,164.932871
4835,2015,7,21,11,0.000000,0.000000,0.000000,64.910762,31.488302,153.876203
4836,2015,7,21,12,0.000000,0.000000,0.000000,63.761755,20.716735,148.038914
4837,2015,7,21,13,0.000000,0.000000,0.000000,64.495749,16.588129,143.242105
4838,2015,7,21,14,0.000000,0.000000,0.000000,63.091266,15.721226,140.494834
4839,2015,7,21,15,0.000000,0.000000,0.000000,57.452650,16.058890,137.182654
4840,2015,7,21,16,0.000000,0.000000,0.000000,69.953731,36.957811,145.674015
4841,2015,7,21,17,0.000000,0.000000,0.000000,76.770628,57.819048,156.020131
4842,2015,7,21,18,0.000000,0.000000,0.000000,90.108308,87.034588,176.850384
4843,2015,7,21,19,0.000000,0.000000,0.000000,96.917428,110.791948,193.970997
4844,2015,7,21,20,0.000000,0.000000,0.000000,85.371004,100.992804,186.729739
4845,2015,7,21,21,0.000000,0.000000,0.000000,79.945979,95.663459,179.942878
4846,2015,7,21,22,0.000000,0.000000,0.000000,74.637653,89.188113,167.419017
4847,2015,7,21,23,0.000000,0.000000,0.000000,60.476527,76.842607,157.010410
4848,2015,7,21,24,0.000000,0.000000,0.000000,57.954076,74.878296,156.251795
4849,2015,7,22,1,0.000000,0.000000,0.000000,49.573092,67.643452,150.425802
4850,2015,7,22,2,0.000000,0.000000,0.000000,54.346183,71.656623,153.243631
4851,2015,7,22,3,0.000000,0.000000,0.000000,62.426344,76.056464,146.842352
4852,2015,7,22,4,0.000000,0.000000,0.000000,79.113119,86.706379,140.919373
4853,2015,7,22,5,0.000000,0.000000,0.000000,50.364399,65.867379,139.499773
4854,2015,7,22,6,0.000000,0.000000,0.000000,65.350167,77.449927,143.599102
4855,2015,7,22,7,0.000000,0.000000,0.000000,54.762636,72.095136,153.901849
4856,2015,7,22,8,0.000000,0.000000,0.000000,62.624556,78.482636,174.420448
4857,2015,7,22,9,0.000000,0.000000,0.000000,71.618392,67.560732,171.288777
4858,2015,7,22,10,0.000000,0.000000,0.000000,68.480573,47.975153,161.398804
4859,2015,7,22,11,0.000000,0.000000,0.000000,60.272490,27.208570,149.365026
4860,2015,7,22,12,0.000000,0.000000,0.000000,57.816070,15.266630,142.424041
4861,2015,7,22,13,0.000000,0.000000,0.000000,56.672533,10.175853,139.395537
4862,2015,7,22,14,0.000000,0.000000,0.000000,56.749765,11.052445,139.845527
4863,2015,7,22,15,0.000000,0.000000,0.000000,57.414548,17.110608,142.217677
4864,2015,7,22,16,0.000000,0.000000,0.000000,63.581883,33.290703,149.800337
4865,2015,7,22,17,0.000000,0.000000,0.000000,71.003617,55.535137,164.585250
4866,2015,7,22,18,0.000000,0.000000,0.000000,92.798034,92.673294,194.198592
4867,2015,7,22,19,0.000000,0.000000,0.000000,101.504419,116.926579,207.309305
4868,2015,7,22,20,0.000000,0.000000,0.000000,81.198662,99.478222,193.569496
4869,2015,7,22,21,0.000000,0.000000,0.000000,75.800134,93.710354,184.647872
4870,2015,7,22,22,0.000000,0.000000,0.000000,78.944145,94.041085,175.711247
4871,2015,7,22,23,0.000000,0.000000,0.000000,76.819843,88.886763,158.738750
4872,2015,7,22,24,0.000000,0.000000,0.000000,86.513308,95.790908,158.646544
4873,2015,7,23,1,0.000000,0.000000,0.000000,85.287655,93.681295,152.887194
4874,2015,7,23,2,0.000000,0.000000,0.000000,93.581284,99.940464,154.451219
4875,2015,7,23,3,0.000000,0.000000,0.000000,98.922771,102.802851,150.004068
4876,2015,7,23,4,0.000000,0.000000,0.000000,100.649499,103.328599,146.701799
4877,2015,7,23,5,0.000000,0.000000,0.000000,102.598273,104.351153,144.977804
4878,2015,7,23,6,0.000000,0.000000,0.000000,105.802320,107.396680,148.510106
4879,2015,7,23,7,0.000000,0.000000,0.000000,114.994571,117.174551,163.499334
4880,2015,7,23,8,0.000000,0.000000,0.000000,134.894209,132.697109,186.522479
4881,2015,7,23,9,0.000000,0.000000,0.000000,146.534836,125.333976,191.175767
4882,2015,7,23,10,0.000000,0.000000,0.000000,146.082037,107.957337,182.644117
4883,2015,7,23,11,0.000000,0.000000,0.000000,136.934881,85.328141,165.048388
4884,2015,7,23,12,0.000000,0.000000,0.000000,132.214416,71.102676,154.997768
4885,2015,7,23,13,0.000000,0.000000,0.000000,124.514911,60.428511,147.766681
4886,2015,7,23,14,0.000000,0.000000,0.000000,123.906411,60.732091,147.828387
4887,2015,7,23,15,0.000000,0.000000,0.000000,116.163690,60.076390,146.894187
4888,2015,7,23,16,0.000000,0.000000,0.000000,112.206824,68.415284,151.631912
4889,2015,7,23,17,0.000000,0.000000,0.000000,111.930131,84.247251,162.153401
4890,2015,7,23,18,0.000000,0.000000,0.000000,137.011990,123.830910,192.220947
4891,2015,7,23,19,0.000000,0.000000,0.000000,148.362130,152.500070,217.126560
4892,2015,7,23,20,0.000000,0.000000,0.000000,143.083741,147.237721,210.163561
4893,2015,7,23,21,0.000000,0.000000,0.000000,132.045110,137.023890,199.294453
4894,2015,7,23,22,0.000000,0.000000,0.000000,121.304874,125.891594,183.144525
4895,2015,7,23,23,0.000000,0.000000,0.000000,115.182590,118.823890,170.569520
4896,2015,7,23,24,0.000000,0.000000,0.000000,114.886335,118.250375,168.880634
4897,2015,7,24,1,0.000000,0.000000,0.000000,101.761699,106.633059,158.415278
4898,2015,7,24,2,0.000000,0.000000,0.000000,98.500043,105.157423,162.401164
4899,2015,7,24,3,0.000000,0.000000,0.000000,84.815987,93.781407,154.926610
4900,2015,7,24,4,0.000000,0.000000,0.000000,81.310762,90.224702,150.012736
4901,2015,7,24,5,0.000000,0.000000,0.000000,80.438228,88.910508,146.788277
4902,2015,7,24,6,0.000000,0.000000,0.000000,91.954747,97.614447,149.018263
4903,2015,7,24,7,0.000000,0.000000,0.000000,96.408691,105.433251,170.659535
4904,2015,7,24,8,0.000000,0.000000,0.000000,95.886728,106.365128,193.664837
4905,2015,7,24,9,0.000000,0.000000,0.000000,96.373110,91.423230,200.131373
4906,2015,7,24,10,0.000000,0.000000,0.000000,85.695166,65.411706,185.387408
4907,2015,7,24,11,0.000000,0.000000,0.000000,72.308540,38.905640,163.831186
4908,2015,7,24,12,0.000000,0.000000,0.000000,63.450539,20.724499,149.112533
4909,2015,7,24,13,0.000000,0.000000,0.000000,58.740521,12.065581,141.320975
4910,2015,7,24,14,0.000000,0.000000,0.000000,59.347075,13.205095,141.233527
4911,2015,7,24,15,0.000000,0.000000,0.000000,59.946434,19.050974,142.833098
4912,2015,7,24,16,0.000000,0.000000,0.000000,66.517220,34.946220,147.741627
4913,2015,7,24,17,0.000000,0.000000,0.000000,75.664931,57.504651,158.238601
4914,2015,7,24,18,0.000000,0.000000,0.000000,88.591996,86.559656,179.688408
4915,2015,7,24,19,0.000000,0.000000,0.000000,104.015849,116.778489,198.246786
4916,2015,7,24,20,0.000000,0.000000,0.000000,100.828865,112.268885,187.825247
4917,2015,7,24,21,0.000000,0.000000,0.000000,102.665757,112.410657,182.363875
4918,2015,7,24,22,0.000000,0.000000,0.000000,101.489262,109.749762,173.868016
4919,2015,7,24,23,0.000000,0.000000,0.000000,103.068376,108.076576,160.796102
4920,2015,7,24,24,0.000000,0.000000,0.000000,106.578692,110.820272,161.898963
4921,2015,7,25,1,0.000000,0.000000,0.000000,99.078328,103.198148,151.330264
4922,2015,7,25,2,0.000000,0.000000,0.000000,101.839535,105.226435,151.591580
4923,2015,7,25,3,0.000000,0.000000,0.000000,98.472475,101.323635,144.602047
4924,2015,7,25,4,0.000000,0.000000,0.000000,97.732963,99.746803,139.708537
4925,2015,7,25,5,0.000000,0.000000,0.000000,98.593616,99.649616,136.386155
4926,2015,7,25,6,0.000000,0.000000,0.000000,101.434655,101.639795,136.203527
4927,2015,7,25,7,0.000000,0.000000,0.000000,104.745009,104.745009,139.660012
4928,2015,7,25,8,0.000000,0.000000,0.000000,107.540071,103.540071,141.636762
4929,2015,7,25,9,0.000000,0.000000,0.000000,108.372660,87.366240,141.200254
4930,2015,7,25,10,0.000000,0.000000,0.000000,110.415090,73.197530,139.321506
4931,2015,7,25,11,0.000000,0.000000,0.000000,101.898936,52.707516,129.605287
4932,2015,7,25,12,0.000000,0.000000,0.000000,88.025743,32.174303,120.627604
4933,2015,7,25,13,0.000000,0.000000,0.000000,79.758992,20.580412,110.995283
4934,2015,7,25,14,0.000000,0.000000,0.000000,73.458427,16.207747,108.208063
4935,2015,7,25,15,0.000000,0.000000,0.000000,66.180733,16.403693,109.698124
4936,2015,7,25,16,0.000000,0.000000,0.000000,63.962566,26.047266,114.728688
4937,2015,7,25,17,0.000000,0.000000,0.000000,67.375235,44.528175,125.314034
4938,2015,7,25,18,0.000000,0.000000,0.000000,81.532646,75.324686,150.789715
4939,2015,7,25,19,0.000000,0.000000,0.000000,94.641645,105.021045,174.626060
4940,2015,7,25,20,0.000000,0.000000,0.000000,96.230130,105.594330,172.006440
4941,2015,7,25,21,0.000000,0.000000,0.000000,87.048432,97.302012,163.914616
4942,2015,7,25,22,0.000000,0.000000,0.000000,81.324036,91.698956,156.848342
4943,2015,7,25,23,0.000000,0.000000,0.000000,77.066215,87.751275,152.618567
4944,2015,7,25,24,0.000000,0.000000,0.000000,73.418868,85.526648,154.394798
4945,2015,7,26,1,0.000000,0.000000,0.000000,72.027113,83.581753,149.957803
4946,2015,7,26,2,0.000000,0.000000,0.000000,66.610511,80.446651,153.382668
4947,2015,7,26,3,0.000000,0.000000,0.000000,62.951507,76.989287,149.444983
4948,2015,7,26,4,0.000000,0.000000,0.000000,57.400508,72.161808,145.420077
4949,2015,7,26,5,0.000000,0.000000,0.000000,66.911696,78.111536,141.481515
4950,2015,7,26,6,0.000000,0.000000,0.000000,83.704351,90.201911,141.927747
4951,2015,7,26,7,0.000000,0.000000,0.000000,85.670879,92.129519,144.368159
4952,2015,7,26,8,0.000000,0.000000,0.000000,79.763665,84.450965,145.142287
4953,2015,7,26,9,0.000000,0.000000,0.000000,70.935303,60.876103,142.370804
4954,2015,7,26,10,0.000000,0.000000,0.000000,62.104291,37.992291,136.066389
4955,2015,7,26,11,0.000000,0.000000,0.000000,59.868583,22.275363,127.689750
4956,2015,7,26,12,0.000000,0.000000,0.000000,53.137423,6.863703,118.805870
4957,2015,7,26,13,0.000000,0.000000,0.000000,51.165503,0.790243,113.952791
4958,2015,7,26,14,0.000000,0.000000,0.000000,48.032894,-1.096406,112.207125
4959,2015,7,26,15,0.000000,0.000000,0.000000,47.839864,3.784864,111.946485
4960,2015,7,26,16,0.000000,0.000000,0.000000,47.192334,14.518634,116.829178
4961,2015,7,26,17,0.000000,0.000000,0.000000,45.957050,29.539330,126.760040
4962,2015,7,26,18,0.000000,0.000000,0.000000,63.413733,63.775533,157.290044
4963,2015,7,26,19,0.000000,0.000000,0.000000,72.773052,89.674412,175.903750
4964,2015,7,26,20,0.000000,0.000000,0.000000,66.194599,84.490859,173.642011
4965,2015,7,26,21,0.000000,0.000000,0.000000,61.116325,80.112645,170.137927
4966,2015,7,26,22,0.000000,0.000000,0.000000,50.934081,70.043841,157.090988
4967,2015,7,26,23,0.000000,0.000000,0.000000,44.250764,63.229744,147.569592
4968,2015,7,26,24,0.000000,0.000000,0.000000,42.812831,62.093831,147.061775
4969,2015,7,27,1,0.000000,0.000000,0.000000,38.745298,58.365758,143.222544
4970,2015,7,27,2,0.000000,0.000000,0.000000,41.882024,61.267504,146.308271
4971,2015,7,27,3,0.000000,0.000000,0.000000,40.634021,59.401001,141.757935
4972,2015,7,27,4,0.000000,0.000000,0.000000,45.244794,61.800034,137.584179
4973,2015,7,27,5,0.000000,0.000000,0.000000,43.214397,60.021357,136.051676
4974,2015,7,27,6,0.000000,0.000000,0.000000,48.198555,64.311475,139.458367
4975,2015,7,27,7,0.000000,0.000000,0.000000,63.074204,77.596324,151.868832
4976,2015,7,27,8,0.000000,0.000000,0.000000,76.067809,88.386849,175.829266
4977,2015,7,27,9,0.000000,0.000000,0.000000,83.604769,78.550409,182.619345
4978,2015,7,27,10,0.000000,0.000000,0.000000,89.819791,64.898731,169.244775
4979,2015,7,27,11,0.000000,0.000000,0.000000,92.500357,52.687537,160.840650
4980,2015,7,27,12,0.000000,0.000000,0.000000,79.270626,31.428406,146.330474
4981,2015,7,27,13,0.000000,0.000000,0.000000,69.252059,19.575999,141.331132
4982,2015,7,27,14,0.000000,0.000000,0.000000,68.053408,19.461308,141.408077
4983,2015,7,27,15,0.000000,0.000000,0.000000,69.210559,25.419639,141.673119
4984,2015,7,27,16,0.000000,0.000000,0.000000,71.355987,38.011087,145.915116
4985,2015,7,27,17,0.000000,0.000000,0.000000,75.612876,57.413096,157.984862
4986,2015,7,27,18,0.000000,0.000000,0.000000,91.629806,91.019526,190.375101
4987,2015,7,27,19,0.000000,0.000000,0.000000,98.867379,115.342479,208.706972
4988,2015,7,27,20,0.000000,0.000000,0.000000,86.682390,104.031550,196.539267
4989,2015,7,27,21,0.000000,0.000000,0.000000,73.595989,91.864269,183.379958
4990,2015,7,27,22,0.000000,0.000000,0.000000,65.640936,83.949256,172.960075
4991,2015,7,27,23,0.000000,0.000000,0.000000,52.958702,71.423882,156.782443
4992,2015,7,27,24,0.000000,0.000000,0.000000,51.686314,69.906934,153.944645
4993,2015,7,28,1,0.000000,0.000000,0.000000,46.931909,65.014909,146.963212
4994,2015,7,28,2,0.000000,0.000000,0.000000,46.857249,65.542149,149.672533
4995,2015,7,28,3,0.000000,0.000000,0.000000,42.767969,61.505629,144.466372
4996,2015,7,28,4,0.000000,0.000000,0.000000,39.959042,58.615302,140.341269
4997,2015,7,28,5,0.000000,0.000000,0.000000,40.286456,58.527716,138.841155
4998,2015,7,28,6,0.000000,0.000000,0.000000,45.762748,63.268008,142.708210
4999,2015,7,28,7,0.000000,0.000000,0.000000,58.199409,75.915609,160.274812
5000,2015,7,28,8,0.000000,0.000000,0.000000,71.273905,86.213365,181.666020
5001,2015,7,28,9,0.000000,0.000000,0.000000,81.685170,78.255550,187.642000
5002,2015,7,28,10,0.000000,0.000000,0.000000,78.687374,58.272594,175.430858
5003,2015,7,28,11,0.000000,0.000000,0.000000,69.166919,35.343159,157.678346
5004,2015,7,28,12,0.000000,0.000000,0.000000,62.661134,19.634854,146.658872
5005,2015,7,28,13,0.000000,0.000000,0.000000,59.046628,12.367648,141.710264
5006,2015,7,28,14,0.000000,0.000000,0.000000,60.148899,14.246079,143.418705
5007,2015,7,28,15,0.000000,0.000000,0.000000,61.622272,21.194392,147.249590
5008,2015,7,28,16,0.000000,0.000000,0.000000,61.797232,32.289172,151.075363
5009,2015,7,28,17,0.000000,0.000000,0.000000,64.925792,50.378912,160.782283
5010,2015,7,28,18,0.000000,0.000000,0.000000,82.391131,83.755931,187.273908
5011,2015,7,28,19,0.000000,0.000000,0.000000,95.353340,113.277980,210.786107
5012,2015,7,28,20,0.000000,0.000000,0.000000,90.251507,106.740507,197.284009
5013,2015,7,28,21,0.000000,0.000000,0.000000,88.491034,103.153694,186.413792
5014,2015,7,28,22,0.000000,0.000000,0.000000,86.704924,100.076484,178.007179
5015,2015,7,28,23,0.000000,0.000000,0.000000,78.166954,90.238434,160.556178
5016,2015,7,28,24,0.000000,0.000000,0.000000,74.764230,87.363670,158.483026
5017,2015,7,29,1,0.000000,0.000000,0.000000,68.319155,81.560555,152.885406
5018,2015,7,29,2,0.000000,0.000000,0.000000,67.870315,81.625135,154.682913
5019,2015,7,29,3,0.000000,0.000000,0.000000,58.509492,73.982552,150.220269
5020,2015,7,29,4,0.000000,0.000000,0.000000,54.763764,70.420284,146.082112
5021,2015,7,29,5,0.000000,0.000000,0.000000,53.953467,69.235967,143.256290
5022,2015,7,29,6,0.000000,0.000000,0.000000,54.846620,70.313020,145.305361
5023,2015,7,29,7,0.000000,0.000000,0.000000,74.530625,87.648725,160.591966
5024,2015,7,29,8,0.000000,0.000000,0.000000,95.942784,103.773804,181.385138
5025,2015,7,29,9,0.000000,0.000000,0.000000,102.850990,92.865370,185.268426
5026,2015,7,29,10,0.000000,0.000000,0.000000,94.093757,69.384917,175.933756
5027,2015,7,29,11,0.000000,0.000000,0.000000,90.273422,50.586882,158.460709
5028,2015,7,29,12,0.000000,0.000000,0.000000,94.849105,43.064805,148.705406
5029,2015,7,29,13,0.000000,0.000000,0.000000,89.642782,34.383322,142.462896
5030,2015,7,29,14,0.000000,0.000000,0.000000,84.981256,31.821276,142.661768
5031,2015,7,29,15,0.000000,0.000000,0.000000,72.347797,27.981237,143.169783
5032,2015,7,29,16,0.000000,0.000000,0.000000,65.452255,34.125935,147.463514
5033,2015,7,29,17,0.000000,0.000000,0.000000,68.356837,52.546997,159.463196
5034,2015,7,29,18,0.000000,0.000000,0.000000,81.074272,82.168112,184.253616
5035,2015,7,29,19,0.000000,0.000000,0.000000,89.274105,107.014505,201.820673
5036,2015,7,29,20,0.000000,0.000000,0.000000,78.136696,95.930756,187.221207
5037,2015,7,29,21,0.000000,0.000000,0.000000,71.507691,89.684411,180.168281
5038,2015,7,29,22,0.000000,0.000000,0.000000,63.692583,82.525943,172.812458
5039,2015,7,29,23,0.000000,0.000000,0.000000,48.844161,68.213981,155.518041
5040,2015,7,29,24,0.000000,0.000000,0.000000,47.295658,66.994438,154.988517
5041,2015,7,30,1,0.000000,0.000000,0.000000,43.400225,63.117465,149.880753
5042,2015,7,30,2,0.000000,0.000000,0.000000,45.782979,65.532579,153.208773
5043,2015,7,30,3,0.000000,0.000000,0.000000,42.221086,62.007606,148.631874
5044,2015,7,30,4,0.000000,0.000000,0.000000,40.529968,59.659848,143.312731
5045,2015,7,30,5,0.000000,0.000000,0.000000,40.340006,59.026586,140.990715
5046,2015,7,30,6,0.000000,0.000000,0.000000,42.489040,61.337860,144.613214
5047,2015,7,30,7,0.000000,0.000000,0.000000,51.419400,70.773280,158.877307
5048,2015,7,30,8,0.000000,0.000000,0.000000,68.956853,84.182793,179.913525
5049,2015,7,30,9,0.000000,0.000000,0.000000,75.657711,72.544591,181.082388
5050,2015,7,30,10,0.000000,0.000000,0.000000,73.386995,53.458535,170.633180
5051,2015,7,30,11,0.000000,0.000000,0.000000,69.646377,35.339877,156.064836
5052,2015,7,30,12,0.000000,0.000000,0.000000,68.529106,23.984466,147.397155
5053,2015,7,30,13,0.000000,0.000000,0.000000,77.762451,25.624511,141.189548
5054,2015,7,30,14,0.000000,0.000000,0.000000,97.184394,40.412974,142.079232
5055,2015,7,30,15,0.000000,0.000000,0.000000,107.669039,53.487499,144.461532
5056,2015,7,30,16,0.000000,0.000000,0.000000,107.976382,64.896522,149.312496
5057,2015,7,30,17,0.000000,0.000000,0.000000,108.105263,81.284423,161.076430
5058,2015,7,30,18,0.000000,0.000000,0.000000,119.881951,111.031431,189.590174
5059,2015,7,30,19,0.000000,0.000000,0.000000,123.942783,132.487543,205.132591
5060,2015,7,30,20,0.000000,0.000000,0.000000,115.082935,122.995635,190.369847
5061,2015,7,30,21,0.000000,0.000000,0.000000,107.041735,115.139295,180.510927
5062,2015,7,30,22,0.000000,0.000000,0.000000,102.924882,110.288462,171.596549
5063,2015,7,30,23,0.000000,0.000000,0.000000,91.269914,98.163554,153.863539
5064,2015,7,30,24,0.000000,0.000000,0.000000,71.179278,83.535258,152.566944
5065,2015,7,31,1,0.000000,0.000000,0.000000,51.672095,68.275935,146.380714
5066,2015,7,31,2,0.000000,0.000000,0.000000,46.884827,65.417787,149.000249
5067,2015,7,31,3,0.000000,0.000000,0.000000,40.438752,59.822332,144.375043
5068,2015,7,31,4,0.000000,0.000000,0.000000,38.976506,57.851246,140.050794
5069,2015,7,31,5,0.000000,0.000000,0.000000,42.094852,59.616072,137.892163
5070,2015,7,31,6,0.000000,0.000000,0.000000,53.449141,68.471661,141.370615
5071,2015,7,31,7,0.000000,0.000000,0.000000,73.766469,86.344269,157.051692
5072,2015,7,31,8,0.000000,0.000000,0.000000,87.578700,96.452840,175.100920
5073,2015,7,31,9,0.000000,0.000000,0.000000,84.126627,77.248627,174.804837
5074,2015,7,31,10,0.000000,0.000000,0.000000,84.484369,60.188889,165.050252
5075,2015,7,31,11,0.000000,0.000000,0.000000,84.382574,44.618154,150.242806
5076,2015,7,31,12,0.000000,0.000000,0.000000,80.971364,31.601724,141.470166
5077,2015,7,31,13,0.000000,0.000000,0.000000,73.748386,21.770646,136.585061
5078,2015,7,31,14,0.000000,0.000000,0.000000,73.694398,22.771938,138.054383
5079,2015,7,31,15,0.000000,0.000000,0.000000,60.959872,19.011672,139.271563
5080,2015,7,31,16,0.000000,0.000000,0.000000,57.047190,26.999130,142.221973
5081,2015,7,31,17,0.000000,0.000000,0.000000,57.293198,42.931958,151.471811
5082,2015,7,31,18,0.000000,0.000000,0.000000,67.104054,69.412134,171.293112
5083,2015,7,31,19,0.000000,0.000000,0.000000,75.777549,95.421269,192.707425
5084,2015,7,31,20,0.000000,0.000000,0.000000,69.031504,88.768424,184.147631
5085,2015,7,31,21,0.000000,0.000000,0.000000,66.198882,85.417802,177.953469
5086,2015,7,31,22,0.000000,0.000000,0.000000,58.968453,78.266993,168.684457
5087,2015,7,31,23,0.000000,0.000000,0.000000,48.936198,68.417318,156.160157
5088,2015,7,31,24,0.000000,0.000000,0.000000,49.911509,69.508389,158.000785
5089,2015,8,1,1,0.000000,0.000000,0.000000,44.047605,63.764505,150.742340
5090,2015,8,1,2,0.000000,0.000000,0.000000,46.368740,66.119860,153.996880
5091,2015,8,1,3,0.000000,0.000000,0.000000,42.747409,62.423029,148.816106
5092,2015,8,1,4,0.000000,0.000000,0.000000,40.112330,59.418330,143.577773
5093,2015,8,1,5,0.000000,0.000000,0.000000,37.742608,56.626328,138.447503
5094,2015,8,1,6,0.000000,0.000000,0.000000,38.390128,57.173388,138.842050
5095,2015,8,1,7,0.000000,0.000000,0.000000,45.994027,63.731247,144.099063
5096,2015,8,1,8,0.000000,0.000000,0.000000,51.718670,60.116410,145.364347
5097,2015,8,1,9,0.000000,0.000000,0.000000,59.028235,45.694335,141.662780
5098,2015,8,1,10,0.000000,0.000000,0.000000,68.050028,35.916868,137.011957
5099,2015,8,1,11,0.000000,0.000000,0.000000,71.604468,22.911508,125.372144
5100,2015,8,1,12,0.000000,0.000000,0.000000,66.620047,9.447847,116.373130
5101,2015,8,1,13,0.000000,0.000000,0.000000,64.862772,2.454952,109.897203
5102,2015,8,1,14,0.000000,0.000000,0.000000,62.853893,2.244273,108.843631
5103,2015,8,1,15,0.000000,0.000000,0.000000,55.900660,3.249080,109.643507
5104,2015,8,1,16,0.000000,0.000000,0.000000,60.851985,19.013505,115.956407
5105,2015,8,1,17,0.000000,0.000000,0.000000,60.249079,34.728199,127.017998
5106,2015,8,1,18,0.000000,0.000000,0.000000,74.869179,67.938899,155.450932
5107,2015,8,1,19,0.000000,0.000000,0.000000,79.669510,93.664370,174.918693
5108,2015,8,1,20,0.000000,0.000000,0.000000,67.309436,85.094796,172.744262
5109,2015,8,1,21,0.000000,0.000000,0.000000,59.082758,77.298298,163.782863
5110,2015,8,1,22,0.000000,0.000000,0.000000,50.584816,69.387476,155.192168
5111,2015,8,1,23,0.000000,0.000000,0.000000,45.605146,64.503466,148.999022
5112,2015,8,1,24,0.000000,0.000000,0.000000,44.820375,64.304515,150.686487
5113,2015,8,2,1,0.000000,0.000000,0.000000,43.291555,62.669975,148.154700
5114,2015,8,2,2,0.000000,0.000000,0.000000,44.570054,64.029994,150.239791
5115,2015,8,2,3,0.000000,0.000000,0.000000,40.053986,59.622706,144.726008
5116,2015,8,2,4,0.000000,0.000000,0.000000,35.102868,54.840908,138.914678
5117,2015,8,2,5,0.000000,0.000000,0.000000,31.522884,51.078304,133.289138
5118,2015,8,2,6,0.000000,0.000000,0.000000,31.850806,51.163686,132.594514
5119,2015,8,2,7,0.000000,0.000000,0.000000,33.027047,52.228887,133.644649
5120,2015,8,2,8,0.000000,0.000000,0.000000,31.784101,42.910081,131.516709
5121,2015,8,2,9,0.000000,0.000000,0.000000,36.820419,27.191079,129.340306
5122,2015,8,2,10,0.000000,0.000000,0.000000,37.337891,10.930351,122.782001
5123,2015,8,2,11,0.000000,0.000000,0.000000,35.227514,-5.575446,113.689539
5124,2015,8,2,12,0.000000,0.000000,0.000000,33.680401,-15.919599,107.790535
5125,2015,8,2,13,0.000000,0.000000,0.000000,31.820401,-22.580479,103.206428
5126,2015,8,2,14,0.000000,0.000000,0.000000,30.454998,-22.345002,102.089997
5127,2015,8,2,15,0.000000,0.000000,0.000000,29.119536,-17.281124,103.106301
5128,2015,8,2,16,0.000000,0.000000,0.000000,30.845551,-3.754289,109.728147
5129,2015,8,2,17,0.000000,0.000000,0.000000,34.960105,15.438325,121.295167
5130,2015,8,2,18,0.000000,0.000000,0.000000,46.914422,45.327882,143.115376
5131,2015,8,2,19,0.000000,0.000000,0.000000,58.230250,76.852090,167.925587
5132,2015,8,2,20,0.000000,0.000000,0.000000,54.601670,74.383430,165.117107
5133,2015,8,2,21,0.000000,0.000000,0.000000,55.030128,73.515768,159.639824
5134,2015,8,2,22,0.000000,0.000000,0.000000,48.569165,67.346645,152.387126
5135,2015,8,2,23,0.000000,0.000000,0.000000,41.625406,61.622406,148.819875
5136,2015,8,2,24,0.000000,0.000000,0.000000,41.634437,61.603977,148.703770
5137,2015,8,3,1,0.000000,0.000000,0.000000,39.166453,58.948913,144.540083
5138,2015,8,3,2,0.000000,0.000000,0.000000,42.009250,61.617350,147.516800
5139,2015,8,3,3,0.000000,0.000000,0.000000,40.055790,58.853530,141.130507
5140,2015,8,3,4,0.000000,0.000000,0.000000,39.770479,57.353339,135.080652
5141,2015,8,3,5,0.000000,0.000000,0.000000,52.491950,66.100910,133.497746
5142,2015,8,3,6,0.000000,0.000000,0.000000,73.482368,82.075188,138.076317
5143,2015,8,3,7,0.000000,0.000000,0.000000,91.953340,97.953540,150.605387
5144,2015,8,3,8,0.000000,0.000000,0.000000,108.761775,106.504715,171.699420
5145,2015,8,3,9,0.000000,0.000000,0.000000,111.679544,89.243284,169.386845
5146,2015,8,3,10,0.000000,0.000000,0.000000,99.750414,63.725954,161.119739
5147,2015,8,3,11,0.000000,0.000000,0.000000,81.446630,34.909210,148.554213
5148,2015,8,3,12,0.000000,0.000000,0.000000,67.049151,14.681811,139.367947
5149,2015,8,3,13,0.000000,0.000000,0.000000,62.366880,5.841020,134.018493
5150,2015,8,3,14,0.000000,0.000000,0.000000,59.532167,5.435527,134.808569
5151,2015,8,3,15,0.000000,0.000000,0.000000,55.263883,8.460743,136.087191
5152,2015,8,3,16,0.000000,0.000000,0.000000,53.856801,19.295721,140.590694
5153,2015,8,3,17,0.000000,0.000000,0.000000,57.027491,37.813331,152.153908
5154,2015,8,3,18,0.000000,0.000000,0.000000,69.489956,68.685116,176.864021
5155,2015,8,3,19,0.000000,0.000000,0.000000,82.892695,102.080675,203.450833
5156,2015,8,3,20,0.000000,0.000000,0.000000,77.004145,96.467905,193.503074
5157,2015,8,3,21,0.000000,0.000000,0.000000,72.013409,91.089609,185.040145
5158,2015,8,3,22,0.000000,0.000000,0.000000,63.175484,82.900644,176.284725
5159,2015,8,3,23,0.000000,0.000000,0.000000,49.599789,69.316569,158.144692
5160,2015,8,3,24,0.000000,0.000000,0.000000,49.043097,68.584797,156.585396
5161,2015,8,4,1,0.000000,0.000000,0.000000,48.347025,67.427105,153.503073
5162,2015,8,4,2,0.000000,0.000000,0.000000,52.081389,70.769329,156.652238
5163,2015,8,4,3,0.000000,0.000000,0.000000,51.961125,69.751825,152.304767
5164,2015,8,4,4,0.000000,0.000000,0.000000,56.975154,72.304594,147.504259
5165,2015,8,4,5,0.000000,0.000000,0.000000,70.757079,81.869619,146.201292
5166,2015,8,4,6,0.000000,0.000000,0.000000,82.109767,90.985667,150.900555
5167,2015,8,4,7,0.000000,0.000000,0.000000,104.630164,110.437204,166.606405
5168,2015,8,4,8,0.000000,0.000000,0.000000,123.264277,119.855277,185.660369
5169,2015,8,4,9,0.000000,0.000000,0.000000,136.272853,111.602113,191.750351
5170,2015,8,4,10,0.000000,0.000000,0.000000,132.742057,91.318417,179.912422
5171,2015,8,4,11,0.000000,0.000000,0.000000,131.845632,74.842352,166.912202
5172,2015,8,4,12,0.000000,0.000000,0.000000,127.820556,61.281196,154.260395
5173,2015,8,4,13,0.000000,0.000000,0.000000,122.046742,50.871962,145.230017
5174,2015,8,4,14,0.000000,0.000000,0.000000,120.696181,51.295381,144.941175
5175,2015,8,4,15,0.000000,0.000000,0.000000,119.395079,56.586119,146.901625
5176,2015,8,4,16,0.000000,0.000000,0.000000,117.787718,67.334338,151.667850
5177,2015,8,4,17,0.000000,0.000000,0.000000,119.385234,85.210994,165.483859
5178,2015,8,4,18,0.000000,0.000000,0.000000,132.966356,118.795056,199.122407
5179,2015,8,4,19,0.000000,0.000000,0.000000,138.510133,145.095493,218.795191
5180,2015,8,4,20,0.000000,0.000000,0.000000,123.877998,132.944058,207.478943
5181,2015,8,4,21,0.000000,0.000000,0.000000,105.887325,117.172905,193.849140
5182,2015,8,4,22,0.000000,0.000000,0.000000,96.648986,107.687046,180.376262
5183,2015,8,4,23,0.000000,0.000000,0.000000,81.260925,93.045445,163.342327
5184,2015,8,4,24,0.000000,0.000000,0.000000,76.956364,89.041984,159.008046
5185,2015,8,5,1,0.000000,0.000000,0.000000,59.611359,74.553819,149.213292
5186,2015,8,5,2,0.000000,0.000000,0.000000,55.207561,71.405041,149.198321
5187,2015,8,5,3,0.000000,0.000000,0.000000,56.526868,71.149688,143.608984
5188,2015,8,5,4,0.000000,0.000000,0.000000,57.263619,70.960519,140.270358
5189,2015,8,5,5,0.000000,0.000000,0.000000,54.998268,69.198488,139.598718
5190,2015,8,5,6,0.000000,0.000000,0.000000,76.683419,85.532759,143.541479
5191,2015,8,5,7,0.000000,0.000000,0.000000,90.260287,98.768667,160.052822
5192,2015,8,5,8,0.000000,0.000000,0.000000,98.085194,100.437274,178.973299
5193,2015,8,5,9,0.000000,0.000000,0.000000,91.577605,77.216325,180.267500
5194,2015,8,5,10,0.000000,0.000000,0.000000,83.461179,54.226499,171.086398
5195,2015,8,5,11,0.000000,0.000000,0.000000,73.336575,30.390675,154.501234
5196,2015,8,5,12,0.000000,0.000000,0.000000,65.931216,14.840236,143.833715
5197,2015,8,5,13,0.000000,0.000000,0.000000,61.484833,5.861773,137.055497
5198,2015,8,5,14,0.000000,0.000000,0.000000,61.149851,7.344471,138.324695
5199,2015,8,5,15,0.000000,0.000000,0.000000,59.925241,12.516301,139.475268
5200,2015,8,5,16,0.000000,0.000000,0.000000,60.391201,25.075981,145.783908
5201,2015,8,5,17,0.000000,0.000000,0.000000,63.139457,42.926397,155.641663
5202,2015,8,5,18,0.000000,0.000000,0.000000,73.428305,71.338105,176.116807
5203,2015,8,5,19,0.000000,0.000000,0.000000,84.894966,102.829686,200.271982
5204,2015,8,5,20,0.000000,0.000000,0.000000,77.617106,96.274826,190.558834
5205,2015,8,5,21,0.000000,0.000000,0.000000,70.660465,89.722305,183.169206
5206,2015,8,5,22,0.000000,0.000000,0.000000,62.048828,81.381388,172.950384
5207,2015,8,5,23,0.000000,0.000000,0.000000,47.224791,66.629251,153.520535
5208,2015,8,5,24,0.000000,0.000000,0.000000,45.676050,65.125690,151.666387
5209,2015,8,6,1,0.000000,0.000000,0.000000,41.496318,60.943258,146.080810
5210,2015,8,6,2,0.000000,0.000000,0.000000,43.202298,62.586638,148.063318
5211,2015,8,6,3,0.000000,0.000000,0.000000,39.041625,58.464865,142.697287
5212,2015,8,6,4,0.000000,0.000000,0.000000,34.598000,54.076980,137.032573
5213,2015,8,6,5,0.000000,0.000000,0.000000,31.831020,51.279320,133.200093
5214,2015,8,6,6,0.000000,0.000000,0.000000,34.595408,54.065388,136.987117
5215,2015,8,6,7,0.000000,0.000000,0.000000,42.202960,61.962540,148.481987
5216,2015,8,6,8,0.000000,0.000000,0.000000,59.013904,70.141684,167.831512
5217,2015,8,6,9,0.000000,0.000000,0.000000,61.651718,52.022098,162.447398
5218,2015,8,6,10,0.000000,0.000000,0.000000,57.920605,31.500785,150.168314
5219,2015,8,6,11,0.000000,0.000000,0.000000,53.865549,13.062569,138.540159
5220,2015,8,6,12,0.000000,0.000000,0.000000,51.940621,2.339161,132.130681
5221,2015,8,6,13,0.000000,0.000000,0.000000,49.287702,-5.115238,126.486549
5222,2015,8,6,14,0.000000,0.000000,0.000000,48.264986,-4.537654,125.824328
5223,2015,8,6,15,0.000000,0.000000,0.000000,47.290557,0.886897,127.320329
5224,2015,8,6,16,0.000000,0.000000,0.000000,45.488563,11.084343,130.165057
5225,2015,8,6,17,0.000000,0.000000,0.000000,49.274354,30.065154,141.839539
5226,2015,8,6,18,0.000000,0.000000,0.000000,56.725646,55.913946,159.812928
5227,2015,8,6,19,0.000000,0.000000,0.000000,68.338986,86.334786,178.482381
5228,2015,8,6,20,0.000000,0.000000,0.000000,64.809046,83.794906,175.012742
5229,2015,8,6,21,0.000000,0.000000,0.000000,62.987658,81.363718,169.738490
5230,2015,8,6,22,0.000000,0.000000,0.000000,58.456175,75.131655,155.760473
5231,2015,8,6,23,0.000000,0.000000,0.000000,60.540476,74.788996,147.213729
5232,2015,8,6,24,0.000000,0.000000,0.000000,54.291719,70.392539,147.526119
5233,2015,8,7,1,0.000000,0.000000,0.000000,39.048526,58.721106,143.870075
5234,2015,8,7,2,0.000000,0.000000,0.000000,42.093738,61.546038,146.902384
5235,2015,8,7,3,0.000000,0.000000,0.000000,43.008456,60.866236,140.680914
5236,2015,8,7,4,0.000000,0.000000,0.000000,42.261114,59.109574,134.974298
5237,2015,8,7,5,0.000000,0.000000,0.000000,33.081233,52.223673,133.439698
5238,2015,8,7,6,0.000000,0.000000,0.000000,35.691729,55.160449,138.442999
5239,2015,8,7,7,0.000000,0.000000,0.000000,51.049943,68.627403,150.094737
5240,2015,8,7,8,0.000000,0.000000,0.000000,76.004582,82.493022,168.835496
5241,2015,8,7,9,0.000000,0.000000,0.000000,91.425179,74.547759,168.322279
5242,2015,8,7,10,0.000000,0.000000,0.000000,97.395328,61.365428,157.954237
5243,2015,8,7,11,0.000000,0.000000,0.000000,95.213517,44.589417,147.838890
5244,2015,8,7,12,0.000000,0.000000,0.000000,97.319924,35.801704,137.024872
5245,2015,8,7,13,0.000000,0.000000,0.000000,99.273253,32.517853,135.489138
5246,2015,8,7,14,0.000000,0.000000,0.000000,97.141780,32.639220,136.393761
5247,2015,8,7,15,0.000000,0.000000,0.000000,90.662522,34.170562,138.070882
5248,2015,8,7,16,0.000000,0.000000,0.000000,82.978980,40.306440,141.566787
5249,2015,8,7,17,0.000000,0.000000,0.000000,82.900613,56.213253,151.776470
5250,2015,8,7,18,0.000000,0.000000,0.000000,90.541033,82.479173,171.066031
5251,2015,8,7,19,0.000000,0.000000,0.000000,102.479180,114.725280,197.170707
5252,2015,8,7,20,0.000000,0.000000,0.000000,97.598273,110.576293,190.695124
5253,2015,8,7,21,0.000000,0.000000,0.000000,89.649357,103.914317,186.102290
5254,2015,8,7,22,0.000000,0.000000,0.000000,93.164203,105.366103,181.161138
5255,2015,8,7,23,0.000000,0.000000,0.000000,86.633606,98.711146,171.873328
5256,2015,8,7,24,0.000000,0.000000,0.000000,96.740859,106.186139,173.065786
5257,2015,8,8,1,0.000000,0.000000,0.000000,79.235269,90.962969,160.376291
5258,2015,8,8,2,0.000000,0.000000,0.000000,80.660682,92.793622,164.167962
5259,2015,8,8,3,0.000000,0.000000,0.000000,78.990503,89.703663,155.315417
5260,2015,8,8,4,0.000000,0.000000,0.000000,81.923544,90.919224,151.211233
5261,2015,8,8,5,0.000000,0.000000,0.000000,89.511371,95.811211,148.747748
5262,2015,8,8,6,0.000000,0.000000,0.000000,99.443127,102.971267,149.055489
5263,2015,8,8,7,0.000000,0.000000,0.000000,104.339214,107.401154,153.408006
5264,2015,8,8,8,0.000000,0.000000,0.000000,111.807464,104.577824,152.554965
5265,2015,8,8,9,0.000000,0.000000,0.000000,118.436213,90.836313,154.298750
5266,2015,8,8,10,0.000000,0.000000,0.000000,118.284150,74.704630,150.574440
5267,2015,8,8,11,0.000000,0.000000,0.000000,99.438273,44.627053,133.932003
5268,2015,8,8,12,0.000000,0.000000,0.000000,84.312831,22.999911,120.640148
5269,2015,8,8,13,0.000000,0.000000,0.000000,77.188356,11.978176,113.253635
5270,2015,8,8,14,0.000000,0.000000,0.000000,72.973466,10.003426,111.321102
5271,2015,8,8,15,0.000000,0.000000,0.000000,69.816897,13.741217,112.219356
5272,2015,8,8,16,0.000000,0.000000,0.000000,69.335514,25.521934,118.050646
5273,2015,8,8,17,0.000000,0.000000,0.000000,69.521356,41.722196,128.749061
5274,2015,8,8,18,0.000000,0.000000,0.000000,85.335613,74.614673,151.716431
5275,2015,8,8,19,0.000000,0.000000,0.000000,96.376797,106.448997,178.889330
5276,2015,8,8,20,0.000000,0.000000,0.000000,92.909022,104.530742,178.113390
5277,2015,8,8,21,0.000000,0.000000,0.000000,86.629362,98.353122,170.216696
5278,2015,8,8,22,0.000000,0.000000,0.000000,83.865886,94.651046,162.151928
5279,2015,8,8,23,0.000000,0.000000,0.000000,90.841498,98.507158,156.895077
5280,2015,8,8,24,0.000000,0.000000,0.000000,98.320781,104.144241,158.270521
5281,2015,8,9,1,0.000000,0.000000,0.000000,99.663374,104.229234,154.191845
5282,2015,8,9,2,0.000000,0.000000,0.000000,102.102337,106.341477,155.919103
5283,2015,8,9,3,0.000000,0.000000,0.000000,99.386670,103.177270,150.205026
5284,2015,8,9,4,0.000000,0.000000,0.000000,100.871242,103.203642,145.379523
5285,2015,8,9,5,0.000000,0.000000,0.000000,100.714903,102.005243,140.308124
5286,2015,8,9,6,0.000000,0.000000,0.000000,101.634272,102.183592,138.075855
5287,2015,8,9,7,0.000000,0.000000,0.000000,103.127101,103.127101,137.502801
5288,2015,8,9,8,0.000000,0.000000,0.000000,103.749276,94.949276,134.482367
5289,2015,8,9,9,0.000000,0.000000,0.000000,105.582610,76.589910,130.660881
5290,2015,8,9,10,0.000000,0.000000,0.000000,103.815103,58.793283,124.551645
5291,2015,8,9,11,0.000000,0.000000,0.000000,99.814793,41.183993,116.609324
5292,2015,8,9,12,0.000000,0.000000,0.000000,94.598152,27.874152,109.102202
5293,2015,8,9,13,0.000000,0.000000,0.000000,84.347723,15.099343,103.954524
5294,2015,8,9,14,0.000000,0.000000,0.000000,84.234197,16.365877,103.476769
5295,2015,8,9,15,0.000000,0.000000,0.000000,86.251476,24.133556,105.935008
5296,2015,8,9,16,0.000000,0.000000,0.000000,92.479318,41.017838,113.218850
5297,2015,8,9,17,0.000000,0.000000,0.000000,105.504089,66.749569,125.601026
5298,2015,8,9,18,0.000000,0.000000,0.000000,122.431907,101.852747,155.173129
5299,2015,8,9,19,0.000000,0.000000,0.000000,128.544379,128.862839,176.261985
5300,2015,8,9,20,0.000000,0.000000,0.000000,126.951891,128.491511,176.454081
5301,2015,8,9,21,0.000000,0.000000,0.000000,122.897561,124.643421,172.010762
5302,2015,8,9,22,0.000000,0.000000,0.000000,114.763255,116.515735,161.195914
5303,2015,8,9,23,0.000000,0.000000,0.000000,105.853627,107.527147,148.947929
5304,2015,8,9,24,0.000000,0.000000,0.000000,106.118575,107.430275,147.612700
5305,2015,8,10,1,0.000000,0.000000,0.000000,103.176221,104.700021,144.679361
5306,2015,8,10,2,0.000000,0.000000,0.000000,104.433593,106.444773,148.630298
5307,2015,8,10,3,0.000000,0.000000,0.000000,94.030672,97.819832,143.056976
5308,2015,8,10,4,0.000000,0.000000,0.000000,86.759275,91.749695,138.967660
5309,2015,8,10,5,0.000000,0.000000,0.000000,73.241643,81.659243,136.937657
5310,2015,8,10,6,0.000000,0.000000,0.000000,68.747340,79.121540,140.076053
5311,2015,8,10,7,0.000000,0.000000,0.000000,84.025530,92.945810,153.662014
5312,2015,8,10,8,0.000000,0.000000,0.000000,102.801588,102.354348,172.198331
5313,2015,8,10,9,0.000000,0.000000,0.000000,113.265118,91.036098,172.468064
5314,2015,8,10,10,0.000000,0.000000,0.000000,119.669779,79.625999,168.922065
5315,2015,8,10,11,0.000000,0.000000,0.000000,121.021529,64.476289,154.617586
5316,2015,8,10,12,0.000000,0.000000,0.000000,118.951494,53.218114,146.196219
5317,2015,8,10,13,0.000000,0.000000,0.000000,114.316795,44.409055,140.836273
5318,2015,8,10,14,0.000000,0.000000,0.000000,110.439939,44.046419,145.300159
5319,2015,8,10,15,0.000000,0.000000,0.000000,112.740673,50.256193,139.543324
5320,2015,8,10,16,0.000000,0.000000,0.000000,121.743644,69.104304,146.741272
5321,2015,8,10,17,0.000000,0.000000,0.000000,131.081400,92.333100,159.733133
5322,2015,8,10,18,0.000000,0.000000,0.000000,146.378873,126.439833,190.089644
5323,2015,8,10,19,0.000000,0.000000,0.000000,153.791166,154.081466,209.792954
5324,2015,8,10,20,0.000000,0.000000,0.000000,138.712672,140.907912,195.194683
5325,2015,8,10,21,0.000000,0.000000,0.000000,119.917241,125.002761,183.622081
5326,2015,8,10,22,0.000000,0.000000,0.000000,109.089369,115.069869,173.361492
5327,2015,8,10,23,0.000000,0.000000,0.000000,94.146053,99.812073,151.969498
5328,2015,8,10,24,0.000000,0.000000,0.000000,95.924114,100.799434,150.650312
5329,2015,8,11,1,0.000000,0.000000,0.000000,94.773295,98.568655,144.076073
5330,2015,8,11,2,0.000000,0.000000,0.000000,97.035324,100.832724,147.101632
5331,2015,8,11,3,0.000000,0.000000,0.000000,96.763370,99.484570,141.716760
5332,2015,8,11,4,0.000000,0.000000,0.000000,94.872819,97.102439,136.901985
5333,2015,8,11,5,0.000000,0.000000,0.000000,89.834293,93.324733,136.067777
5334,2015,8,11,6,0.000000,0.000000,0.000000,93.202717,96.456097,139.452729
5335,2015,8,11,7,0.000000,0.000000,0.000000,104.506879,107.764699,154.545665
5336,2015,8,11,8,0.000000,0.000000,0.000000,124.486458,118.749438,176.425851
5337,2015,8,11,9,0.000000,0.000000,0.000000,135.787296,109.059636,181.503981
5338,2015,8,11,10,0.000000,0.000000,0.000000,136.848626,93.559786,176.683582
5339,2015,8,11,11,0.000000,0.000000,0.000000,132.084971,74.174871,162.999495
5340,2015,8,11,12,0.000000,0.000000,0.000000,129.445019,61.888859,151.681278
5341,2015,8,11,13,0.000000,0.000000,0.000000,129.733982,56.398522,145.396496
5342,2015,8,11,14,0.000000,0.000000,0.000000,131.886171,59.459591,145.740855
5343,2015,8,11,15,0.000000,0.000000,0.000000,129.608591,63.208591,143.761455
5344,2015,8,11,16,0.000000,0.000000,0.000000,129.547202,75.147202,148.929603
5345,2015,8,11,17,0.000000,0.000000,0.000000,133.938350,94.861290,162.008186
5346,2015,8,11,18,0.000000,0.000000,0.000000,143.735261,123.084021,183.241227
5347,2015,8,11,19,0.000000,0.000000,0.000000,155.491949,154.691949,206.972599
5348,2015,8,11,20,0.000000,0.000000,0.000000,146.698591,146.915551,196.610601
5349,2015,8,11,21,0.000000,0.000000,0.000000,139.015196,139.015196,185.353595
5350,2015,8,11,22,0.000000,0.000000,0.000000,131.012268,131.230688,175.702318
5351,2015,8,11,23,0.000000,0.000000,0.000000,120.589602,120.764722,161.603363
5352,2015,8,11,24,0.000000,0.000000,0.000000,119.841354,120.031174,160.674299
5353,2015,8,12,1,0.000000,0.000000,0.000000,114.215489,114.215489,152.287319
5354,2015,8,12,2,0.000000,0.000000,0.000000,116.237827,116.237827,154.983770
5355,2015,8,12,3,0.000000,0.000000,0.000000,110.371435,110.673855,148.573207
5356,2015,8,12,4,0.000000,0.000000,0.000000,107.226080,107.775820,145.533560
5357,2015,8,12,5,0.000000,0.000000,0.000000,104.011655,105.040715,143.484487
5358,2015,8,12,6,0.000000,0.000000,0.000000,105.284683,106.636663,146.688817
5359,2015,8,12,7,0.000000,0.000000,0.000000,115.492091,118.417191,167.639922
5360,2015,8,12,8,0.000000,0.000000,0.000000,123.347087,119.801247,185.132196
5361,2015,8,12,9,0.000000,0.000000,0.000000,128.315008,106.090068,192.553623
5362,2015,8,12,10,0.000000,0.000000,0.000000,116.578626,80.575846,183.658528
5363,2015,8,12,11,0.000000,0.000000,0.000000,100.649102,52.991362,168.929349
5364,2015,8,12,12,0.000000,0.000000,0.000000,100.836492,42.937432,158.603043
5365,2015,8,12,13,0.000000,0.000000,0.000000,96.002633,33.238573,149.754563
5366,2015,8,12,14,0.000000,0.000000,0.000000,93.801586,33.252306,150.388808
5367,2015,8,12,15,0.000000,0.000000,0.000000,87.985037,34.658357,149.272210
5368,2015,8,12,16,0.000000,0.000000,0.000000,82.392818,42.039738,151.609384
5369,2015,8,12,17,0.000000,0.000000,0.000000,82.306994,58.446574,164.177365
5370,2015,8,12,18,0.000000,0.000000,0.000000,90.777812,86.327012,188.233349
5371,2015,8,12,19,0.000000,0.000000,0.000000,101.632528,116.819748,209.767064
5372,2015,8,12,20,0.000000,0.000000,0.000000,96.487680,111.399240,198.237520
5373,2015,8,12,21,0.000000,0.000000,0.000000,87.613774,101.992854,183.920738
5374,2015,8,12,22,0.000000,0.000000,0.000000,86.467106,98.953846,173.560929
5375,2015,8,12,23,0.000000,0.000000,0.000000,72.309282,84.901082,155.174109
5376,2015,8,12,24,0.000000,0.000000,0.000000,68.213393,81.584573,153.350031
5377,2015,8,13,1,0.000000,0.000000,0.000000,62.367503,75.926003,146.429671
5378,2015,8,13,2,0.000000,0.000000,0.000000,63.634558,77.202618,148.163690
5379,2015,8,13,3,0.000000,0.000000,0.000000,66.716547,78.241167,142.736956
5380,2015,8,13,4,0.000000,0.000000,0.000000,68.073603,78.410543,139.003857
5381,2015,8,13,5,0.000000,0.000000,0.000000,64.394242,75.445162,137.429949
5382,2015,8,13,6,0.000000,0.000000,0.000000,63.193838,75.393418,141.189824
5383,2015,8,13,7,0.000000,0.000000,0.000000,74.644874,87.380234,158.958178
5384,2015,8,13,8,0.000000,0.000000,0.000000,90.749182,94.067202,173.699670
5385,2015,8,13,9,0.000000,0.000000,0.000000,100.161828,81.940188,173.698117
5386,2015,8,13,10,0.000000,0.000000,0.000000,95.919196,60.638156,159.480742
5387,2015,8,13,11,0.000000,0.000000,0.000000,87.994009,38.463029,143.314106
5388,2015,8,13,12,0.000000,0.000000,0.000000,87.842987,28.431007,134.218076
5389,2015,8,13,13,0.000000,0.000000,0.000000,88.020412,22.709012,127.224016
5390,2015,8,13,14,0.000000,0.000000,0.000000,86.543560,22.841960,126.000614
5391,2015,8,13,15,0.000000,0.000000,0.000000,81.600978,25.107358,125.981078
5392,2015,8,13,16,0.000000,0.000000,0.000000,81.060059,36.868659,131.920212
5393,2015,8,13,17,0.000000,0.000000,0.000000,78.588324,51.172484,142.627178
5394,2015,8,13,18,0.000000,0.000000,0.000000,92.500653,81.839193,161.547390
5395,2015,8,13,19,0.000000,0.000000,0.000000,106.477998,116.070158,190.117410
5396,2015,8,13,20,0.000000,0.000000,0.000000,102.444085,112.595045,183.963260
5397,2015,8,13,21,0.000000,0.000000,0.000000,92.150658,103.503538,175.847650
5398,2015,8,13,22,0.000000,0.000000,0.000000,81.323231,93.642591,165.921322
5399,2015,8,13,23,0.000000,0.000000,0.000000,72.828843,84.345463,150.849351
5400,2015,8,13,24,0.000000,0.000000,0.000000,80.857435,89.991055,150.433474
5401,2015,8,14,1,0.000000,0.000000,0.000000,81.303575,88.893735,143.825514
5402,2015,8,14,2,0.000000,0.000000,0.000000,87.801823,94.037643,146.169591
5403,2015,8,14,3,0.000000,0.000000,0.000000,87.235561,92.670721,141.678162
5404,2015,8,14,4,0.000000,0.000000,0.000000,89.985339,93.894019,138.220959
5405,2015,8,14,5,0.000000,0.000000,0.000000,93.543439,96.259259,137.398412
5406,2015,8,14,6,0.000000,0.000000,0.000000,100.473312,102.070112,141.416150
5407,2015,8,14,7,0.000000,0.000000,0.000000,113.223653,114.276513,155.878218
5408,2015,8,14,8,0.000000,0.000000,0.000000,128.058580,120.376060,172.109680
5409,2015,8,14,9,0.000000,0.000000,0.000000,126.331670,99.721690,169.445653
5410,2015,8,14,10,0.000000,0.000000,0.000000,119.627605,77.467105,158.987807
5411,2015,8,14,11,0.000000,0.000000,0.000000,108.493141,53.302661,144.235282
5412,2015,8,14,12,0.000000,0.000000,0.000000,93.342304,32.359844,134.221592
5413,2015,8,14,13,0.000000,0.000000,0.000000,78.470416,16.157596,128.484061
5414,2015,8,14,14,0.000000,0.000000,0.000000,76.110714,15.478514,126.414018
5415,2015,8,14,15,0.000000,0.000000,0.000000,69.048486,16.122026,125.891168
5416,2015,8,14,16,0.000000,0.000000,0.000000,62.542273,22.655033,127.315911
5417,2015,8,14,17,0.000000,0.000000,0.000000,59.436000,35.932000,135.346000
5418,2015,8,14,18,0.000000,0.000000,0.000000,66.079442,61.524422,154.815829
5419,2015,8,14,19,0.000000,0.000000,0.000000,70.783251,87.113811,173.970281
5420,2015,8,14,20,0.000000,0.000000,0.000000,66.673515,84.844055,173.693873
5421,2015,8,14,21,0.000000,0.000000,0.000000,59.969607,78.888067,168.245623
5422,2015,8,14,22,0.000000,0.000000,0.000000,49.658655,68.840455,155.726606
5423,2015,8,14,23,0.000000,0.000000,0.000000,42.311667,61.740327,147.082636
5424,2015,8,14,24,0.000000,0.000000,0.000000,43.062861,62.470761,147.987348
5425,2015,8,15,1,0.000000,0.000000,0.000000,38.735371,58.072771,141.888362
5426,2015,8,15,2,0.000000,0.000000,0.000000,40.195242,59.413322,143.278029
5427,2015,8,15,3,0.000000,0.000000,0.000000,35.805591,55.112351,137.839001
5428,2015,8,15,4,0.000000,0.000000,0.000000,32.298467,51.539227,132.854836
5429,2015,8,15,5,0.000000,0.000000,0.000000,29.644676,48.910456,129.433208
5430,2015,8,15,6,0.000000,0.000000,0.000000,30.035522,49.214562,129.549549
5431,2015,8,15,7,0.000000,0.000000,0.000000,33.020542,52.636622,135.569096
5432,2015,8,15,8,0.000000,0.000000,0.000000,35.307558,46.215218,135.195824
5433,2015,8,15,9,0.000000,0.000000,0.000000,39.745994,29.800974,131.767899
5434,2015,8,15,10,0.000000,0.000000,0.000000,39.469685,12.643685,123.671580
5435,2015,8,15,11,0.000000,0.000000,0.000000,35.893943,-5.173017,113.346110
5436,2015,8,15,12,0.000000,0.000000,0.000000,32.008876,-17.616044,105.445541
5437,2015,8,15,13,0.000000,0.000000,0.000000,28.654959,-25.766061,98.891853
5438,2015,8,15,14,0.000000,0.000000,0.000000,26.816740,-26.026180,97.038693
5439,2015,8,15,15,0.000000,0.000000,0.000000,24.979887,-21.444933,97.474022
5440,2015,8,15,16,0.000000,0.000000,0.000000,25.562327,-8.841373,103.599170
5441,2015,8,15,17,0.000000,0.000000,0.000000,27.732188,8.531488,113.156317
5442,2015,8,15,18,0.000000,0.000000,0.000000,33.354150,32.554150,128.705534
5443,2015,8,15,19,0.000000,0.000000,0.000000,44.433323,63.633323,152.227764
5444,2015,8,15,20,0.000000,0.000000,0.000000,42.872762,62.872762,150.497016
5445,2015,8,15,21,0.000000,0.000000,0.000000,39.790446,59.789786,146.384181
5446,2015,8,15,22,0.000000,0.000000,0.000000,37.506323,57.506323,143.341763
5447,2015,8,15,23,0.000000,0.000000,0.000000,54.939566,68.968626,138.721701
5448,2015,8,15,24,0.000000,0.000000,0.000000,45.652193,62.788373,140.838430
5449,2015,8,16,1,0.000000,0.000000,0.000000,52.405161,66.594261,136.089348
5450,2015,8,16,2,0.000000,0.000000,0.000000,33.679564,53.679564,138.239419
5451,2015,8,16,3,0.000000,0.000000,0.000000,28.720850,48.640390,131.252321
5452,2015,8,16,4,0.000000,0.000000,0.000000,27.346317,46.238597,124.625730
5453,2015,8,16,5,0.000000,0.000000,0.000000,25.538910,43.837970,119.447493
5454,2015,8,16,6,0.000000,0.000000,0.000000,30.391971,47.305731,119.453508
5455,2015,8,16,7,0.000000,0.000000,0.000000,41.962892,56.045932,121.671376
5456,2015,8,16,8,0.000000,0.000000,0.000000,50.763045,54.336905,121.578740
5457,2015,8,16,9,0.000000,0.000000,0.000000,79.687798,56.386898,122.696198
5458,2015,8,16,10,0.000000,0.000000,0.000000,68.328358,32.226038,118.860318
5459,2015,8,16,11,0.000000,0.000000,0.000000,46.999593,2.823333,113.643578
5460,2015,8,16,12,0.000000,0.000000,0.000000,35.123629,-14.749911,108.438319
5461,2015,8,16,13,0.000000,0.000000,0.000000,34.850485,-19.822795,105.975340
5462,2015,8,16,14,0.000000,0.000000,0.000000,33.425716,-19.419424,105.840301
5463,2015,8,16,15,0.000000,0.000000,0.000000,33.535227,-13.010953,108.314796
5464,2015,8,16,16,0.000000,0.000000,0.000000,33.625110,-0.802570,114.237639
5465,2015,8,16,17,0.000000,0.000000,0.000000,37.359654,17.947854,125.007805
5466,2015,8,16,18,0.000000,0.000000,0.000000,43.403190,42.571370,141.955760
5467,2015,8,16,19,0.000000,0.000000,0.000000,60.017362,79.184722,172.854162
5468,2015,8,16,20,0.000000,0.000000,0.000000,60.893961,80.561361,172.973148
5469,2015,8,16,21,0.000000,0.000000,0.000000,56.840093,75.912353,164.790671
5470,2015,8,16,22,0.000000,0.000000,0.000000,48.550372,68.518952,157.920536
5471,2015,8,16,23,0.000000,0.000000,0.000000,44.042545,64.030025,151.998300
5472,2015,8,16,24,0.000000,0.000000,0.000000,43.034817,62.990717,150.507290
5473,2015,8,17,1,0.000000,0.000000,0.000000,40.543020,60.461560,147.010546
5474,2015,8,17,2,0.000000,0.000000,0.000000,44.029182,63.744402,150.709937
5475,2015,8,17,3,0.000000,0.000000,0.000000,41.912099,61.340699,146.549599
5476,2015,8,17,4,0.000000,0.000000,0.000000,37.986347,57.659847,142.458130
5477,2015,8,17,5,0.000000,0.000000,0.000000,40.844673,59.435553,141.217004
5478,2015,8,17,6,0.000000,0.000000,0.000000,54.256274,70.129414,146.416353
5479,2015,8,17,7,0.000000,0.000000,0.000000,70.237549,84.092029,158.304305
5480,2015,8,17,8,0.000000,0.000000,0.000000,96.010492,98.644572,177.523030
5481,2015,8,17,9,0.000000,0.000000,0.000000,108.756279,88.509519,175.706825
5482,2015,8,17,10,0.000000,0.000000,0.000000,95.192725,61.525745,166.044394
5483,2015,8,17,11,0.000000,0.000000,0.000000,77.394258,32.802098,152.228931
5484,2015,8,17,12,0.000000,0.000000,0.000000,66.323933,15.020033,143.363711
5485,2015,8,17,13,0.000000,0.000000,0.000000,63.011274,7.033114,137.433619
5486,2015,8,17,14,0.000000,0.000000,0.000000,69.974540,13.678760,138.469080
5487,2015,8,17,15,0.000000,0.000000,0.000000,72.991044,21.621744,138.414658
5488,2015,8,17,16,0.000000,0.000000,0.000000,72.422361,33.193521,143.561895
5489,2015,8,17,17,0.000000,0.000000,0.000000,78.609394,53.609814,153.931152
5490,2015,8,17,18,0.000000,0.000000,0.000000,86.768010,80.057510,172.341680
5491,2015,8,17,19,0.000000,0.000000,0.000000,100.762719,114.060219,199.788625
5492,2015,8,17,20,0.000000,0.000000,0.000000,95.784155,109.499635,191.717779
5493,2015,8,17,21,0.000000,0.000000,0.000000,91.042210,104.799990,185.592586
5494,2015,8,17,22,0.000000,0.000000,0.000000,91.159353,102.922033,176.438311
5495,2015,8,17,23,0.000000,0.000000,0.000000,83.826701,94.168881,160.032442
5496,2015,8,17,24,0.000000,0.000000,0.000000,87.559034,96.573894,158.814725
5497,2015,8,18,1,0.000000,0.000000,0.000000,82.667482,91.756562,152.639016
5498,2015,8,18,2,0.000000,0.000000,0.000000,89.228239,96.937419,154.947159
5499,2015,8,18,3,0.000000,0.000000,0.000000,94.326975,99.829015,151.445487
5500,2015,8,18,4,0.000000,0.000000,0.000000,95.361569,99.934229,148.487839
5501,2015,8,18,5,0.000000,0.000000,0.000000,99.562112,102.821252,147.958802
5502,2015,8,18,6,0.000000,0.000000,0.000000,106.590614,108.763674,152.261766
5503,2015,8,18,7,0.000000,0.000000,0.000000,124.079981,125.349981,171.366641
5504,2015,8,18,8,0.000000,0.000000,0.000000,139.221569,131.174929,185.294439
5505,2015,8,18,9,0.000000,0.000000,0.000000,142.949159,114.966399,185.195999
5506,2015,8,18,10,0.000000,0.000000,0.000000,132.323091,89.687091,173.696122
5507,2015,8,18,11,0.000000,0.000000,0.000000,112.781130,59.013290,156.591586
5508,2015,8,18,12,0.000000,0.000000,0.000000,102.947827,42.058647,147.464263
5509,2015,8,18,13,0.000000,0.000000,0.000000,96.827559,31.931039,140.902986
5510,2015,8,18,14,0.000000,0.000000,0.000000,95.415988,32.251928,140.339038
5511,2015,8,18,15,0.000000,0.000000,0.000000,90.393604,34.436484,140.208245
5512,2015,8,18,16,0.000000,0.000000,0.000000,85.545950,42.558750,143.521000
5513,2015,8,18,17,0.000000,0.000000,0.000000,82.556480,56.208260,152.900280
5514,2015,8,18,18,0.000000,0.000000,0.000000,89.720372,81.428632,168.899043
5515,2015,8,18,19,0.000000,0.000000,0.000000,102.309847,114.190627,195.240103
5516,2015,8,18,20,0.000000,0.000000,0.000000,96.649792,109.974812,191.049817
5517,2015,8,18,21,0.000000,0.000000,0.000000,88.924153,102.844953,183.529271
5518,2015,8,18,22,0.000000,0.000000,0.000000,85.206662,97.831242,172.523590
5519,2015,8,18,23,0.000000,0.000000,0.000000,73.067067,85.774847,156.725729
5520,2015,8,18,24,0.000000,0.000000,0.000000,75.707896,87.536416,156.143621
5521,2015,8,19,1,0.000000,0.000000,0.000000,72.785979,84.353519,151.029825
5522,2015,8,19,2,0.000000,0.000000,0.000000,77.200333,87.878993,152.767524
5523,2015,8,19,3,0.000000,0.000000,0.000000,73.592240,84.076040,147.047386
5524,2015,8,19,4,0.000000,0.000000,0.000000,73.199203,82.721923,142.038298
5525,2015,8,19,5,0.000000,0.000000,0.000000,78.225798,85.712458,139.238811
5526,2015,8,19,6,0.000000,0.000000,0.000000,79.442145,87.355005,142.849540
5527,2015,8,19,7,0.000000,0.000000,0.000000,84.795923,93.178183,152.178444
5528,2015,8,19,8,0.000000,0.000000,0.000000,95.036693,96.204233,169.380778
5529,2015,8,19,9,0.000000,0.000000,0.000000,95.399852,76.708172,165.155296
5530,2015,8,19,10,0.000000,0.000000,0.000000,89.716598,55.009858,153.890678
5531,2015,8,19,11,0.000000,0.000000,0.000000,82.894123,34.293903,140.857804
5532,2015,8,19,12,0.000000,0.000000,0.000000,72.778417,17.040897,131.279463
5533,2015,8,19,13,0.000000,0.000000,0.000000,57.200444,-0.147616,123.292979
5534,2015,8,19,14,0.000000,0.000000,0.000000,54.885359,-1.046001,120.050798
5535,2015,8,19,15,0.000000,0.000000,0.000000,53.801098,4.039738,120.331784
5536,2015,8,19,16,0.000000,0.000000,0.000000,50.922829,13.731909,124.406146
5537,2015,8,19,17,0.000000,0.000000,0.000000,50.385579,29.032699,133.317332
5538,2015,8,19,18,0.000000,0.000000,0.000000,58.708502,55.924702,153.253603
5539,2015,8,19,19,0.000000,0.000000,0.000000,77.864326,92.467326,175.349767
5540,2015,8,19,20,0.000000,0.000000,0.000000,76.101955,92.232535,176.745314
5541,2015,8,19,21,0.000000,0.000000,0.000000,96.033427,105.107667,170.391023
5542,2015,8,19,22,0.000000,0.000000,0.000000,92.518239,99.568519,156.258959
5543,2015,8,19,23,0.000000,0.000000,0.000000,77.663222,87.028062,147.253549
5544,2015,8,19,24,0.000000,0.000000,0.000000,81.703478,89.912378,147.246171
5545,2015,8,20,1,0.000000,0.000000,0.000000,89.617825,94.720325,143.302100
5546,2015,8,20,2,0.000000,0.000000,0.000000,88.587142,94.502462,145.721016
5547,2015,8,20,3,0.000000,0.000000,0.000000,90.413454,94.761594,140.842592
5548,2015,8,20,4,0.000000,0.000000,0.000000,85.720299,90.581039,136.977186
5549,2015,8,20,5,0.000000,0.000000,0.000000,85.202226,90.274106,137.271741
5550,2015,8,20,6,0.000000,0.000000,0.000000,76.727195,84.977715,140.805354
5551,2015,8,20,7,0.000000,0.000000,0.000000,90.182136,96.944896,151.802395
5552,2015,8,20,8,0.000000,0.000000,0.000000,85.220839,89.663359,171.576212
5553,2015,8,20,9,0.000000,0.000000,0.000000,90.413013,74.190193,170.027524
5554,2015,8,20,10,0.000000,0.000000,0.000000,121.245131,79.222091,161.785988
5555,2015,8,20,11,0.000000,0.000000,0.000000,119.504790,62.225370,149.169093
5556,2015,8,20,12,0.000000,0.000000,0.000000,103.925556,41.522496,141.703127
5557,2015,8,20,13,0.000000,0.000000,0.000000,97.431228,31.185668,135.412358
5558,2015,8,20,14,0.000000,0.000000,0.000000,99.027694,33.800854,135.528338
5559,2015,8,20,15,0.000000,0.000000,0.000000,89.957202,33.451182,137.064842
5560,2015,8,20,16,0.000000,0.000000,0.000000,78.485696,36.930476,140.789902
5561,2015,8,20,17,0.000000,0.000000,0.000000,78.048431,52.239231,149.404975
5562,2015,8,20,18,0.000000,0.000000,0.000000,73.299962,69.111322,166.152962
5563,2015,8,20,19,0.000000,0.000000,0.000000,77.337427,95.070567,189.254555
5564,2015,8,20,20,0.000000,0.000000,0.000000,81.442389,98.261629,187.079638
5565,2015,8,20,21,0.000000,0.000000,0.000000,67.823556,87.345576,181.534168
5566,2015,8,20,22,0.000000,0.000000,0.000000,56.345140,76.068180,167.167706
5567,2015,8,20,23,0.000000,0.000000,0.000000,47.310184,67.243744,156.103526
5568,2015,8,20,24,0.000000,0.000000,0.000000,47.726500,67.225000,154.628334
5569,2015,8,21,1,0.000000,0.000000,0.000000,42.257525,62.175585,149.294314
5570,2015,8,21,2,0.000000,0.000000,0.000000,57.236128,73.330088,151.419984
5571,2015,8,21,3,0.000000,0.000000,0.000000,44.202498,62.640778,144.981971
5572,2015,8,21,4,0.000000,0.000000,0.000000,34.049759,53.776439,137.457518
5573,2015,8,21,5,0.000000,0.000000,0.000000,34.608616,53.412516,133.896355
5574,2015,8,21,6,0.000000,0.000000,0.000000,40.768571,58.844071,138.710428
5575,2015,8,21,7,0.000000,0.000000,0.000000,49.967267,68.074927,151.125436
5576,2015,8,21,8,0.000000,0.000000,0.000000,61.386314,71.080894,164.306459
5577,2015,8,21,9,0.000000,0.000000,0.000000,69.463658,58.218038,165.321984
5578,2015,8,21,10,0.000000,0.000000,0.000000,68.513254,39.910974,154.107032
5579,2015,8,21,11,0.000000,0.000000,0.000000,66.358459,22.648919,141.633425
5580,2015,8,21,12,0.000000,0.000000,0.000000,61.297569,9.975569,136.577425
5581,2015,8,21,13,0.000000,0.000000,0.000000,62.026389,4.682569,129.747359
5582,2015,8,21,14,0.000000,0.000000,0.000000,58.144537,2.879217,127.504555
5583,2015,8,21,15,0.000000,0.000000,0.000000,49.663551,2.219671,125.629962
5584,2015,8,21,16,0.000000,0.000000,0.000000,55.248853,18.123853,130.481804
5585,2015,8,21,17,0.000000,0.000000,0.000000,59.219145,36.413965,138.318020
5586,2015,8,21,18,0.000000,0.000000,0.000000,67.863733,63.348053,157.378470
5587,2015,8,21,19,0.000000,0.000000,0.000000,77.214621,92.485341,177.599521
5588,2015,8,21,20,0.000000,0.000000,0.000000,76.105417,92.216957,176.661076
5589,2015,8,21,21,0.000000,0.000000,0.000000,76.093537,91.154437,171.742249
5590,2015,8,21,22,0.000000,0.000000,0.000000,70.321140,85.097560,162.718146
5591,2015,8,21,23,0.000000,0.000000,0.000000,61.914594,76.634854,151.247338
5592,2015,8,21,24,0.000000,0.000000,0.000000,59.290103,75.286783,153.704645
5593,2015,8,22,1,0.000000,0.000000,0.000000,49.489555,66.615615,145.907687
5594,2015,8,22,2,0.000000,0.000000,0.000000,49.024297,66.597157,147.372409
5595,2015,8,22,3,0.000000,0.000000,0.000000,44.337050,62.151630,142.250773
5596,2015,8,22,4,0.000000,0.000000,0.000000,43.274192,60.590972,138.510562
5597,2015,8,22,5,0.000000,0.000000,0.000000,41.935395,58.998575,135.542033
5598,2015,8,22,6,0.000000,0.000000,0.000000,56.637940,69.727700,136.602800
5599,2015,8,22,7,0.000000,0.000000,0.000000,83.359469,89.737349,140.909398
5600,2015,8,22,8,0.000000,0.000000,0.000000,81.363968,80.393068,141.171091
5601,2015,8,22,9,0.000000,0.000000,0.000000,77.744773,58.272193,137.970991
5602,2015,8,22,10,0.000000,0.000000,0.000000,61.901872,30.308452,131.333202
5603,2015,8,22,11,0.000000,0.000000,0.000000,46.116427,3.637987,120.389183
5604,2015,8,22,12,0.000000,0.000000,0.000000,42.543642,-8.655578,112.145162
5605,2015,8,22,13,0.000000,0.000000,0.000000,37.593028,-17.778692,106.372677
5606,2015,8,22,14,0.000000,0.000000,0.000000,34.702149,-18.419171,106.253372
5607,2015,8,22,15,0.000000,0.000000,0.000000,34.153504,-12.597316,108.184178
5608,2015,8,22,16,0.000000,0.000000,0.000000,35.647891,0.997351,115.894669
5609,2015,8,22,17,0.000000,0.000000,0.000000,38.422746,18.759166,125.250288
5610,2015,8,22,18,0.000000,0.000000,0.000000,45.213767,43.818947,141.742529
5611,2015,8,22,19,0.000000,0.000000,0.000000,60.414352,78.328352,167.534469
5612,2015,8,22,20,0.000000,0.000000,0.000000,58.248420,76.631840,163.453854
5613,2015,8,22,21,0.000000,0.000000,0.000000,56.350363,74.252623,158.677698
5614,2015,8,22,22,0.000000,0.000000,0.000000,53.403471,71.517571,155.737095
5615,2015,8,22,23,0.000000,0.000000,0.000000,49.784745,68.226865,152.442887
5616,2015,8,22,24,0.000000,0.000000,0.000000,48.995427,67.824947,153.198329
5617,2015,8,23,1,0.000000,0.000000,0.000000,43.542154,62.879854,148.298805
5618,2015,8,23,2,0.000000,0.000000,0.000000,44.799348,64.198808,150.263278
5619,2015,8,23,3,0.000000,0.000000,0.000000,40.390100,59.762060,144.255946
5620,2015,8,23,4,0.000000,0.000000,0.000000,35.244672,54.743912,137.989349
5621,2015,8,23,5,0.000000,0.000000,0.000000,34.577218,53.706118,135.371157
5622,2015,8,23,6,0.000000,0.000000,0.000000,43.945560,60.317240,134.995254
5623,2015,8,23,7,0.000000,0.000000,0.000000,48.775992,64.313472,137.542896
5624,2015,8,23,8,0.000000,0.000000,0.000000,53.277343,58.828683,134.159378
5625,2015,8,23,9,0.000000,0.000000,0.000000,49.081969,36.225109,130.627278
5626,2015,8,23,10,0.000000,0.000000,0.000000,42.013214,14.105734,122.016045
5627,2015,8,23,11,0.000000,0.000000,0.000000,38.065179,-4.020601,111.486599
5628,2015,8,23,12,0.000000,0.000000,0.000000,31.411587,-18.721093,102.279610
5629,2015,8,23,13,0.000000,0.000000,0.000000,26.405206,-28.041814,95.770848
5630,2015,8,23,14,0.000000,0.000000,0.000000,24.740522,-28.077538,94.386416
5631,2015,8,23,15,0.000000,0.000000,0.000000,24.078781,-22.331879,96.338628
5632,2015,8,23,16,0.000000,0.000000,0.000000,25.156756,-9.253244,103.029008
5633,2015,8,23,17,0.000000,0.000000,0.000000,28.284952,9.071832,113.835376
5634,2015,8,23,18,0.000000,0.000000,0.000000,34.230645,33.403485,129.747447
5635,2015,8,23,19,0.000000,0.000000,0.000000,64.553046,77.637226,150.513569
5636,2015,8,23,20,0.000000,0.000000,0.000000,86.377742,94.435182,152.771709
5637,2015,8,23,21,0.000000,0.000000,0.000000,58.912617,74.342737,150.557382
5638,2015,8,23,22,0.000000,0.000000,0.000000,47.257800,65.372440,147.545387
5639,2015,8,23,23,0.000000,0.000000,0.000000,39.020967,58.581567,143.310756
5640,2015,8,23,24,0.000000,0.000000,0.000000,38.684517,58.508197,144.089863
5641,2015,8,24,1,0.000000,0.000000,0.000000,36.173086,56.063826,141.054234
5642,2015,8,24,2,0.000000,0.000000,0.000000,42.585746,61.689326,145.931035
5643,2015,8,24,3,0.000000,0.000000,0.000000,35.242168,54.807508,138.294477
5644,2015,8,24,4,0.000000,0.000000,0.000000,30.585005,50.247745,132.539460
5645,2015,8,24,5,0.000000,0.000000,0.000000,30.477878,49.738698,130.520997
5646,2015,8,24,6,0.000000,0.000000,0.000000,40.632470,58.519370,137.648826
5647,2015,8,24,7,0.000000,0.000000,0.000000,49.385339,67.748239,151.540652
5648,2015,8,24,8,0.000000,0.000000,0.000000,55.561129,66.458549,162.152799
5649,2015,8,24,9,0.000000,0.000000,0.000000,63.498250,53.789590,164.540587
5650,2015,8,24,10,0.000000,0.000000,0.000000,74.464172,44.321032,154.850909
5651,2015,8,24,11,0.000000,0.000000,0.000000,57.367506,16.205046,141.531861
5652,2015,8,24,12,0.000000,0.000000,0.000000,51.661553,2.028033,131.608977
5653,2015,8,24,13,0.000000,0.000000,0.000000,47.716311,-6.714569,124.260974
5654,2015,8,24,14,0.000000,0.000000,0.000000,46.724248,-6.315232,122.664758
5655,2015,8,24,15,0.000000,0.000000,0.000000,45.779294,-0.679146,125.049672
5656,2015,8,24,16,0.000000,0.000000,0.000000,44.753333,10.323853,129.066871
5657,2015,8,24,17,0.000000,0.000000,0.000000,53.821749,34.576489,147.734452
5658,2015,8,24,18,0.000000,0.000000,0.000000,63.866256,63.053456,169.328608
5659,2015,8,24,19,0.000000,0.000000,0.000000,70.056983,89.255163,186.384151
5660,2015,8,24,20,0.000000,0.000000,0.000000,67.251770,87.091670,182.255226
5661,2015,8,24,21,0.000000,0.000000,0.000000,63.391779,83.327179,177.554238
5662,2015,8,24,22,0.000000,0.000000,0.000000,53.187880,73.185300,164.238467
5663,2015,8,24,23,0.000000,0.000000,0.000000,45.403690,65.398390,153.846853
5664,2015,8,24,24,0.000000,0.000000,0.000000,46.706579,66.689039,155.526918
5665,2015,8,25,1,0.000000,0.000000,0.000000,43.853197,63.815177,151.626835
5666,2015,8,25,2,0.000000,0.000000,0.000000,45.587113,65.533473,153.865831
5667,2015,8,25,3,0.000000,0.000000,0.000000,41.834650,61.790990,148.909120
5668,2015,8,25,4,0.000000,0.000000,0.000000,38.864805,58.828445,144.983394
5669,2015,8,25,5,0.000000,0.000000,0.000000,38.024578,57.997398,143.905931
5670,2015,8,25,6,0.000000,0.000000,0.000000,42.003691,61.994471,149.295228
5671,2015,8,25,7,0.000000,0.000000,0.000000,52.285668,72.282128,163.031037
5672,2015,8,25,8,0.000000,0.000000,0.000000,67.416731,78.614051,179.359801
5673,2015,8,25,9,0.000000,0.000000,0.000000,71.087000,61.481880,175.142107
5674,2015,8,25,10,0.000000,0.000000,0.000000,68.340688,41.933188,164.119251
5675,2015,8,25,11,0.000000,0.000000,0.000000,62.864638,22.063058,150.545478
5676,2015,8,25,12,0.000000,0.000000,0.000000,62.678393,12.019293,141.512057
5677,2015,8,25,13,0.000000,0.000000,0.000000,58.704300,3.776040,136.590520
5678,2015,8,25,14,0.000000,0.000000,0.000000,72.986928,16.040128,139.447504
5679,2015,8,25,15,0.000000,0.000000,0.000000,58.205335,11.805335,141.890446
5680,2015,8,25,16,0.000000,0.000000,0.000000,57.603122,23.193602,146.293070
5681,2015,8,25,17,0.000000,0.000000,0.000000,62.908943,43.696023,160.001630
5682,2015,8,25,18,0.000000,0.000000,0.000000,81.779996,80.957376,193.167768
5683,2015,8,25,19,0.000000,0.000000,0.000000,85.219696,104.413776,206.581968
5684,2015,8,25,20,0.000000,0.000000,0.000000,78.003026,98.000226,197.324301
5685,2015,8,25,21,0.000000,0.000000,0.000000,70.662167,90.659927,187.539103
5686,2015,8,25,22,0.000000,0.000000,0.000000,63.957707,83.956247,178.603462
5687,2015,8,25,23,0.000000,0.000000,0.000000,50.428473,70.427933,160.568778
5688,2015,8,25,24,0.000000,0.000000,0.000000,50.013386,70.013386,160.017847
5689,2015,8,26,1,0.000000,0.000000,0.000000,46.457922,66.457922,155.277229
5690,2015,8,26,2,0.000000,0.000000,0.000000,48.469227,68.469227,157.958969
5691,2015,8,26,3,0.000000,0.000000,0.000000,44.853965,64.853965,153.138620
5692,2015,8,26,4,0.000000,0.000000,0.000000,42.261637,62.261637,149.682183
5693,2015,8,26,5,0.000000,0.000000,0.000000,41.940350,61.939170,149.248293
5694,2015,8,26,6,0.000000,0.000000,0.000000,43.991738,63.989498,151.978530
5695,2015,8,26,7,0.000000,0.000000,0.000000,54.664567,74.662227,166.208502
5696,2015,8,26,8,0.000000,0.000000,0.000000,69.229288,80.425748,181.772531
5697,2015,8,26,9,0.000000,0.000000,0.000000,77.211077,67.609797,183.325463
5698,2015,8,26,10,0.000000,0.000000,0.000000,73.711800,47.303000,171.274667
5699,2015,8,26,11,0.000000,0.000000,0.000000,66.049603,25.244903,154.777537
5700,2015,8,26,12,0.000000,0.000000,0.000000,61.783555,12.180155,145.245540
5701,2015,8,26,13,0.000000,0.000000,0.000000,58.022054,3.614594,138.111259
5702,2015,8,26,14,0.000000,0.000000,0.000000,59.065002,6.258502,140.206337
5703,2015,8,26,15,0.000000,0.000000,0.000000,59.230914,12.825614,143.233152
5704,2015,8,26,16,0.000000,0.000000,0.000000,57.811570,23.406670,146.592560
5705,2015,8,26,17,0.000000,0.000000,0.000000,59.728953,40.525113,155.804018
5706,2015,8,26,18,0.000000,0.000000,0.000000,66.261219,65.458239,172.567719
5707,2015,8,26,19,0.000000,0.000000,0.000000,75.657384,94.855984,193.853312
5708,2015,8,26,20,0.000000,0.000000,0.000000,69.825590,89.823570,186.424694
5709,2015,8,26,21,0.000000,0.000000,0.000000,65.318023,85.316943,180.418990
5710,2015,8,26,22,0.000000,0.000000,0.000000,56.081644,76.080704,168.104473
5711,2015,8,26,23,0.000000,0.000000,0.000000,47.485135,67.483275,156.638166
5712,2015,8,26,24,0.000000,0.000000,0.000000,47.302598,67.298658,156.385078
5713,2015,8,27,1,0.000000,0.000000,0.000000,43.967668,63.962408,151.932344
5714,2015,8,27,2,0.000000,0.000000,0.000000,45.444021,65.436481,153.890175
5715,2015,8,27,3,0.000000,0.000000,0.000000,41.813133,61.804193,149.042457
5716,2015,8,27,4,0.000000,0.000000,0.000000,39.286032,59.275752,145.666736
5717,2015,8,27,5,0.000000,0.000000,0.000000,38.222793,58.211213,144.243017
5718,2015,8,27,6,0.000000,0.000000,0.000000,41.785484,61.733884,148.806512
5719,2015,8,27,7,0.000000,0.000000,0.000000,50.668306,70.605646,160.598662
5720,2015,8,27,8,0.000000,0.000000,0.000000,66.011671,77.185411,177.376348
5721,2015,8,27,9,0.000000,0.000000,0.000000,68.737939,59.126639,171.981185
5722,2015,8,27,10,0.000000,0.000000,0.000000,65.201056,38.796796,159.948195
5723,2015,8,27,11,0.000000,0.000000,0.000000,60.447670,19.646230,147.323506
5724,2015,8,27,12,0.000000,0.000000,0.000000,56.367736,6.766036,138.032382
5725,2015,8,27,13,0.000000,0.000000,0.000000,52.492739,-1.909541,130.763013
5726,2015,8,27,14,0.000000,0.000000,0.000000,48.909018,-3.892162,126.689851
5727,2015,8,27,15,0.000000,0.000000,0.000000,48.474739,2.068299,128.886266
5728,2015,8,27,16,0.000000,0.000000,0.000000,47.114785,12.699265,132.280619
5729,2015,8,27,17,0.000000,0.000000,0.000000,50.788462,31.505542,143.514323
5730,2015,8,27,18,0.000000,0.000000,0.000000,83.026474,75.280694,162.521659
5731,2015,8,27,19,0.000000,0.000000,0.000000,113.522780,119.554640,182.895721
5732,2015,8,27,20,0.000000,0.000000,0.000000,122.515468,126.804528,183.369571
5733,2015,8,27,21,0.000000,0.000000,0.000000,123.312769,126.554689,179.545985
5734,2015,8,27,22,0.000000,0.000000,0.000000,110.846265,114.845645,166.458793
5735,2015,8,27,23,0.000000,0.000000,0.000000,106.593998,109.654678,156.408504
5736,2015,8,27,24,0.000000,0.000000,0.000000,104.443567,108.068567,156.174756
5737,2015,8,28,1,0.000000,0.000000,0.000000,87.295922,94.696922,150.932562
5738,2015,8,28,2,0.000000,0.000000,0.000000,72.527320,84.801040,153.980454
5739,2015,8,28,3,0.000000,0.000000,0.000000,63.515694,77.324214,149.127352
5740,2015,8,28,4,0.000000,0.000000,0.000000,90.634545,96.100785,146.355180
5741,2015,8,28,5,0.000000,0.000000,0.000000,102.371021,104.281341,145.409521
5742,2015,8,28,6,0.000000,0.000000,0.000000,110.684933,111.071773,149.385164
5743,2015,8,28,7,0.000000,0.000000,0.000000,119.448733,119.746093,160.652657
5744,2015,8,28,8,0.000000,0.000000,0.000000,133.737475,125.507115,177.124954
5745,2015,8,28,9,0.000000,0.000000,0.000000,131.790006,103.904326,170.770167
5746,2015,8,28,10,0.000000,0.000000,0.000000,125.057851,81.594631,160.148775
5747,2015,8,28,11,0.000000,0.000000,0.000000,115.123099,59.025119,148.840225
5748,2015,8,28,12,0.000000,0.000000,0.000000,105.215895,41.156955,135.696140
5749,2015,8,28,13,0.000000,0.000000,0.000000,98.928447,31.882587,133.673916
5750,2015,8,28,14,0.000000,0.000000,0.000000,85.115612,22.694692,130.073189
5751,2015,8,28,15,0.000000,0.000000,0.000000,74.981061,21.567841,131.529721
5752,2015,8,28,16,0.000000,0.000000,0.000000,71.367600,29.981920,132.090293
5753,2015,8,28,17,0.000000,0.000000,0.000000,69.711744,44.247384,139.898646
5754,2015,8,28,18,0.000000,0.000000,0.000000,75.362079,69.021579,158.860439
5755,2015,8,28,19,0.000000,0.000000,0.000000,84.360390,97.902650,179.061066
5756,2015,8,28,20,0.000000,0.000000,0.000000,93.911964,105.093684,177.397313
5757,2015,8,28,21,0.000000,0.000000,0.000000,94.587130,103.613010,168.236946
5758,2015,8,28,22,0.000000,0.000000,0.000000,85.960796,95.417796,158.747061
5759,2015,8,28,23,0.000000,0.000000,0.000000,74.770000,86.361820,153.788494
5760,2015,8,28,24,0.000000,0.000000,0.000000,67.914354,81.665294,154.723525
5761,2015,8,29,1,0.000000,0.000000,0.000000,54.921901,71.161481,149.013908
5762,2015,8,29,2,0.000000,0.000000,0.000000,46.443077,65.433657,150.546809
5763,2015,8,29,3,0.000000,0.000000,0.000000,41.318821,60.577801,144.967001
5764,2015,8,29,4,0.000000,0.000000,0.000000,37.393479,56.397699,138.544331
5765,2015,8,29,5,0.000000,0.000000,0.000000,37.094140,55.718200,136.371133
5766,2015,8,29,6,0.000000,0.000000,0.000000,38.626028,57.224668,138.295025
5767,2015,8,29,7,0.000000,0.000000,0.000000,45.115603,62.977163,143.508084
5768,2015,8,29,8,0.000000,0.000000,0.000000,60.428270,65.977070,143.682094
5769,2015,8,29,9,0.000000,0.000000,0.000000,52.692224,40.949284,140.639246
5770,2015,8,29,10,0.000000,0.000000,0.000000,47.651411,20.757631,134.264241
5771,2015,8,29,11,0.000000,0.000000,0.000000,45.651528,4.633148,126.582931
5772,2015,8,29,12,0.000000,0.000000,0.000000,42.898318,-6.856102,119.360464
5773,2015,8,29,13,0.000000,0.000000,0.000000,40.176590,-14.587550,112.652800
5774,2015,8,29,14,0.000000,0.000000,0.000000,36.919619,-16.133541,109.528079
5775,2015,8,29,15,0.000000,0.000000,0.000000,34.671954,-11.947746,109.487339
5776,2015,8,29,16,0.000000,0.000000,0.000000,34.705357,0.010697,114.432063
5777,2015,8,29,17,0.000000,0.000000,0.000000,35.313693,15.809013,121.846417
5778,2015,8,29,18,0.000000,0.000000,0.000000,42.844263,41.510883,138.869910
5779,2015,8,29,19,0.000000,0.000000,0.000000,50.795165,69.780205,159.707073
5780,2015,8,29,20,0.000000,0.000000,0.000000,46.610107,66.556907,155.231876
5781,2015,8,29,21,0.000000,0.000000,0.000000,44.017058,63.807598,151.045264
5782,2015,8,29,22,0.000000,0.000000,0.000000,44.007262,63.254742,148.497922
5783,2015,8,29,23,0.000000,0.000000,0.000000,40.476371,60.156171,145.807562
5784,2015,8,29,24,0.000000,0.000000,0.000000,42.496072,61.959852,147.492402
5785,2015,8,30,1,0.000000,0.000000,0.000000,40.325250,59.939130,145.298440
5786,2015,8,30,2,0.000000,0.000000,0.000000,41.092681,60.969161,147.547147
5787,2015,8,30,3,0.000000,0.000000,0.000000,36.636691,56.544911,141.753948
5788,2015,8,30,4,0.000000,0.000000,0.000000,32.371731,52.169891,135.553722
5789,2015,8,30,5,0.000000,0.000000,0.000000,28.271662,48.188602,130.641269
5790,2015,8,30,6,0.000000,0.000000,0.000000,27.031227,46.985947,129.163663
5791,2015,8,30,7,0.000000,0.000000,0.000000,29.107717,49.078517,132.007356
5792,2015,8,30,8,0.000000,0.000000,0.000000,30.876647,42.048247,130.519663
5793,2015,8,30,9,0.000000,0.000000,0.000000,35.546540,25.922540,127.666720
5794,2015,8,30,10,0.000000,0.000000,0.000000,36.213808,9.778608,121.154143
5795,2015,8,30,11,0.000000,0.000000,0.000000,35.145093,-5.697127,113.396431
5796,2015,8,30,12,0.000000,0.000000,0.000000,34.193065,-15.697475,107.118233
5797,2015,8,30,13,0.000000,0.000000,0.000000,32.973936,-21.651264,103.697647
5798,2015,8,30,14,0.000000,0.000000,0.000000,30.823110,-22.030210,102.331987
5799,2015,8,30,15,0.000000,0.000000,0.000000,29.392785,-17.213515,102.510980
5800,2015,8,30,16,0.000000,0.000000,0.000000,29.377476,-5.128124,108.210502
5801,2015,8,30,17,0.000000,0.000000,0.000000,32.737341,13.386261,119.128081
5802,2015,8,30,18,0.000000,0.000000,0.000000,42.645411,41.506031,139.510108
5803,2015,8,30,19,0.000000,0.000000,0.000000,58.595877,77.711837,170.718983
5804,2015,8,30,20,0.000000,0.000000,0.000000,58.632716,78.594176,171.330435
5805,2015,8,30,21,0.000000,0.000000,0.000000,54.813567,74.798067,166.345756
5806,2015,8,30,22,0.000000,0.000000,0.000000,47.249328,67.245848,156.316198
5807,2015,8,30,23,0.000000,0.000000,0.000000,42.057691,62.055571,149.400362
5808,2015,8,30,24,0.000000,0.000000,0.000000,42.520388,62.517108,150.011877
5809,2015,8,31,1,0.000000,0.000000,0.000000,40.364677,60.362957,147.144876
5810,2015,8,31,2,0.000000,0.000000,0.000000,43.108306,63.103706,150.789608
5811,2015,8,31,3,0.000000,0.000000,0.000000,39.810509,59.800809,146.368745
5812,2015,8,31,4,0.000000,0.000000,0.000000,36.218299,56.193879,141.510438
5813,2015,8,31,5,0.000000,0.000000,0.000000,34.933408,54.920168,139.849424
5814,2015,8,31,6,0.000000,0.000000,0.000000,39.636046,59.601966,146.022355
5815,2015,8,31,7,0.000000,0.000000,0.000000,48.108834,68.057374,157.238298
5816,2015,8,31,8,0.000000,0.000000,0.000000,65.902889,76.773749,175.817865
5817,2015,8,31,9,0.000000,0.000000,0.000000,73.539834,62.863014,173.411285
5818,2015,8,31,10,0.000000,0.000000,0.000000,80.332808,50.315648,163.263664
5819,2015,8,31,11,0.000000,0.000000,0.000000,75.946846,31.197266,149.564421
5820,2015,8,31,12,0.000000,0.000000,0.000000,73.238397,19.447657,140.977743
5821,2015,8,31,13,0.000000,0.000000,0.000000,71.091535,12.615735,136.551647
5822,2015,8,31,14,0.000000,0.000000,0.000000,74.609871,16.746471,137.333961
5823,2015,8,31,15,0.000000,0.000000,0.000000,76.204234,23.976654,138.693606
5824,2015,8,31,16,0.000000,0.000000,0.000000,74.347548,34.276968,142.200690
5825,2015,8,31,17,0.000000,0.000000,0.000000,68.548823,45.540843,149.811191
5826,2015,8,31,18,0.000000,0.000000,0.000000,74.321918,69.910518,166.476024
5827,2015,8,31,19,0.000000,0.000000,0.000000,97.605552,110.296212,192.747149
5828,2015,8,31,20,0.000000,0.000000,0.000000,95.448577,108.830737,189.714850
5829,2015,8,31,21,0.000000,0.000000,0.000000,96.623983,108.151603,182.627537
5830,2015,8,31,22,0.000000,0.000000,0.000000,92.315530,102.830930,172.159241
5831,2015,8,31,23,0.000000,0.000000,0.000000,88.128552,96.791112,157.930016
5832,2015,8,31,24,0.000000,0.000000,0.000000,87.681540,96.474980,157.944773
5833,2015,9,1,1,0.000000,0.000000,0.000000,71.647112,83.862492,152.534589
5834,2015,9,1,2,0.000000,0.000000,0.000000,69.144756,82.703356,155.466475
5835,2015,9,1,3,0.000000,0.000000,0.000000,65.651143,79.215083,150.833244
5836,2015,9,1,4,0.000000,0.000000,0.000000,68.893625,80.749765,147.186820
5837,2015,9,1,5,0.000000,0.000000,0.000000,84.841310,92.109410,147.039547
5838,2015,9,1,6,0.000000,0.000000,0.000000,105.992952,108.030172,150.830963
5839,2015,9,1,7,0.000000,0.000000,0.000000,124.409555,124.822795,167.807860
5840,2015,9,1,8,0.000000,0.000000,0.000000,138.906398,120.506398,177.158530
5841,2015,9,1,9,0.000000,0.000000,0.000000,143.325323,106.525323,175.000431
5842,2015,9,1,10,0.000000,0.000000,0.000000,135.495561,83.944141,160.004122
5843,2015,9,1,11,0.000000,0.000000,0.000000,130.527301,67.229381,149.312775
5844,2015,9,1,12,0.000000,0.000000,0.000000,120.504806,50.132446,140.152061
5845,2015,9,1,13,0.000000,0.000000,0.000000,113.274729,40.975089,135.051319
5846,2015,9,1,14,0.000000,0.000000,0.000000,110.971787,41.202987,133.641316
5847,2015,9,1,15,0.000000,0.000000,0.000000,108.200058,46.312818,136.276291
5848,2015,9,1,16,0.000000,0.000000,0.000000,109.944621,59.842261,142.848482
5849,2015,9,1,17,0.000000,0.000000,0.000000,110.024647,76.171147,154.499863
5850,2015,9,1,18,0.000000,0.000000,0.000000,113.481997,98.324677,171.925170
5851,2015,9,1,19,0.000000,0.000000,0.000000,127.755798,131.038718,199.194691
5852,2015,9,1,20,0.000000,0.000000,0.000000,123.102969,130.057189,196.590319
5853,2015,9,1,21,0.000000,0.000000,0.000000,120.722393,126.372853,187.332004
5854,2015,9,1,22,0.000000,0.000000,0.000000,128.399538,130.150598,179.370998
5855,2015,9,1,23,0.000000,0.000000,0.000000,115.645869,117.312629,161.972705
5856,2015,9,1,24,0.000000,0.000000,0.000000,112.467821,114.736041,160.542122
5857,2015,9,2,1,0.000000,0.000000,0.000000,106.320559,108.971359,154.131145
5858,2015,9,2,2,0.000000,0.000000,0.000000,107.108956,110.038396,156.482661
5859,2015,9,2,3,0.000000,0.000000,0.000000,102.723971,105.660651,150.669801
5860,2015,9,2,4,0.000000,0.000000,0.000000,101.653218,104.017898,146.572797
5861,2015,9,2,5,0.000000,0.000000,0.000000,101.524735,103.329075,143.786567
5862,2015,9,2,6,0.000000,0.000000,0.000000,103.359457,105.139517,146.119556
5863,2015,9,2,7,0.000000,0.000000,0.000000,108.450013,110.947593,156.255390
5864,2015,9,2,8,0.000000,0.000000,0.000000,115.847301,101.582181,165.709174
5865,2015,9,2,9,0.000000,0.000000,0.000000,99.379457,72.153097,161.082929
5866,2015,9,2,10,0.000000,0.000000,0.000000,85.157325,45.303725,147.476300
5867,2015,9,2,11,0.000000,0.000000,0.000000,76.834397,26.289457,137.236143
5868,2015,9,2,12,0.000000,0.000000,0.000000,71.298486,11.532286,124.039048
5869,2015,9,2,13,0.000000,0.000000,0.000000,65.884052,3.470192,117.997389
5870,2015,9,2,14,0.000000,0.000000,0.000000,61.540545,2.122285,116.035513
5871,2015,9,2,15,0.000000,0.000000,0.000000,55.961713,4.642553,115.942871
5872,2015,9,2,16,0.000000,0.000000,0.000000,50.393053,11.895913,117.604084
5873,2015,9,2,17,0.000000,0.000000,0.000000,50.331737,28.009657,128.722609
5874,2015,9,2,18,0.000000,0.000000,0.000000,53.579470,49.843710,145.355746
5875,2015,9,2,19,0.000000,0.000000,0.000000,64.761123,79.602183,169.139777
5876,2015,9,2,20,0.000000,0.000000,0.000000,64.702067,82.830967,170.870956
5877,2015,9,2,21,0.000000,0.000000,0.000000,52.657341,72.412261,162.399415
5878,2015,9,2,22,0.000000,0.000000,0.000000,47.208745,66.069905,150.963740
5879,2015,9,2,23,0.000000,0.000000,0.000000,41.466354,60.384494,143.573125
5880,2015,9,2,24,0.000000,0.000000,0.000000,44.506802,62.624902,143.893536
5881,2015,9,3,1,0.000000,0.000000,0.000000,47.177368,63.676948,139.901197
5882,2015,9,3,2,0.000000,0.000000,0.000000,44.162647,62.143107,142.792343
5883,2015,9,3,3,0.000000,0.000000,0.000000,44.820535,61.237235,136.371979
5884,2015,9,3,4,0.000000,0.000000,0.000000,62.467156,72.500116,130.110021
5885,2015,9,3,5,0.000000,0.000000,0.000000,52.018457,64.536697,127.776395
5886,2015,9,3,6,0.000000,0.000000,0.000000,59.035132,70.685232,133.080643
5887,2015,9,3,7,0.000000,0.000000,0.000000,65.535006,77.819706,144.708609
5888,2015,9,3,8,0.000000,0.000000,0.000000,74.144031,68.776431,151.626575
5889,2015,9,3,9,0.000000,0.000000,0.000000,60.725011,42.071031,149.548109
5890,2015,9,3,10,0.000000,0.000000,0.000000,56.215795,22.367555,136.912606
5891,2015,9,3,11,0.000000,0.000000,0.000000,55.283561,8.893261,127.890015
5892,2015,9,3,12,0.000000,0.000000,0.000000,58.477473,1.651453,120.665204
5893,2015,9,3,13,0.000000,0.000000,0.000000,60.108456,-1.017684,116.305954
5894,2015,9,3,14,0.000000,0.000000,0.000000,59.630053,1.009853,117.212471
5895,2015,9,3,15,0.000000,0.000000,0.000000,63.143945,10.443705,119.074139
5896,2015,9,3,16,0.000000,0.000000,0.000000,63.988951,22.840251,123.358002
5897,2015,9,3,17,0.000000,0.000000,0.000000,66.388601,40.812961,134.948482
5898,2015,9,3,18,0.000000,0.000000,0.000000,71.806658,63.983918,150.586091
5899,2015,9,3,19,0.000000,0.000000,0.000000,80.178814,91.011194,170.989525
5900,2015,9,3,20,0.000000,0.000000,0.000000,73.935381,90.110861,174.066082
5901,2015,9,3,21,0.000000,0.000000,0.000000,74.043742,89.323282,170.029509
5902,2015,9,3,22,0.000000,0.000000,0.000000,66.381388,81.475688,158.948584
5903,2015,9,3,23,0.000000,0.000000,0.000000,70.023336,82.500156,151.589608
5904,2015,9,3,24,0.000000,0.000000,0.000000,68.009193,81.464193,153.468924
5905,2015,9,4,1,0.000000,0.000000,0.000000,63.272110,77.117030,148.972440
5906,2015,9,4,2,0.000000,0.000000,0.000000,59.199716,74.704796,151.289994
5907,2015,9,4,3,0.000000,0.000000,0.000000,55.800363,71.142003,145.994804
5908,2015,9,4,4,0.000000,0.000000,0.000000,61.032501,73.972961,141.765481
5909,2015,9,4,5,0.000000,0.000000,0.000000,80.785350,87.826950,140.574600
5910,2015,9,4,6,0.000000,0.000000,0.000000,97.554807,101.064127,146.449903
5911,2015,9,4,7,0.000000,0.000000,0.000000,92.612525,99.905025,157.515033
5912,2015,9,4,8,0.000000,0.000000,0.000000,93.889263,86.458743,168.326591
5913,2015,9,4,9,0.000000,0.000000,0.000000,119.389744,87.503184,166.015712
5914,2015,9,4,10,0.000000,0.000000,0.000000,110.678964,64.657384,152.721245
5915,2015,9,4,11,0.000000,0.000000,0.000000,88.756472,36.272772,144.084695
5916,2015,9,4,12,0.000000,0.000000,0.000000,77.410127,18.350407,135.484810
5917,2015,9,4,13,0.000000,0.000000,0.000000,72.823288,10.643988,128.344318
5918,2015,9,4,14,0.000000,0.000000,0.000000,79.812889,18.108029,129.727838
5919,2015,9,4,15,0.000000,0.000000,0.000000,74.917019,21.887299,133.233998
5920,2015,9,4,16,0.000000,0.000000,0.000000,65.667613,27.801613,140.915484
5921,2015,9,4,17,0.000000,0.000000,0.000000,68.193797,46.616037,156.012183
5922,2015,9,4,18,0.000000,0.000000,0.000000,74.590446,69.781766,168.363421
5923,2015,9,4,19,0.000000,0.000000,0.000000,78.074568,92.757148,186.151465
5924,2015,9,4,20,0.000000,0.000000,0.000000,80.983482,97.607722,185.557762
5925,2015,9,4,21,0.000000,0.000000,0.000000,79.589303,95.777363,181.663350
5926,2015,9,4,22,0.000000,0.000000,0.000000,68.251083,85.956563,173.627018
5927,2015,9,4,23,0.000000,0.000000,0.000000,57.834219,76.192579,162.784638
5928,2015,9,4,24,0.000000,0.000000,0.000000,59.747664,77.646704,163.192406
5929,2015,9,5,1,0.000000,0.000000,0.000000,52.884321,70.714001,153.717601
5930,2015,9,5,2,0.000000,0.000000,0.000000,56.472609,73.577849,155.121265
5931,2015,9,5,3,0.000000,0.000000,0.000000,53.372679,69.718559,147.444345
5932,2015,9,5,4,0.000000,0.000000,0.000000,49.468452,65.855972,142.433030
5933,2015,9,5,5,0.000000,0.000000,0.000000,55.893871,69.715591,139.026521
5934,2015,9,5,6,0.000000,0.000000,0.000000,70.430666,80.253006,139.745141
5935,2015,9,5,7,0.000000,0.000000,0.000000,96.588868,99.642588,143.035851
5936,2015,9,5,8,0.000000,0.000000,0.000000,103.118486,86.804866,139.177754
5937,2015,9,5,9,0.000000,0.000000,0.000000,110.864178,75.365318,137.790891
5938,2015,9,5,10,0.000000,0.000000,0.000000,112.657952,60.847232,128.343909
5939,2015,9,5,11,0.000000,0.000000,0.000000,102.543675,40.652515,118.566154
5940,2015,9,5,12,0.000000,0.000000,0.000000,91.281013,22.508073,108.650964
5941,2015,9,5,13,0.000000,0.000000,0.000000,83.861100,13.113820,103.077494
5942,2015,9,5,14,0.000000,0.000000,0.000000,79.990054,12.531534,103.113645
5943,2015,9,5,15,0.000000,0.000000,0.000000,71.288998,13.452598,105.965464
5944,2015,9,5,16,0.000000,0.000000,0.000000,70.328305,25.400885,114.176446
5945,2015,9,5,17,0.000000,0.000000,0.000000,72.257996,43.034256,125.749875
5946,2015,9,5,18,0.000000,0.000000,0.000000,76.688245,65.840365,142.977553
5947,2015,9,5,19,0.000000,0.000000,0.000000,86.417505,94.809485,167.919247
5948,2015,9,5,20,0.000000,0.000000,0.000000,91.014736,101.455476,170.076435
5949,2015,9,5,21,0.000000,0.000000,0.000000,88.815508,97.979528,161.186104
5950,2015,9,5,22,0.000000,0.000000,0.000000,96.411223,102.134303,155.256004
5951,2015,9,5,23,0.000000,0.000000,0.000000,90.983606,97.007486,149.422915
5952,2015,9,5,24,0.000000,0.000000,0.000000,92.671393,98.652053,151.471604
5953,2015,9,6,1,0.000000,0.000000,0.000000,89.512140,95.642920,147.959827
5954,2015,9,6,2,0.000000,0.000000,0.000000,93.947722,99.384642,150.635923
5955,2015,9,6,3,0.000000,0.000000,0.000000,92.763629,97.429609,145.459412
5956,2015,9,6,4,0.000000,0.000000,0.000000,87.131023,92.296363,140.279617
5957,2015,9,6,5,0.000000,0.000000,0.000000,85.092528,89.871728,135.759637
5958,2015,9,6,6,0.000000,0.000000,0.000000,87.624000,91.104500,133.074333
5959,2015,9,6,7,0.000000,0.000000,0.000000,76.826676,83.796196,134.959995
5960,2015,9,6,8,0.000000,0.000000,0.000000,85.850448,72.577388,130.342984
5961,2015,9,6,9,0.000000,0.000000,0.000000,97.435578,64.043278,129.716703
5962,2015,9,6,10,0.000000,0.000000,0.000000,85.835239,39.955399,120.257731
5963,2015,9,6,11,0.000000,0.000000,0.000000,69.399341,16.233161,115.090282
5964,2015,9,6,12,0.000000,0.000000,0.000000,58.094883,-1.472277,107.363098
5965,2015,9,6,13,0.000000,0.000000,0.000000,52.341924,-9.428156,102.945525
5966,2015,9,6,14,0.000000,0.000000,0.000000,54.748686,-5.641134,102.445755
5967,2015,9,6,15,0.000000,0.000000,0.000000,54.701284,1.330144,104.686393
5968,2015,9,6,16,0.000000,0.000000,0.000000,71.013034,25.519674,112.448365
5969,2015,9,6,17,0.000000,0.000000,0.000000,84.656098,51.359778,123.275303
5970,2015,9,6,18,0.000000,0.000000,0.000000,95.030993,77.899853,138.112671
5971,2015,9,6,19,0.000000,0.000000,0.000000,110.674329,110.337809,159.528678
5972,2015,9,6,20,0.000000,0.000000,0.000000,115.263687,116.935907,161.488609
5973,2015,9,6,21,0.000000,0.000000,0.000000,113.157286,114.571866,157.477754
5974,2015,9,6,22,0.000000,0.000000,0.000000,112.862954,113.198254,152.048672
5975,2015,9,6,23,0.000000,0.000000,0.000000,110.159881,110.357121,147.800295
5976,2015,9,6,24,0.000000,0.000000,0.000000,109.724398,110.170498,148.380998
5977,2015,9,7,1,0.000000,0.000000,0.000000,105.427007,106.433087,145.264383
5978,2015,9,7,2,0.000000,0.000000,0.000000,106.167750,107.472610,147.646347
5979,2015,9,7,3,0.000000,0.000000,0.000000,100.340446,101.974126,141.411101
5980,2015,9,7,4,0.000000,0.000000,0.000000,95.058973,97.229973,136.876631
5981,2015,9,7,5,0.000000,0.000000,0.000000,93.629391,95.796731,134.953442
5982,2015,9,7,6,0.000000,0.000000,0.000000,97.842842,99.815702,139.663803
5983,2015,9,7,7,0.000000,0.000000,0.000000,109.379449,110.231409,149.815078
5984,2015,9,7,8,0.000000,0.000000,0.000000,123.306315,105.913315,161.057753
5985,2015,9,7,9,0.000000,0.000000,0.000000,127.306954,91.410314,157.858285
5986,2015,9,7,10,0.000000,0.000000,0.000000,124.347843,73.259263,147.300417
5987,2015,9,7,11,0.000000,0.000000,0.000000,119.180380,56.900560,138.934681
5988,2015,9,7,12,0.000000,0.000000,0.000000,112.340250,42.140730,130.072573
5989,2015,9,7,13,0.000000,0.000000,0.000000,108.893893,36.003933,126.455377
5990,2015,9,7,14,0.000000,0.000000,0.000000,108.734492,37.961152,125.970403
5991,2015,9,7,15,0.000000,0.000000,0.000000,106.584731,43.319851,127.693534
5992,2015,9,7,16,0.000000,0.000000,0.000000,102.557856,52.441956,132.936275
5993,2015,9,7,17,0.000000,0.000000,0.000000,107.677282,72.295282,144.237042
5994,2015,9,7,18,0.000000,0.000000,0.000000,114.693020,96.996140,161.688587
5995,2015,9,7,19,0.000000,0.000000,0.000000,116.316860,119.012640,181.202787
5996,2015,9,7,20,0.000000,0.000000,0.000000,114.575206,120.882206,182.199607
5997,2015,9,7,21,0.000000,0.000000,0.000000,110.699817,117.417357,178.948276
5998,2015,9,7,22,0.000000,0.000000,0.000000,105.884022,110.901222,164.592295
5999,2015,9,7,23,0.000000,0.000000,0.000000,101.004857,105.303117,154.731689
6000,2015,9,7,24,0.000000,0.000000,0.000000,101.549591,105.765691,155.074588
6001,2015,9,8,1,0.000000,0.000000,0.000000,93.590089,99.113729,150.563772
6002,2015,9,8,2,0.000000,0.000000,0.000000,92.530085,98.862065,152.922686
6003,2015,9,8,3,0.000000,0.000000,0.000000,93.714388,98.637988,147.929317
6004,2015,9,8,4,0.000000,0.000000,0.000000,93.316537,97.285837,142.945450
6005,2015,9,8,5,0.000000,0.000000,0.000000,93.191062,97.128682,142.630310
6006,2015,9,8,6,0.000000,0.000000,0.000000,98.127089,101.705329,147.534572
6007,2015,9,8,7,0.000000,0.000000,0.000000,104.881919,108.970619,158.923159
6008,2015,9,8,8,0.000000,0.000000,0.000000,109.420813,98.063433,170.709977
6009,2015,9,8,9,0.000000,0.000000,0.000000,101.345250,74.893370,167.318227
6010,2015,9,8,10,0.000000,0.000000,0.000000,91.383012,51.421672,155.274430
6011,2015,9,8,11,0.000000,0.000000,0.000000,86.341657,34.620577,144.423837
6012,2015,9,8,12,0.000000,0.000000,0.000000,80.924969,20.123149,132.041465
6013,2015,9,8,13,0.000000,0.000000,0.000000,93.028493,25.162313,128.745817
6014,2015,9,8,14,0.000000,0.000000,0.000000,101.260509,33.117509,128.280012
6015,2015,9,8,15,0.000000,0.000000,0.000000,104.193021,42.107421,130.007895
6016,2015,9,8,16,0.000000,0.000000,0.000000,104.111608,54.361908,136.716878
6017,2015,9,8,17,0.000000,0.000000,0.000000,107.812419,73.545039,149.618786
6018,2015,9,8,18,0.000000,0.000000,0.000000,119.184034,102.041074,170.261565
6019,2015,9,8,19,0.000000,0.000000,0.000000,128.880203,130.393423,192.435297
6020,2015,9,8,20,0.000000,0.000000,0.000000,120.128544,125.774804,186.520605
6021,2015,9,8,21,0.000000,0.000000,0.000000,115.632017,120.655617,177.619489
6022,2015,9,8,22,0.000000,0.000000,0.000000,109.266105,113.401885,164.988447
6023,2015,9,8,23,0.000000,0.000000,0.000000,98.868172,102.721392,149.805923
6024,2015,9,8,24,0.000000,0.000000,0.000000,94.852952,99.809012,149.598882
6025,2015,9,9,1,0.000000,0.000000,0.000000,88.181315,94.234595,145.823726
6026,2015,9,9,2,0.000000,0.000000,0.000000,83.482821,91.410181,148.304774
6027,2015,9,9,3,0.000000,0.000000,0.000000,67.180247,78.646807,143.084276
6028,2015,9,9,4,0.000000,0.000000,0.000000,57.109151,70.605751,139.129668
6029,2015,9,9,5,0.000000,0.000000,0.000000,50.971623,66.023603,138.204737
6030,2015,9,9,6,0.000000,0.000000,0.000000,49.078875,65.243015,140.871153
6031,2015,9,9,7,0.000000,0.000000,0.000000,62.046069,77.102249,152.990265
6032,2015,9,9,8,0.000000,0.000000,0.000000,91.651802,84.702282,167.587976
6033,2015,9,9,9,0.000000,0.000000,0.000000,96.631640,71.840100,168.781667
6034,2015,9,9,10,0.000000,0.000000,0.000000,92.662744,52.713544,157.037393
6035,2015,9,9,11,0.000000,0.000000,0.000000,91.292753,39.090313,148.778951
6036,2015,9,9,12,0.000000,0.000000,0.000000,89.732861,28.257441,140.641854
6037,2015,9,9,13,0.000000,0.000000,0.000000,86.669253,22.448753,137.280004
6038,2015,9,9,14,0.000000,0.000000,0.000000,89.383254,26.558014,137.259885
6039,2015,9,9,15,0.000000,0.000000,0.000000,89.117435,33.517855,140.175207
6040,2015,9,9,16,0.000000,0.000000,0.000000,87.830047,44.775267,146.251089
6041,2015,9,9,17,0.000000,0.000000,0.000000,94.022171,65.621691,158.610654
6042,2015,9,9,18,0.000000,0.000000,0.000000,103.037644,91.819944,176.384259
6043,2015,9,9,19,0.000000,0.000000,0.000000,117.973785,124.660305,202.035473
6044,2015,9,9,20,0.000000,0.000000,0.000000,109.796090,120.049890,194.245853
6045,2015,9,9,21,0.000000,0.000000,0.000000,103.775521,113.544601,183.956401
6046,2015,9,9,22,0.000000,0.000000,0.000000,90.681770,102.379210,175.497081
6047,2015,9,9,23,0.000000,0.000000,0.000000,73.719568,86.545928,158.149104
6048,2015,9,9,24,0.000000,0.000000,0.000000,75.047869,87.583469,158.563292
6049,2015,9,10,1,0.000000,0.000000,0.000000,72.881933,84.772373,152.664631
6050,2015,9,10,2,0.000000,0.000000,0.000000,75.916232,87.405392,154.837723
6051,2015,9,10,3,0.000000,0.000000,0.000000,70.084297,81.985997,148.986997
6052,2015,9,10,4,0.000000,0.000000,0.000000,70.410834,81.404134,145.183179
6053,2015,9,10,5,0.000000,0.000000,0.000000,77.612295,86.330055,144.165940
6054,2015,9,10,6,0.000000,0.000000,0.000000,85.669520,92.922800,148.074666
6055,2015,9,10,7,0.000000,0.000000,0.000000,109.272177,112.789257,162.109276
6056,2015,9,10,8,0.000000,0.000000,0.000000,127.359812,111.143752,171.954802
6057,2015,9,10,9,0.000000,0.000000,0.000000,135.070852,99.796352,171.113469
6058,2015,9,10,10,0.000000,0.000000,0.000000,132.470360,81.730320,159.756960
6059,2015,9,10,11,0.000000,0.000000,0.000000,128.647527,65.782807,148.828009
6060,2015,9,10,12,0.000000,0.000000,0.000000,124.731121,53.218361,140.465282
6061,2015,9,10,13,0.000000,0.000000,0.000000,116.556802,43.029702,133.699269
6062,2015,9,10,14,0.000000,0.000000,0.000000,103.180893,35.369913,132.389951
6063,2015,9,10,15,0.000000,0.000000,0.000000,100.707480,40.014760,131.860613
6064,2015,9,10,16,0.000000,0.000000,0.000000,98.489454,50.487634,137.377446
6065,2015,9,10,17,0.000000,0.000000,0.000000,99.159047,67.271627,149.187436
6066,2015,9,10,18,0.000000,0.000000,0.000000,99.883746,86.861646,163.758529
6067,2015,9,10,19,0.000000,0.000000,0.000000,102.518634,110.737694,188.580459
6068,2015,9,10,20,0.000000,0.000000,0.000000,100.139693,112.315973,190.342230
6069,2015,9,10,21,0.000000,0.000000,0.000000,98.327291,109.232831,181.995575
6070,2015,9,10,22,0.000000,0.000000,0.000000,94.634696,104.590296,172.639061
6071,2015,9,10,23,0.000000,0.000000,0.000000,75.482562,87.421342,156.357723
6072,2015,9,10,24,0.000000,0.000000,0.000000,69.445385,82.561805,153.803807
6073,2015,9,11,1,0.000000,0.000000,0.000000,49.580839,65.805359,141.822212
6074,2015,9,11,2,0.000000,0.000000,0.000000,45.883132,63.835912,144.957149
6075,2015,9,11,3,0.000000,0.000000,0.000000,39.920929,58.561269,140.216158
6076,2015,9,11,4,0.000000,0.000000,0.000000,34.900030,53.927690,135.329120
6077,2015,9,11,5,0.000000,0.000000,0.000000,33.077052,52.358552,134.083069
6078,2015,9,11,6,0.000000,0.000000,0.000000,37.861320,56.782740,138.781720
6079,2015,9,11,7,0.000000,0.000000,0.000000,43.779511,63.201411,149.008214
6080,2015,9,11,8,0.000000,0.000000,0.000000,58.139680,59.178000,160.181734
6081,2015,9,11,9,0.000000,0.000000,0.000000,59.312022,42.267622,155.175496
6082,2015,9,11,10,0.000000,0.000000,0.000000,54.309132,22.270012,142.812950
6083,2015,9,11,11,0.000000,0.000000,0.000000,49.942038,5.921758,131.828078
6084,2015,9,11,12,0.000000,0.000000,0.000000,44.231335,-8.586225,120.376500
6085,2015,9,11,13,0.000000,0.000000,0.000000,39.706026,-16.324834,112.880688
6086,2015,9,11,14,0.000000,0.000000,0.000000,38.239991,-15.601429,110.993362
6087,2015,9,11,15,0.000000,0.000000,0.000000,38.917083,-8.477517,111.531310
6088,2015,9,11,16,0.000000,0.000000,0.000000,53.582985,13.665705,115.230007
6089,2015,9,11,17,0.000000,0.000000,0.000000,64.550583,37.636003,126.249404
6090,2015,9,11,18,0.000000,0.000000,0.000000,72.929834,62.297014,138.969952
6091,2015,9,11,19,0.000000,0.000000,0.000000,80.341265,88.972285,160.933113
6092,2015,9,11,20,0.000000,0.000000,0.000000,78.794622,90.390262,159.172483
6093,2015,9,11,21,0.000000,0.000000,0.000000,81.204238,90.890098,153.472997
6094,2015,9,11,22,0.000000,0.000000,0.000000,84.261663,91.657803,146.864204
6095,2015,9,11,23,0.000000,0.000000,0.000000,88.157831,93.749871,143.639962
6096,2015,9,11,24,0.000000,0.000000,0.000000,89.344573,94.840433,144.773444
6097,2015,9,12,1,0.000000,0.000000,0.000000,81.203563,87.813083,139.115844
6098,2015,9,12,2,0.000000,0.000000,0.000000,70.627990,80.408290,139.812053
6099,2015,9,12,3,0.000000,0.000000,0.000000,46.051830,61.217970,132.177760
6100,2015,9,12,4,0.000000,0.000000,0.000000,29.039580,47.950900,126.972267
6101,2015,9,12,5,0.000000,0.000000,0.000000,26.953723,45.701863,123.429617
6102,2015,9,12,6,0.000000,0.000000,0.000000,25.437190,45.072150,125.546066
6103,2015,9,12,7,0.000000,0.000000,0.000000,26.860323,46.846743,129.083724
6104,2015,9,12,8,0.000000,0.000000,0.000000,30.182672,31.775512,125.493483
6105,2015,9,12,9,0.000000,0.000000,0.000000,33.835408,17.033688,122.339183
6106,2015,9,12,10,0.000000,0.000000,0.000000,32.627189,0.627189,114.086253
6107,2015,9,12,11,0.000000,0.000000,0.000000,31.468066,-12.531934,107.290755
6108,2015,9,12,12,0.000000,0.000000,0.000000,29.377975,-23.422025,100.653967
6109,2015,9,12,13,0.000000,0.000000,0.000000,27.769589,-28.248211,97.026385
6110,2015,9,12,14,0.000000,0.000000,0.000000,32.885990,-22.369550,97.255467
6111,2015,9,12,15,0.000000,0.000000,0.000000,37.275285,-11.933395,100.876540
6112,2015,9,12,16,0.000000,0.000000,0.000000,60.229712,16.956952,108.433403
6113,2015,9,12,17,0.000000,0.000000,0.000000,84.673031,50.795631,120.586174
6114,2015,9,12,18,0.000000,0.000000,0.000000,82.303687,68.196847,135.256329
6115,2015,9,12,19,0.000000,0.000000,0.000000,78.296217,85.478317,151.444756
6116,2015,9,12,20,0.000000,0.000000,0.000000,68.236209,81.868549,154.599199
6117,2015,9,12,21,0.000000,0.000000,0.000000,91.237175,97.737715,151.985420
6118,2015,9,12,22,0.000000,0.000000,0.000000,98.837533,102.519813,148.967350
6119,2015,9,12,23,0.000000,0.000000,0.000000,99.241862,102.641402,148.187003
6120,2015,9,12,24,0.000000,0.000000,0.000000,93.741932,99.330252,151.068069
6121,2015,9,13,1,0.000000,0.000000,0.000000,87.581023,93.847223,146.016965
6122,2015,9,13,2,0.000000,0.000000,0.000000,55.528837,71.233297,147.325930
6123,2015,9,13,3,0.000000,0.000000,0.000000,40.225460,58.595320,139.359960
6124,2015,9,13,4,0.000000,0.000000,0.000000,37.868135,55.594655,133.214606
6125,2015,9,13,5,0.000000,0.000000,0.000000,52.049265,64.722885,128.542580
6126,2015,9,13,6,0.000000,0.000000,0.000000,75.501459,81.483839,128.586386
6127,2015,9,13,7,0.000000,0.000000,0.000000,78.953691,84.734931,132.250708
6128,2015,9,13,8,0.000000,0.000000,0.000000,65.969241,57.702501,127.197535
6129,2015,9,13,9,0.000000,0.000000,0.000000,48.360755,28.286475,126.434367
6130,2015,9,13,10,0.000000,0.000000,0.000000,61.341940,22.297020,119.496294
6131,2015,9,13,11,0.000000,0.000000,0.000000,47.822338,0.542598,113.790998
6132,2015,9,13,12,0.000000,0.000000,0.000000,43.080646,-12.986794,103.676141
6133,2015,9,13,13,0.000000,0.000000,0.000000,40.709419,-18.946581,97.301226
6134,2015,9,13,14,0.000000,0.000000,0.000000,34.071259,-22.012521,94.970705
6135,2015,9,13,15,0.000000,0.000000,0.000000,29.801785,-18.579715,94.772047
6136,2015,9,13,16,0.000000,0.000000,0.000000,32.048621,-4.892039,100.408415
6137,2015,9,13,17,0.000000,0.000000,0.000000,40.996635,17.639475,111.445433
6138,2015,9,13,18,0.000000,0.000000,0.000000,50.834398,43.841318,126.494824
6139,2015,9,13,19,0.000000,0.000000,0.000000,65.155700,74.854500,145.668667
6140,2015,9,13,20,0.000000,0.000000,0.000000,72.547380,84.072900,150.515599
6141,2015,9,13,21,0.000000,0.000000,0.000000,79.794746,88.676746,147.842328
6142,2015,9,13,22,0.000000,0.000000,0.000000,69.358675,80.495215,144.448753
6143,2015,9,13,23,0.000000,0.000000,0.000000,77.741197,85.843977,141.467902
6144,2015,9,13,24,0.000000,0.000000,0.000000,84.794101,91.510461,144.401814
6145,2015,9,14,1,0.000000,0.000000,0.000000,86.426781,92.710461,144.559548
6146,2015,9,14,2,0.000000,0.000000,0.000000,88.310849,95.198489,149.890118
6147,2015,9,14,3,0.000000,0.000000,0.000000,90.406135,95.643695,144.983460
6148,2015,9,14,4,0.000000,0.000000,0.000000,94.124846,97.364486,140.618114
6149,2015,9,14,5,0.000000,0.000000,0.000000,96.499513,99.135153,140.965670
6150,2015,9,14,6,0.000000,0.000000,0.000000,104.013376,106.023496,148.065061
6151,2015,9,14,7,0.000000,0.000000,0.000000,115.536416,116.578876,158.913368
6152,2015,9,14,8,0.000000,0.000000,0.000000,130.809774,113.353074,170.765099
6153,2015,9,14,9,0.000000,0.000000,0.000000,136.991490,100.191490,166.555320
6154,2015,9,14,10,0.000000,0.000000,0.000000,131.541059,79.541059,152.638079
6155,2015,9,14,11,0.000000,0.000000,0.000000,125.135730,62.454490,145.001853
6156,2015,9,14,12,0.000000,0.000000,0.000000,118.541602,47.964762,136.580216
6157,2015,9,14,13,0.000000,0.000000,0.000000,115.067507,41.494627,131.499903
6158,2015,9,14,14,0.000000,0.000000,0.000000,115.019249,43.584629,131.264105
6159,2015,9,14,15,0.000000,0.000000,0.000000,109.853010,46.016170,129.382093
6160,2015,9,14,16,0.000000,0.000000,0.000000,109.369940,57.715260,134.838080
6161,2015,9,14,17,0.000000,0.000000,0.000000,110.862995,74.814115,145.372554
6162,2015,9,14,18,0.000000,0.000000,0.000000,117.090800,98.891540,162.541187
6163,2015,9,14,19,0.000000,0.000000,0.000000,122.825864,123.255304,179.305206
6164,2015,9,14,20,0.000000,0.000000,0.000000,121.184717,125.051997,179.626929
6165,2015,9,14,21,0.000000,0.000000,0.000000,123.863406,125.866306,174.498074
6166,2015,9,14,22,0.000000,0.000000,0.000000,118.156095,119.862615,165.505219
6167,2015,9,14,23,0.000000,0.000000,0.000000,109.469240,111.650720,156.139227
6168,2015,9,14,24,0.000000,0.000000,0.000000,108.080592,111.061272,158.017295
6169,2015,9,15,1,0.000000,0.000000,0.000000,102.039142,105.867182,153.916376
6170,2015,9,15,2,0.000000,0.000000,0.000000,104.641842,108.376142,156.949189
6171,2015,9,15,3,0.000000,0.000000,0.000000,100.937392,104.838092,152.786456
6172,2015,9,15,4,0.000000,0.000000,0.000000,97.286032,101.497112,149.366416
6173,2015,9,15,5,0.000000,0.000000,0.000000,100.898085,103.929705,148.678340
6174,2015,9,15,6,0.000000,0.000000,0.000000,108.026276,109.812536,152.370915
6175,2015,9,15,7,0.000000,0.000000,0.000000,121.230572,122.131532,165.845243
6176,2015,9,15,8,0.000000,0.000000,0.000000,136.327535,118.126955,174.650673
6177,2015,9,15,9,0.000000,0.000000,0.000000,138.257408,101.457408,168.243210
6178,2015,9,15,10,0.000000,0.000000,0.000000,132.029995,80.190615,154.039553
6179,2015,9,15,11,0.000000,0.000000,0.000000,126.840903,63.087163,142.270417
6180,2015,9,15,12,0.000000,0.000000,0.000000,119.298495,47.667755,132.671206
6181,2015,9,15,13,0.000000,0.000000,0.000000,104.101196,32.500616,126.082221
6182,2015,9,15,14,0.000000,0.000000,0.000000,99.512706,31.088206,124.635942
6183,2015,9,15,15,0.000000,0.000000,0.000000,93.527222,33.479142,125.295255
6184,2015,9,15,16,0.000000,0.000000,0.000000,89.127555,42.081095,129.353260
6185,2015,9,15,17,0.000000,0.000000,0.000000,92.188316,60.089896,138.908461
6186,2015,9,15,18,0.000000,0.000000,0.000000,97.976296,83.109416,152.606288
6187,2015,9,15,19,0.000000,0.000000,0.000000,99.459907,104.474127,169.546235
6188,2015,9,15,20,0.000000,0.000000,0.000000,102.113683,110.046283,173.170377
6189,2015,9,15,21,0.000000,0.000000,0.000000,106.775130,112.374590,168.497654
6190,2015,9,15,22,0.000000,0.000000,0.000000,110.096032,112.195492,156.592189
6191,2015,9,15,23,0.000000,0.000000,0.000000,96.642986,100.323866,146.034755
6192,2015,9,15,24,0.000000,0.000000,0.000000,97.375975,100.622575,144.985433
6193,2015,9,16,1,0.000000,0.000000,0.000000,97.232652,99.376352,139.647469
6194,2015,9,16,2,0.000000,0.000000,0.000000,99.793050,101.616810,141.568281
6195,2015,9,16,3,0.000000,0.000000,0.000000,96.869960,98.485100,136.697266
6196,2015,9,16,4,0.000000,0.000000,0.000000,94.093328,95.312248,131.146064
6197,2015,9,16,5,0.000000,0.000000,0.000000,95.215899,95.751339,129.453252
6198,2015,9,16,6,0.000000,0.000000,0.000000,98.211297,99.164777,135.397970
6199,2015,9,16,7,0.000000,0.000000,0.000000,105.732889,106.594609,144.998545
6200,2015,9,16,8,0.000000,0.000000,0.000000,114.298304,97.394244,151.328792
6201,2015,9,16,9,0.000000,0.000000,0.000000,111.779080,78.813180,150.831240
6202,2015,9,16,10,0.000000,0.000000,0.000000,94.438994,49.669094,136.909125
6203,2015,9,16,11,0.000000,0.000000,0.000000,88.516862,32.754582,128.465176
6204,2015,9,16,12,0.000000,0.000000,0.000000,82.654926,18.576766,119.058488
6205,2015,9,16,13,0.000000,0.000000,0.000000,73.686245,8.512725,115.521900
6206,2015,9,16,14,0.000000,0.000000,0.000000,58.942766,-0.175414,113.972181
6207,2015,9,16,15,0.000000,0.000000,0.000000,60.855165,8.141965,115.961953
6208,2015,9,16,16,0.000000,0.000000,0.000000,63.715269,21.721029,119.047238
6209,2015,9,16,17,0.000000,0.000000,0.000000,68.120588,41.224648,131.096398
6210,2015,9,16,18,0.000000,0.000000,0.000000,62.925481,56.947401,147.352935
6211,2015,9,16,19,0.000000,0.000000,0.000000,65.106500,78.553100,163.092801
6212,2015,9,16,20,0.000000,0.000000,0.000000,71.107942,85.109102,160.149336
6213,2015,9,16,21,0.000000,0.000000,0.000000,75.123641,86.072181,151.258041
6214,2015,9,16,22,0.000000,0.000000,0.000000,76.608207,85.697547,144.561196
6215,2015,9,16,23,0.000000,0.000000,0.000000,73.803472,82.912672,140.914230
6216,2015,9,16,24,0.000000,0.000000,0.000000,59.363201,73.064841,143.091922
6217,2015,9,17,1,0.000000,0.000000,0.000000,56.828273,70.250753,138.409271
6218,2015,9,17,2,0.000000,0.000000,0.000000,63.989838,75.687958,139.911011
6219,2015,9,17,3,0.000000,0.000000,0.000000,61.885311,72.420831,131.679508
6220,2015,9,17,4,0.000000,0.000000,0.000000,62.371421,71.502601,125.774069
6221,2015,9,17,5,0.000000,0.000000,0.000000,66.258666,74.126606,125.061942
6222,2015,9,17,6,0.000000,0.000000,0.000000,65.153661,74.673861,131.299148
6223,2015,9,17,7,0.000000,0.000000,0.000000,82.588623,89.410943,141.955657
6224,2015,9,17,8,0.000000,0.000000,0.000000,91.029580,79.460640,145.201054
6225,2015,9,17,9,0.000000,0.000000,0.000000,89.465777,61.976737,146.638849
6226,2015,9,17,10,0.000000,0.000000,0.000000,78.748539,38.249659,135.919945
6227,2015,9,17,11,0.000000,0.000000,0.000000,72.580377,21.511177,129.117570
6228,2015,9,17,12,0.000000,0.000000,0.000000,76.143951,15.216691,125.081387
6229,2015,9,17,13,0.000000,0.000000,0.000000,81.188025,15.479605,123.028074
6230,2015,9,17,14,0.000000,0.000000,0.000000,85.307185,20.207805,121.212473
6231,2015,9,17,15,0.000000,0.000000,0.000000,85.547148,27.308428,123.098837
6232,2015,9,17,16,0.000000,0.000000,0.000000,90.994747,44.338687,133.664716
6233,2015,9,17,17,0.000000,0.000000,0.000000,102.307104,69.589004,149.508338
6234,2015,9,17,18,0.000000,0.000000,0.000000,108.718450,93.474430,165.169174
6235,2015,9,17,19,0.000000,0.000000,0.000000,115.858135,118.729875,181.412300
6236,2015,9,17,20,0.000000,0.000000,0.000000,117.965740,123.118820,181.335360
6237,2015,9,17,21,0.000000,0.000000,0.000000,123.765715,126.128135,176.045580
6238,2015,9,17,22,0.000000,0.000000,0.000000,116.365025,117.498145,160.441260
6239,2015,9,17,23,0.000000,0.000000,0.000000,111.498337,112.161577,151.759569
6240,2015,9,17,24,0.000000,0.000000,0.000000,113.921576,114.100436,152.730115
6241,2015,9,18,1,0.000000,0.000000,0.000000,109.385330,109.699510,147.313279
6242,2015,9,18,2,0.000000,0.000000,0.000000,111.492199,111.674359,149.506345
6243,2015,9,18,3,0.000000,0.000000,0.000000,107.037121,107.399221,144.405961
6244,2015,9,18,4,0.000000,0.000000,0.000000,104.573760,104.723580,140.130841
6245,2015,9,18,5,0.000000,0.000000,0.000000,102.439769,102.640189,137.521652
6246,2015,9,18,6,0.000000,0.000000,0.000000,103.296166,104.345726,142.626168
6247,2015,9,18,7,0.000000,0.000000,0.000000,107.430742,109.388662,152.377950
6248,2015,9,18,8,0.000000,0.000000,0.000000,117.631711,102.417491,163.659255
6249,2015,9,18,9,0.000000,0.000000,0.000000,120.561070,87.554190,162.349320
6250,2015,9,18,10,0.000000,0.000000,0.000000,112.894300,65.752880,150.449107
6251,2015,9,18,11,0.000000,0.000000,0.000000,98.758472,42.666632,140.582709
6252,2015,9,18,12,0.000000,0.000000,0.000000,83.276634,22.301354,134.367539
6253,2015,9,18,13,0.000000,0.000000,0.000000,77.509405,14.212565,129.377286
6254,2015,9,18,14,0.000000,0.000000,0.000000,77.483752,15.678912,126.155749
6255,2015,9,18,15,0.000000,0.000000,0.000000,84.344844,26.837244,124.907659
6256,2015,9,18,16,0.000000,0.000000,0.000000,83.823533,38.273093,129.262658
6257,2015,9,18,17,0.000000,0.000000,0.000000,77.904482,49.438822,136.816230
6258,2015,9,18,18,0.000000,0.000000,0.000000,73.619372,64.893332,148.787643
6259,2015,9,18,19,0.000000,0.000000,0.000000,83.552339,93.285519,170.357959
6260,2015,9,18,20,0.000000,0.000000,0.000000,76.767894,91.972954,173.314138
6261,2015,9,18,21,0.000000,0.000000,0.000000,73.085205,87.480785,164.626314
6262,2015,9,18,22,0.000000,0.000000,0.000000,59.189391,75.213431,153.698042
6263,2015,9,18,23,0.000000,0.000000,0.000000,54.702127,70.883587,148.449649
6264,2015,9,18,24,0.000000,0.000000,0.000000,50.218932,67.638652,148.250602
6265,2015,9,19,1,0.000000,0.000000,0.000000,43.651722,61.384202,140.953870
6266,2015,9,19,2,0.000000,0.000000,0.000000,42.533430,60.905630,142.448173
6267,2015,9,19,3,0.000000,0.000000,0.000000,36.193577,55.073237,136.363183
6268,2015,9,19,4,0.000000,0.000000,0.000000,31.964403,50.878523,130.885097
6269,2015,9,19,5,0.000000,0.000000,0.000000,30.218582,48.935182,127.635576
6270,2015,9,19,6,0.000000,0.000000,0.000000,33.837550,52.116390,130.417987
6271,2015,9,19,7,0.000000,0.000000,0.000000,44.935065,60.917485,134.498046
6272,2015,9,19,8,0.000000,0.000000,0.000000,57.779923,52.426823,129.875431
6273,2015,9,19,9,0.000000,0.000000,0.000000,69.966156,43.624676,125.994634
6274,2015,9,19,10,0.000000,0.000000,0.000000,74.458547,31.086547,116.792063
6275,2015,9,19,11,0.000000,0.000000,0.000000,83.364130,25.153130,110.167507
6276,2015,9,19,12,0.000000,0.000000,0.000000,82.630682,14.732342,101.198656
6277,2015,9,19,13,0.000000,0.000000,0.000000,86.538843,13.493083,95.921577
6278,2015,9,19,14,0.000000,0.000000,0.000000,87.782933,16.348773,94.951165
6279,2015,9,19,15,0.000000,0.000000,0.000000,86.171321,22.011101,96.297401
6280,2015,9,19,16,0.000000,0.000000,0.000000,86.128291,34.448851,103.733669
6281,2015,9,19,17,0.000000,0.000000,0.000000,86.355150,50.882390,115.383987
6282,2015,9,19,18,0.000000,0.000000,0.000000,88.755481,71.466481,129.008641
6283,2015,9,19,19,0.000000,0.000000,0.000000,95.652878,96.818778,146.511370
6284,2015,9,19,20,0.000000,0.000000,0.000000,97.791588,101.916908,149.640277
6285,2015,9,19,21,0.000000,0.000000,0.000000,100.254690,103.013670,146.548160
6286,2015,9,19,22,0.000000,0.000000,0.000000,93.640690,97.670410,143.659613
6287,2015,9,19,23,0.000000,0.000000,0.000000,74.450686,83.483946,141.422794
6288,2015,9,19,24,0.000000,0.000000,0.000000,70.186524,80.628264,142.310152
6289,2015,9,20,1,0.000000,0.000000,0.000000,61.878682,73.630622,137.347296
6290,2015,9,20,2,0.000000,0.000000,0.000000,55.699172,69.838392,140.248589
6291,2015,9,20,3,0.000000,0.000000,0.000000,55.960893,68.893813,134.968151
6292,2015,9,20,4,0.000000,0.000000,0.000000,54.071630,66.290070,129.114893
6293,2015,9,20,5,0.000000,0.000000,0.000000,56.781234,67.557994,125.999859
6294,2015,9,20,6,0.000000,0.000000,0.000000,71.052849,77.865689,126.530386
6295,2015,9,20,7,0.000000,0.000000,0.000000,85.070027,88.100647,127.569595
6296,2015,9,20,8,0.000000,0.000000,0.000000,89.691524,74.038944,124.359992
6297,2015,9,20,9,0.000000,0.000000,0.000000,89.134771,56.710211,123.165081
6298,2015,9,20,10,0.000000,0.000000,0.000000,93.412280,44.373200,115.617333
6299,2015,9,20,11,0.000000,0.000000,0.000000,96.706576,34.931076,111.323102
6300,2015,9,20,12,0.000000,0.000000,0.000000,91.475188,21.632288,103.916718
6301,2015,9,20,13,0.000000,0.000000,0.000000,71.631050,3.516770,99.058094
6302,2015,9,20,14,0.000000,0.000000,0.000000,60.171786,-2.798514,97.634314
6303,2015,9,20,15,0.000000,0.000000,0.000000,55.524838,0.826378,99.590304
6304,2015,9,20,16,0.000000,0.000000,0.000000,61.666904,17.787024,107.516431
6305,2015,9,20,17,0.000000,0.000000,0.000000,65.105925,36.479445,119.000994
6306,2015,9,20,18,0.000000,0.000000,0.000000,76.308880,63.707620,134.289293
6307,2015,9,20,19,0.000000,0.000000,0.000000,94.265093,97.142013,152.645751
6308,2015,9,20,20,0.000000,0.000000,0.000000,101.287382,106.343062,158.643016
6309,2015,9,20,21,0.000000,0.000000,0.000000,111.537102,112.924462,155.190483
6310,2015,9,20,22,0.000000,0.000000,0.000000,109.362194,110.588194,151.537592
6311,2015,9,20,23,0.000000,0.000000,0.000000,107.502958,108.539778,148.175771
6312,2015,9,20,24,0.000000,0.000000,0.000000,109.141401,109.869801,148.921069
6313,2015,9,21,1,0.000000,0.000000,0.000000,107.379637,107.683637,144.591516
6314,2015,9,21,2,0.000000,0.000000,0.000000,110.184749,110.600749,148.854332
6315,2015,9,21,3,0.000000,0.000000,0.000000,108.708237,108.936917,146.011489
6316,2015,9,21,4,0.000000,0.000000,0.000000,104.987644,105.600124,142.841765
6317,2015,9,21,5,0.000000,0.000000,0.000000,97.529311,100.087211,141.975949
6318,2015,9,21,6,0.000000,0.000000,0.000000,86.458801,93.266321,147.046828
6319,2015,9,21,7,0.000000,0.000000,0.000000,90.252732,97.487032,154.097043
6320,2015,9,21,8,0.000000,0.000000,0.000000,98.814479,87.092619,154.867292
6321,2015,9,21,9,0.000000,0.000000,0.000000,102.229707,72.856687,154.865516
6322,2015,9,21,10,0.000000,0.000000,0.000000,93.514901,50.436581,143.571041
6323,2015,9,21,11,0.000000,0.000000,0.000000,88.997493,34.143773,133.345964
6324,2015,9,21,12,0.000000,0.000000,0.000000,82.156416,19.410456,124.610742
6325,2015,9,21,13,0.000000,0.000000,0.000000,79.353677,13.046537,117.788249
6326,2015,9,21,14,0.000000,0.000000,0.000000,85.535559,19.443599,116.884932
6327,2015,9,21,15,0.000000,0.000000,0.000000,88.933960,28.281560,116.350747
6328,2015,9,21,16,0.000000,0.000000,0.000000,99.997503,48.382543,122.526858
6329,2015,9,21,17,0.000000,0.000000,0.000000,94.911988,60.403428,131.292704
6330,2015,9,21,18,0.000000,0.000000,0.000000,94.234723,80.160483,151.316511
6331,2015,9,21,19,0.000000,0.000000,0.000000,89.493158,97.116018,168.430891
6332,2015,9,21,20,0.000000,0.000000,0.000000,85.617095,96.337855,164.186340
6333,2015,9,21,21,0.000000,0.000000,0.000000,80.687672,90.809112,154.816949
6334,2015,9,21,22,0.000000,0.000000,0.000000,68.433596,80.844196,149.160928
6335,2015,9,21,23,0.000000,0.000000,0.000000,61.683772,75.746352,147.870402
6336,2015,9,21,24,0.000000,0.000000,0.000000,56.981408,72.714788,149.397651
6337,2015,9,22,1,0.000000,0.000000,0.000000,63.273458,76.054218,144.008158
6338,2015,9,22,2,0.000000,0.000000,0.000000,69.525671,81.183851,147.105734
6339,2015,9,22,3,0.000000,0.000000,0.000000,77.892301,86.103601,142.175801
6340,2015,9,22,4,0.000000,0.000000,0.000000,89.703744,93.558544,137.594059
6341,2015,9,22,5,0.000000,0.000000,0.000000,95.284784,96.691544,133.611258
6342,2015,9,22,6,0.000000,0.000000,0.000000,98.630875,100.255635,139.090046
6343,2015,9,22,7,0.000000,0.000000,0.000000,106.440478,107.282478,145.849971
6344,2015,9,22,8,0.000000,0.000000,0.000000,109.249249,93.103769,148.136758
6345,2015,9,22,9,0.000000,0.000000,0.000000,113.950779,80.616399,152.007265
6346,2015,9,22,10,0.000000,0.000000,0.000000,110.113851,61.719271,140.893761
6347,2015,9,22,11,0.000000,0.000000,0.000000,104.525475,44.766735,131.159847
6348,2015,9,22,12,0.000000,0.000000,0.000000,93.198525,26.771365,122.154619
6349,2015,9,22,13,0.000000,0.000000,0.000000,90.957335,20.966235,116.067980
6350,2015,9,22,14,0.000000,0.000000,0.000000,96.436258,27.254438,116.999851
6351,2015,9,22,15,0.000000,0.000000,0.000000,96.471829,33.874849,117.326532
6352,2015,9,22,16,0.000000,0.000000,0.000000,96.983813,46.260893,122.671457
6353,2015,9,22,17,0.000000,0.000000,0.000000,107.993750,70.311330,133.923707
6354,2015,9,22,18,0.000000,0.000000,0.000000,116.419651,95.561691,149.239055
6355,2015,9,22,19,0.000000,0.000000,0.000000,121.092308,119.497788,167.548651
6356,2015,9,22,20,0.000000,0.000000,0.000000,112.439092,116.652412,169.580950
6357,2015,9,22,21,0.000000,0.000000,0.000000,83.739497,93.968917,159.389956
6358,2015,9,22,22,0.000000,0.000000,0.000000,63.092319,76.730239,147.766719
6359,2015,9,22,23,0.000000,0.000000,0.000000,42.824759,61.106919,142.416425
6360,2015,9,22,24,0.000000,0.000000,0.000000,38.433538,58.218318,143.573690
6361,2015,9,23,1,0.000000,0.000000,0.000000,33.618301,53.584641,138.000655
6362,2015,9,23,2,0.000000,0.000000,0.000000,34.920278,54.910398,139.847597
6363,2015,9,23,3,0.000000,0.000000,0.000000,30.253280,50.246860,133.641080
6364,2015,9,23,4,0.000000,0.000000,0.000000,25.326473,45.323473,127.087964
6365,2015,9,23,5,0.000000,0.000000,0.000000,24.937029,44.936109,126.578412
6366,2015,9,23,6,0.000000,0.000000,0.000000,29.774296,49.769836,133.011582
6367,2015,9,23,7,0.000000,0.000000,0.000000,38.168560,58.087360,143.845814
6368,2015,9,23,8,0.000000,0.000000,0.000000,45.190911,46.424671,143.828761
6369,2015,9,23,9,0.000000,0.000000,0.000000,53.403600,36.369060,147.343613
6370,2015,9,23,10,0.000000,0.000000,0.000000,57.581730,24.272270,141.248160
6371,2015,9,23,11,0.000000,0.000000,0.000000,57.288078,11.672398,134.177598
6372,2015,9,23,12,0.000000,0.000000,0.000000,59.958185,3.549965,124.589221
6373,2015,9,23,13,0.000000,0.000000,0.000000,62.571338,1.298618,118.905757
6374,2015,9,23,14,0.000000,0.000000,0.000000,58.837761,0.067341,115.455055
6375,2015,9,23,15,0.000000,0.000000,0.000000,52.237537,2.344457,117.632342
6376,2015,9,23,16,0.000000,0.000000,0.000000,59.051308,19.140828,122.552838
6377,2015,9,23,17,0.000000,0.000000,0.000000,57.750433,34.483733,134.205978
6378,2015,9,23,18,0.000000,0.000000,0.000000,63.394904,57.739704,149.485605
6379,2015,9,23,19,0.000000,0.000000,0.000000,72.965436,85.615116,169.852421
6380,2015,9,23,20,0.000000,0.000000,0.000000,70.887236,88.047736,174.598648
6381,2015,9,23,21,0.000000,0.000000,0.000000,58.651364,77.579524,166.533232
6382,2015,9,23,22,0.000000,0.000000,0.000000,49.332487,68.736327,156.327903
6383,2015,9,23,23,0.000000,0.000000,0.000000,45.618146,64.900286,150.807514
6384,2015,9,23,24,0.000000,0.000000,0.000000,45.950804,65.599624,152.962232
6385,2015,9,24,1,0.000000,0.000000,0.000000,41.598061,61.504881,148.362575
6386,2015,9,24,2,0.000000,0.000000,0.000000,43.687351,63.448751,150.469668
6387,2015,9,24,3,0.000000,0.000000,0.000000,48.049541,65.248461,144.327681
6388,2015,9,24,4,0.000000,0.000000,0.000000,50.885222,65.826762,137.574149
6389,2015,9,24,5,0.000000,0.000000,0.000000,75.171688,82.310808,133.544811
6390,2015,9,24,6,0.000000,0.000000,0.000000,89.119476,92.746316,135.751221
6391,2015,9,24,7,0.000000,0.000000,0.000000,94.223569,97.966989,143.100719
6392,2015,9,24,8,0.000000,0.000000,0.000000,101.459346,86.293606,142.322342
6393,2015,9,24,9,0.000000,0.000000,0.000000,92.802066,63.975666,144.846221
6394,2015,9,24,10,0.000000,0.000000,0.000000,79.206960,38.865060,137.263747
6395,2015,9,24,11,0.000000,0.000000,0.000000,64.652068,16.599188,132.622651
6396,2015,9,24,12,0.000000,0.000000,0.000000,53.516652,-0.014868,129.425109
6397,2015,9,24,13,0.000000,0.000000,0.000000,51.936986,-4.746774,126.141768
6398,2015,9,24,14,0.000000,0.000000,0.000000,47.731197,-6.284543,122.834809
6399,2015,9,24,15,0.000000,0.000000,0.000000,45.762683,-1.235517,122.508644
6400,2015,9,24,16,0.000000,0.000000,0.000000,47.573524,12.683524,130.678032
6401,2015,9,24,17,0.000000,0.000000,0.000000,46.551188,27.175408,137.431277
6402,2015,9,24,18,0.000000,0.000000,0.000000,52.252530,50.179150,151.344266
6403,2015,9,24,19,0.000000,0.000000,0.000000,60.137194,76.920214,172.037019
6404,2015,9,24,20,0.000000,0.000000,0.000000,62.921341,82.915021,177.198961
6405,2015,9,24,21,0.000000,0.000000,0.000000,56.711092,76.680912,168.807282
6406,2015,9,24,22,0.000000,0.000000,0.000000,49.666477,69.610397,159.293595
6407,2015,9,24,23,0.000000,0.000000,0.000000,45.726174,65.690094,154.133191
6408,2015,9,24,24,0.000000,0.000000,0.000000,46.006232,65.968372,154.498296
6409,2015,9,25,1,0.000000,0.000000,0.000000,41.630798,61.396798,147.749064
6410,2015,9,25,2,0.000000,0.000000,0.000000,42.635196,62.478056,149.446941
6411,2015,9,25,3,0.000000,0.000000,0.000000,37.475688,57.438928,143.129370
6412,2015,9,25,4,0.000000,0.000000,0.000000,33.698080,53.443540,137.076254
6413,2015,9,25,5,0.000000,0.000000,0.000000,37.803297,56.080217,135.696689
6414,2015,9,25,6,0.000000,0.000000,0.000000,62.647383,74.871703,140.576671
6415,2015,9,25,7,0.000000,0.000000,0.000000,74.086953,85.190193,150.597724
6416,2015,9,25,8,0.000000,0.000000,0.000000,76.441051,69.212411,146.004414
6417,2015,9,25,9,0.000000,0.000000,0.000000,78.994926,55.203386,149.932715
6418,2015,9,25,10,0.000000,0.000000,0.000000,91.998172,49.507932,144.293109
6419,2015,9,25,11,0.000000,0.000000,0.000000,70.632765,21.755105,136.747939
6420,2015,9,25,12,0.000000,0.000000,0.000000,70.255352,12.254512,130.886550
6421,2015,9,25,13,0.000000,0.000000,0.000000,81.760321,16.979761,128.121148
6422,2015,9,25,14,0.000000,0.000000,0.000000,93.801752,27.861852,128.616136
6423,2015,9,25,15,0.000000,0.000000,0.000000,84.660947,28.154787,130.002516
6424,2015,9,25,16,0.000000,0.000000,0.000000,72.654309,32.019569,137.310293
6425,2015,9,25,17,0.000000,0.000000,0.000000,72.341980,49.029960,153.449879
6426,2015,9,25,18,0.000000,0.000000,0.000000,75.090304,70.600124,170.516232
6427,2015,9,25,19,0.000000,0.000000,0.000000,75.633715,91.263755,187.318473
6428,2015,9,25,20,0.000000,0.000000,0.000000,74.987161,93.244781,185.185108
6429,2015,9,25,21,0.000000,0.000000,0.000000,66.797694,85.988674,178.621499
6430,2015,9,25,22,0.000000,0.000000,0.000000,54.348561,74.306801,165.603202
6431,2015,9,25,23,0.000000,0.000000,0.000000,47.456456,67.445896,156.559328
6432,2015,9,25,24,0.000000,0.000000,0.000000,48.131151,68.122431,157.467508
6433,2015,9,26,1,0.000000,0.000000,0.000000,44.021306,64.011546,151.982861
6434,2015,9,26,2,0.000000,0.000000,0.000000,45.507208,65.504968,153.999158
6435,2015,9,26,3,0.000000,0.000000,0.000000,41.306525,61.304905,148.401140
6436,2015,9,26,4,0.000000,0.000000,0.000000,38.922580,58.367120,142.637960
6437,2015,9,26,5,0.000000,0.000000,0.000000,34.323382,54.322562,139.094016
6438,2015,9,26,6,0.000000,0.000000,0.000000,36.097612,55.711132,139.659909
6439,2015,9,26,7,0.000000,0.000000,0.000000,38.681020,58.642040,144.726120
6440,2015,9,26,8,0.000000,0.000000,0.000000,41.066104,42.655104,139.986805
6441,2015,9,26,9,0.000000,0.000000,0.000000,44.780307,27.918567,136.652290
6442,2015,9,26,10,0.000000,0.000000,0.000000,43.882273,11.737373,128.416831
6443,2015,9,26,11,0.000000,0.000000,0.000000,42.723606,-1.318254,122.102795
6444,2015,9,26,12,0.000000,0.000000,0.000000,41.500154,-12.049606,113.317992
6445,2015,9,26,13,0.000000,0.000000,0.000000,35.926154,-20.110446,107.814071
6446,2015,9,26,14,0.000000,0.000000,0.000000,34.197782,-19.451658,106.499656
6447,2015,9,26,15,0.000000,0.000000,0.000000,34.477066,-11.936874,110.187701
6448,2015,9,26,16,0.000000,0.000000,0.000000,36.730800,2.288980,118.312573
6449,2015,9,26,17,0.000000,0.000000,0.000000,38.964165,19.729885,127.975580
6450,2015,9,26,18,0.000000,0.000000,0.000000,41.206983,39.567623,138.642297
6451,2015,9,26,19,0.000000,0.000000,0.000000,48.149162,64.935982,156.070709
6452,2015,9,26,20,0.000000,0.000000,0.000000,52.210742,72.178242,162.795990
6453,2015,9,26,21,0.000000,0.000000,0.000000,49.433619,69.389779,159.040239
6454,2015,9,26,22,0.000000,0.000000,0.000000,46.266997,66.234177,154.869503
6455,2015,9,26,23,0.000000,0.000000,0.000000,43.932683,63.925363,151.876084
6456,2015,9,26,24,0.000000,0.000000,0.000000,44.660215,64.654675,152.854433
6457,2015,9,27,1,0.000000,0.000000,0.000000,41.739212,61.729692,148.941189
6458,2015,9,27,2,0.000000,0.000000,0.000000,43.380866,63.368466,151.116621
6459,2015,9,27,3,0.000000,0.000000,0.000000,38.453288,58.442848,144.555665
6460,2015,9,27,4,0.000000,0.000000,0.000000,33.055173,53.044233,137.355844
6461,2015,9,27,5,0.000000,0.000000,0.000000,29.074471,49.058371,132.024161
6462,2015,9,27,6,0.000000,0.000000,0.000000,29.008659,48.985779,131.904772
6463,2015,9,27,7,0.000000,0.000000,0.000000,31.298051,51.258631,134.880108
6464,2015,9,27,8,0.000000,0.000000,0.000000,34.775822,36.340022,131.484029
6465,2015,9,27,9,0.000000,0.000000,0.000000,38.821338,22.004038,128.914384
6466,2015,9,27,10,0.000000,0.000000,0.000000,37.547002,5.530762,120.570216
6467,2015,9,27,11,0.000000,0.000000,0.000000,38.732860,-5.342260,116.626587
6468,2015,9,27,12,0.000000,0.000000,0.000000,36.813584,-16.098196,110.046472
6469,2015,9,27,13,0.000000,0.000000,0.000000,34.360294,-21.714906,105.546126
6470,2015,9,27,14,0.000000,0.000000,0.000000,32.657251,-21.042689,104.209949
6471,2015,9,27,15,0.000000,0.000000,0.000000,32.222082,-14.289438,106.725683
6472,2015,9,27,16,0.000000,0.000000,0.000000,34.661134,0.149134,115.225512
6473,2015,9,27,17,0.000000,0.000000,0.000000,39.370168,19.973348,127.758398
6474,2015,9,27,18,0.000000,0.000000,0.000000,49.455290,47.452690,147.944920
6475,2015,9,27,19,0.000000,0.000000,0.000000,62.955793,78.884693,171.809257
6476,2015,9,27,20,0.000000,0.000000,0.000000,65.002861,83.635721,173.623828
6477,2015,9,27,21,0.000000,0.000000,0.000000,62.886758,81.018878,168.465571
6478,2015,9,27,22,0.000000,0.000000,0.000000,57.599907,75.274747,159.282462
6479,2015,9,27,23,0.000000,0.000000,0.000000,54.987081,72.096801,153.161468
6480,2015,9,27,24,0.000000,0.000000,0.000000,53.095261,70.650721,152.719162
6481,2015,9,28,1,0.000000,0.000000,0.000000,51.477346,68.547346,148.296461
6482,2015,9,28,2,0.000000,0.000000,0.000000,55.419468,71.838368,150.514157
6483,2015,9,28,3,0.000000,0.000000,0.000000,53.298415,69.617155,147.218674
6484,2015,9,28,4,0.000000,0.000000,0.000000,52.142086,67.877886,142.956515
6485,2015,9,28,5,0.000000,0.000000,0.000000,53.485201,68.397701,140.905268
6486,2015,9,28,6,0.000000,0.000000,0.000000,62.610778,76.004958,145.987211
6487,2015,9,28,7,0.000000,0.000000,0.000000,72.108451,84.578711,154.339149
6488,2015,9,28,8,0.000000,0.000000,0.000000,91.672915,83.447975,161.664166
6489,2015,9,28,9,0.000000,0.000000,0.000000,106.517871,78.537271,167.081028
6490,2015,9,28,10,0.000000,0.000000,0.000000,103.598967,61.024307,159.366876
6491,2015,9,28,11,0.000000,0.000000,0.000000,99.683504,46.092104,153.484806
6492,2015,9,28,12,0.000000,0.000000,0.000000,94.358841,32.350321,144.322028
6493,2015,9,28,13,0.000000,0.000000,0.000000,95.350840,28.961660,138.734946
6494,2015,9,28,14,0.000000,0.000000,0.000000,97.008298,31.990078,137.192705
6495,2015,9,28,15,0.000000,0.000000,0.000000,98.133011,39.525291,138.157988
6496,2015,9,28,16,0.000000,0.000000,0.000000,101.723188,53.864888,142.358851
6497,2015,9,28,17,0.000000,0.000000,0.000000,106.311208,72.688508,150.625678
6498,2015,9,28,18,0.000000,0.000000,0.000000,112.785387,96.819447,167.222796
6499,2015,9,28,19,0.000000,0.000000,0.000000,122.768551,124.644451,185.978935
6500,2015,9,28,20,0.000000,0.000000,0.000000,123.097490,128.565910,189.649280
6501,2015,9,28,21,0.000000,0.000000,0.000000,132.343244,134.027824,184.319032
6502,2015,9,28,22,0.000000,0.000000,0.000000,123.548929,126.187669,177.046025
6503,2015,9,28,23,0.000000,0.000000,0.000000,113.782443,115.907643,161.627524
6504,2015,9,28,24,0.000000,0.000000,0.000000,114.806043,116.401883,160.521977
6505,2015,9,29,1,0.000000,0.000000,0.000000,112.832797,113.717557,154.572609
6506,2015,9,29,2,0.000000,0.000000,0.000000,114.689286,115.457606,156.504542
6507,2015,9,29,3,0.000000,0.000000,0.000000,111.758247,112.434267,152.165756
6508,2015,9,29,4,0.000000,0.000000,0.000000,110.923569,111.099109,148.717278
6509,2015,9,29,5,0.000000,0.000000,0.000000,110.173966,110.369786,147.812448
6510,2015,9,29,6,0.000000,0.000000,0.000000,113.164952,113.164952,150.886603
6511,2015,9,29,7,0.000000,0.000000,0.000000,118.986317,118.986317,158.648423
6512,2015,9,29,8,0.000000,0.000000,0.000000,126.461091,109.373311,166.688482
6513,2015,9,29,9,0.000000,0.000000,0.000000,126.482007,92.432887,165.380116
6514,2015,9,29,10,0.000000,0.000000,0.000000,116.268241,68.738081,153.133575
6515,2015,9,29,11,0.000000,0.000000,0.000000,107.096253,49.084093,142.738257
6516,2015,9,29,12,0.000000,0.000000,0.000000,94.109321,29.732241,132.936055
6517,2015,9,29,13,0.000000,0.000000,0.000000,84.081377,18.051797,125.387129
6518,2015,9,29,14,0.000000,0.000000,0.000000,88.285441,23.281601,125.629335
6519,2015,9,29,15,0.000000,0.000000,0.000000,83.334776,26.454816,126.489889
6520,2015,9,29,16,0.000000,0.000000,0.000000,77.753100,34.185700,130.422934
6521,2015,9,29,17,0.000000,0.000000,0.000000,74.493737,47.504157,139.156943
6522,2015,9,29,18,0.000000,0.000000,0.000000,72.741545,65.393625,154.048433
6523,2015,9,29,19,0.000000,0.000000,0.000000,77.310927,89.511067,173.548556
6524,2015,9,29,20,0.000000,0.000000,0.000000,73.743263,90.503643,176.539458
6525,2015,9,29,21,0.000000,0.000000,0.000000,61.279720,79.523800,166.845333
6526,2015,9,29,22,0.000000,0.000000,0.000000,47.970589,67.733729,156.188772
6527,2015,9,29,23,0.000000,0.000000,0.000000,42.090251,61.952471,148.810695
6528,2015,9,29,24,0.000000,0.000000,0.000000,40.712803,60.658983,147.365911
6529,2015,9,30,1,0.000000,0.000000,0.000000,35.865093,55.829793,140.988723
6530,2015,9,30,2,0.000000,0.000000,0.000000,36.806193,56.771653,142.247071
6531,2015,9,30,3,0.000000,0.000000,0.000000,31.521894,51.341314,134.519819
6532,2015,9,30,4,0.000000,0.000000,0.000000,28.029203,47.433743,127.926791
6533,2015,9,30,5,0.000000,0.000000,0.000000,27.407370,46.539970,125.828627
6534,2015,9,30,6,0.000000,0.000000,0.000000,34.478690,52.692530,130.969506
6535,2015,9,30,7,0.000000,0.000000,0.000000,45.159985,62.560465,141.415553
6536,2015,9,30,8,0.000000,0.000000,0.000000,45.430945,45.698505,139.639873
6537,2015,9,30,9,0.000000,0.000000,0.000000,49.246680,31.471100,138.342867
6538,2015,9,30,10,0.000000,0.000000,0.000000,49.656154,15.670154,127.523538
6539,2015,9,30,11,0.000000,0.000000,0.000000,65.997803,14.804263,119.760551
6540,2015,9,30,12,0.000000,0.000000,0.000000,81.120144,16.142864,112.816219
6541,2015,9,30,13,0.000000,0.000000,0.000000,93.333858,21.065858,108.611144
6542,2015,9,30,14,0.000000,0.000000,0.000000,101.807112,29.040352,107.431269
6543,2015,9,30,15,0.000000,0.000000,0.000000,102.858168,37.028768,110.757023
6544,2015,9,30,16,0.000000,0.000000,0.000000,102.728201,49.081661,116.687081
6545,2015,9,30,17,0.000000,0.000000,0.000000,102.249608,65.082048,128.667530
6546,2015,9,30,18,0.000000,0.000000,0.000000,108.744716,88.328296,141.066327
6547,2015,9,30,19,0.000000,0.000000,0.000000,114.498689,112.481949,156.786798
6548,2015,9,30,20,0.000000,0.000000,0.000000,117.834594,118.853634,161.868313
6549,2015,9,30,21,0.000000,0.000000,0.000000,111.370872,112.339092,153.012856
6550,2015,9,30,22,0.000000,0.000000,0.000000,102.869885,104.715405,145.772274
6551,2015,9,30,23,0.000000,0.000000,0.000000,94.255137,98.108977,143.658103
6552,2015,9,30,24,0.000000,0.000000,0.000000,90.073681,95.535341,145.585988
6553,2015,10,1,1,0.000000,0.000000,0.000000,84.074562,90.177402,140.579336
6554,2015,10,1,2,0.000000,0.000000,0.000000,79.716241,87.790481,143.968109
6555,2015,10,1,3,0.000000,0.000000,0.000000,67.375645,77.639505,137.732207
6556,2015,10,1,4,0.000000,0.000000,0.000000,64.460776,74.612976,133.324635
6557,2015,10,1,5,0.000000,0.000000,0.000000,63.847712,74.171352,133.307270
6558,2015,10,1,6,0.000000,0.000000,0.000000,72.505979,81.203139,137.261385
6559,2015,10,1,7,0.000000,0.000000,0.000000,88.474695,89.398815,142.578820
6560,2015,10,1,8,0.000000,0.000000,0.000000,100.837095,82.254895,142.465860
6561,2015,10,1,9,0.000000,0.000000,0.000000,110.562866,75.674186,147.003314
6562,2015,10,1,10,0.000000,0.000000,0.000000,113.729719,64.766519,143.061358
6563,2015,10,1,11,0.000000,0.000000,0.000000,113.907247,53.686527,134.746302
6564,2015,10,1,12,0.000000,0.000000,0.000000,112.678815,46.705895,129.948126
6565,2015,10,1,13,0.000000,0.000000,0.000000,108.744213,40.269193,123.175523
6566,2015,10,1,14,0.000000,0.000000,0.000000,106.871268,41.116368,123.222158
6567,2015,10,1,15,0.000000,0.000000,0.000000,107.442420,48.588840,125.739853
6568,2015,10,1,16,0.000000,0.000000,0.000000,109.861792,60.232472,131.412230
6569,2015,10,1,17,0.000000,0.000000,0.000000,113.309880,77.715720,140.607093
6570,2015,10,1,18,0.000000,0.000000,0.000000,120.465520,100.970080,157.608641
6571,2015,10,1,19,0.000000,0.000000,0.000000,128.600159,125.185059,175.829745
6572,2015,10,1,20,0.000000,0.000000,0.000000,129.181762,130.915102,180.331269
6573,2015,10,1,21,0.000000,0.000000,0.000000,125.176982,126.707062,174.043017
6574,2015,10,1,22,0.000000,0.000000,0.000000,114.516535,116.863075,163.639234
6575,2015,10,1,23,0.000000,0.000000,0.000000,109.784889,111.831949,155.932799
6576,2015,10,1,24,0.000000,0.000000,0.000000,109.636937,111.808297,156.315596
6577,2015,10,2,1,0.000000,0.000000,0.000000,106.735035,108.769495,151.807526
6578,2015,10,2,2,0.000000,0.000000,0.000000,109.040215,110.745635,153.345581
6579,2015,10,2,3,0.000000,0.000000,0.000000,96.305491,100.240951,146.772802
6580,2015,10,2,4,0.000000,0.000000,0.000000,86.546967,91.681987,139.359382
6581,2015,10,2,5,0.000000,0.000000,0.000000,84.386098,89.758278,137.584971
6582,2015,10,2,6,0.000000,0.000000,0.000000,86.908266,92.584166,142.365222
6583,2015,10,2,7,0.000000,0.000000,0.000000,97.159995,96.658575,147.506700
6584,2015,10,2,8,0.000000,0.000000,0.000000,111.227691,91.163571,149.404362
6585,2015,10,2,9,0.000000,0.000000,0.000000,120.316199,84.544659,155.887745
6586,2015,10,2,10,0.000000,0.000000,0.000000,115.959407,67.390087,147.872383
6587,2015,10,2,11,0.000000,0.000000,0.000000,107.192740,49.462300,137.414933
6588,2015,10,2,12,0.000000,0.000000,0.000000,103.612322,39.549342,126.772523
6589,2015,10,2,13,0.000000,0.000000,0.000000,100.506449,34.535589,123.877919
6590,2015,10,2,14,0.000000,0.000000,0.000000,95.722617,32.628217,120.772956
6591,2015,10,2,15,0.000000,0.000000,0.000000,93.019050,37.408230,121.641573
6592,2015,10,2,16,0.000000,0.000000,0.000000,93.468340,47.486280,126.574839
6593,2015,10,2,17,0.000000,0.000000,0.000000,101.019453,68.581713,138.949817
6594,2015,10,2,18,0.000000,0.000000,0.000000,108.283191,91.810771,155.472962
6595,2015,10,2,19,0.000000,0.000000,0.000000,114.417127,113.818267,170.061489
6596,2015,10,2,20,0.000000,0.000000,0.000000,116.330154,120.281754,173.547672
6597,2015,10,2,21,0.000000,0.000000,0.000000,113.318243,116.813363,167.401551
6598,2015,10,2,22,0.000000,0.000000,0.000000,89.691700,97.040480,153.883240
6599,2015,10,2,23,0.000000,0.000000,0.000000,66.476574,78.954214,146.864418
6600,2015,10,2,24,0.000000,0.000000,0.000000,59.456814,74.187214,148.017618
6601,2015,10,3,1,0.000000,0.000000,0.000000,59.065367,72.745867,142.596155
6602,2015,10,3,2,0.000000,0.000000,0.000000,60.807080,74.349900,144.275934
6603,2015,10,3,3,0.000000,0.000000,0.000000,64.052747,75.388727,138.304902
6604,2015,10,3,4,0.000000,0.000000,0.000000,63.427869,73.724769,132.622691
6605,2015,10,3,5,0.000000,0.000000,0.000000,63.310127,72.968067,129.483889
6606,2015,10,3,6,0.000000,0.000000,0.000000,65.580783,74.876303,130.820137
6607,2015,10,3,7,0.000000,0.000000,0.000000,70.815043,74.553243,132.164990
6608,2015,10,3,8,0.000000,0.000000,0.000000,82.250038,65.930378,128.241638
6609,2015,10,3,9,0.000000,0.000000,0.000000,78.605178,48.083158,124.770810
6610,2015,10,3,10,0.000000,0.000000,0.000000,74.167610,31.218010,118.375347
6611,2015,10,3,11,0.000000,0.000000,0.000000,70.455328,17.394108,110.221410
6612,2015,10,3,12,0.000000,0.000000,0.000000,65.243979,6.951759,102.544945
6613,2015,10,3,13,0.000000,0.000000,0.000000,63.711576,2.432116,96.711288
6614,2015,10,3,14,0.000000,0.000000,0.000000,61.632179,2.856179,95.471572
6615,2015,10,3,15,0.000000,0.000000,0.000000,62.560551,10.780271,98.906095
6616,2015,10,3,16,0.000000,0.000000,0.000000,64.183939,22.124599,105.834999
6617,2015,10,3,17,0.000000,0.000000,0.000000,65.975282,38.804842,116.804990
6618,2015,10,3,18,0.000000,0.000000,0.000000,73.113004,61.537604,131.432138
6619,2015,10,3,19,0.000000,0.000000,0.000000,80.777842,85.379182,149.476709
6620,2015,10,3,20,0.000000,0.000000,0.000000,84.160205,93.739745,156.918127
6621,2015,10,3,21,0.000000,0.000000,0.000000,88.786060,96.197700,152.969067
6622,2015,10,3,22,0.000000,0.000000,0.000000,98.029229,102.096889,149.688052
6623,2015,10,3,23,0.000000,0.000000,0.000000,101.550998,104.031138,146.975317
6624,2015,10,3,24,0.000000,0.000000,0.000000,104.663665,106.629765,148.726686
6625,2015,10,4,1,0.000000,0.000000,0.000000,101.754829,103.590749,144.240733
6626,2015,10,4,2,0.000000,0.000000,0.000000,102.969166,104.947946,146.526528
6627,2015,10,4,3,0.000000,0.000000,0.000000,98.602065,100.894825,142.168966
6628,2015,10,4,4,0.000000,0.000000,0.000000,97.637839,99.341839,138.135785
6629,2015,10,4,5,0.000000,0.000000,0.000000,100.127697,100.587297,135.648396
6630,2015,10,4,6,0.000000,0.000000,0.000000,102.288343,102.476803,137.263937
6631,2015,10,4,7,0.000000,0.000000,0.000000,104.757813,100.260953,138.991737
6632,2015,10,4,8,0.000000,0.000000,0.000000,105.807700,83.924920,133.690627
6633,2015,10,4,9,0.000000,0.000000,0.000000,108.440978,70.323378,129.105837
6634,2015,10,4,10,0.000000,0.000000,0.000000,106.823479,55.303639,121.922052
6635,2015,10,4,11,0.000000,0.000000,0.000000,101.028742,39.685902,112.338403
6636,2015,10,4,12,0.000000,0.000000,0.000000,95.152151,28.748631,104.569775
6637,2015,10,4,13,0.000000,0.000000,0.000000,91.248911,22.643911,99.241882
6638,2015,10,4,14,0.000000,0.000000,0.000000,90.093552,23.838692,98.518722
6639,2015,10,4,15,0.000000,0.000000,0.000000,88.009743,29.411223,101.019898
6640,2015,10,4,16,0.000000,0.000000,0.000000,91.462434,42.308014,109.095952
6641,2015,10,4,17,0.000000,0.000000,0.000000,93.416662,59.206162,120.539883
6642,2015,10,4,18,0.000000,0.000000,0.000000,94.157172,77.230592,134.518856
6643,2015,10,4,19,0.000000,0.000000,0.000000,99.053194,98.329034,148.991512
6644,2015,10,4,20,0.000000,0.000000,0.000000,102.688148,106.931388,156.719317
6645,2015,10,4,21,0.000000,0.000000,0.000000,103.755137,106.915557,153.088809
6646,2015,10,4,22,0.000000,0.000000,0.000000,92.955553,97.950053,147.248403
6647,2015,10,4,23,0.000000,0.000000,0.000000,85.772584,91.599184,141.554245
6648,2015,10,4,24,0.000000,0.000000,0.000000,76.632409,85.165129,141.995906
6649,2015,10,5,1,0.000000,0.000000,0.000000,64.179482,75.329502,137.606070
6650,2015,10,5,2,0.000000,0.000000,0.000000,63.401524,75.645444,141.673659
6651,2015,10,5,3,0.000000,0.000000,0.000000,54.464369,68.462169,137.942225
6652,2015,10,5,4,0.000000,0.000000,0.000000,49.344691,64.241131,135.309641
6653,2015,10,5,5,0.000000,0.000000,0.000000,51.332953,66.134193,137.516391
6654,2015,10,5,6,0.000000,0.000000,0.000000,60.404721,74.580321,146.692428
6655,2015,10,5,7,0.000000,0.000000,0.000000,85.965248,93.379728,169.521237
6656,2015,10,5,8,0.000000,0.000000,0.000000,107.519039,91.435379,163.034971
6657,2015,10,5,9,0.000000,0.000000,0.000000,102.054899,71.239539,154.668185
6658,2015,10,5,10,0.000000,0.000000,0.000000,93.830246,50.805306,144.240608
6659,2015,10,5,11,0.000000,0.000000,0.000000,93.345653,38.732093,133.497591
6660,2015,10,5,12,0.000000,0.000000,0.000000,92.653689,31.629629,126.342639
6661,2015,10,5,13,0.000000,0.000000,0.000000,83.374483,21.765163,121.389150
6662,2015,10,5,14,0.000000,0.000000,0.000000,86.447222,25.887602,120.234735
6663,2015,10,5,15,0.000000,0.000000,0.000000,92.653784,36.800304,120.022138
6664,2015,10,5,16,0.000000,0.000000,0.000000,95.967880,49.285100,126.637534
6665,2015,10,5,17,0.000000,0.000000,0.000000,101.176320,68.005340,135.737186
6666,2015,10,5,18,0.000000,0.000000,0.000000,106.462758,88.840638,147.680451
6667,2015,10,5,19,0.000000,0.000000,0.000000,111.022981,110.066161,163.865481
6668,2015,10,5,20,0.000000,0.000000,0.000000,118.258323,120.751403,169.312138
6669,2015,10,5,21,0.000000,0.000000,0.000000,110.759464,112.638884,156.449912
6670,2015,10,5,22,0.000000,0.000000,0.000000,88.550525,94.100545,143.967461
6671,2015,10,5,23,0.000000,0.000000,0.000000,76.507588,84.501088,139.313118
6672,2015,10,5,24,0.000000,0.000000,0.000000,76.004062,84.928442,142.985856
6673,2015,10,6,1,0.000000,0.000000,0.000000,82.429911,88.922411,140.204881
6674,2015,10,6,2,0.000000,0.000000,0.000000,85.938460,91.959980,142.685040
6675,2015,10,6,3,0.000000,0.000000,0.000000,82.104265,88.287605,138.327940
6676,2015,10,6,4,0.000000,0.000000,0.000000,79.128091,85.822951,136.746802
6677,2015,10,6,5,0.000000,0.000000,0.000000,80.891304,87.459044,138.504525
6678,2015,10,6,6,0.000000,0.000000,0.000000,95.489473,99.851413,147.675017
6679,2015,10,6,7,0.000000,0.000000,0.000000,119.136959,117.967079,173.689839
6680,2015,10,6,8,0.000000,0.000000,0.000000,111.098807,94.799647,166.802329
6681,2015,10,6,9,0.000000,0.000000,0.000000,101.923701,71.954701,158.442935
6682,2015,10,6,10,0.000000,0.000000,0.000000,89.349235,48.219695,147.111127
6683,2015,10,6,11,0.000000,0.000000,0.000000,91.512165,38.239885,137.312246
6684,2015,10,6,12,0.000000,0.000000,0.000000,90.213000,30.770440,130.468720
6685,2015,10,6,13,0.000000,0.000000,0.000000,69.124489,12.214669,124.320159
6686,2015,10,6,14,0.000000,0.000000,0.000000,58.690121,6.527581,122.411642
6687,2015,10,6,15,0.000000,0.000000,0.000000,58.146561,13.423141,125.952788
6688,2015,10,6,16,0.000000,0.000000,0.000000,63.318523,27.193423,132.374231
6689,2015,10,6,17,0.000000,0.000000,0.000000,72.924114,49.391034,143.044445
6690,2015,10,6,18,0.000000,0.000000,0.000000,83.769096,74.528016,156.533755
6691,2015,10,6,19,0.000000,0.000000,0.000000,92.401884,98.048084,169.851445
6692,2015,10,6,20,0.000000,0.000000,0.000000,97.566702,107.006562,174.141616
6693,2015,10,6,21,0.000000,0.000000,0.000000,78.200117,91.168337,164.785183
6694,2015,10,6,22,0.000000,0.000000,0.000000,65.848112,78.787432,148.180976
6695,2015,10,6,23,0.000000,0.000000,0.000000,66.195770,77.726670,142.071893
6696,2015,10,6,24,0.000000,0.000000,0.000000,71.394051,81.781331,143.666042
6697,2015,10,7,1,0.000000,0.000000,0.000000,67.774666,78.703866,141.369155
6698,2015,10,7,2,0.000000,0.000000,0.000000,72.981066,83.316886,145.541915
6699,2015,10,7,3,0.000000,0.000000,0.000000,65.271728,77.061608,142.048411
6700,2015,10,7,4,0.000000,0.000000,0.000000,60.946705,73.213465,138.507153
6701,2015,10,7,5,0.000000,0.000000,0.000000,65.264794,76.727094,140.510459
6702,2015,10,7,6,0.000000,0.000000,0.000000,76.402084,87.217724,152.342432
6703,2015,10,7,7,0.000000,0.000000,0.000000,106.481964,110.224824,179.742632
6704,2015,10,7,8,0.000000,0.000000,0.000000,121.585046,103.157446,170.851261
6705,2015,10,7,9,0.000000,0.000000,0.000000,123.898577,87.966377,159.914503
6706,2015,10,7,10,0.000000,0.000000,0.000000,125.658771,74.496631,148.705042
6707,2015,10,7,11,0.000000,0.000000,0.000000,123.794853,61.696253,139.166337
6708,2015,10,7,12,0.000000,0.000000,0.000000,120.500082,52.662722,131.675762
6709,2015,10,7,13,0.000000,0.000000,0.000000,116.106071,46.083051,125.767335
6710,2015,10,7,14,0.000000,0.000000,0.000000,114.097372,46.353352,123.574403
6711,2015,10,7,15,0.000000,0.000000,0.000000,110.453485,50.291325,123.647899
6712,2015,10,7,16,0.000000,0.000000,0.000000,112.542910,62.223250,131.765467
6713,2015,10,7,17,0.000000,0.000000,0.000000,114.388569,78.853789,142.322452
6714,2015,10,7,18,0.000000,0.000000,0.000000,117.472717,97.889017,153.206357
6715,2015,10,7,19,0.000000,0.000000,0.000000,124.041013,119.892333,166.327511
6716,2015,10,7,20,0.000000,0.000000,0.000000,128.129551,128.471071,172.433162
6717,2015,10,7,21,0.000000,0.000000,0.000000,123.142950,123.335810,165.090614
6718,2015,10,7,22,0.000000,0.000000,0.000000,107.408132,108.736512,149.409950
6719,2015,10,7,23,0.000000,0.000000,0.000000,94.898158,98.099078,141.468505
6720,2015,10,7,24,0.000000,0.000000,0.000000,93.955218,98.187678,145.025104
6721,2015,10,8,1,0.000000,0.000000,0.000000,95.829044,99.225824,143.623699
6722,2015,10,8,2,0.000000,0.000000,0.000000,98.666272,102.003632,147.129375
6723,2015,10,8,3,0.000000,0.000000,0.000000,96.459128,99.657708,143.538878
6724,2015,10,8,4,0.000000,0.000000,0.000000,93.405534,97.030034,141.455045
6725,2015,10,8,5,0.000000,0.000000,0.000000,95.559414,99.110154,143.982672
6726,2015,10,8,6,0.000000,0.000000,0.000000,103.798561,107.494281,155.644775
6727,2015,10,8,7,0.000000,0.000000,0.000000,124.797255,123.750735,181.812580
6728,2015,10,8,8,0.000000,0.000000,0.000000,131.804985,110.764765,172.285620
6729,2015,10,8,9,0.000000,0.000000,0.000000,129.500570,92.153390,160.780587
6730,2015,10,8,10,0.000000,0.000000,0.000000,127.613501,76.262921,150.431962
6731,2015,10,8,11,0.000000,0.000000,0.000000,123.250876,61.703896,141.015261
6732,2015,10,8,12,0.000000,0.000000,0.000000,119.514690,52.200170,132.801827
6733,2015,10,8,13,0.000000,0.000000,0.000000,116.670568,47.067448,128.479530
6734,2015,10,8,14,0.000000,0.000000,0.000000,117.042299,49.409439,128.019719
6735,2015,10,8,15,0.000000,0.000000,0.000000,115.288308,54.771508,128.439344
6736,2015,10,8,16,0.000000,0.000000,0.000000,115.069498,64.265218,132.872691
6737,2015,10,8,17,0.000000,0.000000,0.000000,118.849732,82.487292,144.408256
6738,2015,10,8,18,0.000000,0.000000,0.000000,124.809392,104.217112,158.281883
6739,2015,10,8,19,0.000000,0.000000,0.000000,130.618373,125.818373,172.057831
6740,2015,10,8,20,0.000000,0.000000,0.000000,131.334836,132.029616,178.355421
6741,2015,10,8,21,0.000000,0.000000,0.000000,121.151313,122.827633,169.357911
6742,2015,10,8,22,0.000000,0.000000,0.000000,99.245250,103.955250,154.307000
6743,2015,10,8,23,0.000000,0.000000,0.000000,90.191077,95.942997,147.097063
6744,2015,10,8,24,0.000000,0.000000,0.000000,91.307579,97.465979,150.482639
6745,2015,10,9,1,0.000000,0.000000,0.000000,81.843456,90.047396,147.409661
6746,2015,10,9,2,0.000000,0.000000,0.000000,78.627173,88.465433,150.748111
6747,2015,10,9,3,0.000000,0.000000,0.000000,70.853235,81.958475,146.295433
6748,2015,10,9,4,0.000000,0.000000,0.000000,67.394837,79.110337,144.532115
6749,2015,10,9,5,0.000000,0.000000,0.000000,68.301167,80.335867,147.230156
6750,2015,10,9,6,0.000000,0.000000,0.000000,78.408527,89.737887,157.415049
6751,2015,10,9,7,0.000000,0.000000,0.000000,99.652893,106.113733,183.321111
6752,2015,10,9,8,0.000000,0.000000,0.000000,109.565212,95.082452,173.234070
6753,2015,10,9,9,0.000000,0.000000,0.000000,110.264966,78.654046,161.902328
6754,2015,10,9,10,0.000000,0.000000,0.000000,107.315869,61.700089,150.130853
6755,2015,10,9,11,0.000000,0.000000,0.000000,103.426733,47.518413,140.896817
6756,2015,10,9,12,0.000000,0.000000,0.000000,99.381273,37.526653,131.436804
6757,2015,10,9,13,0.000000,0.000000,0.000000,97.239224,32.261464,124.156086
6758,2015,10,9,14,0.000000,0.000000,0.000000,94.785881,31.586161,119.032481
6759,2015,10,9,15,0.000000,0.000000,0.000000,90.380067,34.156327,115.262636
6760,2015,10,9,16,0.000000,0.000000,0.000000,92.422300,45.391460,120.285813
6761,2015,10,9,17,0.000000,0.000000,0.000000,92.843868,60.610568,129.003090
6762,2015,10,9,18,0.000000,0.000000,0.000000,90.503757,75.427497,138.282462
6763,2015,10,9,19,0.000000,0.000000,0.000000,96.539499,97.156959,151.900812
6764,2015,10,9,20,0.000000,0.000000,0.000000,105.385768,109.912948,161.641198
6765,2015,10,9,21,0.000000,0.000000,0.000000,100.116185,104.679845,154.785327
6766,2015,10,9,22,0.000000,0.000000,0.000000,83.809094,91.709954,148.616139
6767,2015,10,9,23,0.000000,0.000000,0.000000,79.362553,87.372033,143.194311
6768,2015,10,9,24,0.000000,0.000000,0.000000,87.183146,93.256006,144.584208
6769,2015,10,10,1,0.000000,0.000000,0.000000,90.055718,94.265818,139.721423
6770,2015,10,10,2,0.000000,0.000000,0.000000,93.619627,97.360407,142.283143
6771,2015,10,10,3,0.000000,0.000000,0.000000,89.131138,93.242998,138.030197
6772,2015,10,10,4,0.000000,0.000000,0.000000,82.229609,87.855849,135.895265
6773,2015,10,10,5,0.000000,0.000000,0.000000,80.772286,87.006046,136.787261
6774,2015,10,10,6,0.000000,0.000000,0.000000,77.759210,85.899830,141.668507
6775,2015,10,10,7,0.000000,0.000000,0.000000,74.754577,80.329377,145.988503
6776,2015,10,10,8,0.000000,0.000000,0.000000,84.495132,70.037652,139.925269
6777,2015,10,10,9,0.000000,0.000000,0.000000,84.806674,54.134994,132.341059
6778,2015,10,10,10,0.000000,0.000000,0.000000,82.641077,38.157237,122.513516
6779,2015,10,10,11,0.000000,0.000000,0.000000,78.776238,23.894658,112.820944
6780,2015,10,10,12,0.000000,0.000000,0.000000,73.484147,13.172007,104.105542
6781,2015,10,10,13,0.000000,0.000000,0.000000,70.425945,7.620545,98.542727
6782,2015,10,10,14,0.000000,0.000000,0.000000,65.615244,5.950264,96.633752
6783,2015,10,10,15,0.000000,0.000000,0.000000,66.452032,13.648052,99.317469
6784,2015,10,10,16,0.000000,0.000000,0.000000,70.690965,26.768905,105.818340
6785,2015,10,10,17,0.000000,0.000000,0.000000,79.711589,48.445829,116.008572
6786,2015,10,10,18,0.000000,0.000000,0.000000,88.081091,71.530691,128.172921
6787,2015,10,10,19,0.000000,0.000000,0.000000,94.080136,93.032956,140.853342
6788,2015,10,10,20,0.000000,0.000000,0.000000,100.799311,103.661471,147.755828
6789,2015,10,10,21,0.000000,0.000000,0.000000,107.710301,107.949541,144.730188
6790,2015,10,10,22,0.000000,0.000000,0.000000,105.994792,106.145192,142.028256
6791,2015,10,10,23,0.000000,0.000000,0.000000,104.592974,104.592974,139.457299
6792,2015,10,10,24,0.000000,0.000000,0.000000,105.961704,105.961704,141.282272
6793,2015,10,11,1,0.000000,0.000000,0.000000,103.066718,103.066718,137.422291
6794,2015,10,11,2,0.000000,0.000000,0.000000,104.975515,104.975515,139.967353
6795,2015,10,11,3,0.000000,0.000000,0.000000,100.916230,101.076390,135.302387
6796,2015,10,11,4,0.000000,0.000000,0.000000,96.786047,97.289787,131.398849
6797,2015,10,11,5,0.000000,0.000000,0.000000,93.810157,95.149837,131.332049
6798,2015,10,11,6,0.000000,0.000000,0.000000,91.198092,93.864892,134.042522
6799,2015,10,11,7,0.000000,0.000000,0.000000,93.154016,91.677876,137.616702
6800,2015,10,11,8,0.000000,0.000000,0.000000,89.499496,71.888076,131.879369
6801,2015,10,11,9,0.000000,0.000000,0.000000,81.047760,49.794340,124.614387
6802,2015,10,11,10,0.000000,0.000000,0.000000,71.187216,29.384556,119.753875
6803,2015,10,11,11,0.000000,0.000000,0.000000,59.308403,9.614523,111.073098
6804,2015,10,11,12,0.000000,0.000000,0.000000,53.810924,-0.990096,103.593139
6805,2015,10,11,13,0.000000,0.000000,0.000000,54.708368,-3.692572,98.140104
6806,2015,10,11,14,0.000000,0.000000,0.000000,54.424548,-2.174832,96.018957
6807,2015,10,11,15,0.000000,0.000000,0.000000,50.560697,2.142037,98.593850
6808,2015,10,11,16,0.000000,0.000000,0.000000,60.071901,19.284501,106.288001
6809,2015,10,11,17,0.000000,0.000000,0.000000,60.007868,34.721028,117.638570
6810,2015,10,11,18,0.000000,0.000000,0.000000,56.295141,49.158381,129.721975
6811,2015,10,11,19,0.000000,0.000000,0.000000,61.714827,70.028927,141.385569
6812,2015,10,11,20,0.000000,0.000000,0.000000,49.892853,67.151393,147.063657
6813,2015,10,11,21,0.000000,0.000000,0.000000,52.569736,68.102796,142.580594
6814,2015,10,11,22,0.000000,0.000000,0.000000,44.957620,61.364040,136.506787
6815,2015,10,11,23,0.000000,0.000000,0.000000,32.305380,50.496680,127.966573
6816,2015,10,11,24,0.000000,0.000000,0.000000,38.082121,55.279981,131.032842
6817,2015,10,12,1,0.000000,0.000000,0.000000,43.611017,58.431057,127.308209
6818,2015,10,12,2,0.000000,0.000000,0.000000,46.362788,61.981048,134.702264
6819,2015,10,12,3,0.000000,0.000000,0.000000,36.799933,53.911973,128.922764
6820,2015,10,12,4,0.000000,0.000000,0.000000,52.977184,64.875124,126.159965
6821,2015,10,12,5,0.000000,0.000000,0.000000,34.071827,52.191107,129.985743
6822,2015,10,12,6,0.000000,0.000000,0.000000,68.243748,78.749288,140.017517
6823,2015,10,12,7,0.000000,0.000000,0.000000,104.299511,103.852871,157.281694
6824,2015,10,12,8,0.000000,0.000000,0.000000,116.472341,96.224161,155.538281
6825,2015,10,12,9,0.000000,0.000000,0.000000,123.119569,85.374349,150.415065
6826,2015,10,12,10,0.000000,0.000000,0.000000,117.149849,66.652069,140.460158
6827,2015,10,12,11,0.000000,0.000000,0.000000,103.812015,45.396395,129.709794
6828,2015,10,12,12,0.000000,0.000000,0.000000,86.593759,26.490139,122.558118
6829,2015,10,12,13,0.000000,0.000000,0.000000,62.472991,5.769851,116.416002
6830,2015,10,12,14,0.000000,0.000000,0.000000,51.969491,0.184311,115.211815
6831,2015,10,12,15,0.000000,0.000000,0.000000,36.633512,-4.639928,113.368629
6832,2015,10,12,16,0.000000,0.000000,0.000000,40.824499,9.163019,123.212425
6833,2015,10,12,17,0.000000,0.000000,0.000000,46.547177,29.532097,138.292529
6834,2015,10,12,18,0.000000,0.000000,0.000000,47.125330,46.176970,146.374760
6835,2015,10,12,19,0.000000,0.000000,0.000000,47.999610,63.177790,155.130987
6836,2015,10,12,20,0.000000,0.000000,0.000000,50.412241,70.395561,160.471815
6837,2015,10,12,21,0.000000,0.000000,0.000000,44.163870,64.153410,152.169680
6838,2015,10,12,22,0.000000,0.000000,0.000000,39.218181,59.206241,145.568521
6839,2015,10,12,23,0.000000,0.000000,0.000000,35.172560,55.160520,140.173894
6840,2015,10,12,24,0.000000,0.000000,0.000000,36.867789,56.848309,142.399479
6841,2015,10,13,1,0.000000,0.000000,0.000000,34.513044,54.486504,139.226872
6842,2015,10,13,2,0.000000,0.000000,0.000000,37.555854,57.532974,143.301032
6843,2015,10,13,3,0.000000,0.000000,0.000000,35.087111,54.755051,138.566535
6844,2015,10,13,4,0.000000,0.000000,0.000000,33.700023,53.284123,136.325830
6845,2015,10,13,5,0.000000,0.000000,0.000000,36.415798,55.846458,139.230810
6846,2015,10,13,6,0.000000,0.000000,0.000000,45.360720,64.466360,149.640613
6847,2015,10,13,7,0.000000,0.000000,0.000000,68.475943,81.948083,174.471245
6848,2015,10,13,8,0.000000,0.000000,0.000000,78.359647,71.537667,167.376957
6849,2015,10,13,9,0.000000,0.000000,0.000000,71.784190,51.146430,161.802707
6850,2015,10,13,10,0.000000,0.000000,0.000000,65.102121,32.407701,154.145535
6851,2015,10,13,11,0.000000,0.000000,0.000000,60.276809,17.542929,144.844306
6852,2015,10,13,12,0.000000,0.000000,0.000000,55.327965,6.942345,135.554394
6853,2015,10,13,13,0.000000,0.000000,0.000000,55.329664,3.444544,129.375658
6854,2015,10,13,14,0.000000,0.000000,0.000000,51.273823,2.475823,128.224430
6855,2015,10,13,15,0.000000,0.000000,0.000000,47.791738,6.648158,128.852278
6856,2015,10,13,16,0.000000,0.000000,0.000000,51.318856,20.103076,139.284835
6857,2015,10,13,17,0.000000,0.000000,0.000000,55.104099,38.285939,150.620718
6858,2015,10,13,18,0.000000,0.000000,0.000000,58.928437,58.085037,162.602049
6859,2015,10,13,19,0.000000,0.000000,0.000000,65.725282,80.422722,176.521763
6860,2015,10,13,20,0.000000,0.000000,0.000000,67.353353,86.806133,180.584111
6861,2015,10,13,21,0.000000,0.000000,0.000000,58.664941,78.526501,170.907201
6862,2015,10,13,22,0.000000,0.000000,0.000000,49.986880,69.311140,156.829054
6863,2015,10,13,23,0.000000,0.000000,0.000000,44.489409,64.168329,151.154172
6864,2015,10,13,24,0.000000,0.000000,0.000000,45.122032,65.101052,153.398135
6865,2015,10,14,1,0.000000,0.000000,0.000000,41.895964,61.884544,149.141326
6866,2015,10,14,2,0.000000,0.000000,0.000000,44.388881,64.361041,152.388588
6867,2015,10,14,3,0.000000,0.000000,0.000000,40.075127,60.028727,146.550303
6868,2015,10,14,4,0.000000,0.000000,0.000000,38.064958,58.014218,143.849824
6869,2015,10,14,5,0.000000,0.000000,0.000000,41.193533,61.030713,147.498217
6870,2015,10,14,6,0.000000,0.000000,0.000000,50.270362,69.557602,157.034270
6871,2015,10,14,7,0.000000,0.000000,0.000000,71.059958,85.443778,182.171104
6872,2015,10,14,8,0.000000,0.000000,0.000000,69.527361,66.827021,174.834894
6873,2015,10,14,9,0.000000,0.000000,0.000000,65.907022,46.969222,161.899630
6874,2015,10,14,10,0.000000,0.000000,0.000000,65.528457,32.714497,154.156130
6875,2015,10,14,11,0.000000,0.000000,0.000000,63.067040,19.992340,146.974120
6876,2015,10,14,12,0.000000,0.000000,0.000000,65.399241,15.691581,142.813241
6877,2015,10,14,13,0.000000,0.000000,0.000000,65.173777,11.995197,136.464995
6878,2015,10,14,14,0.000000,0.000000,0.000000,68.055150,15.964610,135.234346
6879,2015,10,14,15,0.000000,0.000000,0.000000,70.197107,23.992447,135.107729
6880,2015,10,14,16,0.000000,0.000000,0.000000,70.998010,35.016470,143.283494
6881,2015,10,14,17,0.000000,0.000000,0.000000,77.675399,55.291739,154.743452
6882,2015,10,14,18,0.000000,0.000000,0.000000,81.827884,74.879984,164.646978
6883,2015,10,14,19,0.000000,0.000000,0.000000,88.488539,96.241799,174.466599
6884,2015,10,14,20,0.000000,0.000000,0.000000,91.259859,103.554139,179.053118
6885,2015,10,14,21,0.000000,0.000000,0.000000,80.253821,93.908001,170.724601
6886,2015,10,14,22,0.000000,0.000000,0.000000,69.529691,82.863491,154.930654
6887,2015,10,14,23,0.000000,0.000000,0.000000,73.553786,84.575506,149.506408
6888,2015,10,14,24,0.000000,0.000000,0.000000,87.849508,95.300308,151.903077
6889,2015,10,15,1,0.000000,0.000000,0.000000,80.016144,89.064844,148.915459
6890,2015,10,15,2,0.000000,0.000000,0.000000,73.089965,84.834365,152.260487
6891,2015,10,15,3,0.000000,0.000000,0.000000,55.911875,71.567275,147.607700
6892,2015,10,15,4,0.000000,0.000000,0.000000,47.817847,65.163107,144.701676
6893,2015,10,15,5,0.000000,0.000000,0.000000,55.819148,71.577328,147.963703
6894,2015,10,15,6,0.000000,0.000000,0.000000,59.483712,76.380892,158.165122
6895,2015,10,15,7,0.000000,0.000000,0.000000,72.264150,86.556750,183.351000
6896,2015,10,15,8,0.000000,0.000000,0.000000,71.194308,67.918268,174.370890
6897,2015,10,15,9,0.000000,0.000000,0.000000,71.355239,51.673499,165.692198
6898,2015,10,15,10,0.000000,0.000000,0.000000,71.005686,37.021946,156.000128
6899,2015,10,15,11,0.000000,0.000000,0.000000,69.875107,24.794567,146.690957
6900,2015,10,15,12,0.000000,0.000000,0.000000,65.119860,14.454260,137.970346
6901,2015,10,15,13,0.000000,0.000000,0.000000,59.757319,7.217179,132.222439
6902,2015,10,15,14,0.000000,0.000000,0.000000,60.943869,10.279789,132.409452
6903,2015,10,15,15,0.000000,0.000000,0.000000,59.531050,15.945450,133.108600
6904,2015,10,15,16,0.000000,0.000000,0.000000,66.119352,31.258412,142.008082
6905,2015,10,15,17,0.000000,0.000000,0.000000,69.286823,49.004523,153.365030
6906,2015,10,15,18,0.000000,0.000000,0.000000,75.489164,70.033944,163.161192
6907,2015,10,15,19,0.000000,0.000000,0.000000,89.985514,97.604354,175.835272
6908,2015,10,15,20,0.000000,0.000000,0.000000,100.179221,110.495881,181.716709
6909,2015,10,15,21,0.000000,0.000000,0.000000,97.168117,106.538117,173.284157
6910,2015,10,15,22,0.000000,0.000000,0.000000,82.452638,92.449618,156.589425
6911,2015,10,15,23,0.000000,0.000000,0.000000,78.544025,88.086825,149.258434
6912,2015,10,15,24,0.000000,0.000000,0.000000,81.871378,91.008338,151.800984
6913,2015,10,16,1,0.000000,0.000000,0.000000,90.322905,96.480465,149.165820
6914,2015,10,16,2,0.000000,0.000000,0.000000,93.066220,99.184660,152.641013
6915,2015,10,16,3,0.000000,0.000000,0.000000,78.797183,88.164903,148.778937
6916,2015,10,16,4,0.000000,0.000000,0.000000,69.620160,81.160500,146.681801
6917,2015,10,16,5,0.000000,0.000000,0.000000,74.948398,85.603398,149.654530
6918,2015,10,16,6,0.000000,0.000000,0.000000,93.293682,100.893962,159.859549
6919,2015,10,16,7,0.000000,0.000000,0.000000,124.821086,124.815986,186.704315
6920,2015,10,16,8,0.000000,0.000000,0.000000,129.809839,110.721559,178.734479
6921,2015,10,16,9,0.000000,0.000000,0.000000,116.126633,83.878173,166.742697
6922,2015,10,16,10,0.000000,0.000000,0.000000,103.195671,59.672871,154.404495
6923,2015,10,16,11,0.000000,0.000000,0.000000,96.267055,43.038955,143.858274
6924,2015,10,16,12,0.000000,0.000000,0.000000,86.157835,28.648715,134.084553
6925,2015,10,16,13,0.000000,0.000000,0.000000,78.366764,19.611204,128.029739
6926,2015,10,16,14,0.000000,0.000000,0.000000,72.399314,16.636854,123.890939
6927,2015,10,16,15,0.000000,0.000000,0.000000,63.771748,16.521488,121.661117
6928,2015,10,16,16,0.000000,0.000000,0.000000,64.443348,26.946548,127.472731
6929,2015,10,16,17,0.000000,0.000000,0.000000,61.359545,39.300345,134.503126
6930,2015,10,16,18,0.000000,0.000000,0.000000,62.089784,56.486904,144.606272
6931,2015,10,16,19,0.000000,0.000000,0.000000,66.352334,76.707134,157.092179
6932,2015,10,16,20,0.000000,0.000000,0.000000,73.782239,88.377359,166.486878
6933,2015,10,16,21,0.000000,0.000000,0.000000,68.430835,82.835015,158.460620
6934,2015,10,16,22,0.000000,0.000000,0.000000,71.005847,83.447827,152.737036
6935,2015,10,16,23,0.000000,0.000000,0.000000,79.542308,88.645388,148.537450
6936,2015,10,16,24,0.000000,0.000000,0.000000,90.498956,97.008836,151.044715
6937,2015,10,17,1,0.000000,0.000000,0.000000,96.226791,100.101671,146.385161
6938,2015,10,17,2,0.000000,0.000000,0.000000,98.328755,102.153455,148.953607
6939,2015,10,17,3,0.000000,0.000000,0.000000,92.292631,96.614051,143.223468
6940,2015,10,17,4,0.000000,0.000000,0.000000,87.903250,92.805190,140.080054
6941,2015,10,17,5,0.000000,0.000000,0.000000,85.353439,91.251679,141.329705
6942,2015,10,17,6,0.000000,0.000000,0.000000,89.819751,94.940731,143.657574
6943,2015,10,17,7,0.000000,0.000000,0.000000,98.651252,97.446892,146.214656
6944,2015,10,17,8,0.000000,0.000000,0.000000,105.366466,84.998586,140.171848
6945,2015,10,17,9,0.000000,0.000000,0.000000,104.025598,68.350778,134.618304
6946,2015,10,17,10,0.000000,0.000000,0.000000,101.070963,52.228923,126.748431
6947,2015,10,17,11,0.000000,0.000000,0.000000,93.372447,35.495787,118.305516
6948,2015,10,17,12,0.000000,0.000000,0.000000,90.726488,26.818488,110.314651
6949,2015,10,17,13,0.000000,0.000000,0.000000,88.517092,21.762772,104.235963
6950,2015,10,17,14,0.000000,0.000000,0.000000,89.703211,24.280631,101.882241
6951,2015,10,17,15,0.000000,0.000000,0.000000,89.170986,30.787186,103.570248
6952,2015,10,17,16,0.000000,0.000000,0.000000,90.327870,41.803470,110.523294
6953,2015,10,17,17,0.000000,0.000000,0.000000,84.829634,53.128594,120.801325
6954,2015,10,17,18,0.000000,0.000000,0.000000,83.838187,69.607807,133.342476
6955,2015,10,17,19,0.000000,0.000000,0.000000,89.491626,90.804666,145.749688
6956,2015,10,17,20,0.000000,0.000000,0.000000,102.607420,105.771020,151.573360
6957,2015,10,17,21,0.000000,0.000000,0.000000,106.372330,108.132950,150.046001
6958,2015,10,17,22,0.000000,0.000000,0.000000,98.733569,101.940629,146.611038
6959,2015,10,17,23,0.000000,0.000000,0.000000,94.269025,98.070265,143.431153
6960,2015,10,17,24,0.000000,0.000000,0.000000,94.831063,98.797003,144.949137
6961,2015,10,18,1,0.000000,0.000000,0.000000,88.524943,93.440203,140.971138
6962,2015,10,18,2,0.000000,0.000000,0.000000,82.550581,89.794421,143.872028
6963,2015,10,18,3,0.000000,0.000000,0.000000,76.494302,84.533922,139.510630
6964,2015,10,18,4,0.000000,0.000000,0.000000,74.055729,82.143969,136.486093
6965,2015,10,18,5,0.000000,0.000000,0.000000,78.052092,84.735012,135.256415
6966,2015,10,18,6,0.000000,0.000000,0.000000,86.749658,91.403958,137.386278
6967,2015,10,18,7,0.000000,0.000000,0.000000,93.555483,92.251103,138.953537
6968,2015,10,18,8,0.000000,0.000000,0.000000,97.035206,77.185946,131.483729
6969,2015,10,18,9,0.000000,0.000000,0.000000,93.590447,58.974467,125.646023
6970,2015,10,18,10,0.000000,0.000000,0.000000,94.035314,45.795294,120.176992
6971,2015,10,18,11,0.000000,0.000000,0.000000,90.548790,31.993730,111.374774
6972,2015,10,18,12,0.000000,0.000000,0.000000,84.463505,20.831725,103.253034
6973,2015,10,18,13,0.000000,0.000000,0.000000,81.603868,15.461788,97.875451
6974,2015,10,18,14,0.000000,0.000000,0.000000,80.019993,16.256453,96.713470
6975,2015,10,18,15,0.000000,0.000000,0.000000,79.565999,23.211599,100.234132
6976,2015,10,18,16,0.000000,0.000000,0.000000,80.315916,33.902636,107.025914
6977,2015,10,18,17,0.000000,0.000000,0.000000,83.516928,51.538908,117.758477
6978,2015,10,18,18,0.000000,0.000000,0.000000,90.186540,73.521780,130.446507
6979,2015,10,18,19,0.000000,0.000000,0.000000,95.619067,94.688267,143.448356
6980,2015,10,18,20,0.000000,0.000000,0.000000,105.135205,107.934265,153.242554
6981,2015,10,18,21,0.000000,0.000000,0.000000,109.601852,110.075992,148.348456
6982,2015,10,18,22,0.000000,0.000000,0.000000,103.741606,104.774066,143.140289
6983,2015,10,18,23,0.000000,0.000000,0.000000,102.958373,103.133253,138.093938
6984,2015,10,18,24,0.000000,0.000000,0.000000,104.911255,105.083955,140.687606
6985,2015,10,19,1,0.000000,0.000000,0.000000,102.082897,102.429597,137.728462
6986,2015,10,19,2,0.000000,0.000000,0.000000,104.816368,105.279028,141.914237
6987,2015,10,19,3,0.000000,0.000000,0.000000,101.494709,102.103469,138.167158
6988,2015,10,19,4,0.000000,0.000000,0.000000,100.821438,100.821438,134.428583
6989,2015,10,19,5,0.000000,0.000000,0.000000,101.766692,102.590192,139.531922
6990,2015,10,19,6,0.000000,0.000000,0.000000,104.884714,106.680034,148.224445
6991,2015,10,19,7,0.000000,0.000000,0.000000,126.469007,123.360707,174.419943
6992,2015,10,19,8,0.000000,0.000000,0.000000,125.164153,104.829693,166.724725
6993,2015,10,19,9,0.000000,0.000000,0.000000,119.857118,84.531518,157.356691
6994,2015,10,19,10,0.000000,0.000000,0.000000,111.220579,63.768639,146.768385
6995,2015,10,19,11,0.000000,0.000000,0.000000,97.795433,42.704433,137.202578
6996,2015,10,19,12,0.000000,0.000000,0.000000,85.578134,27.076234,128.678645
6997,2015,10,19,13,0.000000,0.000000,0.000000,75.333704,16.308384,122.726779
6998,2015,10,19,14,0.000000,0.000000,0.000000,73.342542,16.897482,121.963110
6999,2015,10,19,15,0.000000,0.000000,0.000000,67.662468,19.811968,124.047624
7000,2015,10,19,16,0.000000,0.000000,0.000000,62.317663,26.264983,131.377711
7001,2015,10,19,17,0.000000,0.000000,0.000000,59.392113,39.274673,140.941430
7002,2015,10,19,18,0.000000,0.000000,0.000000,52.709503,49.355843,142.595591
7003,2015,10,19,19,0.000000,0.000000,0.000000,49.610369,63.132909,149.552345
7004,2015,10,19,20,0.000000,0.000000,0.000000,52.852491,71.881691,159.272921
7005,2015,10,19,21,0.000000,0.000000,0.000000,44.414107,63.885427,150.084970
7006,2015,10,19,22,0.000000,0.000000,0.000000,37.115373,57.018993,142.370724
7007,2015,10,19,23,0.000000,0.000000,0.000000,32.218917,52.158277,136.008903
7008,2015,10,19,24,0.000000,0.000000,0.000000,33.636677,53.545437,137.756450
7009,2015,10,20,1,0.000000,0.000000,0.000000,30.614625,50.441025,133.342700
7010,2015,10,20,2,0.000000,0.000000,0.000000,33.971488,53.760108,137.642210
7011,2015,10,20,3,0.000000,0.000000,0.000000,30.163941,49.521941,130.555921
7012,2015,10,20,4,0.000000,0.000000,0.000000,47.161981,60.701721,126.068095
7013,2015,10,20,5,0.000000,0.000000,0.000000,72.591457,79.868797,130.749530
7014,2015,10,20,6,0.000000,0.000000,0.000000,89.792789,94.642109,142.353878
7015,2015,10,20,7,0.000000,0.000000,0.000000,106.544075,105.949915,159.586020
7016,2015,10,20,8,0.000000,0.000000,0.000000,107.779518,89.151398,151.508131
7017,2015,10,20,9,0.000000,0.000000,0.000000,106.228305,72.341965,145.901487
7018,2015,10,20,10,0.000000,0.000000,0.000000,110.708882,61.940262,139.941616
7019,2015,10,20,11,0.000000,0.000000,0.000000,108.956466,50.116306,134.587875
7020,2015,10,20,12,0.000000,0.000000,0.000000,109.691949,44.493889,129.581652
7021,2015,10,20,13,0.000000,0.000000,0.000000,108.766067,40.510627,124.229369
7022,2015,10,20,14,0.000000,0.000000,0.000000,109.561560,43.367040,124.757653
7023,2015,10,20,15,0.000000,0.000000,0.000000,110.090480,50.829680,127.370241
7024,2015,10,20,16,0.000000,0.000000,0.000000,109.375477,60.398757,133.809276
7025,2015,10,20,17,0.000000,0.000000,0.000000,112.324309,77.652529,143.597438
7026,2015,10,20,18,0.000000,0.000000,0.000000,110.156748,91.063788,145.741851
7027,2015,10,20,19,0.000000,0.000000,0.000000,113.190001,109.453061,153.780948
7028,2015,10,20,20,0.000000,0.000000,0.000000,117.137792,117.551772,158.115630
7029,2015,10,20,21,0.000000,0.000000,0.000000,107.422374,108.632914,148.879018
7030,2015,10,20,22,0.000000,0.000000,0.000000,99.037557,101.177797,142.037863
7031,2015,10,20,23,0.000000,0.000000,0.000000,91.416026,94.853166,137.928021
7032,2015,10,20,24,0.000000,0.000000,0.000000,90.839321,95.085001,140.932268
7033,2015,10,21,1,0.000000,0.000000,0.000000,86.035500,90.645420,136.226959
7034,2015,10,21,2,0.000000,0.000000,0.000000,84.603845,90.378665,139.754286
7035,2015,10,21,3,0.000000,0.000000,0.000000,78.228268,84.699448,134.503197
7036,2015,10,21,4,0.000000,0.000000,0.000000,78.374931,84.100631,131.219842
7037,2015,10,21,5,0.000000,0.000000,0.000000,82.369347,87.707567,134.737490
7038,2015,10,21,6,0.000000,0.000000,0.000000,96.316719,99.790859,144.634946
7039,2015,10,21,7,0.000000,0.000000,0.000000,116.446338,113.671378,162.611971
7040,2015,10,21,8,0.000000,0.000000,0.000000,122.135630,100.195250,155.192400
7041,2015,10,21,9,0.000000,0.000000,0.000000,124.157213,85.981033,149.787444
7042,2015,10,21,10,0.000000,0.000000,0.000000,123.617954,71.617954,142.073939
7043,2015,10,21,11,0.000000,0.000000,0.000000,122.037563,59.637563,135.416751
7044,2015,10,21,12,0.000000,0.000000,0.000000,118.200027,50.441527,128.977036
7045,2015,10,21,13,0.000000,0.000000,0.000000,116.426975,46.313575,125.773434
7046,2015,10,21,14,0.000000,0.000000,0.000000,115.639798,47.851638,125.424983
7047,2015,10,21,15,0.000000,0.000000,0.000000,115.756295,55.150155,128.646407
7048,2015,10,21,16,0.000000,0.000000,0.000000,117.312217,66.692157,136.722675
7049,2015,10,21,17,0.000000,0.000000,0.000000,117.827057,81.693637,144.113449
7050,2015,10,21,18,0.000000,0.000000,0.000000,114.138052,94.303272,147.588430
7051,2015,10,21,19,0.000000,0.000000,0.000000,112.864986,109.479046,154.985595
7052,2015,10,21,20,0.000000,0.000000,0.000000,120.823122,121.662562,165.014882
7053,2015,10,21,21,0.000000,0.000000,0.000000,118.128700,118.128700,157.504933
7054,2015,10,21,22,0.000000,0.000000,0.000000,109.252945,110.120365,149.718554
7055,2015,10,21,23,0.000000,0.000000,0.000000,105.930582,106.931322,145.910897
7056,2015,10,21,24,0.000000,0.000000,0.000000,106.299741,107.763041,148.561721
7057,2015,10,22,1,0.000000,0.000000,0.000000,99.318737,101.944977,144.680770
7058,2015,10,22,2,0.000000,0.000000,0.000000,102.309812,104.768412,147.886550
7059,2015,10,22,3,0.000000,0.000000,0.000000,93.548565,97.410185,142.752313
7060,2015,10,22,4,0.000000,0.000000,0.000000,85.572901,90.922441,139.061722
7061,2015,10,22,5,0.000000,0.000000,0.000000,87.011340,92.450800,141.399267
7062,2015,10,22,6,0.000000,0.000000,0.000000,86.846240,93.803960,148.264346
7063,2015,10,22,7,0.000000,0.000000,0.000000,110.419640,110.510060,167.948147
7064,2015,10,22,8,0.000000,0.000000,0.000000,116.488219,96.884719,158.567959
7065,2015,10,22,9,0.000000,0.000000,0.000000,115.755019,80.185959,150.751078
7066,2015,10,22,10,0.000000,0.000000,0.000000,113.237131,64.326851,142.651535
7067,2015,10,22,11,0.000000,0.000000,0.000000,112.022437,52.224797,134.207596
7068,2015,10,22,12,0.000000,0.000000,0.000000,110.480203,44.455063,126.772951
7069,2015,10,22,13,0.000000,0.000000,0.000000,108.782426,39.964946,121.628328
7070,2015,10,22,14,0.000000,0.000000,0.000000,109.744868,42.988048,122.377998
7071,2015,10,22,15,0.000000,0.000000,0.000000,112.061698,51.630798,124.538064
7072,2015,10,22,16,0.000000,0.000000,0.000000,114.474431,63.274431,130.232574
7073,2015,10,22,17,0.000000,0.000000,0.000000,116.504751,79.704751,139.239668
7074,2015,10,22,18,0.000000,0.000000,0.000000,113.542952,92.862172,142.846963
7075,2015,10,22,19,0.000000,0.000000,0.000000,113.717794,109.059794,150.186392
7076,2015,10,22,20,0.000000,0.000000,0.000000,116.562773,117.337953,159.034538
7077,2015,10,22,21,0.000000,0.000000,0.000000,109.137737,110.179997,150.380863
7078,2015,10,22,22,0.000000,0.000000,0.000000,97.371098,100.478038,144.327183
7079,2015,10,22,23,0.000000,0.000000,0.000000,94.242056,97.279736,139.831915
7080,2015,10,22,24,0.000000,0.000000,0.000000,93.535200,97.413380,142.811774
7081,2015,10,23,1,0.000000,0.000000,0.000000,85.243161,90.478241,138.087921
7082,2015,10,23,2,0.000000,0.000000,0.000000,81.951291,88.874011,141.574414
7083,2015,10,23,3,0.000000,0.000000,0.000000,76.246322,83.838642,137.092590
7084,2015,10,23,4,0.000000,0.000000,0.000000,71.580903,79.770123,133.657564
7085,2015,10,23,5,0.000000,0.000000,0.000000,80.854014,87.192514,137.385018
7086,2015,10,23,6,0.000000,0.000000,0.000000,91.467870,96.633790,146.064787
7087,2015,10,23,7,0.000000,0.000000,0.000000,114.479002,113.054762,166.292217
7088,2015,10,23,8,0.000000,0.000000,0.000000,121.890894,100.649374,158.127432
7089,2015,10,23,9,0.000000,0.000000,0.000000,123.898157,86.209457,151.716942
7090,2015,10,23,10,0.000000,0.000000,0.000000,125.738702,73.738702,144.901603
7091,2015,10,23,11,0.000000,0.000000,0.000000,120.440419,58.668699,136.219199
7092,2015,10,23,12,0.000000,0.000000,0.000000,114.917515,48.146635,129.209247
7093,2015,10,23,13,0.000000,0.000000,0.000000,107.699661,39.116561,121.278415
7094,2015,10,23,14,0.000000,0.000000,0.000000,104.566847,38.689007,119.575875
7095,2015,10,23,15,0.000000,0.000000,0.000000,100.598418,42.367778,119.521570
7096,2015,10,23,16,0.000000,0.000000,0.000000,96.984706,49.358086,123.588714
7097,2015,10,23,17,0.000000,0.000000,0.000000,94.792058,62.366118,130.701691
7098,2015,10,23,18,0.000000,0.000000,0.000000,99.017057,81.718577,139.263169
7099,2015,10,23,19,0.000000,0.000000,0.000000,98.870675,98.021835,148.166314
7100,2015,10,23,20,0.000000,0.000000,0.000000,110.450465,112.283285,155.820447
7101,2015,10,23,21,0.000000,0.000000,0.000000,110.073450,110.485970,148.689694
7102,2015,10,23,22,0.000000,0.000000,0.000000,102.555797,103.977097,143.373796
7103,2015,10,23,23,0.000000,0.000000,0.000000,97.362123,99.471003,139.657604
7104,2015,10,23,24,0.000000,0.000000,0.000000,94.558079,97.958079,141.944105
7105,2015,10,24,1,0.000000,0.000000,0.000000,85.823673,90.875273,138.005697
7106,2015,10,24,2,0.000000,0.000000,0.000000,79.151627,86.839327,141.411435
7107,2015,10,24,3,0.000000,0.000000,0.000000,62.001786,73.627586,136.922781
7108,2015,10,24,4,0.000000,0.000000,0.000000,58.043424,70.138184,133.833446
7109,2015,10,24,5,0.000000,0.000000,0.000000,59.548556,71.163496,133.601128
7110,2015,10,24,6,0.000000,0.000000,0.000000,67.192027,77.477087,137.586316
7111,2015,10,24,7,0.000000,0.000000,0.000000,79.029930,82.290530,140.889373
7112,2015,10,24,8,0.000000,0.000000,0.000000,93.167251,75.158891,134.917322
7113,2015,10,24,9,0.000000,0.000000,0.000000,97.583206,62.389186,128.272182
7114,2015,10,24,10,0.000000,0.000000,0.000000,95.839008,47.276748,121.078131
7115,2015,10,24,11,0.000000,0.000000,0.000000,94.279699,34.673319,111.443158
7116,2015,10,24,12,0.000000,0.000000,0.000000,91.084894,25.443494,102.703326
7117,2015,10,24,13,0.000000,0.000000,0.000000,88.671932,20.306752,96.925069
7118,2015,10,24,14,0.000000,0.000000,0.000000,85.812309,19.929749,94.547799
7119,2015,10,24,15,0.000000,0.000000,0.000000,83.581980,25.501000,97.531400
7120,2015,10,24,16,0.000000,0.000000,0.000000,87.579472,38.565512,104.574149
7121,2015,10,24,17,0.000000,0.000000,0.000000,92.344160,57.181440,114.666186
7122,2015,10,24,18,0.000000,0.000000,0.000000,95.972339,76.808919,126.500493
7123,2015,10,24,19,0.000000,0.000000,0.000000,102.454008,98.384808,137.915744
7124,2015,10,24,20,0.000000,0.000000,0.000000,105.919189,106.676289,144.758719
7125,2015,10,24,21,0.000000,0.000000,0.000000,101.935555,103.279735,142.186914
7126,2015,10,24,22,0.000000,0.000000,0.000000,91.146808,94.626688,137.768517
7127,2015,10,24,23,0.000000,0.000000,0.000000,87.439221,91.416321,135.145428
7128,2015,10,24,24,0.000000,0.000000,0.000000,83.035507,88.885067,138.011957
7129,2015,10,25,1,0.000000,0.000000,0.000000,74.467153,81.786853,133.448137
7130,2015,10,25,2,0.000000,0.000000,0.000000,62.440798,73.882638,136.649651
7131,2015,10,25,3,0.000000,0.000000,0.000000,55.226476,67.482396,130.829595
7132,2015,10,25,4,0.000000,0.000000,0.000000,50.357431,62.542551,124.007135
7133,2015,10,25,5,0.000000,0.000000,0.000000,51.474344,62.618624,120.639099
7134,2015,10,25,6,0.000000,0.000000,0.000000,57.365850,67.304070,122.866160
7135,2015,10,25,7,0.000000,0.000000,0.000000,67.384347,70.712687,125.678049
7136,2015,10,25,8,0.000000,0.000000,0.000000,81.023073,63.751733,122.164511
7137,2015,10,25,9,0.000000,0.000000,0.000000,89.454263,54.381363,117.998817
7138,2015,10,25,10,0.000000,0.000000,0.000000,93.911171,43.570551,110.208667
7139,2015,10,25,11,0.000000,0.000000,0.000000,90.955363,30.101963,101.191284
7140,2015,10,25,12,0.000000,0.000000,0.000000,89.183537,22.318457,94.457675
7141,2015,10,25,13,0.000000,0.000000,0.000000,88.049027,18.202787,89.182917
7142,2015,10,25,14,0.000000,0.000000,0.000000,87.102938,19.463998,88.072198
7143,2015,10,25,15,0.000000,0.000000,0.000000,86.866287,26.511667,91.300155
7144,2015,10,25,16,0.000000,0.000000,0.000000,90.063131,39.299251,99.719401
7145,2015,10,25,17,0.000000,0.000000,0.000000,93.221725,57.123705,111.471541
7146,2015,10,25,18,0.000000,0.000000,0.000000,97.673311,77.682871,124.909028
7147,2015,10,25,19,0.000000,0.000000,0.000000,100.190797,96.636397,137.300529
7148,2015,10,25,20,0.000000,0.000000,0.000000,108.508215,108.508215,144.677620
7149,2015,10,25,21,0.000000,0.000000,0.000000,105.704600,106.041820,142.513160
7150,2015,10,25,22,0.000000,0.000000,0.000000,98.982027,100.063527,137.023035
7151,2015,10,25,23,0.000000,0.000000,0.000000,93.479829,94.685609,130.266746
7152,2015,10,25,24,0.000000,0.000000,0.000000,94.586592,96.497632,135.033642
7153,2015,10,26,1,0.000000,0.000000,0.000000,92.523168,94.342908,131.856344
7154,2015,10,26,2,0.000000,0.000000,0.000000,92.110022,95.381642,138.080923
7155,2015,10,26,3,0.000000,0.000000,0.000000,82.394659,87.752959,134.864946
7156,2015,10,26,4,0.000000,0.000000,0.000000,68.877302,77.553082,132.323377
7157,2015,10,26,5,0.000000,0.000000,0.000000,64.049869,75.181769,137.348692
7158,2015,10,26,6,0.000000,0.000000,0.000000,74.385038,84.648418,147.075824
7159,2015,10,26,7,0.000000,0.000000,0.000000,95.119013,99.854273,169.223230
7160,2015,10,26,8,0.000000,0.000000,0.000000,106.930048,90.398288,160.158518
7161,2015,10,26,9,0.000000,0.000000,0.000000,110.425347,76.360787,150.665849
7162,2015,10,26,10,0.000000,0.000000,0.000000,105.207932,58.232252,140.974069
7163,2015,10,26,11,0.000000,0.000000,0.000000,101.723759,44.480639,132.397119
7164,2015,10,26,12,0.000000,0.000000,0.000000,96.380993,34.224593,126.028123
7165,2015,10,26,13,0.000000,0.000000,0.000000,93.329275,28.970795,121.832794
7166,2015,10,26,14,0.000000,0.000000,0.000000,91.369094,29.609634,121.197979
7167,2015,10,26,15,0.000000,0.000000,0.000000,89.058436,34.623616,121.848754
7168,2015,10,26,16,0.000000,0.000000,0.000000,93.581201,47.985721,128.529362
7169,2015,10,26,17,0.000000,0.000000,0.000000,93.293750,62.163530,134.750640
7170,2015,10,26,18,0.000000,0.000000,0.000000,94.815427,79.104907,141.071475
7171,2015,10,26,19,0.000000,0.000000,0.000000,95.436851,95.993191,150.145388
7172,2015,10,26,20,0.000000,0.000000,0.000000,110.797695,113.084615,158.402553
7173,2015,10,26,21,0.000000,0.000000,0.000000,108.580868,110.826348,155.253398
7174,2015,10,26,22,0.000000,0.000000,0.000000,107.869998,109.188778,149.980971
7175,2015,10,26,23,0.000000,0.000000,0.000000,106.271619,107.173239,145.903051
7176,2015,10,26,24,0.000000,0.000000,0.000000,112.137201,112.137201,149.516267
7177,2015,10,27,1,0.000000,0.000000,0.000000,108.956100,109.225220,146.530693
7178,2015,10,27,2,0.000000,0.000000,0.000000,112.033962,112.344842,150.829389
7179,2015,10,27,3,0.000000,0.000000,0.000000,105.062573,106.501693,146.799324
7180,2015,10,27,4,0.000000,0.000000,0.000000,97.594944,100.703364,144.632552
7181,2015,10,27,5,0.000000,0.000000,0.000000,96.033965,100.235265,147.651354
7182,2015,10,27,6,0.000000,0.000000,0.000000,102.131925,106.498265,156.552153
7183,2015,10,27,7,0.000000,0.000000,0.000000,125.007143,123.072243,177.946657
7184,2015,10,27,8,0.000000,0.000000,0.000000,125.865586,105.582806,167.901141
7185,2015,10,27,9,0.000000,0.000000,0.000000,122.071475,86.366035,158.536580
7186,2015,10,27,10,0.000000,0.000000,0.000000,118.475412,69.163992,147.763922
7187,2015,10,27,11,0.000000,0.000000,0.000000,112.858917,53.911497,139.290596
7188,2015,10,27,12,0.000000,0.000000,0.000000,112.461805,47.056765,132.308887
7189,2015,10,27,13,0.000000,0.000000,0.000000,116.008924,46.653624,128.753833
7190,2015,10,27,14,0.000000,0.000000,0.000000,116.860509,49.398949,128.576732
7191,2015,10,27,15,0.000000,0.000000,0.000000,117.300136,56.653936,130.517914
7192,2015,10,27,16,0.000000,0.000000,0.000000,119.746007,68.546007,137.261343
7193,2015,10,27,17,0.000000,0.000000,0.000000,120.383268,83.734668,145.117557
7194,2015,10,27,18,0.000000,0.000000,0.000000,115.835767,95.402947,147.061195
7195,2015,10,27,19,0.000000,0.000000,0.000000,114.088205,109.743785,152.143646
7196,2015,10,27,20,0.000000,0.000000,0.000000,117.642920,118.079780,158.895907
7197,2015,10,27,21,0.000000,0.000000,0.000000,114.215220,114.215220,152.286959
7198,2015,10,27,22,0.000000,0.000000,0.000000,109.884097,109.884097,146.512129
7199,2015,10,27,23,0.000000,0.000000,0.000000,106.805162,106.805162,142.406882
7200,2015,10,27,24,0.000000,0.000000,0.000000,105.171218,106.158418,144.835224
7201,2015,10,28,1,0.000000,0.000000,0.000000,95.341851,98.008051,139.564734
7202,2015,10,28,2,0.000000,0.000000,0.000000,84.984546,91.233826,142.476035
7203,2015,10,28,3,0.000000,0.000000,0.000000,76.146337,83.827417,137.373489
7204,2015,10,28,4,0.000000,0.000000,0.000000,68.589123,77.884463,134.830417
7205,2015,10,28,5,0.000000,0.000000,0.000000,67.840775,78.330735,139.407514
7206,2015,10,28,6,0.000000,0.000000,0.000000,71.738714,83.116554,148.748205
7207,2015,10,28,7,0.000000,0.000000,0.000000,89.281775,95.691075,169.252433
7208,2015,10,28,8,0.000000,0.000000,0.000000,96.798859,83.703519,162.686892
7209,2015,10,28,9,0.000000,0.000000,0.000000,98.597967,68.754827,154.595969
7210,2015,10,28,10,0.000000,0.000000,0.000000,93.093374,50.769194,146.528326
7211,2015,10,28,11,0.000000,0.000000,0.000000,89.400952,37.074172,138.909629
7212,2015,10,28,12,0.000000,0.000000,0.000000,86.947559,28.928239,132.756585
7213,2015,10,28,13,0.000000,0.000000,0.000000,85.055442,24.024442,126.329255
7214,2015,10,28,14,0.000000,0.000000,0.000000,84.529443,25.895363,126.663551
7215,2015,10,28,15,0.000000,0.000000,0.000000,79.898567,29.211247,127.123929
7216,2015,10,28,16,0.000000,0.000000,0.000000,78.876775,38.188695,131.824660
7217,2015,10,28,17,0.000000,0.000000,0.000000,79.412282,53.061962,138.548216
7218,2015,10,28,18,0.000000,0.000000,0.000000,78.041993,67.350913,142.130951
7219,2015,10,28,19,0.000000,0.000000,0.000000,75.272495,81.212375,148.382766
7220,2015,10,28,20,0.000000,0.000000,0.000000,88.608756,96.669776,155.763102
7221,2015,10,28,21,0.000000,0.000000,0.000000,86.505146,93.644726,148.658234
7222,2015,10,28,22,0.000000,0.000000,0.000000,81.828333,88.986553,142.509471
7223,2015,10,28,23,0.000000,0.000000,0.000000,84.553904,89.966544,137.997525
7224,2015,10,28,24,0.000000,0.000000,0.000000,95.648379,98.521959,140.941212
7225,2015,10,29,1,0.000000,0.000000,0.000000,95.882928,97.772748,136.663064
7226,2015,10,29,2,0.000000,0.000000,0.000000,97.580657,99.627517,139.659555
7227,2015,10,29,3,0.000000,0.000000,0.000000,86.505826,90.673666,134.791022
7228,2015,10,29,4,0.000000,0.000000,0.000000,81.484277,86.591597,132.479862
7229,2015,10,29,5,0.000000,0.000000,0.000000,76.139011,83.620731,136.433375
7230,2015,10,29,6,0.000000,0.000000,0.000000,70.016014,80.986054,144.548206
7231,2015,10,29,7,0.000000,0.000000,0.000000,87.160848,92.508028,161.467970
7232,2015,10,29,8,0.000000,0.000000,0.000000,94.721865,80.104965,152.816953
7233,2015,10,29,9,0.000000,0.000000,0.000000,101.926173,69.784633,148.307710
7234,2015,10,29,10,0.000000,0.000000,0.000000,99.784666,54.723226,142.676168
7235,2015,10,29,11,0.000000,0.000000,0.000000,94.829343,40.779523,138.106631
7236,2015,10,29,12,0.000000,0.000000,0.000000,91.812074,32.633434,133.832446
7237,2015,10,29,13,0.000000,0.000000,0.000000,92.275329,30.723449,133.524999
7238,2015,10,29,14,0.000000,0.000000,0.000000,95.714668,35.854948,135.857530
7239,2015,10,29,15,0.000000,0.000000,0.000000,93.907572,41.513272,137.836696
7240,2015,10,29,16,0.000000,0.000000,0.000000,94.088613,51.604973,143.727831
7241,2015,10,29,17,0.000000,0.000000,0.000000,96.256846,67.915006,151.713875
7242,2015,10,29,18,0.000000,0.000000,0.000000,90.031268,79.316448,158.005864
7243,2015,10,29,19,0.000000,0.000000,0.000000,90.718824,95.164244,162.003726
7244,2015,10,29,20,0.000000,0.000000,0.000000,88.523802,98.680842,165.431256
7245,2015,10,29,21,0.000000,0.000000,0.000000,82.596841,91.505161,151.701281
7246,2015,10,29,22,0.000000,0.000000,0.000000,73.379703,83.025503,142.853337
7247,2015,10,29,23,0.000000,0.000000,0.000000,67.822355,78.004715,137.947487
7248,2015,10,29,24,0.000000,0.000000,0.000000,81.833906,88.692926,141.120634
7249,2015,10,30,1,0.000000,0.000000,0.000000,86.040327,90.668207,136.317209
7250,2015,10,30,2,0.000000,0.000000,0.000000,93.141325,96.232625,138.614499
7251,2015,10,30,3,0.000000,0.000000,0.000000,93.319626,94.996446,132.251328
7252,2015,10,30,4,0.000000,0.000000,0.000000,95.392637,95.854237,129.344316
7253,2015,10,30,5,0.000000,0.000000,0.000000,96.174364,97.293304,133.454205
7254,2015,10,30,6,0.000000,0.000000,0.000000,92.646674,96.812254,142.968272
7255,2015,10,30,7,0.000000,0.000000,0.000000,104.491489,104.613229,160.190106
7256,2015,10,30,8,0.000000,0.000000,0.000000,104.915601,88.598881,158.476108
7257,2015,10,30,9,0.000000,0.000000,0.000000,108.055402,75.446742,154.300123
7258,2015,10,30,10,0.000000,0.000000,0.000000,103.882117,58.932137,148.659583
7259,2015,10,30,11,0.000000,0.000000,0.000000,93.029001,40.247641,141.625654
7260,2015,10,30,12,0.000000,0.000000,0.000000,84.685317,27.905677,135.525436
7261,2015,10,30,13,0.000000,0.000000,0.000000,75.624379,18.428319,131.650893
7262,2015,10,30,14,0.000000,0.000000,0.000000,73.719563,19.323503,132.027804
7263,2015,10,30,15,0.000000,0.000000,0.000000,78.196241,29.746021,135.293961
7264,2015,10,30,16,0.000000,0.000000,0.000000,82.684806,43.038846,141.765261
7265,2015,10,30,17,0.000000,0.000000,0.000000,89.984092,63.081172,150.065162
7266,2015,10,30,18,0.000000,0.000000,0.000000,94.591864,82.241724,156.455165
7267,2015,10,30,19,0.000000,0.000000,0.000000,86.271929,91.514729,159.795638
7268,2015,10,30,20,0.000000,0.000000,0.000000,95.707022,103.854102,165.629069
7269,2015,10,30,21,0.000000,0.000000,0.000000,91.399581,98.580681,155.377909
7270,2015,10,30,22,0.000000,0.000000,0.000000,91.689603,97.344463,148.642151
7271,2015,10,30,23,0.000000,0.000000,0.000000,91.386260,96.135560,144.011747
7272,2015,10,30,24,0.000000,0.000000,0.000000,96.710778,100.307718,145.733425
7273,2015,10,31,1,0.000000,0.000000,0.000000,96.771596,99.268476,140.680902
7274,2015,10,31,2,0.000000,0.000000,0.000000,101.649411,103.105031,142.325441
7275,2015,10,31,3,0.000000,0.000000,0.000000,98.481369,99.453689,135.845985
7276,2015,10,31,4,0.000000,0.000000,0.000000,94.902572,96.054452,131.912202
7277,2015,10,31,5,0.000000,0.000000,0.000000,78.954584,84.794984,132.527978
7278,2015,10,31,6,0.000000,0.000000,0.000000,62.732833,73.696713,134.808550
7279,2015,10,31,7,0.000000,0.000000,0.000000,86.125291,86.519211,136.972014
7280,2015,10,31,8,0.000000,0.000000,0.000000,92.929765,74.628065,133.231753
7281,2015,10,31,9,0.000000,0.000000,0.000000,95.586911,61.096531,128.894108
7282,2015,10,31,10,0.000000,0.000000,0.000000,95.582900,48.128120,125.904894
7283,2015,10,31,11,0.000000,0.000000,0.000000,96.807246,39.038646,123.389528
7284,2015,10,31,12,0.000000,0.000000,0.000000,101.286509,36.775629,121.581239
7285,2015,10,31,13,0.000000,0.000000,0.000000,101.984914,35.039074,121.299299
7286,2015,10,31,14,0.000000,0.000000,0.000000,105.238740,40.140140,124.108187
7287,2015,10,31,15,0.000000,0.000000,0.000000,106.129653,48.391433,129.194511
7288,2015,10,31,16,0.000000,0.000000,0.000000,115.352265,65.909605,139.603940
7289,2015,10,31,17,0.000000,0.000000,0.000000,119.015803,83.412563,148.172618
7290,2015,10,31,18,0.000000,0.000000,0.000000,117.340348,97.817868,153.315557
7291,2015,10,31,19,0.000000,0.000000,0.000000,110.843457,107.776137,153.777116
7292,2015,10,31,20,0.000000,0.000000,0.000000,116.110676,116.359876,155.977168
7293,2015,10,31,21,0.000000,0.000000,0.000000,111.034596,111.407916,149.788288
7294,2015,10,31,22,0.000000,0.000000,0.000000,104.668784,105.985764,145.704286
7295,2015,10,31,23,0.000000,0.000000,0.000000,103.145433,104.328413,143.047818
7296,2015,10,31,24,0.000000,0.000000,0.000000,100.697022,102.825122,144.193830
7297,2015,11,1,1,0.000000,0.000000,0.000000,83.984182,87.394662,127.894483
7298,2015,11,1,2,0.000000,0.000000,0.000000,80.628626,85.758706,131.445209
7299,2015,11,1,3,0.000000,0.000000,0.000000,67.287681,73.891421,120.534361
7300,2015,11,1,4,0.000000,0.000000,0.000000,56.868581,65.758241,117.309855
7301,2015,11,1,5,0.000000,0.000000,0.000000,56.216589,65.403209,117.826345
7302,2015,11,1,6,0.000000,0.000000,0.000000,70.263212,76.237292,121.563322
7303,2015,11,1,7,0.000000,0.000000,0.000000,81.945375,77.154875,120.738167
7304,2015,11,1,8,0.000000,0.000000,0.000000,92.417020,69.253540,116.626453
7305,2015,11,1,9,0.000000,0.000000,0.000000,98.425479,60.025479,114.433972
7306,2015,11,1,10,0.000000,0.000000,0.000000,98.057190,46.857190,108.342920
7307,2015,11,1,11,0.000000,0.000000,0.000000,94.097075,32.624735,99.108513
7308,2015,11,1,12,0.000000,0.000000,0.000000,91.645650,24.445650,92.794200
7309,2015,11,1,13,0.000000,0.000000,0.000000,87.970261,18.370261,86.843682
7310,2015,11,1,14,0.000000,0.000000,0.000000,85.892619,18.692619,85.123493
7311,2015,11,1,15,0.000000,0.000000,0.000000,82.776133,22.559973,86.492764
7312,2015,11,1,16,0.000000,0.000000,0.000000,87.848573,36.648573,94.731431
7313,2015,11,1,17,0.000000,0.000000,0.000000,92.973526,55.373526,107.514701
7314,2015,11,1,18,0.000000,0.000000,0.000000,99.188596,75.188596,121.751462
7315,2015,11,1,19,0.000000,0.000000,0.000000,102.034432,94.982872,133.588629
7316,2015,11,1,20,0.000000,0.000000,0.000000,106.535153,106.535153,142.046871
7317,2015,11,1,21,0.000000,0.000000,0.000000,103.193653,103.193653,137.591538
7318,2015,11,1,22,0.000000,0.000000,0.000000,97.354673,97.354673,129.806231
7319,2015,11,1,23,0.000000,0.000000,0.000000,93.918136,93.918136,125.224181
7320,2015,11,1,24,0.000000,0.000000,0.000000,97.626483,97.943883,131.649844
7321,2015,11,2,1,0.000000,0.000000,0.000000,92.414661,93.718321,129.303295
7322,2015,11,2,2,0.000000,0.000000,0.000000,96.695837,97.812597,134.139330
7323,2015,11,2,3,0.000000,0.000000,0.000000,87.641127,89.698467,126.455756
7324,2015,11,2,4,0.000000,0.000000,0.000000,76.475180,80.815340,122.220986
7325,2015,11,2,5,0.000000,0.000000,0.000000,68.720971,75.822671,124.769228
7326,2015,11,2,6,0.000000,0.000000,0.000000,73.248237,81.117857,134.389209
7327,2015,11,2,7,0.000000,0.000000,0.000000,84.161077,83.801957,144.372209
7328,2015,11,2,8,0.000000,0.000000,0.000000,85.150427,69.026947,139.790996
7329,2015,11,2,9,0.000000,0.000000,0.000000,81.365269,52.634289,136.809119
7330,2015,11,2,10,0.000000,0.000000,0.000000,65.660624,28.961164,132.816685
7331,2015,11,2,11,0.000000,0.000000,0.000000,53.511402,10.048922,129.040297
7332,2015,11,2,12,0.000000,0.000000,0.000000,49.258936,0.718296,123.355594
7333,2015,11,2,13,0.000000,0.000000,0.000000,52.419673,-0.339827,118.031897
7334,2015,11,2,14,0.000000,0.000000,0.000000,63.017181,9.452121,118.252628
7335,2015,11,2,15,0.000000,0.000000,0.000000,60.187394,14.451474,123.948898
7336,2015,11,2,16,0.000000,0.000000,0.000000,57.724461,23.555501,134.044134
7337,2015,11,2,17,0.000000,0.000000,0.000000,76.650879,51.702919,144.794026
7338,2015,11,2,18,0.000000,0.000000,0.000000,83.851460,69.603000,146.809134
7339,2015,11,2,19,0.000000,0.000000,0.000000,84.268972,85.752912,149.733683
7340,2015,11,2,20,0.000000,0.000000,0.000000,63.094019,78.182619,154.538825
7341,2015,11,2,21,0.000000,0.000000,0.000000,39.995992,59.811472,145.800229
7342,2015,11,2,22,0.000000,0.000000,0.000000,33.088836,53.081376,137.416968
7343,2015,11,2,23,0.000000,0.000000,0.000000,26.523288,46.516528,128.666171
7344,2015,11,2,24,0.000000,0.000000,0.000000,30.889316,50.879876,134.475035
7345,2015,11,3,1,0.000000,0.000000,0.000000,29.083256,49.074836,132.071714
7346,2015,11,3,2,0.000000,0.000000,0.000000,34.948162,54.944682,139.914643
7347,2015,11,3,3,0.000000,0.000000,0.000000,37.931715,55.595235,133.005380
7348,2015,11,3,4,0.000000,0.000000,0.000000,27.924286,47.923066,130.560021
7349,2015,11,3,5,0.000000,0.000000,0.000000,32.525333,52.513073,136.643230
7350,2015,11,3,6,0.000000,0.000000,0.000000,45.897436,65.869556,154.399808
7351,2015,11,3,7,0.000000,0.000000,0.000000,62.778202,74.731662,173.320416
7352,2015,11,3,8,0.000000,0.000000,0.000000,61.751483,57.630583,164.604444
7353,2015,11,3,9,0.000000,0.000000,0.000000,62.635174,43.454854,156.405405
7354,2015,11,3,10,0.000000,0.000000,0.000000,59.396865,27.264165,145.776553
7355,2015,11,3,11,0.000000,0.000000,0.000000,62.937525,18.476805,136.950007
7356,2015,11,3,12,0.000000,0.000000,0.000000,68.609007,15.748067,128.994290
7357,2015,11,3,13,0.000000,0.000000,0.000000,72.552732,15.656772,125.572495
7358,2015,11,3,14,0.000000,0.000000,0.000000,74.480073,19.081553,124.980337
7359,2015,11,3,15,0.000000,0.000000,0.000000,86.166711,33.533271,126.399561
7360,2015,11,3,16,0.000000,0.000000,0.000000,95.160627,50.093587,133.101317
7361,2015,11,3,17,0.000000,0.000000,0.000000,92.076674,61.995854,141.408405
7362,2015,11,3,18,0.000000,0.000000,0.000000,96.313456,78.129396,145.058995
7363,2015,11,3,19,0.000000,0.000000,0.000000,97.722175,95.746935,151.528447
7364,2015,11,3,20,0.000000,0.000000,0.000000,96.691617,103.295437,159.739982
7365,2015,11,3,21,0.000000,0.000000,0.000000,94.747674,100.345434,152.453112
7366,2015,11,3,22,0.000000,0.000000,0.000000,86.759471,92.352051,141.778001
7367,2015,11,3,23,0.000000,0.000000,0.000000,80.256524,86.085404,134.210139
7368,2015,11,3,24,0.000000,0.000000,0.000000,78.179751,85.649311,139.097615
7369,2015,11,4,1,0.000000,0.000000,0.000000,61.038370,70.383490,124.995053
7370,2015,11,4,2,0.000000,0.000000,0.000000,55.989720,68.310960,132.152080
7371,2015,11,4,3,0.000000,0.000000,0.000000,43.559930,58.449410,127.564147
7372,2015,11,4,4,0.000000,0.000000,0.000000,41.528571,56.648171,125.929561
7373,2015,11,4,5,0.000000,0.000000,0.000000,43.158356,58.721616,130.173021
7374,2015,11,4,6,0.000000,0.000000,0.000000,53.816176,69.439976,144.665968
7375,2015,11,4,7,0.000000,0.000000,0.000000,68.357760,76.727920,164.037760
7376,2015,11,4,8,0.000000,0.000000,0.000000,67.610849,60.741389,159.590318
7377,2015,11,4,9,0.000000,0.000000,0.000000,84.749630,58.137170,151.208026
7378,2015,11,4,10,0.000000,0.000000,0.000000,93.968838,51.484778,143.566170
7379,2015,11,4,11,0.000000,0.000000,0.000000,100.503197,45.196177,136.421503
7380,2015,11,4,12,0.000000,0.000000,0.000000,89.806027,30.565047,127.483462
7381,2015,11,4,13,0.000000,0.000000,0.000000,95.070514,30.383674,119.238765
7382,2015,11,4,14,0.000000,0.000000,0.000000,91.698471,29.971271,118.404361
7383,2015,11,4,15,0.000000,0.000000,0.000000,95.577291,38.847911,119.832615
7384,2015,11,4,16,0.000000,0.000000,0.000000,107.157973,57.963893,129.838257
7385,2015,11,4,17,0.000000,0.000000,0.000000,110.617521,75.547581,142.846974
7386,2015,11,4,18,0.000000,0.000000,0.000000,105.194515,85.896215,151.700620
7387,2015,11,4,19,0.000000,0.000000,0.000000,110.251023,106.553503,160.196271
7388,2015,11,4,20,0.000000,0.000000,0.000000,121.399066,122.946646,169.087461
7389,2015,11,4,21,0.000000,0.000000,0.000000,116.819907,118.419207,163.223275
7390,2015,11,4,22,0.000000,0.000000,0.000000,108.238049,109.541569,150.400492
7391,2015,11,4,23,0.000000,0.000000,0.000000,99.254786,101.483386,142.739848
7392,2015,11,4,24,0.000000,0.000000,0.000000,101.368018,104.049158,147.669345
7393,2015,11,5,1,0.000000,0.000000,0.000000,91.930711,95.759011,140.439681
7394,2015,11,5,2,0.000000,0.000000,0.000000,93.049116,97.770416,146.098222
7395,2015,11,5,3,0.000000,0.000000,0.000000,83.355837,88.916317,137.090023
7396,2015,11,5,4,0.000000,0.000000,0.000000,76.329744,82.830264,132.108753
7397,2015,11,5,5,0.000000,0.000000,0.000000,80.831575,86.823955,135.739874
7398,2015,11,5,6,0.000000,0.000000,0.000000,97.900793,102.283793,150.988390
7399,2015,11,5,7,0.000000,0.000000,0.000000,117.160557,112.692097,169.194596
7400,2015,11,5,8,0.000000,0.000000,0.000000,118.692776,97.232216,159.607755
7401,2015,11,5,9,0.000000,0.000000,0.000000,117.718240,81.251600,149.180000
7402,2015,11,5,10,0.000000,0.000000,0.000000,118.967911,68.574211,139.986615
7403,2015,11,5,11,0.000000,0.000000,0.000000,118.269379,57.111519,132.805826
7404,2015,11,5,12,0.000000,0.000000,0.000000,113.694148,47.192888,125.452984
7405,2015,11,5,13,0.000000,0.000000,0.000000,107.824044,39.384964,118.733019
7406,2015,11,5,14,0.000000,0.000000,0.000000,104.786667,38.933287,116.599782
7407,2015,11,5,15,0.000000,0.000000,0.000000,100.988906,42.282226,117.820701
7408,2015,11,5,16,0.000000,0.000000,0.000000,102.757332,53.774572,124.956896
7409,2015,11,5,17,0.000000,0.000000,0.000000,106.317699,70.526559,133.748279
7410,2015,11,5,18,0.000000,0.000000,0.000000,107.796624,85.243724,139.981965
7411,2015,11,5,19,0.000000,0.000000,0.000000,107.126458,101.515438,147.100517
7412,2015,11,5,20,0.000000,0.000000,0.000000,117.802967,117.802967,157.070622
7413,2015,11,5,21,0.000000,0.000000,0.000000,110.888278,111.809438,152.149784
7414,2015,11,5,22,0.000000,0.000000,0.000000,100.800128,101.933588,139.689651
7415,2015,11,5,23,0.000000,0.000000,0.000000,95.379713,96.667433,133.182310
7416,2015,11,5,24,0.000000,0.000000,0.000000,98.969909,100.135369,137.398692
7417,2015,11,6,1,0.000000,0.000000,0.000000,95.445370,96.151410,130.555346
7418,2015,11,6,2,0.000000,0.000000,0.000000,97.137514,98.600014,136.341686
7419,2015,11,6,3,0.000000,0.000000,0.000000,84.363470,87.940070,129.175426
7420,2015,11,6,4,0.000000,0.000000,0.000000,66.562837,74.935657,127.823609
7421,2015,11,6,5,0.000000,0.000000,0.000000,58.753579,70.449819,132.920559
7422,2015,11,6,6,0.000000,0.000000,0.000000,69.956254,82.105894,149.973325
7423,2015,11,6,7,0.000000,0.000000,0.000000,88.621530,92.342390,169.359386
7424,2015,11,6,8,0.000000,0.000000,0.000000,99.245197,84.378517,164.449090
7425,2015,11,6,9,0.000000,0.000000,0.000000,109.939976,77.190216,156.154421
7426,2015,11,6,10,0.000000,0.000000,0.000000,106.672924,61.480764,147.867152
7427,2015,11,6,11,0.000000,0.000000,0.000000,104.861663,48.472023,137.180563
7428,2015,11,6,12,0.000000,0.000000,0.000000,102.760865,40.466425,130.507100
7429,2015,11,6,13,0.000000,0.000000,0.000000,98.353482,33.606402,123.334936
7430,2015,11,6,14,0.000000,0.000000,0.000000,94.078157,31.622257,118.176676
7431,2015,11,6,15,0.000000,0.000000,0.000000,98.435351,42.515551,127.421401
7432,2015,11,6,16,0.000000,0.000000,0.000000,103.198670,55.981510,133.784813
7433,2015,11,6,17,0.000000,0.000000,0.000000,107.997572,73.892512,143.856483
7434,2015,11,6,18,0.000000,0.000000,0.000000,107.878796,86.896216,147.419689
7435,2015,11,6,19,0.000000,0.000000,0.000000,106.127889,101.842249,151.954199
7436,2015,11,6,20,0.000000,0.000000,0.000000,110.667545,112.621865,156.676886
7437,2015,11,6,21,0.000000,0.000000,0.000000,110.589306,111.468686,151.556182
7438,2015,11,6,22,0.000000,0.000000,0.000000,103.065038,104.056598,142.047330
7439,2015,11,6,23,0.000000,0.000000,0.000000,98.605254,99.416534,135.259645
7440,2015,11,6,24,0.000000,0.000000,0.000000,101.989786,102.620146,138.928062
7441,2015,11,7,1,0.000000,0.000000,0.000000,95.908952,96.460972,130.454696
7442,2015,11,7,2,0.000000,0.000000,0.000000,99.597897,99.790937,133.698049
7443,2015,11,7,3,0.000000,0.000000,0.000000,91.367854,92.073014,125.114551
7444,2015,11,7,4,0.000000,0.000000,0.000000,74.336182,78.716302,119.555470
7445,2015,11,7,5,0.000000,0.000000,0.000000,59.519731,68.171311,119.733682
7446,2015,11,7,6,0.000000,0.000000,0.000000,60.543417,69.652797,123.234996
7447,2015,11,7,7,0.000000,0.000000,0.000000,73.554583,73.294183,130.690910
7448,2015,11,7,8,0.000000,0.000000,0.000000,82.277003,65.565603,133.216137
7449,2015,11,7,9,0.000000,0.000000,0.000000,85.442939,54.547099,132.143333
7450,2015,11,7,10,0.000000,0.000000,0.000000,83.499735,40.544435,127.408246
7451,2015,11,7,11,0.000000,0.000000,0.000000,79.586202,27.568162,123.880750
7452,2015,11,7,12,0.000000,0.000000,0.000000,82.022871,23.509331,120.500641
7453,2015,11,7,13,0.000000,0.000000,0.000000,74.783516,15.277936,116.368648
7454,2015,11,7,14,0.000000,0.000000,0.000000,69.518706,13.726046,116.525861
7455,2015,11,7,15,0.000000,0.000000,0.000000,72.841476,23.013676,121.725568
7456,2015,11,7,16,0.000000,0.000000,0.000000,77.219848,37.077188,132.160718
7457,2015,11,7,17,0.000000,0.000000,0.000000,84.705631,57.104871,143.153962
7458,2015,11,7,18,0.000000,0.000000,0.000000,92.422935,76.765155,151.660940
7459,2015,11,7,19,0.000000,0.000000,0.000000,95.700717,95.063697,155.078196
7460,2015,11,7,20,0.000000,0.000000,0.000000,108.896262,111.471642,157.213456
7461,2015,11,7,21,0.000000,0.000000,0.000000,107.161158,109.007078,151.495837
7462,2015,11,7,22,0.000000,0.000000,0.000000,98.868452,100.887132,141.245110
7463,2015,11,7,23,0.000000,0.000000,0.000000,93.181383,95.323063,134.236351
7464,2015,11,7,24,0.000000,0.000000,0.000000,98.481823,99.333443,135.283324
7465,2015,11,8,1,0.000000,0.000000,0.000000,93.238188,93.655168,126.263491
7466,2015,11,8,2,0.000000,0.000000,0.000000,95.085224,96.059644,131.327592
7467,2015,11,8,3,0.000000,0.000000,0.000000,77.558752,81.642432,122.468842
7468,2015,11,8,4,0.000000,0.000000,0.000000,61.734622,69.278362,117.516950
7469,2015,11,8,5,0.000000,0.000000,0.000000,58.788013,67.088053,117.117538
7470,2015,11,8,6,0.000000,0.000000,0.000000,58.740013,67.129593,117.471391
7471,2015,11,8,7,0.000000,0.000000,0.000000,64.584733,64.675213,120.368551
7472,2015,11,8,8,0.000000,0.000000,0.000000,79.087506,61.189406,123.425541
7473,2015,11,8,9,0.000000,0.000000,0.000000,85.257605,52.852505,124.853007
7474,2015,11,8,10,0.000000,0.000000,0.000000,87.110128,42.753588,125.682984
7475,2015,11,8,11,0.000000,0.000000,0.000000,85.491298,32.353398,126.528197
7476,2015,11,8,12,0.000000,0.000000,0.000000,82.746105,25.168205,125.831273
7477,2015,11,8,13,0.000000,0.000000,0.000000,82.742635,23.324095,127.386993
7478,2015,11,8,14,0.000000,0.000000,0.000000,84.403295,27.606975,131.688233
7479,2015,11,8,15,0.000000,0.000000,0.000000,92.206393,40.647173,139.465498
7480,2015,11,8,16,0.000000,0.000000,0.000000,99.057451,56.536191,150.177387
7481,2015,11,8,17,0.000000,0.000000,0.000000,105.249440,75.857080,162.184907
7482,2015,11,8,18,0.000000,0.000000,0.000000,118.225380,99.326180,170.937574
7483,2015,11,8,19,0.000000,0.000000,0.000000,117.680584,115.006744,174.879525
7484,2015,11,8,20,0.000000,0.000000,0.000000,125.723997,127.554977,176.176569
7485,2015,11,8,21,0.000000,0.000000,0.000000,124.979258,125.297998,168.126464
7486,2015,11,8,22,0.000000,0.000000,0.000000,112.527797,113.022277,152.344635
7487,2015,11,8,23,0.000000,0.000000,0.000000,105.496803,106.031143,143.155991
7488,2015,11,8,24,0.000000,0.000000,0.000000,103.160553,104.401173,143.336963
7489,2015,11,9,1,0.000000,0.000000,0.000000,91.784695,94.054555,132.972273
7490,2015,11,9,2,0.000000,0.000000,0.000000,87.258595,91.674675,136.953166
7491,2015,11,9,3,0.000000,0.000000,0.000000,72.417516,79.074516,127.622688
7492,2015,11,9,4,0.000000,0.000000,0.000000,72.275472,77.980672,122.991562
7493,2015,11,9,5,0.000000,0.000000,0.000000,80.184348,84.892988,128.886118
7494,2015,11,9,6,0.000000,0.000000,0.000000,93.399753,97.480693,143.577391
7495,2015,11,9,7,0.000000,0.000000,0.000000,114.462486,109.523746,163.402528
7496,2015,11,9,8,0.000000,0.000000,0.000000,129.981540,107.634560,170.522813
7497,2015,11,9,9,0.000000,0.000000,0.000000,139.501906,102.964806,177.896075
7498,2015,11,9,10,0.000000,0.000000,0.000000,140.281578,92.552678,180.840570
7499,2015,11,9,11,0.000000,0.000000,0.000000,140.793826,83.760126,182.084502
7500,2015,11,9,12,0.000000,0.000000,0.000000,140.350251,78.551951,182.941601
7501,2015,11,9,13,0.000000,0.000000,0.000000,136.419692,74.151932,185.660042
7502,2015,11,9,14,0.000000,0.000000,0.000000,145.882425,84.090245,190.346394
7503,2015,11,9,15,0.000000,0.000000,0.000000,147.114977,92.112577,196.608769
7504,2015,11,9,16,0.000000,0.000000,0.000000,154.035351,108.444451,209.156268
7505,2015,11,9,17,0.000000,0.000000,0.000000,157.338419,124.874639,217.303585
7506,2015,11,9,18,0.000000,0.000000,0.000000,153.307397,134.134757,216.437543
7507,2015,11,9,19,0.000000,0.000000,0.000000,153.195514,148.418694,212.418859
7508,2015,11,9,20,0.000000,0.000000,0.000000,157.731454,157.731454,210.308606
7509,2015,11,9,21,0.000000,0.000000,0.000000,147.144347,147.144347,196.192463
7510,2015,11,9,22,0.000000,0.000000,0.000000,127.369801,127.369801,169.826401
7511,2015,11,9,23,0.000000,0.000000,0.000000,111.615550,112.417710,152.564146
7512,2015,11,9,24,0.000000,0.000000,0.000000,110.617168,111.704528,152.563904
7513,2015,11,10,1,0.000000,0.000000,0.000000,99.780365,101.666025,141.840234
7514,2015,11,10,2,0.000000,0.000000,0.000000,96.226854,99.655174,144.301298
7515,2015,11,10,3,0.000000,0.000000,0.000000,78.712990,84.545930,132.171040
7516,2015,11,10,4,0.000000,0.000000,0.000000,69.562956,77.216796,128.468528
7517,2015,11,10,5,0.000000,0.000000,0.000000,79.323529,85.205769,133.215158
7518,2015,11,10,6,0.000000,0.000000,0.000000,99.590622,103.361662,150.385683
7519,2015,11,10,7,0.000000,0.000000,0.000000,123.726335,117.836055,171.313807
7520,2015,11,10,8,0.000000,0.000000,0.000000,134.749490,112.121970,175.570894
7521,2015,11,10,9,0.000000,0.000000,0.000000,145.765775,108.678195,183.678993
7522,2015,11,10,10,0.000000,0.000000,0.000000,152.024724,101.928604,185.451072
7523,2015,11,10,11,0.000000,0.000000,0.000000,156.177204,95.793624,186.962899
7524,2015,11,10,12,0.000000,0.000000,0.000000,158.746215,92.977835,188.942513
7525,2015,11,10,13,0.000000,0.000000,0.000000,158.845980,91.245860,190.677414
7526,2015,11,10,14,0.000000,0.000000,0.000000,160.118957,95.776857,197.428810
7527,2015,11,10,15,0.000000,0.000000,0.000000,164.168630,105.394110,201.743747
7528,2015,11,10,16,0.000000,0.000000,0.000000,170.139085,121.178785,214.904047
7529,2015,11,10,17,0.000000,0.000000,0.000000,167.266632,132.656932,220.526909
7530,2015,11,10,18,0.000000,0.000000,0.000000,154.834152,134.195312,211.630950
7531,2015,11,10,19,0.000000,0.000000,0.000000,142.953315,139.675095,205.756060
7532,2015,11,10,20,0.000000,0.000000,0.000000,149.108741,150.281281,204.283508
7533,2015,11,10,21,0.000000,0.000000,0.000000,137.789365,139.556245,191.964593
7534,2015,11,10,22,0.000000,0.000000,0.000000,123.089756,124.522256,170.804675
7535,2015,11,10,23,0.000000,0.000000,0.000000,107.727943,109.339643,151.158524
7536,2015,11,10,24,0.000000,0.000000,0.000000,109.504433,111.020753,153.082071
7537,2015,11,11,1,0.000000,0.000000,0.000000,98.485845,100.619245,141.270327
7538,2015,11,11,2,0.000000,0.000000,0.000000,91.264361,96.090661,144.208548
7539,2015,11,11,3,0.000000,0.000000,0.000000,77.019318,83.994478,135.243171
7540,2015,11,11,4,0.000000,0.000000,0.000000,67.272443,76.333903,131.983405
7541,2015,11,11,5,0.000000,0.000000,0.000000,71.676338,80.117278,134.959504
7542,2015,11,11,6,0.000000,0.000000,0.000000,88.513132,95.104792,148.778589
7543,2015,11,11,7,0.000000,0.000000,0.000000,115.693477,111.923437,170.497783
7544,2015,11,11,8,0.000000,0.000000,0.000000,130.516810,109.311590,176.564719
7545,2015,11,11,9,0.000000,0.000000,0.000000,141.265765,105.040085,181.701180
7546,2015,11,11,10,0.000000,0.000000,0.000000,145.891825,97.573905,185.572140
7547,2015,11,11,11,0.000000,0.000000,0.000000,151.100122,91.894782,185.691909
7548,2015,11,11,12,0.000000,0.000000,0.000000,154.690323,89.721183,187.264444
7549,2015,11,11,13,0.000000,0.000000,0.000000,157.957063,90.214643,188.828124
7550,2015,11,11,14,0.000000,0.000000,0.000000,160.563960,95.416540,194.263987
7551,2015,11,11,15,0.000000,0.000000,0.000000,163.830835,104.693515,199.600286
7552,2015,11,11,16,0.000000,0.000000,0.000000,165.420479,116.432579,208.483772
7553,2015,11,11,17,0.000000,0.000000,0.000000,168.064247,131.647747,213.158662
7554,2015,11,11,18,0.000000,0.000000,0.000000,161.245433,137.605833,206.175778
7555,2015,11,11,19,0.000000,0.000000,0.000000,152.370689,145.908289,203.453052
7556,2015,11,11,20,0.000000,0.000000,0.000000,149.030974,149.030974,198.707965
7557,2015,11,11,21,0.000000,0.000000,0.000000,139.135404,139.135404,185.513872
7558,2015,11,11,22,0.000000,0.000000,0.000000,122.403202,122.937122,165.695896
7559,2015,11,11,23,0.000000,0.000000,0.000000,102.012477,105.386577,151.762436
7560,2015,11,11,24,0.000000,0.000000,0.000000,80.219736,89.978756,152.501741
7561,2015,11,12,1,0.000000,0.000000,0.000000,55.819736,69.838776,139.848502
7562,2015,11,12,2,0.000000,0.000000,0.000000,61.584042,75.062902,145.013402
7563,2015,11,12,3,0.000000,0.000000,0.000000,88.044484,91.960684,135.668245
7564,2015,11,12,4,0.000000,0.000000,0.000000,76.884096,83.253896,132.237861
7565,2015,11,12,5,0.000000,0.000000,0.000000,70.184586,79.483126,136.972634
7566,2015,11,12,6,0.000000,0.000000,0.000000,86.861585,94.805985,152.889313
7567,2015,11,12,7,0.000000,0.000000,0.000000,109.531944,107.858404,172.066071
7568,2015,11,12,8,0.000000,0.000000,0.000000,131.857762,110.397602,177.162937
7569,2015,11,12,9,0.000000,0.000000,0.000000,148.661240,110.611400,183.049066
7570,2015,11,12,10,0.000000,0.000000,0.000000,148.943896,97.960176,177.201168
7571,2015,11,12,11,0.000000,0.000000,0.000000,146.982483,86.104103,172.394204
7572,2015,11,12,12,0.000000,0.000000,0.000000,147.262309,80.735729,170.092372
7573,2015,11,12,13,0.000000,0.000000,0.000000,148.886996,79.286996,168.065994
7574,2015,11,12,14,0.000000,0.000000,0.000000,149.665915,82.465915,170.154553
7575,2015,11,12,15,0.000000,0.000000,0.000000,148.257258,87.616578,171.819838
7576,2015,11,12,16,0.000000,0.000000,0.000000,148.676180,98.193840,179.183986
7577,2015,11,12,17,0.000000,0.000000,0.000000,145.330279,109.332759,184.801946
7578,2015,11,12,18,0.000000,0.000000,0.000000,138.553614,116.469434,183.178645
7579,2015,11,12,19,0.000000,0.000000,0.000000,128.821810,123.601530,177.851107
7580,2015,11,12,20,0.000000,0.000000,0.000000,131.673185,131.673185,175.564246
7581,2015,11,12,21,0.000000,0.000000,0.000000,120.694294,121.161854,163.107672
7582,2015,11,12,22,0.000000,0.000000,0.000000,108.857425,109.356065,147.470220
7583,2015,11,12,23,0.000000,0.000000,0.000000,100.663347,101.852607,139.767677
7584,2015,11,12,24,0.000000,0.000000,0.000000,102.495665,103.666605,142.125273
7585,2015,11,13,1,0.000000,0.000000,0.000000,94.109939,95.643199,132.635133
7586,2015,11,13,2,0.000000,0.000000,0.000000,94.390372,96.960372,137.847163
7587,2015,11,13,3,0.000000,0.000000,0.000000,86.519680,89.449600,129.032534
7588,2015,11,13,4,0.000000,0.000000,0.000000,79.954369,84.311769,126.940358
7589,2015,11,13,5,0.000000,0.000000,0.000000,77.098474,83.028434,130.471112
7590,2015,11,13,6,0.000000,0.000000,0.000000,83.822075,91.041775,145.454700
7591,2015,11,13,7,0.000000,0.000000,0.000000,98.793331,98.261931,163.077908
7592,2015,11,13,8,0.000000,0.000000,0.000000,116.173441,95.735821,161.022362
7593,2015,11,13,9,0.000000,0.000000,0.000000,125.325120,89.256160,161.178347
7594,2015,11,13,10,0.000000,0.000000,0.000000,128.354690,79.164650,158.119400
7595,2015,11,13,11,0.000000,0.000000,0.000000,127.100855,68.244735,155.322580
7596,2015,11,13,12,0.000000,0.000000,0.000000,123.022199,59.995159,154.103412
7597,2015,11,13,13,0.000000,0.000000,0.000000,122.452757,57.475117,154.391356
7598,2015,11,13,14,0.000000,0.000000,0.000000,123.102718,60.638198,156.835864
7599,2015,11,13,15,0.000000,0.000000,0.000000,124.901396,69.077856,163.158674
7600,2015,11,13,16,0.000000,0.000000,0.000000,126.865930,81.300210,173.047880
7601,2015,11,13,17,0.000000,0.000000,0.000000,126.634114,94.997614,180.225152
7602,2015,11,13,18,0.000000,0.000000,0.000000,124.334033,105.267873,178.303298
7603,2015,11,13,19,0.000000,0.000000,0.000000,116.457800,114.623820,177.168493
7604,2015,11,13,20,0.000000,0.000000,0.000000,124.702293,126.906133,176.554310
7605,2015,11,13,21,0.000000,0.000000,0.000000,117.648456,119.607436,166.006515
7606,2015,11,13,22,0.000000,0.000000,0.000000,106.487524,108.801444,152.781659
7607,2015,11,13,23,0.000000,0.000000,0.000000,100.573972,102.860212,144.767750
7608,2015,11,13,24,0.000000,0.000000,0.000000,100.429518,103.689958,149.121410
7609,2015,11,14,1,0.000000,0.000000,0.000000,88.512969,93.316029,140.431572
7610,2015,11,14,2,0.000000,0.000000,0.000000,91.157441,96.113621,144.672095
7611,2015,11,14,3,0.000000,0.000000,0.000000,83.980553,88.798393,134.457324
7612,2015,11,14,4,0.000000,0.000000,0.000000,89.298772,91.915112,131.274616
7613,2015,11,14,5,0.000000,0.000000,0.000000,95.682121,96.802561,132.804881
7614,2015,11,14,6,0.000000,0.000000,0.000000,95.933488,97.420008,134.848411
7615,2015,11,14,7,0.000000,0.000000,0.000000,96.464547,91.631887,139.900315
7616,2015,11,14,8,0.000000,0.000000,0.000000,109.211813,87.012113,143.517150
7617,2015,11,14,9,0.000000,0.000000,0.000000,118.154515,80.909175,146.127766
7618,2015,11,14,10,0.000000,0.000000,0.000000,123.775320,73.150480,145.317839
7619,2015,11,14,11,0.000000,0.000000,0.000000,125.487670,64.763070,144.452093
7620,2015,11,14,12,0.000000,0.000000,0.000000,122.431097,56.354117,139.082223
7621,2015,11,14,13,0.000000,0.000000,0.000000,117.122949,49.064209,132.906478
7622,2015,11,14,14,0.000000,0.000000,0.000000,117.643661,51.037321,130.228628
7623,2015,11,14,15,0.000000,0.000000,0.000000,118.881122,58.761942,135.085322
7624,2015,11,14,16,0.000000,0.000000,0.000000,120.758084,70.496444,142.989792
7625,2015,11,14,17,0.000000,0.000000,0.000000,118.354829,82.052669,147.413026
7626,2015,11,14,18,0.000000,0.000000,0.000000,115.012361,92.590761,150.215681
7627,2015,11,14,19,0.000000,0.000000,0.000000,108.985293,103.695813,151.079484
7628,2015,11,14,20,0.000000,0.000000,0.000000,114.405603,114.405603,152.540804
7629,2015,11,14,21,0.000000,0.000000,0.000000,111.492899,111.492899,148.657199
7630,2015,11,14,22,0.000000,0.000000,0.000000,102.899517,103.412457,139.593076
7631,2015,11,14,23,0.000000,0.000000,0.000000,97.565367,98.263347,133.344396
7632,2015,11,14,24,0.000000,0.000000,0.000000,99.648164,100.117484,135.054378
7633,2015,11,15,1,0.000000,0.000000,0.000000,91.643035,92.511775,126.244834
7634,2015,11,15,2,0.000000,0.000000,0.000000,92.440054,93.785774,129.533432
7635,2015,11,15,3,0.000000,0.000000,0.000000,85.481625,86.719165,119.750687
7636,2015,11,15,4,0.000000,0.000000,0.000000,79.226815,81.329815,115.449754
7637,2015,11,15,5,0.000000,0.000000,0.000000,74.959569,78.083269,114.523359
7638,2015,11,15,6,0.000000,0.000000,0.000000,76.066211,78.739091,113.895054
7639,2015,11,15,7,0.000000,0.000000,0.000000,87.402110,80.405850,117.720267
7640,2015,11,15,8,0.000000,0.000000,0.000000,94.065901,70.637981,117.590909
7641,2015,11,15,9,0.000000,0.000000,0.000000,96.791914,59.596134,117.875579
7642,2015,11,15,10,0.000000,0.000000,0.000000,97.791877,48.292237,115.924182
7643,2015,11,15,11,0.000000,0.000000,0.000000,96.284608,37.171468,113.034824
7644,2015,11,15,12,0.000000,0.000000,0.000000,90.927016,27.268216,108.361621
7645,2015,11,15,13,0.000000,0.000000,0.000000,88.590697,22.780137,105.354983
7646,2015,11,15,14,0.000000,0.000000,0.000000,87.792551,24.659971,106.638028
7647,2015,11,15,15,0.000000,0.000000,0.000000,90.536672,33.821932,113.180110
7648,2015,11,15,16,0.000000,0.000000,0.000000,94.518815,47.617555,123.685873
7649,2015,11,15,17,0.000000,0.000000,0.000000,99.352726,66.064426,136.141568
7650,2015,11,15,18,0.000000,0.000000,0.000000,103.848866,83.845706,146.617074
7651,2015,11,15,19,0.000000,0.000000,0.000000,100.328197,97.626757,151.614210
7652,2015,11,15,20,0.000000,0.000000,0.000000,107.461219,110.423259,157.104478
7653,2015,11,15,21,0.000000,0.000000,0.000000,85.612392,93.660612,151.708216
7654,2015,11,15,22,0.000000,0.000000,0.000000,50.724130,66.028210,139.051214
7655,2015,11,15,23,0.000000,0.000000,0.000000,37.741705,55.142325,131.525167
7656,2015,11,15,24,0.000000,0.000000,0.000000,34.344547,53.486407,135.121410
7657,2015,11,16,1,0.000000,0.000000,0.000000,25.746887,45.526347,126.633329
7658,2015,11,16,2,0.000000,0.000000,0.000000,30.088437,49.950077,132.805569
7659,2015,11,16,3,0.000000,0.000000,0.000000,25.141557,45.084017,126.586889
7660,2015,11,16,4,0.000000,0.000000,0.000000,23.690558,43.663898,124.796330
7661,2015,11,16,5,0.000000,0.000000,0.000000,27.521859,47.481919,129.842758
7662,2015,11,16,6,0.000000,0.000000,0.000000,38.022517,57.988257,143.870142
7663,2015,11,16,7,0.000000,0.000000,0.000000,54.308004,66.258464,162.012819
7664,2015,11,16,8,0.000000,0.000000,0.000000,58.722938,54.556378,160.353304
7665,2015,11,16,9,0.000000,0.000000,0.000000,63.883804,44.445744,156.867459
7666,2015,11,16,10,0.000000,0.000000,0.000000,73.735291,38.370651,149.812068
7667,2015,11,16,11,0.000000,0.000000,0.000000,97.594745,44.541765,143.062420
7668,2015,11,16,12,0.000000,0.000000,0.000000,105.971892,44.099972,136.760229
7669,2015,11,16,13,0.000000,0.000000,0.000000,110.673102,44.457262,132.906883
7670,2015,11,16,14,0.000000,0.000000,0.000000,116.368650,50.598450,132.430600
7671,2015,11,16,15,0.000000,0.000000,0.000000,112.008525,53.640985,134.096180
7672,2015,11,16,16,0.000000,0.000000,0.000000,113.378310,64.437870,139.315694
7673,2015,11,16,17,0.000000,0.000000,0.000000,113.564866,78.342446,146.065194
7674,2015,11,16,18,0.000000,0.000000,0.000000,111.764651,89.649511,147.315547
7675,2015,11,16,19,0.000000,0.000000,0.000000,111.224472,104.882952,149.155536
7676,2015,11,16,20,0.000000,0.000000,0.000000,114.475332,115.104952,155.572003
7677,2015,11,16,21,0.000000,0.000000,0.000000,110.677362,111.682202,152.259070
7678,2015,11,16,22,0.000000,0.000000,0.000000,103.580689,104.497969,142.388226
7679,2015,11,16,23,0.000000,0.000000,0.000000,99.335897,100.188837,136.428249
7680,2015,11,16,24,0.000000,0.000000,0.000000,102.439443,103.267263,140.449084
7681,2015,11,17,1,0.000000,0.000000,0.000000,94.285506,95.619166,131.937755
7682,2015,11,17,2,0.000000,0.000000,0.000000,98.354908,99.814108,137.949477
7683,2015,11,17,3,0.000000,0.000000,0.000000,86.962378,89.642778,128.458371
7684,2015,11,17,4,0.000000,0.000000,0.000000,80.685570,84.726890,126.440254
7685,2015,11,17,5,0.000000,0.000000,0.000000,81.174595,86.278775,132.052301
7686,2015,11,17,6,0.000000,0.000000,0.000000,91.420127,96.930387,147.608049
7687,2015,11,17,7,0.000000,0.000000,0.000000,110.689050,106.421410,161.503081
7688,2015,11,17,8,0.000000,0.000000,0.000000,114.737912,93.795612,156.753149
7689,2015,11,17,9,0.000000,0.000000,0.000000,122.598865,85.774145,154.016460
7690,2015,11,17,10,0.000000,0.000000,0.000000,118.199516,69.359136,146.210914
7691,2015,11,17,11,0.000000,0.000000,0.000000,119.029559,59.357799,140.754531
7692,2015,11,17,12,0.000000,0.000000,0.000000,116.992022,51.775302,135.844669
7693,2015,11,17,13,0.000000,0.000000,0.000000,111.917085,45.058805,131.567473
7694,2015,11,17,14,0.000000,0.000000,0.000000,108.342045,44.938965,132.775021
7695,2015,11,17,15,0.000000,0.000000,0.000000,106.152968,49.926508,136.280478
7696,2015,11,17,16,0.000000,0.000000,0.000000,105.960762,60.237282,144.438109
7697,2015,11,17,17,0.000000,0.000000,0.000000,107.384280,75.152540,151.780920
7698,2015,11,17,18,0.000000,0.000000,0.000000,110.737434,90.364814,154.077685
7699,2015,11,17,19,0.000000,0.000000,0.000000,114.106566,108.674506,157.242474
7700,2015,11,17,20,0.000000,0.000000,0.000000,121.090165,121.219845,162.058726
7701,2015,11,17,21,0.000000,0.000000,0.000000,118.272245,118.272245,157.696327
7702,2015,11,17,22,0.000000,0.000000,0.000000,111.189524,111.189524,148.252698
7703,2015,11,17,23,0.000000,0.000000,0.000000,105.815112,105.815112,141.086816
7704,2015,11,17,24,0.000000,0.000000,0.000000,110.299000,110.469480,147.860906
7705,2015,11,18,1,0.000000,0.000000,0.000000,105.490676,105.747756,141.853942
7706,2015,11,18,2,0.000000,0.000000,0.000000,108.429314,108.903314,146.784419
7707,2015,11,18,3,0.000000,0.000000,0.000000,100.588729,101.422469,138.009092
7708,2015,11,18,4,0.000000,0.000000,0.000000,96.853479,97.691319,133.047892
7709,2015,11,18,5,0.000000,0.000000,0.000000,100.033089,100.871149,137.288399
7710,2015,11,18,6,0.000000,0.000000,0.000000,109.344025,110.809985,152.633181
7711,2015,11,18,7,0.000000,0.000000,0.000000,113.758241,110.175601,168.792001
7712,2015,11,18,8,0.000000,0.000000,0.000000,121.701840,100.605940,165.321586
7713,2015,11,18,9,0.000000,0.000000,0.000000,123.248702,88.038442,162.417056
7714,2015,11,18,10,0.000000,0.000000,0.000000,119.633123,72.999203,158.419204
7715,2015,11,18,11,0.000000,0.000000,0.000000,106.460938,53.060298,153.261597
7716,2015,11,18,12,0.000000,0.000000,0.000000,98.429351,42.416811,154.047281
7717,2015,11,18,13,0.000000,0.000000,0.000000,97.860182,40.052522,155.061162
7718,2015,11,18,14,0.000000,0.000000,0.000000,101.098635,45.237975,158.315099
7719,2015,11,18,15,0.000000,0.000000,0.000000,95.626093,47.337093,159.286124
7720,2015,11,18,16,0.000000,0.000000,0.000000,103.312016,63.609296,169.003328
7721,2015,11,18,17,0.000000,0.000000,0.000000,106.957805,81.008785,180.531647
7722,2015,11,18,18,0.000000,0.000000,0.000000,117.121730,101.167150,183.207600
7723,2015,11,18,19,0.000000,0.000000,0.000000,106.041233,108.184593,181.840657
7724,2015,11,18,20,0.000000,0.000000,0.000000,118.462870,123.460810,181.274214
7725,2015,11,18,21,0.000000,0.000000,0.000000,109.015563,114.832603,172.500271
7726,2015,11,18,22,0.000000,0.000000,0.000000,94.899303,100.959303,154.812404
7727,2015,11,18,23,0.000000,0.000000,0.000000,86.569129,92.494569,143.077558
7728,2015,11,18,24,0.000000,0.000000,0.000000,87.983355,94.050475,145.624367
7729,2015,11,19,1,0.000000,0.000000,0.000000,79.846914,86.512014,137.566352
7730,2015,11,19,2,0.000000,0.000000,0.000000,80.874554,88.431194,143.097059
7731,2015,11,19,3,0.000000,0.000000,0.000000,67.593888,76.853288,133.335717
7732,2015,11,19,4,0.000000,0.000000,0.000000,72.414501,80.025701,132.071601
7733,2015,11,19,5,0.000000,0.000000,0.000000,76.390305,84.775885,140.986447
7734,2015,11,19,6,0.000000,0.000000,0.000000,96.890292,103.076852,158.057670
7735,2015,11,19,7,0.000000,0.000000,0.000000,127.605952,122.574172,180.492963
7736,2015,11,19,8,0.000000,0.000000,0.000000,146.900641,123.808121,189.602427
7737,2015,11,19,9,0.000000,0.000000,0.000000,156.191510,118.262730,193.654374
7738,2015,11,19,10,0.000000,0.000000,0.000000,157.499978,107.049278,191.096703
7739,2015,11,19,11,0.000000,0.000000,0.000000,153.313857,94.528957,190.605609
7740,2015,11,19,12,0.000000,0.000000,0.000000,148.717621,85.789241,188.824388
7741,2015,11,19,13,0.000000,0.000000,0.000000,135.363586,73.727346,187.198995
7742,2015,11,19,14,0.000000,0.000000,0.000000,123.684124,68.396404,191.102805
7743,2015,11,19,15,0.000000,0.000000,0.000000,114.892744,69.624264,199.070751
7744,2015,11,19,16,0.000000,0.000000,0.000000,115.568434,80.858054,208.642805
7745,2015,11,19,17,0.000000,0.000000,0.000000,118.942310,96.828570,214.408960
7746,2015,11,19,18,0.000000,0.000000,0.000000,114.886562,106.065422,213.516763
7747,2015,11,19,19,0.000000,0.000000,0.000000,102.716750,111.425590,208.046920
7748,2015,11,19,20,0.000000,0.000000,0.000000,87.340873,105.566573,201.507764
7749,2015,11,19,21,0.000000,0.000000,0.000000,88.841237,103.607217,187.362889
7750,2015,11,19,22,0.000000,0.000000,0.000000,92.435602,101.402522,165.093096
7751,2015,11,19,23,0.000000,0.000000,0.000000,75.154060,85.751640,149.660787
7752,2015,11,19,24,0.000000,0.000000,0.000000,65.271588,78.716548,149.771930
7753,2015,11,20,1,0.000000,0.000000,0.000000,53.235751,67.498931,137.542508
7754,2015,11,20,2,0.000000,0.000000,0.000000,62.708027,75.341967,142.569089
7755,2015,11,20,3,0.000000,0.000000,0.000000,56.073156,68.957916,134.893088
7756,2015,11,20,4,0.000000,0.000000,0.000000,37.841605,55.681985,133.710580
7757,2015,11,20,5,0.000000,0.000000,0.000000,37.655782,56.967262,140.327950
7758,2015,11,20,6,0.000000,0.000000,0.000000,49.025617,68.547617,156.470156
7759,2015,11,20,7,0.000000,0.000000,0.000000,72.726971,82.572291,176.747455
7760,2015,11,20,8,0.000000,0.000000,0.000000,103.826873,91.388013,181.887818
7761,2015,11,20,9,0.000000,0.000000,0.000000,135.324784,102.179444,188.154792
7762,2015,11,20,10,0.000000,0.000000,0.000000,152.718779,103.030119,188.277958
7763,2015,11,20,11,0.000000,0.000000,0.000000,154.862904,95.761684,191.194845
7764,2015,11,20,12,0.000000,0.000000,0.000000,140.464469,80.185209,190.182745
7765,2015,11,20,13,0.000000,0.000000,0.000000,137.044234,74.975814,187.423018
7766,2015,11,20,14,0.000000,0.000000,0.000000,126.318310,65.282810,167.792080
7767,2015,11,20,15,0.000000,0.000000,0.000000,126.067292,68.965092,158.746123
7768,2015,11,20,16,0.000000,0.000000,0.000000,126.809990,78.545030,160.376840
7769,2015,11,20,17,0.000000,0.000000,0.000000,132.302485,95.613545,164.204927
7770,2015,11,20,18,0.000000,0.000000,0.000000,130.065301,106.250021,163.782428
7771,2015,11,20,19,0.000000,0.000000,0.000000,125.163337,117.963337,163.734449
7772,2015,11,20,20,0.000000,0.000000,0.000000,125.248323,125.248323,166.997764
7773,2015,11,20,21,0.000000,0.000000,0.000000,119.940891,119.940891,159.921187
7774,2015,11,20,22,0.000000,0.000000,0.000000,113.206159,113.206159,150.941545
7775,2015,11,20,23,0.000000,0.000000,0.000000,106.738762,106.738762,142.318349
7776,2015,11,20,24,0.000000,0.000000,0.000000,108.379813,108.379813,144.506417
7777,2015,11,21,1,0.000000,0.000000,0.000000,100.511773,100.511773,134.015698
7778,2015,11,21,2,0.000000,0.000000,0.000000,102.315596,102.584836,137.677248
7779,2015,11,21,3,0.000000,0.000000,0.000000,95.463411,95.910811,129.372414
7780,2015,11,21,4,0.000000,0.000000,0.000000,92.466208,93.351728,127.420705
7781,2015,11,21,5,0.000000,0.000000,0.000000,91.908692,93.345492,129.249989
7782,2015,11,21,6,0.000000,0.000000,0.000000,98.712377,99.150077,133.659103
7783,2015,11,21,7,0.000000,0.000000,0.000000,102.109721,95.066381,137.110708
7784,2015,11,21,8,0.000000,0.000000,0.000000,109.167163,85.819323,138.099630
7785,2015,11,21,9,0.000000,0.000000,0.000000,113.010105,75.153925,136.417966
7786,2015,11,21,10,0.000000,0.000000,0.000000,112.165163,61.575383,130.001243
7787,2015,11,21,11,0.000000,0.000000,0.000000,110.193486,48.908666,121.445488
7788,2015,11,21,12,0.000000,0.000000,0.000000,106.652699,39.625479,113.609905
7789,2015,11,21,13,0.000000,0.000000,0.000000,102.855395,33.461615,107.652887
7790,2015,11,21,14,0.000000,0.000000,0.000000,102.463727,35.263727,107.218302
7791,2015,11,21,15,0.000000,0.000000,0.000000,103.664173,42.864173,111.618898
7792,2015,11,21,16,0.000000,0.000000,0.000000,107.288833,56.211833,121.225777
7793,2015,11,21,17,0.000000,0.000000,0.000000,111.895378,74.295378,132.743837
7794,2015,11,21,18,0.000000,0.000000,0.000000,113.687583,89.820363,141.703084
7795,2015,11,21,19,0.000000,0.000000,0.000000,112.501482,105.836882,149.350509
7796,2015,11,21,20,0.000000,0.000000,0.000000,110.712398,111.497838,151.281918
7797,2015,11,21,21,0.000000,0.000000,0.000000,107.432327,108.161067,146.643890
7798,2015,11,21,22,0.000000,0.000000,0.000000,100.536087,101.758967,139.754890
7799,2015,11,21,23,0.000000,0.000000,0.000000,99.601153,100.582273,137.380097
7800,2015,11,21,24,0.000000,0.000000,0.000000,95.214177,98.366617,141.663623
7801,2015,11,22,1,0.000000,0.000000,0.000000,72.360272,80.487232,134.406176
7802,2015,11,22,2,0.000000,0.000000,0.000000,64.784066,76.073746,139.063928
7803,2015,11,22,3,0.000000,0.000000,0.000000,60.684312,71.631492,131.999256
7804,2015,11,22,4,0.000000,0.000000,0.000000,60.240056,70.433756,127.890675
7805,2015,11,22,5,0.000000,0.000000,0.000000,50.775413,63.059513,125.026351
7806,2015,11,22,6,0.000000,0.000000,0.000000,42.447449,57.437529,126.550305
7807,2015,11,22,7,0.000000,0.000000,0.000000,30.343140,41.211960,125.012014
7808,2015,11,22,8,0.000000,0.000000,0.000000,33.681559,27.522339,117.665718
7809,2015,11,22,9,0.000000,0.000000,0.000000,36.117604,15.152284,112.718645
7810,2015,11,22,10,0.000000,0.000000,0.000000,31.360948,-0.790012,108.310117
7811,2015,11,22,11,0.000000,0.000000,0.000000,28.920100,-13.301680,102.041827
7812,2015,11,22,12,0.000000,0.000000,0.000000,27.246109,-20.795771,96.332705
7813,2015,11,22,13,0.000000,0.000000,0.000000,22.733845,-28.140675,87.247366
7814,2015,11,22,14,0.000000,0.000000,0.000000,22.828328,-26.739012,83.323517
7815,2015,11,22,15,0.000000,0.000000,0.000000,23.921141,-19.645319,85.718042
7816,2015,11,22,16,0.000000,0.000000,0.000000,30.055632,-4.831028,93.803096
7817,2015,11,22,17,0.000000,0.000000,0.000000,46.389184,21.875764,106.472952
7818,2015,11,22,18,0.000000,0.000000,0.000000,51.241321,39.937181,117.069108
7819,2015,11,22,19,0.000000,0.000000,0.000000,56.986719,61.158819,125.902092
7820,2015,11,22,20,0.000000,0.000000,0.000000,66.616917,76.592357,135.374610
7821,2015,11,22,21,0.000000,0.000000,0.000000,60.258228,72.318648,136.626264
7822,2015,11,22,22,0.000000,0.000000,0.000000,63.696195,72.998315,128.338154
7823,2015,11,22,23,0.000000,0.000000,0.000000,64.563339,72.637479,123.763771
7824,2015,11,22,24,0.000000,0.000000,0.000000,69.728265,77.208645,127.879460
7825,2015,11,23,1,0.000000,0.000000,0.000000,58.243731,67.791671,122.215361
7826,2015,11,23,2,0.000000,0.000000,0.000000,57.449326,68.342026,127.431701
7827,2015,11,23,3,0.000000,0.000000,0.000000,51.161944,62.440104,120.847339
7828,2015,11,23,4,0.000000,0.000000,0.000000,50.200551,61.116531,117.875309
7829,2015,11,23,5,0.000000,0.000000,0.000000,59.615638,68.758458,122.154010
7830,2015,11,23,6,0.000000,0.000000,0.000000,76.184532,83.308772,134.825829
7831,2015,11,23,7,0.000000,0.000000,0.000000,100.132998,96.687258,151.263877
7832,2015,11,23,8,0.000000,0.000000,0.000000,112.941207,90.502247,147.373129
7833,2015,11,23,9,0.000000,0.000000,0.000000,115.456168,78.081448,141.926197
7834,2015,11,23,10,0.000000,0.000000,0.000000,117.940848,66.865988,135.438451
7835,2015,11,23,11,0.000000,0.000000,0.000000,116.770942,55.170942,128.744589
7836,2015,11,23,12,0.000000,0.000000,0.000000,113.980319,46.906979,123.164839
7837,2015,11,23,13,0.000000,0.000000,0.000000,111.935088,42.335088,118.796784
7838,2015,11,23,14,0.000000,0.000000,0.000000,108.117194,41.605034,117.966178
7839,2015,11,23,15,0.000000,0.000000,0.000000,105.711375,46.427875,121.425501
7840,2015,11,23,16,0.000000,0.000000,0.000000,106.867658,57.637698,129.283731
7841,2015,11,23,17,0.000000,0.000000,0.000000,108.752785,73.025825,137.294566
7842,2015,11,23,18,0.000000,0.000000,0.000000,108.557167,86.164807,141.745209
7843,2015,11,23,19,0.000000,0.000000,0.000000,107.361502,101.821902,147.747203
7844,2015,11,23,20,0.000000,0.000000,0.000000,113.551856,114.052056,153.736741
7845,2015,11,23,21,0.000000,0.000000,0.000000,113.931936,113.931936,151.909247
7846,2015,11,23,22,0.000000,0.000000,0.000000,108.522760,108.522760,144.697013
7847,2015,11,23,23,0.000000,0.000000,0.000000,105.163951,105.163951,140.218601
7848,2015,11,23,24,0.000000,0.000000,0.000000,107.649800,108.034900,145.330200
7849,2015,11,24,1,0.000000,0.000000,0.000000,99.464030,100.489850,137.405866
7850,2015,11,24,2,0.000000,0.000000,0.000000,101.612969,103.060529,142.239239
7851,2015,11,24,3,0.000000,0.000000,0.000000,94.197361,96.334241,135.568587
7852,2015,11,24,4,0.000000,0.000000,0.000000,93.529927,95.205567,132.526223
7853,2015,11,24,5,0.000000,0.000000,0.000000,98.014502,99.496442,137.601723
7854,2015,11,24,6,0.000000,0.000000,0.000000,109.442727,110.881427,152.637569
7855,2015,11,24,7,0.000000,0.000000,0.000000,126.302349,119.315909,169.633079
7856,2015,11,24,8,0.000000,0.000000,0.000000,128.559442,105.346242,164.584323
7857,2015,11,24,9,0.000000,0.000000,0.000000,127.554451,90.175931,158.039508
7858,2015,11,24,10,0.000000,0.000000,0.000000,128.134115,77.308715,150.193620
7859,2015,11,24,11,0.000000,0.000000,0.000000,127.387022,66.080922,144.270896
7860,2015,11,24,12,0.000000,0.000000,0.000000,123.129305,56.642705,138.101607
7861,2015,11,24,13,0.000000,0.000000,0.000000,118.199082,50.294122,135.058962
7862,2015,11,24,14,0.000000,0.000000,0.000000,117.823810,51.948770,133.881560
7863,2015,11,24,15,0.000000,0.000000,0.000000,119.861501,60.162261,138.352214
7864,2015,11,24,16,0.000000,0.000000,0.000000,122.294751,72.235151,145.981534
7865,2015,11,24,17,0.000000,0.000000,0.000000,123.388200,86.937120,153.429227
7866,2015,11,24,18,0.000000,0.000000,0.000000,120.813515,97.735495,154.887259
7867,2015,11,24,19,0.000000,0.000000,0.000000,116.675389,110.458829,157.006572
7868,2015,11,24,20,0.000000,0.000000,0.000000,118.919682,118.919682,158.559576
7869,2015,11,24,21,0.000000,0.000000,0.000000,116.812861,116.812861,155.750481
7870,2015,11,24,22,0.000000,0.000000,0.000000,108.628062,108.628062,144.837416
7871,2015,11,24,23,0.000000,0.000000,0.000000,103.394355,103.572695,138.691394
7872,2015,11,24,24,0.000000,0.000000,0.000000,107.722762,107.722762,143.630349
7873,2015,11,25,1,0.000000,0.000000,0.000000,101.309502,101.501062,135.973283
7874,2015,11,25,2,0.000000,0.000000,0.000000,101.552749,102.448689,139.584719
7875,2015,11,25,3,0.000000,0.000000,0.000000,92.084988,93.730988,130.461317
7876,2015,11,25,4,0.000000,0.000000,0.000000,85.085565,87.973585,126.924847
7877,2015,11,25,5,0.000000,0.000000,0.000000,89.754241,92.137541,130.794388
7878,2015,11,25,6,0.000000,0.000000,0.000000,102.517179,104.074899,143.958932
7879,2015,11,25,7,0.000000,0.000000,0.000000,119.132601,112.329721,160.930027
7880,2015,11,25,8,0.000000,0.000000,0.000000,123.957211,100.887511,159.117682
7881,2015,11,25,9,0.000000,0.000000,0.000000,126.138068,88.917648,156.888798
7882,2015,11,25,10,0.000000,0.000000,0.000000,126.181020,76.343440,152.199321
7883,2015,11,25,11,0.000000,0.000000,0.000000,124.823037,64.675417,146.258489
7884,2015,11,25,12,0.000000,0.000000,0.000000,119.709700,54.929040,141.503187
7885,2015,11,25,13,0.000000,0.000000,0.000000,114.677728,48.958408,140.563478
7886,2015,11,25,14,0.000000,0.000000,0.000000,110.032856,48.593596,144.193928
7887,2015,11,25,15,0.000000,0.000000,0.000000,107.247979,53.030839,147.117318
7888,2015,11,25,16,0.000000,0.000000,0.000000,107.741537,64.251717,157.236222
7889,2015,11,25,17,0.000000,0.000000,0.000000,109.328300,79.108740,163.763121
7890,2015,11,25,18,0.000000,0.000000,0.000000,104.099843,87.544623,163.042097
7891,2015,11,25,19,0.000000,0.000000,0.000000,96.772187,97.021947,160.645130
7892,2015,11,25,20,0.000000,0.000000,0.000000,104.701917,109.457517,161.795356
7893,2015,11,25,21,0.000000,0.000000,0.000000,110.601446,112.801466,157.735355
7894,2015,11,25,22,0.000000,0.000000,0.000000,108.559096,108.858576,146.143035
7895,2015,11,25,23,0.000000,0.000000,0.000000,96.920740,98.319020,135.752960
7896,2015,11,25,24,0.000000,0.000000,0.000000,100.676046,101.612906,138.606742
7897,2015,11,26,1,0.000000,0.000000,0.000000,95.616047,96.203847,130.231129
7898,2015,11,26,2,0.000000,0.000000,0.000000,98.481521,98.843641,132.998588
7899,2015,11,26,3,0.000000,0.000000,0.000000,92.456022,93.046482,126.030176
7900,2015,11,26,4,0.000000,0.000000,0.000000,89.940783,91.031623,125.011631
7901,2015,11,26,5,0.000000,0.000000,0.000000,83.175679,86.942879,128.481172
7902,2015,11,26,6,0.000000,0.000000,0.000000,104.745736,105.573136,143.522181
7903,2015,11,26,7,0.000000,0.000000,0.000000,123.088615,115.088615,160.618153
7904,2015,11,26,8,0.000000,0.000000,0.000000,118.377370,97.264730,160.810840
7905,2015,11,26,9,0.000000,0.000000,0.000000,112.667277,79.267797,156.758796
7906,2015,11,26,10,0.000000,0.000000,0.000000,126.577963,76.754903,152.796337
7907,2015,11,26,11,0.000000,0.000000,0.000000,128.052272,67.537372,148.850162
7908,2015,11,26,12,0.000000,0.000000,0.000000,129.820845,63.856105,149.459007
7909,2015,11,26,13,0.000000,0.000000,0.000000,121.831064,56.292464,150.944619
7910,2015,11,26,14,0.000000,0.000000,0.000000,107.371420,47.879180,149.731440
7911,2015,11,26,15,0.000000,0.000000,0.000000,96.357893,43.672913,139.747284
7912,2015,11,26,16,0.000000,0.000000,0.000000,90.556692,49.271632,144.611976
7913,2015,11,26,17,0.000000,0.000000,0.000000,87.605810,60.827010,150.856680
7914,2015,11,26,18,0.000000,0.000000,0.000000,82.870811,70.141891,152.592788
7915,2015,11,26,19,0.000000,0.000000,0.000000,81.987022,85.699562,157.091216
7916,2015,11,26,20,0.000000,0.000000,0.000000,84.698732,95.299752,162.403069
7917,2015,11,26,21,0.000000,0.000000,0.000000,88.328040,96.407860,155.476547
7918,2015,11,26,22,0.000000,0.000000,0.000000,87.182687,93.063587,143.687782
7919,2015,11,26,23,0.000000,0.000000,0.000000,86.265916,91.077696,137.476195
7920,2015,11,26,24,0.000000,0.000000,0.000000,90.347056,94.815316,141.314621
7921,2015,11,27,1,0.000000,0.000000,0.000000,86.727989,90.355929,132.567705
7922,2015,11,27,2,0.000000,0.000000,0.000000,96.208787,97.982827,136.557236
7923,2015,11,27,3,0.000000,0.000000,0.000000,93.807191,94.467731,128.158774
7924,2015,11,27,4,0.000000,0.000000,0.000000,93.973636,94.124676,126.003035
7925,2015,11,27,5,0.000000,0.000000,0.000000,97.804667,97.804667,130.406222
7926,2015,11,27,6,0.000000,0.000000,0.000000,105.145371,106.191191,145.074321
7927,2015,11,27,7,0.000000,0.000000,0.000000,113.714749,108.430109,160.791345
7928,2015,11,27,8,0.000000,0.000000,0.000000,117.055433,96.385653,161.114937
7929,2015,11,27,9,0.000000,0.000000,0.000000,113.116565,79.909265,158.254687
7930,2015,11,27,10,0.000000,0.000000,0.000000,107.453692,63.470632,154.550642
7931,2015,11,27,11,0.000000,0.000000,0.000000,94.955852,44.311692,150.785056
7932,2015,11,27,12,0.000000,0.000000,0.000000,82.430755,29.129975,145.370699
7933,2015,11,27,13,0.000000,0.000000,0.000000,76.060230,21.894910,142.992147
7934,2015,11,27,14,0.000000,0.000000,0.000000,74.674585,22.913485,142.214313
7935,2015,11,27,15,0.000000,0.000000,0.000000,79.133453,32.454553,144.809737
7936,2015,11,27,16,0.000000,0.000000,0.000000,93.218232,53.115072,153.676229
7937,2015,11,27,17,0.000000,0.000000,0.000000,105.624372,76.092352,162.033069
7938,2015,11,27,18,0.000000,0.000000,0.000000,95.616075,81.038115,160.957621
7939,2015,11,27,19,0.000000,0.000000,0.000000,107.482613,104.554133,160.093910
7940,2015,11,27,20,0.000000,0.000000,0.000000,111.659032,114.371972,161.539097
7941,2015,11,27,21,0.000000,0.000000,0.000000,111.718700,113.310880,156.388440
7942,2015,11,27,22,0.000000,0.000000,0.000000,103.581084,105.299904,146.129273
7943,2015,11,27,23,0.000000,0.000000,0.000000,88.227857,92.113017,135.767889
7944,2015,11,27,24,0.000000,0.000000,0.000000,88.362540,93.194920,140.367826
7945,2015,11,28,1,0.000000,0.000000,0.000000,81.206629,86.424789,132.626919
7946,2015,11,28,2,0.000000,0.000000,0.000000,87.452362,92.086182,138.227643
7947,2015,11,28,3,0.000000,0.000000,0.000000,82.940172,86.440032,126.919576
7948,2015,11,28,4,0.000000,0.000000,0.000000,67.957299,74.225459,119.861146
7949,2015,11,28,5,0.000000,0.000000,0.000000,65.326502,71.968002,118.095670
7950,2015,11,28,6,0.000000,0.000000,0.000000,75.323021,79.534941,120.086321
7951,2015,11,28,7,0.000000,0.000000,0.000000,89.164521,83.333781,125.509241
7952,2015,11,28,8,0.000000,0.000000,0.000000,94.976367,73.304847,127.001395
7953,2015,11,28,9,0.000000,0.000000,0.000000,95.567560,60.595240,126.619253
7954,2015,11,28,10,0.000000,0.000000,0.000000,91.161581,44.372021,119.730829
7955,2015,11,28,11,0.000000,0.000000,0.000000,88.421689,31.255009,111.634412
7956,2015,11,28,12,0.000000,0.000000,0.000000,89.233445,25.132565,104.040486
7957,2015,11,28,13,0.000000,0.000000,0.000000,88.851806,21.509886,98.556781
7958,2015,11,28,14,0.000000,0.000000,0.000000,86.919561,21.839721,96.386828
7959,2015,11,28,15,0.000000,0.000000,0.000000,86.338089,28.037109,100.179546
7960,2015,11,28,16,0.000000,0.000000,0.000000,87.874391,39.722791,108.991721
7961,2015,11,28,17,0.000000,0.000000,0.000000,87.267710,53.834810,119.353413
7962,2015,11,28,18,0.000000,0.000000,0.000000,89.679380,69.789200,128.251667
7963,2015,11,28,19,0.000000,0.000000,0.000000,86.778635,84.235975,134.289100
7964,2015,11,28,20,0.000000,0.000000,0.000000,91.728524,95.473864,139.782952
7965,2015,11,28,21,0.000000,0.000000,0.000000,85.334180,90.452360,137.663747
7966,2015,11,28,22,0.000000,0.000000,0.000000,74.167090,81.089430,131.193707
7967,2015,11,28,23,0.000000,0.000000,0.000000,71.346422,78.449902,128.278136
7968,2015,11,28,24,0.000000,0.000000,0.000000,66.209004,75.488504,131.583006
7969,2015,11,29,1,0.000000,0.000000,0.000000,58.834415,68.756395,124.748459
7970,2015,11,29,2,0.000000,0.000000,0.000000,60.517862,71.176982,130.433043
7971,2015,11,29,3,0.000000,0.000000,0.000000,47.819465,60.205185,121.559314
7972,2015,11,29,4,0.000000,0.000000,0.000000,44.290017,56.589297,116.449997
7973,2015,11,29,5,0.000000,0.000000,0.000000,43.594523,55.546943,113.903991
7974,2015,11,29,6,0.000000,0.000000,0.000000,54.061863,62.935063,113.490751
7975,2015,11,29,7,0.000000,0.000000,0.000000,64.510515,64.010775,117.515234
7976,2015,11,29,8,0.000000,0.000000,0.000000,64.506238,49.261918,116.368158
7977,2015,11,29,9,0.000000,0.000000,0.000000,67.995310,38.194390,113.989453
7978,2015,11,29,10,0.000000,0.000000,0.000000,65.876440,24.264660,110.180279
7979,2015,11,29,11,0.000000,0.000000,0.000000,77.107526,21.356966,103.157422
7980,2015,11,29,12,0.000000,0.000000,0.000000,81.897099,18.348119,96.834225
7981,2015,11,29,13,0.000000,0.000000,0.000000,78.777783,12.373523,89.500497
7982,2015,11,29,14,0.000000,0.000000,0.000000,80.244897,14.602097,84.860129
7983,2015,11,29,15,0.000000,0.000000,0.000000,82.356526,22.634066,88.237221
7984,2015,11,29,16,0.000000,0.000000,0.000000,85.888247,35.390947,95.396930
7985,2015,11,29,17,0.000000,0.000000,0.000000,82.829943,48.066103,107.225337
7986,2015,11,29,18,0.000000,0.000000,0.000000,74.226289,56.649369,118.442758
7987,2015,11,29,19,0.000000,0.000000,0.000000,57.749214,61.998994,127.281259
7988,2015,11,29,20,0.000000,0.000000,0.000000,58.533444,71.267564,137.470486
7989,2015,11,29,21,0.000000,0.000000,0.000000,60.812435,73.608855,140.799874
7990,2015,11,29,22,0.000000,0.000000,0.000000,53.056538,66.514718,133.546890
7991,2015,11,29,23,0.000000,0.000000,0.000000,50.928769,64.214089,129.903185
7992,2015,11,29,24,0.000000,0.000000,0.000000,60.642718,72.307138,135.290918
7993,2015,11,30,1,0.000000,0.000000,0.000000,57.662821,69.083961,130.182415
7994,2015,11,30,2,0.000000,0.000000,0.000000,61.875736,73.413436,136.343582
7995,2015,11,30,3,0.000000,0.000000,0.000000,49.063581,62.427081,127.781108
7996,2015,11,30,4,0.000000,0.000000,0.000000,39.684625,54.884165,123.844020
7997,2015,11,30,5,0.000000,0.000000,0.000000,46.513108,61.026068,129.744624
7998,2015,11,30,6,0.000000,0.000000,0.000000,60.405560,73.847020,143.267561
7999,2015,11,30,7,0.000000,0.000000,0.000000,84.827260,87.416520,159.019560
8000,2015,11,30,8,0.000000,0.000000,0.000000,94.720790,78.654010,152.816080
8001,2015,11,30,9,0.000000,0.000000,0.000000,103.226412,70.408852,146.886602
8002,2015,11,30,10,0.000000,0.000000,0.000000,103.888011,57.769371,139.830361
8003,2015,11,30,11,0.000000,0.000000,0.000000,103.823319,46.826439,132.962318
8004,2015,11,30,12,0.000000,0.000000,0.000000,100.299306,37.578366,125.234688
8005,2015,11,30,13,0.000000,0.000000,0.000000,101.485773,35.521433,121.830777
8006,2015,11,30,14,0.000000,0.000000,0.000000,101.594589,37.493689,120.521919
8007,2015,11,30,15,0.000000,0.000000,0.000000,100.558079,42.566879,120.585171
8008,2015,11,30,16,0.000000,0.000000,0.000000,103.257053,54.557433,126.944511
8009,2015,11,30,17,0.000000,0.000000,0.000000,104.558935,69.443075,134.554567
8010,2015,11,30,18,0.000000,0.000000,0.000000,101.351893,80.096953,137.446138
8011,2015,11,30,19,0.000000,0.000000,0.000000,97.408638,93.229758,140.826744
8012,2015,11,30,20,0.000000,0.000000,0.000000,98.534676,101.399916,144.750688
8013,2015,11,30,21,0.000000,0.000000,0.000000,84.577164,91.545864,145.290152
8014,2015,11,30,22,0.000000,0.000000,0.000000,75.102209,82.692409,135.557212
8015,2015,11,30,23,0.000000,0.000000,0.000000,68.003671,76.284851,129.317068
8016,2015,11,30,24,0.000000,0.000000,0.000000,69.414890,78.805950,136.378134
8017,2015,12,1,1,0.000000,0.000000,0.000000,65.552341,74.576741,129.516988
8018,2015,12,1,2,0.000000,0.000000,0.000000,68.165957,77.836797,136.018530
8019,2015,12,1,3,0.000000,0.000000,0.000000,57.767536,68.889136,128.924181
8020,2015,12,1,4,0.000000,0.000000,0.000000,54.307048,65.929448,126.647264
8021,2015,12,1,5,0.000000,0.000000,0.000000,58.828002,70.461382,132.726443
8022,2015,12,1,6,0.000000,0.000000,0.000000,75.073404,78.631724,143.770032
8023,2015,12,1,7,0.000000,0.000000,0.000000,98.795951,84.164031,158.178974
8024,2015,12,1,8,0.000000,0.000000,0.000000,112.453557,80.929877,155.077569
8025,2015,12,1,9,0.000000,0.000000,0.000000,110.571050,66.900310,150.014614
8026,2015,12,1,10,0.000000,0.000000,0.000000,103.926944,51.211464,142.930352
8027,2015,12,1,11,0.000000,0.000000,0.000000,102.674136,43.508176,138.224368
8028,2015,12,1,12,0.000000,0.000000,0.000000,98.409038,37.352218,133.863557
8029,2015,12,1,13,0.000000,0.000000,0.000000,95.905230,34.983370,131.154960
8030,2015,12,1,14,0.000000,0.000000,0.000000,93.856918,39.585498,132.392597
8031,2015,12,1,15,0.000000,0.000000,0.000000,91.310395,45.950975,133.369900
8032,2015,12,1,16,0.000000,0.000000,0.000000,92.747036,59.770576,142.322568
8033,2015,12,1,17,0.000000,0.000000,0.000000,91.762700,73.920220,150.735360
8034,2015,12,1,18,0.000000,0.000000,0.000000,88.821700,85.496480,153.661239
8035,2015,12,1,19,0.000000,0.000000,0.000000,85.579817,94.078117,153.765156
8036,2015,12,1,20,0.000000,0.000000,0.000000,98.702651,103.739211,155.107482
8037,2015,12,1,21,0.000000,0.000000,0.000000,102.376792,106.666112,156.519216
8038,2015,12,1,22,0.000000,0.000000,0.000000,94.996309,99.055609,145.605145
8039,2015,12,1,23,0.000000,0.000000,0.000000,89.380418,93.485538,138.331118
8040,2015,12,1,24,0.000000,0.000000,0.000000,95.863392,98.880352,141.897003
8041,2015,12,2,1,0.000000,0.000000,0.000000,96.200264,97.767864,135.582485
8042,2015,12,2,2,0.000000,0.000000,0.000000,102.666476,103.400296,140.313127
8043,2015,12,2,3,0.000000,0.000000,0.000000,97.385516,98.181096,133.560061
8044,2015,12,2,4,0.000000,0.000000,0.000000,92.899282,94.247782,130.158710
8045,2015,12,2,5,0.000000,0.000000,0.000000,90.943095,93.616635,133.733980
8046,2015,12,2,6,0.000000,0.000000,0.000000,91.501355,90.466935,144.241181
8047,2015,12,2,7,0.000000,0.000000,0.000000,103.684861,87.402741,156.996589
8048,2015,12,2,8,0.000000,0.000000,0.000000,104.736984,75.233204,154.215005
8049,2015,12,2,9,0.000000,0.000000,0.000000,98.492718,58.382818,150.527424
8050,2015,12,2,10,0.000000,0.000000,0.000000,96.239662,46.694242,147.474255
8051,2015,12,2,11,0.000000,0.000000,0.000000,90.084913,35.807693,144.252857
8052,2015,12,2,12,0.000000,0.000000,0.000000,85.584500,30.327400,143.829533
8053,2015,12,2,13,0.000000,0.000000,0.000000,81.132055,26.741595,141.937260
8054,2015,12,2,14,0.000000,0.000000,0.000000,82.877975,34.412855,144.850074
8055,2015,12,2,15,0.000000,0.000000,0.000000,86.111826,45.621626,149.161501
8056,2015,12,2,16,0.000000,0.000000,0.000000,90.482292,61.517632,158.024643
8057,2015,12,2,17,0.000000,0.000000,0.000000,95.290857,79.803857,166.431810
8058,2015,12,2,18,0.000000,0.000000,0.000000,89.636649,89.127969,167.891692
8059,2015,12,2,19,0.000000,0.000000,0.000000,80.863362,93.566342,167.098390
8060,2015,12,2,20,0.000000,0.000000,0.000000,90.705389,100.332709,165.868012
8061,2015,12,2,21,0.000000,0.000000,0.000000,89.719045,99.029765,163.075420
8062,2015,12,2,22,0.000000,0.000000,0.000000,85.590134,92.997974,148.690099
8063,2015,12,2,23,0.000000,0.000000,0.000000,82.913639,89.152899,139.668065
8064,2015,12,2,24,0.000000,0.000000,0.000000,74.598007,83.657587,141.742050
8065,2015,12,3,1,0.000000,0.000000,0.000000,58.721686,70.203106,131.875542
8066,2015,12,3,2,0.000000,0.000000,0.000000,59.609871,71.570551,135.296335
8067,2015,12,3,3,0.000000,0.000000,0.000000,38.195850,54.269790,125.939520
8068,2015,12,3,4,0.000000,0.000000,0.000000,47.505239,59.955339,121.440785
8069,2015,12,3,5,0.000000,0.000000,0.000000,29.166869,47.829169,125.979892
8070,2015,12,3,6,0.000000,0.000000,0.000000,37.541427,50.267787,136.511583
8071,2015,12,3,7,0.000000,0.000000,0.000000,54.009746,50.268446,149.286928
8072,2015,12,3,8,0.000000,0.000000,0.000000,68.012366,48.161966,150.297954
8073,2015,12,3,9,0.000000,0.000000,0.000000,93.320473,54.466893,149.493924
8074,2015,12,3,10,0.000000,0.000000,0.000000,105.773913,53.804953,148.876738
8075,2015,12,3,11,0.000000,0.000000,0.000000,90.716633,36.496493,145.361524
8076,2015,12,3,12,0.000000,0.000000,0.000000,83.459594,27.731854,138.800005
8077,2015,12,3,13,0.000000,0.000000,0.000000,93.014747,35.378207,142.632476
8078,2015,12,3,14,0.000000,0.000000,0.000000,103.881680,49.805360,146.669414
8079,2015,12,3,15,0.000000,0.000000,0.000000,101.380753,55.416653,143.975204
8080,2015,12,3,16,0.000000,0.000000,0.000000,99.998753,65.799313,146.284284
8081,2015,12,3,17,0.000000,0.000000,0.000000,96.542099,77.026579,149.300371
8082,2015,12,3,18,0.000000,0.000000,0.000000,98.237632,91.471632,150.158843
8083,2015,12,3,19,0.000000,0.000000,0.000000,97.648288,102.169828,151.298238
8084,2015,12,3,20,0.000000,0.000000,0.000000,102.484611,105.271691,149.652522
8085,2015,12,3,21,0.000000,0.000000,0.000000,91.835467,96.985047,146.478663
8086,2015,12,3,22,0.000000,0.000000,0.000000,85.676118,90.350018,136.046357
8087,2015,12,3,23,0.000000,0.000000,0.000000,83.352471,87.670711,131.288415
8088,2015,12,3,24,0.000000,0.000000,0.000000,86.955268,91.472128,137.019037
8089,2015,12,4,1,0.000000,0.000000,0.000000,78.245653,83.516773,128.926098
8090,2015,12,4,2,0.000000,0.000000,0.000000,82.031346,87.377226,134.322568
8091,2015,12,4,3,0.000000,0.000000,0.000000,72.189401,78.674041,126.514188
8092,2015,12,4,4,0.000000,0.000000,0.000000,71.231537,77.260557,123.110810
8093,2015,12,4,5,0.000000,0.000000,0.000000,73.908504,79.892664,126.470752
8094,2015,12,4,6,0.000000,0.000000,0.000000,87.654433,86.363693,137.915791
8095,2015,12,4,7,0.000000,0.000000,0.000000,102.965031,85.067791,148.499588
8096,2015,12,4,8,0.000000,0.000000,0.000000,113.639497,80.300337,148.186583
8097,2015,12,4,9,0.000000,0.000000,0.000000,120.067578,72.889578,146.309437
8098,2015,12,4,10,0.000000,0.000000,0.000000,120.116316,62.484896,141.575128
8099,2015,12,4,11,0.000000,0.000000,0.000000,120.294486,55.838466,137.031221
8100,2015,12,4,12,0.000000,0.000000,0.000000,115.957375,49.338895,131.306927
8101,2015,12,4,13,0.000000,0.000000,0.000000,111.239913,45.210553,127.766205
8102,2015,12,4,14,0.000000,0.000000,0.000000,110.038543,50.362063,128.744484
8103,2015,12,4,15,0.000000,0.000000,0.000000,106.656501,56.557661,131.714081
8104,2015,12,4,16,0.000000,0.000000,0.000000,107.446035,70.037295,141.237260
8105,2015,12,4,17,0.000000,0.000000,0.000000,107.353141,84.864201,149.839135
8106,2015,12,4,18,0.000000,0.000000,0.000000,92.535847,88.189147,153.846529
8107,2015,12,4,19,0.000000,0.000000,0.000000,77.877071,88.807991,154.847055
8108,2015,12,4,20,0.000000,0.000000,0.000000,68.136754,82.310034,156.990979
8109,2015,12,4,21,0.000000,0.000000,0.000000,60.466525,76.809725,156.890300
8110,2015,12,4,22,0.000000,0.000000,0.000000,55.143613,71.042373,147.719030
8111,2015,12,4,23,0.000000,0.000000,0.000000,50.624523,66.691583,142.478977
8112,2015,12,4,24,0.000000,0.000000,0.000000,49.334855,66.928455,147.883273
8113,2015,12,5,1,0.000000,0.000000,0.000000,38.183116,56.840216,137.977287
8114,2015,12,5,2,0.000000,0.000000,0.000000,44.215669,62.149929,142.647439
8115,2015,12,5,3,0.000000,0.000000,0.000000,37.159487,55.284267,134.128289
8116,2015,12,5,4,0.000000,0.000000,0.000000,30.413476,49.289996,128.641728
8117,2015,12,5,5,0.000000,0.000000,0.000000,30.645886,49.526486,128.970648
8118,2015,12,5,6,0.000000,0.000000,0.000000,35.328892,47.185092,129.500790
8119,2015,12,5,7,0.000000,0.000000,0.000000,46.889891,41.350271,131.401628
8120,2015,12,5,8,0.000000,0.000000,0.000000,63.124596,40.526196,130.956928
8121,2015,12,5,9,0.000000,0.000000,0.000000,89.044956,46.786276,127.902768
8122,2015,12,5,10,0.000000,0.000000,0.000000,91.035943,37.312083,121.036577
8123,2015,12,5,11,0.000000,0.000000,0.000000,88.683997,28.280157,113.794076
8124,2015,12,5,12,0.000000,0.000000,0.000000,86.013890,22.751190,107.042587
8125,2015,12,5,13,0.000000,0.000000,0.000000,82.650925,19.078905,101.115140
8126,2015,12,5,14,0.000000,0.000000,0.000000,79.238753,22.180553,99.896737
8127,2015,12,5,15,0.000000,0.000000,0.000000,81.426978,32.025238,101.327851
8128,2015,12,5,16,0.000000,0.000000,0.000000,82.745671,45.534191,109.223988
8129,2015,12,5,17,0.000000,0.000000,0.000000,85.142135,62.418135,119.127513
8130,2015,12,5,18,0.000000,0.000000,0.000000,85.288591,77.377051,127.547601
8131,2015,12,5,19,0.000000,0.000000,0.000000,88.668620,92.010060,133.818213
8132,2015,12,5,20,0.000000,0.000000,0.000000,99.452636,100.192796,136.057595
8133,2015,12,5,21,0.000000,0.000000,0.000000,95.615711,98.202811,139.560747
8134,2015,12,5,22,0.000000,0.000000,0.000000,91.733343,94.412303,134.812937
8135,2015,12,5,23,0.000000,0.000000,0.000000,88.466128,91.317308,131.260344
8136,2015,12,5,24,0.000000,0.000000,0.000000,89.036921,92.446961,134.629414
8137,2015,12,6,1,0.000000,0.000000,0.000000,82.756417,86.270157,126.739343
8138,2015,12,6,2,0.000000,0.000000,0.000000,86.002788,89.601088,131.462451
8139,2015,12,6,3,0.000000,0.000000,0.000000,79.067901,82.916001,123.381668
8140,2015,12,6,4,0.000000,0.000000,0.000000,74.730697,78.675457,118.049810
8141,2015,12,6,5,0.000000,0.000000,0.000000,75.012193,78.640173,116.946831
8142,2015,12,6,6,0.000000,0.000000,0.000000,78.781815,74.988795,114.408327
8143,2015,12,6,7,0.000000,0.000000,0.000000,82.074719,62.438479,112.530506
8144,2015,12,6,8,0.000000,0.000000,0.000000,86.002283,52.659623,111.320631
8145,2015,12,6,9,0.000000,0.000000,0.000000,95.905839,47.758139,109.568519
8146,2015,12,6,10,0.000000,0.000000,0.000000,98.728557,40.010117,107.985356
8147,2015,12,6,11,0.000000,0.000000,0.000000,99.186271,33.987231,105.419508
8148,2015,12,6,12,0.000000,0.000000,0.000000,93.843851,26.963191,100.598721
8149,2015,12,6,13,0.000000,0.000000,0.000000,91.236139,24.112619,95.988425
8150,2015,12,6,14,0.000000,0.000000,0.000000,88.786318,28.268718,96.482958
8151,2015,12,6,15,0.000000,0.000000,0.000000,87.332016,36.268516,101.446355
8152,2015,12,6,16,0.000000,0.000000,0.000000,94.472942,54.771062,113.238483
8153,2015,12,6,17,0.000000,0.000000,0.000000,100.058279,74.491539,125.749585
8154,2015,12,6,18,0.000000,0.000000,0.000000,102.768417,91.808697,136.629196
8155,2015,12,6,19,0.000000,0.000000,0.000000,102.480852,103.628432,141.996509
8156,2015,12,6,20,0.000000,0.000000,0.000000,105.881666,106.078226,142.092835
8157,2015,12,6,21,0.000000,0.000000,0.000000,106.036461,106.868161,145.263215
8158,2015,12,6,22,0.000000,0.000000,0.000000,95.022161,97.224761,136.975015
8159,2015,12,6,23,0.000000,0.000000,0.000000,83.535308,87.760448,131.097731
8160,2015,12,6,24,0.000000,0.000000,0.000000,78.844089,85.176829,134.678239
8161,2015,12,7,1,0.000000,0.000000,0.000000,66.067533,74.991593,129.735657
8162,2015,12,7,2,0.000000,0.000000,0.000000,68.956744,78.386704,135.948806
8163,2015,12,7,3,0.000000,0.000000,0.000000,59.572635,69.913715,127.688553
8164,2015,12,7,4,0.000000,0.000000,0.000000,65.083553,73.457413,125.856084
8165,2015,12,7,5,0.000000,0.000000,0.000000,69.980631,77.903771,130.282161
8166,2015,12,7,6,0.000000,0.000000,0.000000,79.910328,81.362328,140.389771
8167,2015,12,7,7,0.000000,0.000000,0.000000,103.798291,86.699491,153.336655
8168,2015,12,7,8,0.000000,0.000000,0.000000,115.797247,82.652167,151.969290
8169,2015,12,7,9,0.000000,0.000000,0.000000,124.914009,77.109949,149.849732
8170,2015,12,7,10,0.000000,0.000000,0.000000,128.755905,69.555905,145.774541
8171,2015,12,7,11,0.000000,0.000000,0.000000,127.694032,62.094032,141.558709
8172,2015,12,7,12,0.000000,0.000000,0.000000,125.224964,57.224964,137.216618
8173,2015,12,7,13,0.000000,0.000000,0.000000,122.677944,54.677944,133.820591
8174,2015,12,7,14,0.000000,0.000000,0.000000,122.037220,60.437220,135.766293
8175,2015,12,7,15,0.000000,0.000000,0.000000,120.359532,67.710632,138.084509
8176,2015,12,7,16,0.000000,0.000000,0.000000,121.359805,80.864665,145.385754
8177,2015,12,7,17,0.000000,0.000000,0.000000,122.388254,96.335394,153.254325
8178,2015,12,7,18,0.000000,0.000000,0.000000,118.602970,107.131290,155.352787
8179,2015,12,7,19,0.000000,0.000000,0.000000,112.738427,113.815947,155.346329
8180,2015,12,7,20,0.000000,0.000000,0.000000,113.249148,114.354188,156.155718
8181,2015,12,7,21,0.000000,0.000000,0.000000,113.755896,114.665756,155.920541
8182,2015,12,7,22,0.000000,0.000000,0.000000,98.173394,101.201874,145.030766
8183,2015,12,7,23,0.000000,0.000000,0.000000,71.929034,81.014994,138.306526
8184,2015,12,7,24,0.000000,0.000000,0.000000,66.365140,78.092160,143.212947
8185,2015,12,8,1,0.000000,0.000000,0.000000,84.803805,89.439525,134.705100
8186,2015,12,8,2,0.000000,0.000000,0.000000,83.390456,89.705996,140.659795
8187,2015,12,8,3,0.000000,0.000000,0.000000,51.957756,65.477536,132.369315
8188,2015,12,8,4,0.000000,0.000000,0.000000,36.204782,53.614342,129.517656
8189,2015,12,8,5,0.000000,0.000000,0.000000,37.735439,55.694639,134.123518
8190,2015,12,8,6,0.000000,0.000000,0.000000,46.728590,58.835390,145.869854
8191,2015,12,8,7,0.000000,0.000000,0.000000,64.986158,60.116018,158.654224
8192,2015,12,8,8,0.000000,0.000000,0.000000,76.842749,55.597969,155.564693
8193,2015,12,8,9,0.000000,0.000000,0.000000,100.000761,59.995321,153.025629
8194,2015,12,8,10,0.000000,0.000000,0.000000,103.498428,51.567268,146.019157
8195,2015,12,8,11,0.000000,0.000000,0.000000,103.815983,44.711403,140.033270
8196,2015,12,8,12,0.000000,0.000000,0.000000,96.584058,36.090418,134.058424
8197,2015,12,8,13,0.000000,0.000000,0.000000,93.138418,31.943258,126.190477
8198,2015,12,8,14,0.000000,0.000000,0.000000,91.091355,36.106435,125.375513
8199,2015,12,8,15,0.000000,0.000000,0.000000,89.760216,43.097656,125.221674
8200,2015,12,8,16,0.000000,0.000000,0.000000,92.762196,58.142716,134.675355
8201,2015,12,8,17,0.000000,0.000000,0.000000,88.558651,69.701631,141.728775
8202,2015,12,8,18,0.000000,0.000000,0.000000,89.206959,84.003739,145.410918
8203,2015,12,8,19,0.000000,0.000000,0.000000,91.554600,97.144460,148.158814
8204,2015,12,8,20,0.000000,0.000000,0.000000,101.993262,104.861622,149.376696
8205,2015,12,8,21,0.000000,0.000000,0.000000,98.884501,103.028421,151.184294
8206,2015,12,8,22,0.000000,0.000000,0.000000,81.074051,88.210571,141.402495
8207,2015,12,8,23,0.000000,0.000000,0.000000,73.497825,81.274465,134.288087
8208,2015,12,8,24,0.000000,0.000000,0.000000,76.972973,85.173993,140.902057
8209,2015,12,9,1,0.000000,0.000000,0.000000,70.207505,78.795285,133.686313
8210,2015,12,9,2,0.000000,0.000000,0.000000,76.450324,84.353644,138.815926
8211,2015,12,9,3,0.000000,0.000000,0.000000,78.323344,83.767084,129.835245
8212,2015,12,9,4,0.000000,0.000000,0.000000,83.121430,86.530670,126.738360
8213,2015,12,9,5,0.000000,0.000000,0.000000,87.795210,90.466170,129.524760
8214,2015,12,9,6,0.000000,0.000000,0.000000,101.298994,96.738314,140.848818
8215,2015,12,9,7,0.000000,0.000000,0.000000,119.354615,97.915715,153.824619
8216,2015,12,9,8,0.000000,0.000000,0.000000,124.011094,88.150054,150.246605
8217,2015,12,9,9,0.000000,0.000000,0.000000,115.816217,69.579677,145.034436
8218,2015,12,9,10,0.000000,0.000000,0.000000,110.826110,54.721350,136.312600
8219,2015,12,9,11,0.000000,0.000000,0.000000,106.856531,44.945991,130.992855
8220,2015,12,9,12,0.000000,0.000000,0.000000,92.905792,31.405892,124.458190
8221,2015,12,9,13,0.000000,0.000000,0.000000,83.236864,23.782084,121.110179
8222,2015,12,9,14,0.000000,0.000000,0.000000,75.889320,24.953040,123.999787
8223,2015,12,9,15,0.000000,0.000000,0.000000,65.024315,25.784035,126.877780
8224,2015,12,9,16,0.000000,0.000000,0.000000,68.052733,40.563013,135.001617
8225,2015,12,9,17,0.000000,0.000000,0.000000,76.467875,61.547655,143.979473
8226,2015,12,9,18,0.000000,0.000000,0.000000,77.394818,75.606358,145.596944
8227,2015,12,9,19,0.000000,0.000000,0.000000,73.270439,84.078739,148.132653
8228,2015,12,9,20,0.000000,0.000000,0.000000,85.757134,93.584914,150.872485
8229,2015,12,9,21,0.000000,0.000000,0.000000,81.279208,91.022848,153.842597
8230,2015,12,9,22,0.000000,0.000000,0.000000,73.684347,84.119227,146.941902
8231,2015,12,9,23,0.000000,0.000000,0.000000,64.967541,76.685181,141.305707
8232,2015,12,9,24,0.000000,0.000000,0.000000,60.210706,73.938486,144.343914
8233,2015,12,10,1,0.000000,0.000000,0.000000,48.506827,63.734207,135.736876
8234,2015,12,10,2,0.000000,0.000000,0.000000,57.647830,71.725890,142.561386
8235,2015,12,10,3,0.000000,0.000000,0.000000,52.883124,66.735964,135.157419
8236,2015,12,10,4,0.000000,0.000000,0.000000,55.042168,67.701468,132.466290
8237,2015,12,10,5,0.000000,0.000000,0.000000,70.187393,78.999933,134.708377
8238,2015,12,10,6,0.000000,0.000000,0.000000,82.686669,84.364989,145.147718
8239,2015,12,10,7,0.000000,0.000000,0.000000,84.219203,72.994183,154.642177
8240,2015,12,10,8,0.000000,0.000000,0.000000,69.423462,49.888322,153.650629
8241,2015,12,10,9,0.000000,0.000000,0.000000,92.021616,53.252016,148.154022
8242,2015,12,10,10,0.000000,0.000000,0.000000,98.397498,46.916178,141.317171
8243,2015,12,10,11,0.000000,0.000000,0.000000,94.251322,36.208762,132.236483
8244,2015,12,10,12,0.000000,0.000000,0.000000,91.424782,30.691282,126.060043
8245,2015,12,10,13,0.000000,0.000000,0.000000,87.329932,27.130992,123.094856
8246,2015,12,10,14,0.000000,0.000000,0.000000,78.884919,26.936319,123.269758
8247,2015,12,10,15,0.000000,0.000000,0.000000,67.427330,26.394370,121.715960
8248,2015,12,10,16,0.000000,0.000000,0.000000,60.301149,33.904069,129.765159
8249,2015,12,10,17,0.000000,0.000000,0.000000,62.633062,50.349862,137.839150
8250,2015,12,10,18,0.000000,0.000000,0.000000,60.643204,63.367624,144.321566
8251,2015,12,10,19,0.000000,0.000000,0.000000,60.155455,74.959635,149.293447
8252,2015,12,10,20,0.000000,0.000000,0.000000,61.502307,76.077467,150.020489
8253,2015,12,10,21,0.000000,0.000000,0.000000,50.746593,68.418993,150.133324
8254,2015,12,10,22,0.000000,0.000000,0.000000,44.273704,61.847724,141.043698
8255,2015,12,10,23,0.000000,0.000000,0.000000,42.012136,58.973896,135.171061
8256,2015,12,10,24,0.000000,0.000000,0.000000,44.262679,61.528899,139.592599
8257,2015,12,11,1,0.000000,0.000000,0.000000,33.942308,52.812388,133.316784
8258,2015,12,11,2,0.000000,0.000000,0.000000,35.717560,55.229660,138.679880
8259,2015,12,11,3,0.000000,0.000000,0.000000,29.565217,49.286697,131.453862
8260,2015,12,11,4,0.000000,0.000000,0.000000,27.972470,47.701690,129.366320
8261,2015,12,11,5,0.000000,0.000000,0.000000,31.848683,51.481943,134.086791
8262,2015,12,11,6,0.000000,0.000000,0.000000,45.051730,57.844630,146.835840
8263,2015,12,11,7,0.000000,0.000000,0.000000,64.686835,60.128935,159.712247
8264,2015,12,11,8,0.000000,0.000000,0.000000,81.262553,58.747253,155.528671
8265,2015,12,11,9,0.000000,0.000000,0.000000,93.099555,53.887755,147.527673
8266,2015,12,11,10,0.000000,0.000000,0.000000,90.702587,41.087287,139.765382
8267,2015,12,11,11,0.000000,0.000000,0.000000,80.657855,26.787435,133.581847
8268,2015,12,11,12,0.000000,0.000000,0.000000,60.981965,8.949385,126.073914
8269,2015,12,11,13,0.000000,0.000000,0.000000,45.228560,-3.287520,121.479706
8270,2015,12,11,14,0.000000,0.000000,0.000000,42.002956,-0.024104,120.394328
8271,2015,12,11,15,0.000000,0.000000,0.000000,40.898868,7.235028,120.733904
8272,2015,12,11,16,0.000000,0.000000,0.000000,42.804124,20.933304,127.558338
8273,2015,12,11,17,0.000000,0.000000,0.000000,48.084194,39.584674,136.097832
8274,2015,12,11,18,0.000000,0.000000,0.000000,44.659213,51.082813,140.272417
8275,2015,12,11,19,0.000000,0.000000,0.000000,44.144838,62.504678,144.539037
8276,2015,12,11,20,0.000000,0.000000,0.000000,44.431346,63.526806,148.353941
8277,2015,12,11,21,0.000000,0.000000,0.000000,45.181838,64.749658,151.558944
8278,2015,12,11,22,0.000000,0.000000,0.000000,41.113878,60.410718,144.870424
8279,2015,12,11,23,0.000000,0.000000,0.000000,38.600397,57.250417,138.500623
8280,2015,12,11,24,0.000000,0.000000,0.000000,41.643950,60.200930,142.124507
8281,2015,12,12,1,0.000000,0.000000,0.000000,32.644879,51.734339,132.610652
8282,2015,12,12,2,0.000000,0.000000,0.000000,37.148651,56.150831,138.208375
8283,2015,12,12,3,0.000000,0.000000,0.000000,30.437640,49.703180,130.489373
8284,2015,12,12,4,0.000000,0.000000,0.000000,25.798145,45.089145,124.422193
8285,2015,12,12,5,0.000000,0.000000,0.000000,28.316476,46.885516,124.410821
8286,2015,12,12,6,0.000000,0.000000,0.000000,29.680297,42.373697,125.876263
8287,2015,12,12,7,0.000000,0.000000,0.000000,38.339897,33.997777,125.589969
8288,2015,12,12,8,0.000000,0.000000,0.000000,45.027180,26.814500,127.293733
8289,2015,12,12,9,0.000000,0.000000,0.000000,49.910237,18.326397,125.539063
8290,2015,12,12,10,0.000000,0.000000,0.000000,51.684765,8.992825,120.050633
8291,2015,12,12,11,0.000000,0.000000,0.000000,51.682114,1.643334,112.828512
8292,2015,12,12,12,0.000000,0.000000,0.000000,51.123573,-2.315007,106.368058
8293,2015,12,12,13,0.000000,0.000000,0.000000,47.982593,-5.659327,101.231163
8294,2015,12,12,14,0.000000,0.000000,0.000000,49.012480,0.832500,101.026733
8295,2015,12,12,15,0.000000,0.000000,0.000000,47.941241,8.802821,104.575695
8296,2015,12,12,16,0.000000,0.000000,0.000000,51.443812,23.798712,112.131283
8297,2015,12,12,17,0.000000,0.000000,0.000000,61.901400,46.520160,122.406080
8298,2015,12,12,18,0.000000,0.000000,0.000000,66.818311,64.958871,131.163695
8299,2015,12,12,19,0.000000,0.000000,0.000000,69.069518,78.704138,137.054251
8300,2015,12,12,20,0.000000,0.000000,0.000000,70.661475,80.403555,139.678340
8301,2015,12,12,21,0.000000,0.000000,0.000000,69.006468,80.398448,145.171198
8302,2015,12,12,22,0.000000,0.000000,0.000000,67.101729,77.788749,139.341732
8303,2015,12,12,23,0.000000,0.000000,0.000000,65.413410,75.177350,132.782933
8304,2015,12,12,24,0.000000,0.000000,0.000000,59.971029,72.099589,136.561319
8305,2015,12,13,1,0.000000,0.000000,0.000000,45.954654,60.126834,127.409712
8306,2015,12,13,2,0.000000,0.000000,0.000000,46.284515,61.473515,132.594686
8307,2015,12,13,3,0.000000,0.000000,0.000000,38.746562,54.608342,125.683723
8308,2015,12,13,4,0.000000,0.000000,0.000000,31.600495,48.235655,119.764741
8309,2015,12,13,5,0.000000,0.000000,0.000000,33.885555,49.816555,119.525406
8310,2015,12,13,6,0.000000,0.000000,0.000000,34.088657,43.703417,117.387089
8311,2015,12,13,7,0.000000,0.000000,0.000000,40.535837,33.438257,115.659075
8312,2015,12,13,8,0.000000,0.000000,0.000000,68.518900,40.985880,115.121107
8313,2015,12,13,9,0.000000,0.000000,0.000000,84.423383,40.193783,112.543044
8314,2015,12,13,10,0.000000,0.000000,0.000000,89.481157,33.845197,110.040396
8315,2015,12,13,11,0.000000,0.000000,0.000000,88.470693,26.159793,104.610057
8316,2015,12,13,12,0.000000,0.000000,0.000000,85.872164,21.117144,99.889458
8317,2015,12,13,13,0.000000,0.000000,0.000000,82.822228,17.921048,95.140797
8318,2015,12,13,14,0.000000,0.000000,0.000000,80.718896,22.014616,94.188555
8319,2015,12,13,15,0.000000,0.000000,0.000000,79.533657,30.029377,98.324903
8320,2015,12,13,16,0.000000,0.000000,0.000000,85.388999,47.048379,107.479106
8321,2015,12,13,17,0.000000,0.000000,0.000000,91.112741,66.726881,119.332975
8322,2015,12,13,18,0.000000,0.000000,0.000000,96.386209,85.659109,129.205145
8323,2015,12,13,19,0.000000,0.000000,0.000000,99.349675,99.983495,135.424060
8324,2015,12,13,20,0.000000,0.000000,0.000000,104.647853,104.647853,139.530471
8325,2015,12,13,21,0.000000,0.000000,0.000000,108.005847,108.005847,144.007796
8326,2015,12,13,22,0.000000,0.000000,0.000000,102.687031,102.687031,136.916042
8327,2015,12,13,23,0.000000,0.000000,0.000000,95.934127,96.415287,130.157583
8328,2015,12,13,24,0.000000,0.000000,0.000000,95.404728,96.689028,133.199703
8329,2015,12,14,1,0.000000,0.000000,0.000000,90.956336,92.193616,127.049088
8330,2015,12,14,2,0.000000,0.000000,0.000000,92.959016,94.844736,132.745381
8331,2015,12,14,3,0.000000,0.000000,0.000000,82.466370,85.700170,125.046227
8332,2015,12,14,4,0.000000,0.000000,0.000000,81.953589,84.680489,121.996986
8333,2015,12,14,5,0.000000,0.000000,0.000000,85.894242,88.455462,126.478016
8334,2015,12,14,6,0.000000,0.000000,0.000000,94.998371,91.339291,136.655455
8335,2015,12,14,7,0.000000,0.000000,0.000000,109.687114,90.394654,150.951339
8336,2015,12,14,8,0.000000,0.000000,0.000000,115.631148,82.301728,150.887570
8337,2015,12,14,9,0.000000,0.000000,0.000000,120.155289,72.960809,146.349479
8338,2015,12,14,10,0.000000,0.000000,0.000000,116.534158,59.915358,141.524477
8339,2015,12,14,11,0.000000,0.000000,0.000000,114.479666,51.651986,136.877047
8340,2015,12,14,12,0.000000,0.000000,0.000000,110.302682,45.258522,131.114162
8341,2015,12,14,13,0.000000,0.000000,0.000000,106.308310,41.616390,127.432120
8342,2015,12,14,14,0.000000,0.000000,0.000000,105.024935,46.871235,129.165979
8343,2015,12,14,15,0.000000,0.000000,0.000000,106.308134,56.492954,132.573339
8344,2015,12,14,16,0.000000,0.000000,0.000000,110.234471,72.157251,141.835601
8345,2015,12,14,17,0.000000,0.000000,0.000000,110.968610,87.447910,149.844879
8346,2015,12,14,18,0.000000,0.000000,0.000000,108.180654,98.894274,151.654432
8347,2015,12,14,19,0.000000,0.000000,0.000000,105.496061,108.109061,152.855414
8348,2015,12,14,20,0.000000,0.000000,0.000000,110.916322,111.838662,152.192683
8349,2015,12,14,21,0.000000,0.000000,0.000000,111.651489,112.754389,154.015519
8350,2015,12,14,22,0.000000,0.000000,0.000000,102.178822,103.560562,142.686550
8351,2015,12,14,23,0.000000,0.000000,0.000000,95.628301,97.064501,134.206669
8352,2015,12,14,24,0.000000,0.000000,0.000000,99.370248,100.835468,139.331357
8353,2015,12,15,1,0.000000,0.000000,0.000000,96.384287,97.005747,131.412529
8354,2015,12,15,2,0.000000,0.000000,0.000000,99.392581,99.925521,135.010494
8355,2015,12,15,3,0.000000,0.000000,0.000000,91.822553,92.601213,126.063817
8356,2015,12,15,4,0.000000,0.000000,0.000000,84.900256,87.089316,123.415955
8357,2015,12,15,5,0.000000,0.000000,0.000000,82.850579,86.741079,128.623106
8358,2015,12,15,6,0.000000,0.000000,0.000000,85.852649,85.413369,139.486891
8359,2015,12,15,7,0.000000,0.000000,0.000000,103.347653,85.998733,151.568577
8360,2015,12,15,8,0.000000,0.000000,0.000000,112.107872,79.930832,151.567643
8361,2015,12,15,9,0.000000,0.000000,0.000000,111.651959,67.705799,150.170532
8362,2015,12,15,10,0.000000,0.000000,0.000000,113.121719,58.768639,147.547919
8363,2015,12,15,11,0.000000,0.000000,0.000000,112.029464,51.884184,146.127978
8364,2015,12,15,12,0.000000,0.000000,0.000000,105.877948,44.707488,143.291784
8365,2015,12,15,13,0.000000,0.000000,0.000000,98.601034,39.290894,142.270725
8366,2015,12,15,14,0.000000,0.000000,0.000000,94.461885,43.154905,147.033273
8367,2015,12,15,15,0.000000,0.000000,0.000000,97.463123,55.033343,155.245190
8368,2015,12,15,16,0.000000,0.000000,0.000000,98.544645,69.144085,166.740246
8369,2015,12,15,17,0.000000,0.000000,0.000000,97.805331,84.082011,178.014947
8370,2015,12,15,18,0.000000,0.000000,0.000000,94.488655,95.535415,181.619753
8371,2015,12,15,19,0.000000,0.000000,0.000000,79.975887,95.569247,179.403529
8372,2015,12,15,20,0.000000,0.000000,0.000000,82.719550,96.451050,174.373066
8373,2015,12,15,21,0.000000,0.000000,0.000000,95.009826,104.653906,171.685474
8374,2015,12,15,22,0.000000,0.000000,0.000000,79.304589,90.249689,156.816585
8375,2015,12,15,23,0.000000,0.000000,0.000000,58.198596,72.653256,145.053208
8376,2015,12,15,24,0.000000,0.000000,0.000000,50.116358,66.901598,145.152930
8377,2015,12,16,1,0.000000,0.000000,0.000000,43.905158,60.489418,135.933424
8378,2015,12,16,2,0.000000,0.000000,0.000000,44.044148,61.085888,138.253651
8379,2015,12,16,3,0.000000,0.000000,0.000000,36.778711,53.741211,128.196615
8380,2015,12,16,4,0.000000,0.000000,0.000000,44.852370,58.700050,124.425667
8381,2015,12,16,5,0.000000,0.000000,0.000000,57.229639,68.298699,127.961799
8382,2015,12,16,6,0.000000,0.000000,0.000000,69.460420,73.225120,137.249160
8383,2015,12,16,7,0.000000,0.000000,0.000000,85.031220,72.952000,151.738599
8384,2015,12,16,8,0.000000,0.000000,0.000000,95.087117,68.871357,156.692610
8385,2015,12,16,9,0.000000,0.000000,0.000000,115.884737,73.534857,163.263542
8386,2015,12,16,10,0.000000,0.000000,0.000000,122.180590,69.555290,167.689387
8387,2015,12,16,11,0.000000,0.000000,0.000000,136.632390,74.965610,171.831546
8388,2015,12,16,12,0.000000,0.000000,0.000000,144.142558,78.467738,173.290918
8389,2015,12,16,13,0.000000,0.000000,0.000000,153.485320,86.287560,178.640879
8390,2015,12,16,14,0.000000,0.000000,0.000000,160.657748,99.589148,189.740197
8391,2015,12,16,15,0.000000,0.000000,0.000000,161.604052,110.425152,199.937203
8392,2015,12,16,16,0.000000,0.000000,0.000000,168.094066,128.427806,211.566208
8393,2015,12,16,17,0.000000,0.000000,0.000000,171.277067,145.779987,221.033050
8394,2015,12,16,18,0.000000,0.000000,0.000000,167.338393,156.253813,222.139818
8395,2015,12,16,19,0.000000,0.000000,0.000000,162.332778,163.179018,220.392824
8396,2015,12,16,20,0.000000,0.000000,0.000000,158.432273,158.672493,212.364057
8397,2015,12,16,21,0.000000,0.000000,0.000000,152.607768,152.607768,203.477024
8398,2015,12,16,22,0.000000,0.000000,0.000000,126.193123,128.516103,179.098071
8399,2015,12,16,23,0.000000,0.000000,0.000000,93.909521,100.980981,158.212841
8400,2015,12,16,24,0.000000,0.000000,0.000000,74.720149,86.825649,156.119199
8401,2015,12,17,1,0.000000,0.000000,0.000000,54.198534,69.386074,143.139899
8402,2015,12,17,2,0.000000,0.000000,0.000000,49.824088,66.495988,144.234317
8403,2015,12,17,3,0.000000,0.000000,0.000000,43.172744,59.447244,133.511326
8404,2015,12,17,4,0.000000,0.000000,0.000000,30.226557,49.692497,131.143129
8405,2015,12,17,5,0.000000,0.000000,0.000000,32.218831,52.188951,136.152335
8406,2015,12,17,6,0.000000,0.000000,0.000000,45.622029,58.514229,148.059638
8407,2015,12,17,7,0.000000,0.000000,0.000000,77.169401,69.517481,161.916908
8408,2015,12,17,8,0.000000,0.000000,0.000000,70.137623,53.028103,165.922403
8409,2015,12,17,9,0.000000,0.000000,0.000000,75.208357,45.432717,167.708156
8410,2015,12,17,10,0.000000,0.000000,0.000000,81.509039,39.095339,161.114785
8411,2015,12,17,11,0.000000,0.000000,0.000000,80.691330,31.435370,155.160627
8412,2015,12,17,12,0.000000,0.000000,0.000000,82.689757,29.037497,147.459129
8413,2015,12,17,13,0.000000,0.000000,0.000000,89.164741,32.495681,142.014042
8414,2015,12,17,14,0.000000,0.000000,0.000000,90.324343,39.014903,141.505070
8415,2015,12,17,15,0.000000,0.000000,0.000000,94.233057,49.617577,140.738503
8416,2015,12,17,16,0.000000,0.000000,0.000000,94.826977,62.326057,147.315010
8417,2015,12,17,17,0.000000,0.000000,0.000000,100.914175,80.931435,152.949447
8418,2015,12,17,18,0.000000,0.000000,0.000000,97.343040,91.950880,155.377306
8419,2015,12,17,19,0.000000,0.000000,0.000000,93.482421,100.137281,155.699241
8420,2015,12,17,20,0.000000,0.000000,0.000000,81.029593,91.055893,154.828857
8421,2015,12,17,21,0.000000,0.000000,0.000000,70.133759,82.956799,153.352532
8422,2015,12,17,22,0.000000,0.000000,0.000000,67.215404,79.041084,144.807046
8423,2015,12,17,23,0.000000,0.000000,0.000000,61.597543,73.985163,139.938951
8424,2015,12,17,24,0.000000,0.000000,0.000000,62.534216,75.897256,145.739809
8425,2015,12,18,1,0.000000,0.000000,0.000000,53.734514,68.061154,138.503673
8426,2015,12,18,2,0.000000,0.000000,0.000000,55.823002,70.528962,143.058483
8427,2015,12,18,3,0.000000,0.000000,0.000000,46.455950,61.910930,134.064506
8428,2015,12,18,4,0.000000,0.000000,0.000000,43.539415,59.321295,131.701327
8429,2015,12,18,5,0.000000,0.000000,0.000000,45.316865,61.215605,134.616607
8430,2015,12,18,6,0.000000,0.000000,0.000000,57.029735,66.095495,145.413194
8431,2015,12,18,7,0.000000,0.000000,0.000000,74.379083,65.901363,154.342751
8432,2015,12,18,8,0.000000,0.000000,0.000000,79.754560,56.426900,149.727001
8433,2015,12,18,9,0.000000,0.000000,0.000000,90.065841,50.715701,142.837135
8434,2015,12,18,10,0.000000,0.000000,0.000000,92.767340,42.406560,139.039480
8435,2015,12,18,11,0.000000,0.000000,0.000000,81.459673,27.132393,132.518924
8436,2015,12,18,12,0.000000,0.000000,0.000000,71.024176,15.802136,124.579381
8437,2015,12,18,13,0.000000,0.000000,0.000000,60.118055,7.137435,120.497847
8438,2015,12,18,14,0.000000,0.000000,0.000000,53.863824,8.925784,122.624245
8439,2015,12,18,15,0.000000,0.000000,0.000000,48.020167,13.381107,125.677942
8440,2015,12,18,16,0.000000,0.000000,0.000000,47.927619,25.621059,132.356212
8441,2015,12,18,17,0.000000,0.000000,0.000000,48.330361,40.468261,139.400682
8442,2015,12,18,18,0.000000,0.000000,0.000000,49.335720,55.113240,143.492720
8443,2015,12,18,19,0.000000,0.000000,0.000000,49.394695,66.678635,146.517980
8444,2015,12,18,20,0.000000,0.000000,0.000000,44.948273,63.604173,146.991897
8445,2015,12,18,21,0.000000,0.000000,0.000000,47.482094,66.166154,150.501738
8446,2015,12,18,22,0.000000,0.000000,0.000000,40.483373,59.188833,141.269977
8447,2015,12,18,23,0.000000,0.000000,0.000000,37.748626,56.528826,137.972435
8448,2015,12,18,24,0.000000,0.000000,0.000000,41.986518,60.607118,142.878157
8449,2015,12,19,1,0.000000,0.000000,0.000000,37.254280,55.752200,135.995999
8450,2015,12,19,2,0.000000,0.000000,0.000000,40.783049,59.434529,141.417639
8451,2015,12,19,3,0.000000,0.000000,0.000000,35.416999,53.611519,132.130425
8452,2015,12,19,4,0.000000,0.000000,0.000000,34.741831,52.074491,127.208188
8453,2015,12,19,5,0.000000,0.000000,0.000000,39.106588,55.250108,127.478543
8454,2015,12,19,6,0.000000,0.000000,0.000000,48.277706,56.145646,128.153994
8455,2015,12,19,7,0.000000,0.000000,0.000000,67.888624,55.853284,129.086579
8456,2015,12,19,8,0.000000,0.000000,0.000000,84.882043,55.574003,128.655204
8457,2015,12,19,9,0.000000,0.000000,0.000000,100.805443,54.227583,123.427244
8458,2015,12,19,10,0.000000,0.000000,0.000000,102.789830,44.935390,117.432387
8459,2015,12,19,11,0.000000,0.000000,0.000000,102.262095,37.656675,112.290833
8460,2015,12,19,12,0.000000,0.000000,0.000000,98.723094,31.531874,105.655099
8461,2015,12,19,13,0.000000,0.000000,0.000000,95.006526,27.548526,99.454702
8462,2015,12,19,14,0.000000,0.000000,0.000000,92.733555,31.538275,98.583433
8463,2015,12,19,15,0.000000,0.000000,0.000000,92.027729,39.641049,101.532466
8464,2015,12,19,16,0.000000,0.000000,0.000000,95.243906,54.766786,110.648647
8465,2015,12,19,17,0.000000,0.000000,0.000000,99.278814,73.246534,122.537778
8466,2015,12,19,18,0.000000,0.000000,0.000000,100.560882,89.197182,131.800576
8467,2015,12,19,19,0.000000,0.000000,0.000000,98.106077,99.645117,137.990290
8468,2015,12,19,20,0.000000,0.000000,0.000000,104.748617,104.748617,139.664823
8469,2015,12,19,21,0.000000,0.000000,0.000000,109.158556,109.158556,145.544741
8470,2015,12,19,22,0.000000,0.000000,0.000000,104.984043,104.984043,139.978724
8471,2015,12,19,23,0.000000,0.000000,0.000000,103.082421,103.082421,137.443228
8472,2015,12,19,24,0.000000,0.000000,0.000000,104.246788,104.475368,140.062424
8473,2015,12,20,1,0.000000,0.000000,0.000000,95.111165,95.923365,130.605154
8474,2015,12,20,2,0.000000,0.000000,0.000000,97.847560,99.158080,136.579173
8475,2015,12,20,3,0.000000,0.000000,0.000000,86.815610,89.371770,127.682893
8476,2015,12,20,4,0.000000,0.000000,0.000000,78.095131,81.890291,121.837588
8477,2015,12,20,5,0.000000,0.000000,0.000000,78.421638,81.775138,120.211850
8478,2015,12,20,6,0.000000,0.000000,0.000000,79.984315,76.727595,118.514394
8479,2015,12,20,7,0.000000,0.000000,0.000000,87.326746,67.507306,118.678275
8480,2015,12,20,8,0.000000,0.000000,0.000000,92.649822,59.055622,119.010162
8481,2015,12,20,9,0.000000,0.000000,0.000000,99.070885,51.741325,117.606566
8482,2015,12,20,10,0.000000,0.000000,0.000000,95.579834,38.114274,109.633832
8483,2015,12,20,11,0.000000,0.000000,0.000000,96.464333,32.687513,108.427284
8484,2015,12,20,12,0.000000,0.000000,0.000000,95.565304,28.844684,103.640845
8485,2015,12,20,13,0.000000,0.000000,0.000000,93.621047,26.725047,100.230062
8486,2015,12,20,14,0.000000,0.000000,0.000000,91.201058,30.794918,100.222758
8487,2015,12,20,15,0.000000,0.000000,0.000000,91.903351,40.045371,103.833894
8488,2015,12,20,16,0.000000,0.000000,0.000000,94.939294,54.992174,112.715831
8489,2015,12,20,17,0.000000,0.000000,0.000000,98.901560,73.235080,123.741840
8490,2015,12,20,18,0.000000,0.000000,0.000000,101.703472,90.408672,133.645563
8491,2015,12,20,19,0.000000,0.000000,0.000000,102.444124,103.189604,140.071072
8492,2015,12,20,20,0.000000,0.000000,0.000000,107.037399,107.037399,142.716531
8493,2015,12,20,21,0.000000,0.000000,0.000000,110.807849,110.807849,147.743799
8494,2015,12,20,22,0.000000,0.000000,0.000000,105.951562,105.951562,141.268749
8495,2015,12,20,23,0.000000,0.000000,0.000000,101.790438,101.790438,135.720583
8496,2015,12,20,24,0.000000,0.000000,0.000000,103.259687,103.471527,138.668170
8497,2015,12,21,1,0.000000,0.000000,0.000000,96.475046,96.998126,131.074435
8498,2015,12,21,2,0.000000,0.000000,0.000000,98.849155,99.827935,136.366513
8499,2015,12,21,3,0.000000,0.000000,0.000000,90.319314,92.284414,129.596218
8500,2015,12,21,4,0.000000,0.000000,0.000000,76.371719,81.284999,124.757598
8501,2015,12,21,5,0.000000,0.000000,0.000000,66.730093,75.511613,129.953884
8502,2015,12,21,6,0.000000,0.000000,0.000000,85.901640,85.479380,139.631640
8503,2015,12,21,7,0.000000,0.000000,0.000000,101.128362,83.774062,148.584416
8504,2015,12,21,8,0.000000,0.000000,0.000000,111.746380,79.079200,148.798334
8505,2015,12,21,9,0.000000,0.000000,0.000000,121.077054,74.122514,148.698219
8506,2015,12,21,10,0.000000,0.000000,0.000000,118.581504,62.070504,144.757339
8507,2015,12,21,11,0.000000,0.000000,0.000000,121.342619,57.401539,140.831786
8508,2015,12,21,12,0.000000,0.000000,0.000000,122.782121,55.734081,138.401974
8509,2015,12,21,13,0.000000,0.000000,0.000000,121.921233,54.771433,136.779244
8510,2015,12,21,14,0.000000,0.000000,0.000000,122.166526,61.335066,139.525221
8511,2015,12,21,15,0.000000,0.000000,0.000000,125.299984,72.857224,145.633765
8512,2015,12,21,16,0.000000,0.000000,0.000000,128.581244,87.941264,154.338418
8513,2015,12,21,17,0.000000,0.000000,0.000000,130.288934,103.888934,162.168578
8514,2015,12,21,18,0.000000,0.000000,0.000000,127.045236,115.045236,164.143647
8515,2015,12,21,19,0.000000,0.000000,0.000000,122.742738,122.742738,163.656984
8516,2015,12,21,20,0.000000,0.000000,0.000000,119.644220,119.644220,159.525627
8517,2015,12,21,21,0.000000,0.000000,0.000000,117.090972,117.620092,158.590523
8518,2015,12,21,22,0.000000,0.000000,0.000000,106.808123,107.992863,147.939618
8519,2015,12,21,23,0.000000,0.000000,0.000000,97.520830,99.219430,137.954573
8520,2015,12,21,24,0.000000,0.000000,0.000000,101.547759,102.812159,141.297545
8521,2015,12,22,1,0.000000,0.000000,0.000000,90.683840,92.901360,131.260214
8522,2015,12,22,2,0.000000,0.000000,0.000000,95.849283,97.707183,136.469244
8523,2015,12,22,3,0.000000,0.000000,0.000000,85.429332,88.509492,128.279855
8524,2015,12,22,4,0.000000,0.000000,0.000000,80.442883,84.138483,124.503310
8525,2015,12,22,5,0.000000,0.000000,0.000000,78.114030,82.989850,126.905867
8526,2015,12,22,6,0.000000,0.000000,0.000000,82.506640,82.117500,135.259533
8527,2015,12,22,7,0.000000,0.000000,0.000000,99.862584,82.005284,144.549378
8528,2015,12,22,8,0.000000,0.000000,0.000000,113.732379,80.058519,146.748492
8529,2015,12,22,9,0.000000,0.000000,0.000000,124.847753,76.547733,147.446911
8530,2015,12,22,10,0.000000,0.000000,0.000000,127.588811,68.388811,144.218414
8531,2015,12,22,11,0.000000,0.000000,0.000000,127.408482,62.062102,142.361536
8532,2015,12,22,12,0.000000,0.000000,0.000000,122.196126,54.929186,136.599114
8533,2015,12,22,13,0.000000,0.000000,0.000000,122.396997,55.103157,136.741410
8534,2015,12,22,14,0.000000,0.000000,0.000000,125.098191,63.889091,141.671788
8535,2015,12,22,15,0.000000,0.000000,0.000000,124.591271,72.873031,148.069907
8536,2015,12,22,16,0.000000,0.000000,0.000000,126.278016,87.317536,159.105115
8537,2015,12,22,17,0.000000,0.000000,0.000000,127.220237,103.212237,169.239649
8538,2015,12,22,18,0.000000,0.000000,0.000000,121.098509,112.284449,171.082398
8539,2015,12,22,19,0.000000,0.000000,0.000000,114.348122,117.940282,169.227575
8540,2015,12,22,20,0.000000,0.000000,0.000000,119.416241,120.077021,162.305295
8541,2015,12,22,21,0.000000,0.000000,0.000000,116.605196,117.700916,160.586954
8542,2015,12,22,22,0.000000,0.000000,0.000000,108.186693,109.236673,149.148831
8543,2015,12,22,23,0.000000,0.000000,0.000000,101.199935,102.362375,140.357966
8544,2015,12,22,24,0.000000,0.000000,0.000000,105.120321,105.709761,142.911147
8545,2015,12,23,1,0.000000,0.000000,0.000000,97.336334,98.009774,132.924498
8546,2015,12,23,2,0.000000,0.000000,0.000000,98.579818,99.635518,136.366357
8547,2015,12,23,3,0.000000,0.000000,0.000000,87.974240,89.770180,125.680040
8548,2015,12,23,4,0.000000,0.000000,0.000000,84.240072,86.382832,122.319643
8549,2015,12,23,5,0.000000,0.000000,0.000000,80.478141,84.190021,124.626295
8550,2015,12,23,6,0.000000,0.000000,0.000000,67.607646,70.758466,131.914021
8551,2015,12,23,7,0.000000,0.000000,0.000000,82.668461,68.990141,141.125788
8552,2015,12,23,8,0.000000,0.000000,0.000000,98.217733,68.873353,146.266538
8553,2015,12,23,9,0.000000,0.000000,0.000000,110.533251,66.550171,148.506628
8554,2015,12,23,10,0.000000,0.000000,0.000000,109.364827,57.375907,153.571477
8555,2015,12,23,11,0.000000,0.000000,0.000000,92.523672,39.786332,154.690642
8556,2015,12,23,12,0.000000,0.000000,0.000000,84.999072,32.161952,154.342203
8557,2015,12,23,13,0.000000,0.000000,0.000000,83.404621,31.211141,155.219921
8558,2015,12,23,14,0.000000,0.000000,0.000000,85.544116,40.453196,164.151195
8559,2015,12,23,15,0.000000,0.000000,0.000000,88.118945,52.819025,176.058966
8560,2015,12,23,16,0.000000,0.000000,0.000000,98.508303,74.210703,190.505604
8561,2015,12,23,17,0.000000,0.000000,0.000000,103.450110,93.567530,203.464773
8562,2015,12,23,18,0.000000,0.000000,0.000000,95.759001,102.460541,209.702521
8563,2015,12,23,19,0.000000,0.000000,0.000000,89.328518,109.071798,211.239997
8564,2015,12,23,20,0.000000,0.000000,0.000000,83.773546,103.764726,204.990235
8565,2015,12,23,21,0.000000,0.000000,0.000000,80.062918,100.061998,200.079597
8566,2015,12,23,22,0.000000,0.000000,0.000000,65.245355,85.243655,180.319207
8567,2015,12,23,23,0.000000,0.000000,0.000000,51.998692,71.856052,161.999270
8568,2015,12,23,24,0.000000,0.000000,0.000000,53.491791,72.115111,158.231215
8569,2015,12,24,1,0.000000,0.000000,0.000000,59.951551,73.397091,142.681255
8570,2015,12,24,2,0.000000,0.000000,0.000000,69.524616,80.533096,144.072394
8571,2015,12,24,3,0.000000,0.000000,0.000000,60.486371,71.659531,132.789909
8572,2015,12,24,4,0.000000,0.000000,0.000000,69.294979,77.823499,132.193065
8573,2015,12,24,5,0.000000,0.000000,0.000000,86.718621,91.233581,136.694642
8574,2015,12,24,6,0.000000,0.000000,0.000000,102.239574,97.986614,143.538952
8575,2015,12,24,7,0.000000,0.000000,0.000000,120.064257,98.363997,153.551129
8576,2015,12,24,8,0.000000,0.000000,0.000000,126.298945,90.948165,155.678287
8577,2015,12,24,9,0.000000,0.000000,0.000000,125.800656,78.389096,152.863595
8578,2015,12,24,10,0.000000,0.000000,0.000000,121.864248,64.742628,146.284771
8579,2015,12,24,11,0.000000,0.000000,0.000000,117.130915,54.079115,139.366153
8580,2015,12,24,12,0.000000,0.000000,0.000000,108.847281,44.061861,130.381082
8581,2015,12,24,13,0.000000,0.000000,0.000000,101.651997,37.618437,124.296049
8582,2015,12,24,14,0.000000,0.000000,0.000000,98.627024,40.038884,118.608045
8583,2015,12,24,15,0.000000,0.000000,0.000000,95.784797,46.315637,120.156983
8584,2015,12,24,16,0.000000,0.000000,0.000000,96.384091,59.006871,126.635095
8585,2015,12,24,17,0.000000,0.000000,0.000000,96.474097,73.477517,132.964755
8586,2015,12,24,18,0.000000,0.000000,0.000000,91.907797,83.184257,132.583877
8587,2015,12,24,19,0.000000,0.000000,0.000000,95.368497,97.096737,135.223116
8588,2015,12,24,20,0.000000,0.000000,0.000000,99.089239,99.421979,133.671773
8589,2015,12,24,21,0.000000,0.000000,0.000000,93.461109,95.207809,132.766078
8590,2015,12,24,22,0.000000,0.000000,0.000000,88.127520,90.231280,127.320907
8591,2015,12,24,23,0.000000,0.000000,0.000000,84.562307,87.028727,124.259703
8592,2015,12,24,24,0.000000,0.000000,0.000000,88.998325,91.382585,129.790979
8593,2015,12,25,1,0.000000,0.000000,0.000000,76.143193,80.448453,121.615471
8594,2015,12,25,2,0.000000,0.000000,0.000000,73.375200,79.192580,124.981374
8595,2015,12,25,3,0.000000,0.000000,0.000000,65.475141,71.528921,115.551161
8596,2015,12,25,4,0.000000,0.000000,0.000000,60.564777,66.627717,109.046756
8597,2015,12,25,5,0.000000,0.000000,0.000000,58.759812,64.953772,107.251563
8598,2015,12,25,6,0.000000,0.000000,0.000000,60.688185,60.313345,106.234994
8599,2015,12,25,7,0.000000,0.000000,0.000000,63.593935,47.789355,105.770540
8600,2015,12,25,8,0.000000,0.000000,0.000000,72.225790,40.689070,101.379693
8601,2015,12,25,9,0.000000,0.000000,0.000000,81.207136,34.827376,98.220634
8602,2015,12,25,10,0.000000,0.000000,0.000000,86.693014,29.032394,96.874459
8603,2015,12,25,11,0.000000,0.000000,0.000000,88.747591,23.808871,92.716094
8604,2015,12,25,12,0.000000,0.000000,0.000000,85.245262,17.704142,86.051789
8605,2015,12,25,13,0.000000,0.000000,0.000000,80.109389,12.109389,77.062519
8606,2015,12,25,14,0.000000,0.000000,0.000000,76.762065,15.361485,76.330047
8607,2015,12,25,15,0.000000,0.000000,0.000000,74.522020,22.597240,80.347053
8608,2015,12,25,16,0.000000,0.000000,0.000000,78.290667,38.034227,89.074170
8609,2015,12,25,17,0.000000,0.000000,0.000000,83.092827,56.861187,100.026116
8610,2015,12,25,18,0.000000,0.000000,0.000000,85.925605,73.925605,109.317474
8611,2015,12,25,19,0.000000,0.000000,0.000000,87.349553,87.349553,116.466071
8612,2015,12,25,20,0.000000,0.000000,0.000000,90.182550,90.182550,120.243400
8613,2015,12,25,21,0.000000,0.000000,0.000000,95.267751,95.267751,127.023668
8614,2015,12,25,22,0.000000,0.000000,0.000000,90.040035,90.493155,122.167940
8615,2015,12,25,23,0.000000,0.000000,0.000000,84.528337,85.750397,118.407395
8616,2015,12,25,24,0.000000,0.000000,0.000000,87.788543,89.817423,126.519498
8617,2015,12,26,1,0.000000,0.000000,0.000000,79.290658,82.053698,118.615065
8618,2015,12,26,2,0.000000,0.000000,0.000000,80.553046,84.081386,123.869648
8619,2015,12,26,3,0.000000,0.000000,0.000000,70.380988,75.045488,115.608984
8620,2015,12,26,4,0.000000,0.000000,0.000000,62.026542,67.853682,109.895376
8621,2015,12,26,5,0.000000,0.000000,0.000000,56.305062,63.406022,108.211229
8622,2015,12,26,6,0.000000,0.000000,0.000000,63.625606,62.649526,107.345768
8623,2015,12,26,7,0.000000,0.000000,0.000000,71.593676,53.745976,106.902301
8624,2015,12,26,8,0.000000,0.000000,0.000000,78.964850,46.310470,105.149360
8625,2015,12,26,9,0.000000,0.000000,0.000000,86.432947,39.623967,103.185356
8626,2015,12,26,10,0.000000,0.000000,0.000000,86.957321,29.650961,98.880082
8627,2015,12,26,11,0.000000,0.000000,0.000000,87.365125,23.161645,94.303927
8628,2015,12,26,12,0.000000,0.000000,0.000000,85.257075,18.621815,90.294886
8629,2015,12,26,13,0.000000,0.000000,0.000000,82.298911,15.665351,86.358602
8630,2015,12,26,14,0.000000,0.000000,0.000000,80.279351,19.954431,86.039508
8631,2015,12,26,15,0.000000,0.000000,0.000000,80.420492,28.886012,90.033083
8632,2015,12,26,16,0.000000,0.000000,0.000000,84.769084,44.965444,99.825125
8633,2015,12,26,17,0.000000,0.000000,0.000000,87.369454,62.497634,112.074112
8634,2015,12,26,18,0.000000,0.000000,0.000000,90.242108,79.706128,121.904904
8635,2015,12,26,19,0.000000,0.000000,0.000000,90.786246,92.462346,128.870128
8636,2015,12,26,20,0.000000,0.000000,0.000000,96.033576,96.420036,129.848247
8637,2015,12,26,21,0.000000,0.000000,0.000000,95.900645,97.367265,134.711754
8638,2015,12,26,22,0.000000,0.000000,0.000000,92.999589,94.303669,130.085159
8639,2015,12,26,23,0.000000,0.000000,0.000000,92.649342,93.087982,125.579443
8640,2015,12,26,24,0.000000,0.000000,0.000000,92.379250,93.412650,127.994866
8641,2015,12,27,1,0.000000,0.000000,0.000000,79.290304,82.661684,121.453512
8642,2015,12,27,2,0.000000,0.000000,0.000000,82.374046,86.047926,126.976835
8643,2015,12,27,3,0.000000,0.000000,0.000000,73.205264,77.832044,119.198659
8644,2015,12,27,4,0.000000,0.000000,0.000000,71.340718,75.683158,115.385678
8645,2015,12,27,5,0.000000,0.000000,0.000000,71.074713,75.389653,114.902671
8646,2015,12,27,6,0.000000,0.000000,0.000000,73.930452,71.330532,113.507643
8647,2015,12,27,7,0.000000,0.000000,0.000000,81.963399,62.424939,112.838386
8648,2015,12,27,8,0.000000,0.000000,0.000000,89.233911,55.129811,112.076081
8649,2015,12,27,9,0.000000,0.000000,0.000000,96.697211,48.764991,111.629255
8650,2015,12,27,10,0.000000,0.000000,0.000000,96.323931,38.271371,107.886629
8651,2015,12,27,11,0.000000,0.000000,0.000000,97.343769,32.222549,103.325998
8652,2015,12,27,12,0.000000,0.000000,0.000000,95.694671,27.694671,97.842894
8653,2015,12,27,13,0.000000,0.000000,0.000000,92.072882,24.072882,93.013843
8654,2015,12,27,14,0.000000,0.000000,0.000000,89.450600,28.105840,93.508587
8655,2015,12,27,15,0.000000,0.000000,0.000000,89.305703,37.009923,98.327298
8656,2015,12,27,16,0.000000,0.000000,0.000000,91.741083,51.604483,107.567311
8657,2015,12,27,17,0.000000,0.000000,0.000000,94.803069,69.162449,118.397865
8658,2015,12,27,18,0.000000,0.000000,0.000000,97.983156,86.518616,127.893022
8659,2015,12,27,19,0.000000,0.000000,0.000000,99.763361,99.891481,133.615708
8660,2015,12,27,20,0.000000,0.000000,0.000000,100.257870,100.257870,133.677160
8661,2015,12,27,21,0.000000,0.000000,0.000000,103.214310,103.214310,137.619080
8662,2015,12,27,22,0.000000,0.000000,0.000000,98.602745,98.602745,131.470326
8663,2015,12,27,23,0.000000,0.000000,0.000000,95.469759,95.469759,127.293012
8664,2015,12,27,24,0.000000,0.000000,0.000000,95.982691,96.561731,130.679108
8665,2015,12,28,1,0.000000,0.000000,0.000000,86.892352,88.368032,122.742976
8666,2015,12,28,2,0.000000,0.000000,0.000000,86.596512,89.360452,128.360403
8667,2015,12,28,3,0.000000,0.000000,0.000000,75.674075,79.856035,120.414580
8668,2015,12,28,4,0.000000,0.000000,0.000000,70.091964,75.235024,117.456899
8669,2015,12,28,5,0.000000,0.000000,0.000000,70.258849,75.384049,117.596065
8670,2015,12,28,6,0.000000,0.000000,0.000000,72.645409,71.096189,116.697519
8671,2015,12,28,7,0.000000,0.000000,0.000000,77.969905,60.126165,115.422420
8672,2015,12,28,8,0.000000,0.000000,0.000000,89.969633,56.029413,113.821817
8673,2015,12,28,9,0.000000,0.000000,0.000000,97.145979,49.263419,112.459359
8674,2015,12,28,10,0.000000,0.000000,0.000000,101.807833,42.787373,110.681631
8675,2015,12,28,11,0.000000,0.000000,0.000000,101.956428,36.356428,107.241904
8676,2015,12,28,12,0.000000,0.000000,0.000000,97.279271,29.579891,101.358589
8677,2015,12,28,13,0.000000,0.000000,0.000000,95.203523,27.985483,100.837178
8678,2015,12,28,14,0.000000,0.000000,0.000000,91.322815,31.362455,102.465406
8679,2015,12,28,15,0.000000,0.000000,0.000000,90.747082,40.003282,107.491710
8680,2015,12,28,16,0.000000,0.000000,0.000000,94.248133,55.653853,118.107537
8681,2015,12,28,17,0.000000,0.000000,0.000000,99.116446,74.809946,130.374928
8682,2015,12,28,18,0.000000,0.000000,0.000000,101.775407,91.281167,137.477423
8683,2015,12,28,19,0.000000,0.000000,0.000000,98.968649,100.557689,139.373719
8684,2015,12,28,20,0.000000,0.000000,0.000000,102.521512,102.521512,136.695349
8685,2015,12,28,21,0.000000,0.000000,0.000000,103.748182,103.952422,139.284030
8686,2015,12,28,22,0.000000,0.000000,0.000000,98.568227,98.853307,132.754676
8687,2015,12,28,23,0.000000,0.000000,0.000000,91.315730,92.339010,126.529613
8688,2015,12,28,24,0.000000,0.000000,0.000000,93.882821,95.322621,131.896161
8689,2015,12,29,1,0.000000,0.000000,0.000000,85.444115,87.930435,125.528313
8690,2015,12,29,2,0.000000,0.000000,0.000000,87.018807,90.270527,131.199769
8691,2015,12,29,3,0.000000,0.000000,0.000000,73.694516,78.955016,122.808355
8692,2015,12,29,4,0.000000,0.000000,0.000000,74.051242,78.350422,118.797829
8693,2015,12,29,5,0.000000,0.000000,0.000000,75.477175,79.740095,120.529860
8694,2015,12,29,6,0.000000,0.000000,0.000000,80.683147,78.477127,124.349437
8695,2015,12,29,7,0.000000,0.000000,0.000000,90.156664,71.259604,126.755939
8696,2015,12,29,8,0.000000,0.000000,0.000000,97.005112,63.686692,126.104190
8697,2015,12,29,9,0.000000,0.000000,0.000000,106.299594,58.820854,126.548672
8698,2015,12,29,10,0.000000,0.000000,0.000000,111.514723,52.710843,124.634857
8699,2015,12,29,11,0.000000,0.000000,0.000000,110.689500,45.713760,121.799214
8700,2015,12,29,12,0.000000,0.000000,0.000000,108.720021,41.311781,117.971574
8701,2015,12,29,13,0.000000,0.000000,0.000000,105.336598,38.830858,117.672011
8702,2015,12,29,14,0.000000,0.000000,0.000000,104.201472,44.421272,120.477696
8703,2015,12,29,15,0.000000,0.000000,0.000000,101.670445,51.647745,125.421327
8704,2015,12,29,16,0.000000,0.000000,0.000000,101.911855,64.993075,136.144833
8705,2015,12,29,17,0.000000,0.000000,0.000000,101.208358,79.708418,146.261425
8706,2015,12,29,18,0.000000,0.000000,0.000000,92.117460,86.623460,147.934614
8707,2015,12,29,19,0.000000,0.000000,0.000000,82.105121,90.432561,148.334882
8708,2015,12,29,20,0.000000,0.000000,0.000000,83.999293,90.360173,141.683164
8709,2015,12,29,21,0.000000,0.000000,0.000000,87.118080,92.705820,142.233560
8710,2015,12,29,22,0.000000,0.000000,0.000000,82.334471,87.439671,133.603561
8711,2015,12,29,23,0.000000,0.000000,0.000000,79.622117,84.133717,127.216956
8712,2015,12,29,24,0.000000,0.000000,0.000000,89.845911,92.193611,130.750482
8713,2015,12,30,1,0.000000,0.000000,0.000000,88.225341,89.383561,123.038815
8714,2015,12,30,2,0.000000,0.000000,0.000000,93.947126,94.619426,128.400235
8715,2015,12,30,3,0.000000,0.000000,0.000000,84.396873,86.054213,120.263417
8716,2015,12,30,4,0.000000,0.000000,0.000000,74.538252,78.449852,117.638469
8717,2015,12,30,5,0.000000,0.000000,0.000000,63.526254,70.666174,118.021298
8718,2015,12,30,6,0.000000,0.000000,0.000000,41.486949,49.681369,120.623226
8719,2015,12,30,7,0.000000,0.000000,0.000000,45.706128,39.024708,124.494877
8720,2015,12,30,8,0.000000,0.000000,0.000000,66.120479,41.797399,126.902932
8721,2015,12,30,9,0.000000,0.000000,0.000000,85.175499,44.598039,130.589186
8722,2015,12,30,10,0.000000,0.000000,0.000000,92.021574,40.400534,132.163911
8723,2015,12,30,11,0.000000,0.000000,0.000000,93.204832,36.205352,135.708870
8724,2015,12,30,12,0.000000,0.000000,0.000000,94.099375,35.778035,140.882914
8725,2015,12,30,13,0.000000,0.000000,0.000000,93.385196,36.594136,147.071982
8726,2015,12,30,14,0.000000,0.000000,0.000000,94.847346,45.272526,155.630635
8727,2015,12,30,15,0.000000,0.000000,0.000000,104.195559,62.449679,167.413305
8728,2015,12,30,16,0.000000,0.000000,0.000000,105.223389,77.663949,184.237132
8729,2015,12,30,17,0.000000,0.000000,0.000000,104.503226,93.504906,199.662141
8730,2015,12,30,18,0.000000,0.000000,0.000000,98.856772,103.643032,204.894910
8731,2015,12,30,19,0.000000,0.000000,0.000000,91.353577,108.884137,203.614050
8732,2015,12,30,20,0.000000,0.000000,0.000000,84.815116,102.577776,195.979234
8733,2015,12,30,21,0.000000,0.000000,0.000000,77.290005,95.728405,189.099206
8734,2015,12,30,22,0.000000,0.000000,0.000000,63.246100,81.701040,170.451187
8735,2015,12,30,23,0.000000,0.000000,0.000000,51.359137,69.519657,153.227943
8736,2015,12,30,24,0.000000,0.000000,0.000000,57.647312,73.793932,152.213976
8737,2015,12,31,1,0.000000,0.000000,0.000000,57.236382,70.669582,139.003442
8738,2015,12,31,2,0.000000,0.000000,0.000000,65.047418,76.523738,140.286051
8739,2015,12,31,3,0.000000,0.000000,0.000000,60.481738,71.066978,130.040104
8740,2015,12,31,4,0.000000,0.000000,0.000000,61.442630,70.820570,125.687227
8741,2015,12,31,5,0.000000,0.000000,0.000000,63.458778,72.593978,127.242637
8742,2015,12,31,6,0.000000,0.000000,0.000000,73.346627,74.718387,131.263716
8743,2015,12,31,7,0.000000,0.000000,0.000000,89.765672,73.780232,139.822176
8744,2015,12,31,8,0.000000,0.000000,0.000000,104.133977,74.046037,150.684916
8745,2015,12,31,9,0.000000,0.000000,0.000000,127.925628,82.001368,162.637624
8746,2015,12,31,10,0.000000,0.000000,0.000000,128.705172,74.384152,168.475469
8747,2015,12,31,11,0.000000,0.000000,0.000000,106.166571,53.415291,172.816122
8748,2015,12,31,12,0.000000,0.000000,0.000000,130.490138,69.480098,176.856665
8749,2015,12,31,13,0.000000,0.000000,0.000000,134.143290,72.313950,177.904133
8750,2015,12,31,14,0.000000,0.000000,0.000000,141.654822,84.788002,184.011269
8751,2015,12,31,15,0.000000,0.000000,0.000000,142.963169,94.688949,188.637865
8752,2015,12,31,16,0.000000,0.000000,0.000000,150.179984,112.997404,199.271272
8753,2015,12,31,17,0.000000,0.000000,0.000000,153.127795,129.466855,205.402674
8754,2015,12,31,18,0.000000,0.000000,0.000000,147.155305,137.538445,202.078394
8755,2015,12,31,19,0.000000,0.000000,0.000000,141.203157,142.810857,195.773475
8756,2015,12,31,20,0.000000,0.000000,0.000000,128.015141,130.222281,180.986841
8757,2015,12,31,21,0.000000,0.000000,0.000000,115.523974,118.209054,166.562339
8758,2015,12,31,22,0.000000,0.000000,0.000000,101.030277,104.910937,152.816782
8759,2015,12,31,23,0.000000,0.000000,0.000000,95.048718,99.799878,148.903703
8760,2015,12,31,24,0.000000,0.000000,0.000000,95.006998,99.997538,149.965185
