hour,year,month,day,hour_of_day,bus1,bus2,bus3,bus4,bus5,bus6
1,2015,1,1,1,0.000000,0.000000,0.000000,0.000000,0.000000,0.000000
2,2015,1,1,2,0.000000,0.000000,0.000000,0.000000,0.000000,0.000000
3,2015,1,1,3,0.000000,0.000000,0.000000,0.000000,0.000000,0.000000
4,2015,1,1,4,0.000000,0.000000,0.000000,0.000000,0.000000,0.000000
5,2015,1,1,5,0.000000,0.000000,0.000000,0.000000,0.000000,0.000000
6,2015,1,1,6,0.000000,0.000000,0.000000,0.000000,0.000000,0.000000
7,2015,1,1,7,0.000000,0.000000,0.000000,0.000000,8.000000,3.500000
8,2015,1,1,8,0.000000,0.000000,0.000000,0.000000,24.000000,10.500000
9,2015,1,1,9,0.000000,0.000000,0.000000,0.000000,38.400000,16.800000
10,2015,1,1,10,0.000000,0.000000,0.000000,0.000000,51.200000,22.400000
11,2015,1,1,11,0.000000,0.000000,0.000000,0.000000,60.000000,26.250000
12,2015,1,1,12,0.000000,0.000000,0.000000,0.000000,66.400000,29.050000
13,2015,1,1,13,0.000000,0.000000,0.000000,0.000000,68.000000,29.750000
14,2015,1,1,14,0.000000,0.000000,0.000000,0.000000,66.400000,29.050000
15,2015,1,1,15,0.000000,0.000000,0.000000,0.000000,60.000000,26.250000
16,2015,1,1,16,0.000000,0.000000,0.000000,0.000000,50.400000,22.050000
17,2015,1,1,17,0.000000,0.000000,0.000000,0.000000,37.600000,16.450000
18,2015,1,1,18,0.000000,0.000000,0.000000,0.000000,23.200000,10.150000
19,2015,1,1,19,0.000000,0.000000,0.000000,0.000000,7.200000,3.150000
20,2015,1,1,20,0.000000,0.000000,0.000000,0.000000,0.000000,0.000000
21,2015,1,1,21,0.000000,0.000000,0.000000,0.000000,0.000000,0.000000
22,2015,1,1,22,0.000000,0.000000,0.000000,0.000000,0.000000,0.000000
23,2015,1,1,23,0.000000,0.000000,0.000000,0.000000,0.000000,0.000000
24,2015,1,1,24,0.000000,0.000000,0.000000,0.000000,0.000000,0.000000
25,2015,1,2,1,0.000000,0.000000,0.000000,0.000000,0.000000,0.000000
26,2015,1,2,2,0.000000,0.000000,0.000000,0.000000,0.000000,0.000000
27,2015,1,2,3,0.000000,0.000000,0.000000,0.000000,0.000000,0.000000
28,2015,1,2,4,0.000000,0.000000,0.000000,0.000000,0.000000,0.000000
29,2015,1,2,5,0.000000,0.000000,0.000000,0.000000,0.000000,0.000000
30,2015,1,2,6,0.000000,0.000000,0.000000,0.000000,0.000000,0.000000
31,2015,1,2,7,0.000000,0.000000,0.000000,0.000000,8.000000,3.500000
32,2015,1,2,8,0.000000,0.000000,0.000000,0.000000,24.000000,10.500000
33,2015,1,2,9,0.000000,0.000000,0.000000,0.000000,38.400000,16.800000
34,2015,1,2,10,0.000000,0.000000,0.000000,0.000000,51.200000,22.400000
35,2015,1,2,11,0.000000,0.000000,0.000000,0.000000,60.000000,26.250000
36,2015,1,2,12,0.000000,0.000000,0.000000,0.000000,66.400000,29.050000
37,2015,1,2,13,0.000000,0.000000,0.000000,0.000000,68.000000,29.750000
38,2015,1,2,14,0.000000,0.000000,0.000000,0.000000,66.400000,29.050000
39,2015,1,2,15,0.000000,0.000000,0.000000,0.000000,60.000000,26.250000
40,2015,1,2,16,0.000000,0.000000,0.000000,0.000000,50.400000,22.050000
41,2015,1,2,17,0.000000,0.000000,0.000000,0.000000,37.600000,16.450000
42,2015,1,2,18,0.000000,0.000000,0.000000,0.000000,23.200000,10.150000
43,2015,1,2,19,0.000000,0.000000,0.000000,0.000000,7.200000,3.150000
44,2015,1,2,20,0.000000,0.000000,0.000000,0.000000,0.000000,0.000000
45,2015,1,2,21,0.000000,0.000000,0.000000,0.000000,0.000000,0.000000
46,2015,1,2,22,0.000000,0.000000,0.000000,0.000000,0.000000,0.000000
47,2015,1,2,23,0.000000,0.000000,0.000000,0.000000,0.000000,0.000000
48,2015,1,2,24,0.000000,0.000000,0.000000,0.000000,0.000000,0.000000
49,2015,1,3,1,0.000000,0.000000,0.000000,0.000000,0.000000,0.000000
50,2015,1,3,2,0.000000,0.000000,0.000000,0.000000,0.000000,0.000000
51,2015,1,3,3,0.000000,0.000000,0.000000,0.000000,0.000000,0.000000
52,2015,1,3,4,0.000000,0.000000,0.000000,0.000000,0.000000,0.000000
53,2015,1,3,5,0.000000,0.000000,0.000000,0.000000,0.000000,0.000000
54,2015,1,3,6,0.000000,0.000000,0.000000,0.000000,0.000000,0.000000
55,2015,1,3,7,0.000000,0.000000,0.000000,0.000000,8.000000,3.500000
56,2015,1,3,8,0.000000,0.000000,0.000000,0.000000,24.000000,10.500000
57,2015,1,3,9,0.000000,0.000000,0.000000,0.000000,38.400000,16.800000
58,2015,1,3,10,0.000000,0.000000,0.000000,0.000000,51.200000,22.400000
59,2015,1,3,11,0.000000,0.000000,0.000000,0.000000,60.000000,26.250000
60,2015,1,3,12,0.000000,0.000000,0.000000,0.000000,66.400000,29.050000
61,2015,1,3,13,0.000000,0.000000,0.000000,0.000000,68.000000,29.750000
62,2015,1,3,14,0.000000,0.000000,0.000000,0.000000,66.400000,29.050000
63,2015,1,3,15,0.000000,0.000000,0.000000,0.000000,60.000000,26.250000
64,2015,1,3,16,0.000000,0.000000,0.000000,0.000000,50.400000,22.050000
65,2015,1,3,17,0.000000,0.000000,0.000000,0.000000,37.600000,16.450000
66,2015,1,3,18,0.000000,0.000000,0.000000,0.000000,23.200000,10.150000
67,2015,1,3,19,0.000000,0.000000,0.000000,0.000000,7.200000,3.150000
68,2015,1,3,20,0.000000,0.000000,0.000000,0.000000,0.000000,0.000000
69,2015,1,3,21,0.000000,0.000000,0.000000,0.000000,0.000000,0.000000
70,2015,1,3,22,0.000000,0.000000,0.000000,0.000000,0.000000,0.000000
71,2015,1,3,23,0.000000,0.000000,0.000000,0.000000,0.000000,0.000000
72,2015,1,3,24,0.000000,0.000000,0.000000,0.000000,0.000000,0.000000
73,2015,1,4,1,0.000000,0.000000,0.000000,0.000000,0.000000,0.000000
74,2015,1,4,2,0.000000,0.000000,0.000000,0.000000,0.000000,0.000000
75,2015,1,4,3,0.000000,0.000000,0.000000,0.000000,0.000000,0.000000
76,2015,1,4,4,0.000000,0.000000,0.000000,0.000000,0.000000,0.000000
77,2015,1,4,5,0.000000,0.000000,0.000000,0.000000,0.000000,0.000000
78,2015,1,4,6,0.000000,0.000000,0.000000,0.000000,0.000000,0.000000
79,2015,1,4,7,0.000000,0.000000,0.000000,0.000000,8.000000,3.500000
80,2015,1,4,8,0.000000,0.000000,0.000000,0.000000,24.000000,10.500000
81,2015,1,4,9,0.000000,0.000000,0.000000,0.000000,38.400000,16.800000
82,2015,1,4,10,0.000000,0.000000,0.000000,0.000000,51.200000,22.400000
83,2015,1,4,11,0.000000,0.000000,0.000000,0.000000,60.000000,26.250000
84,2015,1,4,12,0.000000,0.000000,0.000000,0.000000,66.400000,29.050000
85,2015,1,4,13,0.000000,0.000000,0.000000,0.000000,68.000000,29.750000
86,2015,1,4,14,0.000000,0.000000,0.000000,0.000000,66.400000,29.050000
87,2015,1,4,15,0.000000,0.000000,0.000000,0.000000,60.000000,26.250000
88,2015,1,4,16,0.000000,0.000000,0.000000,0.000000,50.400000,22.050000
89,2015,1,4,17,0.000000,0.000000,0.000000,0.000000,37.600000,16.450000
90,2015,1,4,18,0.000000,0.000000,0.000000,0.000000,23.200000,10.150000
91,2015,1,4,19,0.000000,0.000000,0.000000,0.000000,7.200000,3.150000
92,2015,1,4,20,0.000000,0.000000,0.000000,0.000000,0.000000,0.000000
93,2015,1,4,21,0.000000,0.000000,0.000000,0.000000,0.000000,0.000000
94,2015,1,4,22,0.000000,0.000000,0.000000,0.000000,0.000000,0.000000
95,2015,1,4,23,0.000000,0.000000,0.000000,0.000000,0.000000,0.000000
96,2015,1,4,24,0.000000,0.000000,0.000000,0.000000,0.000000,0.000000
97,2015,1,5,1,0.000000,0.000000,0.000000,0.000000,0.000000,0.000000
98,2015,1,5,2,0.000000,0.000000,0.000000,0.000000,0.000000,0.000000
99,2015,1,5,3,0.000000,0.000000,0.000000,0.000000,0.000000,0.000000
100,2015,1,5,4,0.000000,0.000000,0.000000,0.000000,0.000000,0.000000
101,2015,1,5,5,0.000000,0.000000,0.000000,0.000000,0.000000,0.000000
102,2015,1,5,6,0.000000,0.000000,0.000000,0.000000,0.000000,0.000000
103,2015,1,5,7,0.000000,0.000000,0.000000,0.000000,8.000000,3.500000
104,2015,1,5,8,0.000000,0.000000,0.000000,0.000000,24.000000,10.500000
105,2015,1,5,9,0.000000,0.000000,0.000000,0.000000,38.400000,16.800000
106,2015,1,5,10,0.000000,0.000000,0.000000,0.000000,51.200000,22.400000
107,2015,1,5,11,0.000000,0.000000,0.000000,0.000000,60.000000,26.250000
108,2015,1,5,12,0.000000,0.000000,0.000000,0.000000,66.400000,29.050000
109,2015,1,5,13,0.000000,0.000000,0.000000,0.000000,68.000000,29.750000
110,2015,1,5,14,0.000000,0.000000,0.000000,0.000000,66.400000,29.050000
111,2015,1,5,15,0.000000,0.000000,0.000000,0.000000,60.000000,26.250000
112,2015,1,5,16,0.000000,0.000000,0.000000,0.000000,50.400000,22.050000
113,2015,1,5,17,0.000000,0.000000,0.000000,0.000000,37.600000,16.450000
114,2015,1,5,18,0.000000,0.000000,0.000000,0.000000,23.200000,10.150000
115,2015,1,5,19,0.000000,0.000000,0.000000,0.000000,7.200000,3.150000
116,2015,1,5,20,0.000000,0.000000,0.000000,0.000000,0.000000,0.000000
117,2015,1,5,21,0.000000,0.000000,0.000000,0.000000,0.000000,0.000000
118,2015,1,5,22,0.000000,0.000000,0.000000,0.000000,0.000000,0.000000
119,2015,1,5,23,0.000000,0.000000,0.000000,0.000000,0.000000,0.000000
120,2015,1,5,24,0.000000,0.000000,0.000000,0.000000,0.000000,0.000000
121,2015,1,6,1,0.000000,0.000000,0.000000,0.000000,0.000000,0.000000
122,2015,1,6,2,0.000000,0.000000,0.000000,0.000000,0.000000,0.000000
123,2015,1,6,3,0.000000,0.000000,0.000000,0.000000,0.000000,0.000000
124,2015,1,6,4,0.000000,0.000000,0.000000,0.000000,0.000000,0.000000
125,2015,1,6,5,0.000000,0.000000,0.000000,0.000000,0.000000,0.000000
126,2015,1,6,6,0.000000,0.000000,0.000000,0.000000,0.000000,0.000000
127,2015,1,6,7,0.000000,0.000000,0.000000,0.000000,8.000000,3.500000
128,2015,1,6,8,0.000000,0.000000,0.000000,0.000000,24.000000,10.500000
129,2015,1,6,9,0.000000,0.000000,0.000000,0.000000,38.400000,16.800000
130,2015,1,6,10,0.000000,0.000000,0.000000,0.000000,51.200000,22.400000
131,2015,1,6,11,0.000000,0.000000,0.000000,0.000000,60.000000,26.250000
132,2015,1,6,12,0.000000,0.000000,0.000000,0.000000,66.400000,29.050000
133,2015,1,6,13,0.000000,0.000000,0.000000,0.000000,68.000000,29.750000
134,2015,1,6,14,0.000000,0.000000,0.000000,0.000000,66.400000,29.050000
135,2015,1,6,15,0.000000,0.000000,0.000000,0.000000,60.000000,26.250000
136,2015,1,6,16,0.000000,0.000000,0.000000,0.000000,50.400000,22.050000
137,2015,1,6,17,0.000000,0.000000,0.000000,0.000000,37.600000,16.450000
138,2015,1,6,18,0.000000,0.000000,0.000000,0.000000,23.200000,10.150000
139,2015,1,6,19,0.000000,0.000000,0.000000,0.000000,7.200000,3.150000
140,2015,1,6,20,0.000000,0.000000,0.000000,0.000000,0.000000,0.000000
141,2015,1,6,21,0.000000,0.000000,0.000000,0.000000,0.000000,0.000000
142,2015,1,6,22,0.000000,0.000000,0.000000,0.000000,0.000000,0.000000
143,2015,1,6,23,0.000000,0.000000,0.000000,0.000000,0.000000,0.000000
144,2015,1,6,24,0.000000,0.000000,0.000000,0.000000,0.000000,0.000000
145,2015,1,7,1,0.000000,0.000000,0.000000,0.000000,0.000000,0.000000
146,2015,1,7,2,0.000000,0.000000,0.000000,0.000000,0.000000,0.000000
147,2015,1,7,3,0.000000,0.000000,0.000000,0.000000,0.000000,0.000000
148,2015,1,7,4,0.000000,0.000000,0.000000,0.000000,0.000000,0.000000
149,2015,1,7,5,0.000000,0.000000,0.000000,0.000000,0.000000,0.000000
150,2015,1,7,6,0.000000,0.000000,0.000000,0.000000,0.000000,0.000000
151,2015,1,7,7,0.000000,0.000000,0.000000,0.000000,8.000000,3.500000
152,2015,1,7,8,0.000000,0.000000,0.000000,0.000000,24.000000,10.500000
153,2015,1,7,9,0.000000,0.000000,0.000000,0.000000,38.400000,16.800000
154,2015,1,7,10,0.000000,0.000000,0.000000,0.000000,51.200000,22.400000
155,2015,1,7,11,0.000000,0.000000,0.000000,0.000000,60.000000,26.250000
156,2015,1,7,12,0.000000,0.000000,0.000000,0.000000,66.400000,29.050000
157,2015,1,7,13,0.000000,0.000000,0.000000,0.000000,68.000000,29.750000
158,2015,1,7,14,0.000000,0.000000,0.000000,0.000000,66.400000,29.050000
159,2015,1,7,15,0.000000,0.000000,0.000000,0.000000,60.000000,26.250000
160,2015,1,7,16,0.000000,0.000000,0.000000,0.000000,50.400000,22.050000
161,2015,1,7,17,0.000000,0.000000,0.000000,0.000000,37.600000,16.450000
162,2015,1,7,18,0.000000,0.000000,0.000000,0.000000,23.200000,10.150000
163,2015,1,7,19,0.000000,0.000000,0.000000,0.000000,7.200000,3.150000
164,2015,1,7,20,0.000000,0.000000,0.000000,0.000000,0.000000,0.000000
165,2015,1,7,21,0.000000,0.000000,0.000000,0.000000,0.000000,0.000000
166,2015,1,7,22,0.000000,0.000000,0.000000,0.000000,0.000000,0.000000
167,2015,1,7,23,0.000000,0.000000,0.000000,0.000000,0.000000,0.000000
168,2015,1,7,24,0.000000,0.000000,0.000000,0.000000,0.000000,0.000000
169,2015,1,8,1,0.000000,0.000000,0.000000,0.000000,0.000000,0.000000
170,2015,1,8,2,0.000000,0.000000,0.000000,0.000000,0.000000,0.000000
171,2015,1,8,3,0.000000,0.000000,0.000000,0.000000,0.000000,0.000000
172,2015,1,8,4,0.000000,0.000000,0.000000,0.000000,0.000000,0.000000
173,2015,1,8,5,0.000000,0.000000,0.000000,0.000000,0.000000,0.000000
174,2015,1,8,6,0.000000,0.000000,0.000000,0.000000,0.000000,0.000000
175,2015,1,8,7,0.000000,0.000000,0.000000,0.000000,8.000000,3.500000
176,2015,1,8,8,0.000000,0.000000,0.000000,0.000000,24.000000,10.500000
177,2015,1,8,9,0.000000,0.000000,0.000000,0.000000,38.400000,16.800000
178,2015,1,8,10,0.000000,0.000000,0.000000,0.000000,51.200000,22.400000
179,2015,1,8,11,0.000000,0.000000,0.000000,0.000000,60.000000,26.250000
180,2015,1,8,12,0.000000,0.000000,0.000000,0.000000,66.400000,29.050000
181,2015,1,8,13,0.000000,0.000000,0.000000,0.000000,68.000000,29.750000
182,2015,1,8,14,0.000000,0.000000,0.000000,0.000000,66.400000,29.050000
183,2015,1,8,15,0.000000,0.000000,0.000000,0.000000,60.000000,26.250000
184,2015,1,8,16,0.000000,0.000000,0.000000,0.000000,50.400000,22.050000
185,2015,1,8,17,0.000000,0.000000,0.000000,0.000000,37.600000,16.450000
186,2015,1,8,18,0.000000,0.000000,0.000000,0.000000,23.200000,10.150000
187,2015,1,8,19,0.000000,0.000000,0.000000,0.000000,7.200000,3.150000
188,2015,1,8,20,0.000000,0.000000,0.000000,0.000000,0.000000,0.000000
189,2015,1,8,21,0.000000,0.000000,0.000000,0.000000,0.000000,0.000000
190,2015,1,8,22,0.000000,0.000000,0.000000,0.000000,0.000000,0.000000
191,2015,1,8,23,0.000000,0.000000,0.000000,0.000000,0.000000,0.000000
192,2015,1,8,24,0.000000,0.000000,0.000000,0.000000,0.000000,0.000000
193,2015,1,9,1,0.000000,0.000000,0.000000,0.000000,0.000000,0.000000
194,2015,1,9,2,0.000000,0.000000,0.000000,0.000000,0.000000,0.000000
195,2015,1,9,3,0.000000,0.000000,0.000000,0.000000,0.000000,0.000000
196,2015,1,9,4,0.000000,0.000000,0.000000,0.000000,0.000000,0.000000
197,2015,1,9,5,0.000000,0.000000,0.000000,0.000000,0.000000,0.000000
198,2015,1,9,6,0.000000,0.000000,0.000000,0.000000,0.000000,0.000000
199,2015,1,9,7,0.000000,0.000000,0.000000,0.000000,8.000000,3.500000
200,2015,1,9,8,0.000000,0.000000,0.000000,0.000000,24.000000,10.500000
201,2015,1,9,9,0.000000,0.000000,0.000000,0.000000,38.400000,16.800000
202,2015,1,9,10,0.000000,0.000000,0.000000,0.000000,51.200000,22.400000
203,2015,1,9,11,0.000000,0.000000,0.000000,0.000000,60.000000,26.250000
204,2015,1,9,12,0.000000,0.000000,0.000000,0.000000,66.400000,29.050000
205,2015,1,9,13,0.000000,0.000000,0.000000,0.000000,68.000000,29.750000
206,2015,1,9,14,0.000000,0.000000,0.000000,0.000000,66.400000,29.050000
207,2015,1,9,15,0.000000,0.000000,0.000000,0.000000,60.000000,26.250000
208,2015,1,9,16,0.000000,0.000000,0.000000,0.000000,50.400000,22.050000
209,2015,1,9,17,0.000000,0.000000,0.000000,0.000000,37.600000,16.450000
210,2015,1,9,18,0.000000,0.000000,0.000000,0.000000,23.200000,10.150000
211,2015,1,9,19,0.000000,0.000000,0.000000,0.000000,7.200000,3.150000
212,2015,1,9,20,0.000000,0.000000,0.000000,0.000000,0.000000,0.000000
213,2015,1,9,21,0.000000,0.000000,0.000000,0.000000,0.000000,0.000000
214,2015,1,9,22,0.000000,0.000000,0.000000,0.000000,0.000000,0.000000
215,2015,1,9,23,0.000000,0.000000,0.000000,0.000000,0.000000,0.000000
216,2015,1,9,24,0.000000,0.000000,0.000000,0.000000,0.000000,0.000000
217,2015,1,10,1,0.000000,0.000000,0.000000,0.000000,0.000000,0.000000
218,2015,1,10,2,0.000000,0.000000,0.000000,0.000000,0.000000,0.000000
219,2015,1,10,3,0.000000,0.000000,0.000000,0.000000,0.000000,0.000000
220,2015,1,10,4,0.000000,0.000000,0.000000,0.000000,0.000000,0.000000
221,2015,1,10,5,0.000000,0.000000,0.000000,0.000000,0.000000,0.000000
222,2015,1,10,6,0.000000,0.000000,0.000000,0.000000,0.000000,0.000000
223,2015,1,10,7,0.000000,0.000000,0.000000,0.000000,8.000000,3.500000
224,2015,1,10,8,0.000000,0.000000,0.000000,0.000000,24.000000,10.500000
225,2015,1,10,9,0.000000,0.000000,0.000000,0.000000,38.400000,16.800000
226,2015,1,10,10,0.000000,0.000000,0.000000,0.000000,51.200000,22.400000
227,2015,1,10,11,0.000000,0.000000,0.000000,0.000000,60.000000,26.250000
228,2015,1,10,12,0.000000,0.000000,0.000000,0.000000,66.400000,29.050000
229,2015,1,10,13,0.000000,0.000000,0.000000,0.000000,68.000000,29.750000
230,2015,1,10,14,0.000000,0.000000,0.000000,0.000000,66.400000,29.050000
231,2015,1,10,15,0.000000,0.000000,0.000000,0.000000,60.000000,26.250000
232,2015,1,10,16,0.000000,0.000000,0.000000,0.000000,50.400000,22.050000
233,2015,1,10,17,0.000000,0.000000,0.000000,0.000000,37.600000,16.450000
234,2015,1,10,18,0.000000,0.000000,0.000000,0.000000,23.200000,10.150000
235,2015,1,10,19,0.000000,0.000000,0.000000,0.000000,7.200000,3.150000
236,2015,1,10,20,0.000000,0.000000,0.000000,0.000000,0.000000,0.000000
237,2015,1,10,21,0.000000,0.000000,0.000000,0.000000,0.000000,0.000000
238,2015,1,10,22,0.000000,0.000000,0.000000,0.000000,0.000000,0.000000
239,2015,1,10,23,0.000000,0.000000,0.000000,0.000000,0.000000,0.000000
240,2015,1,10,24,0.000000,0.000000,0.000000,0.000000,0.000000,0.000000
241,2015,1,11,1,0.000000,0.000000,0.000000,0.000000,0.000000,0.000000
242,2015,1,11,2,0.000000,0.000000,0.000000,0.000000,0.000000,0.000000
243,2015,1,11,3,0.000000,0.000000,0.000000,0.000000,0.000000,0.000000
244,2015,1,11,4,0.000000,0.000000,0.000000,0.000000,0.000000,0.000000
245,2015,1,11,5,0.000000,0.000000,0.000000,0.000000,0.000000,0.000000
246,2015,1,11,6,0.000000,0.000000,0.000000,0.000000,0.000000,0.000000
247,2015,1,11,7,0.000000,0.000000,0.000000,0.000000,8.000000,3.500000
248,2015,1,11,8,0.000000,0.000000,0.000000,0.000000,24.000000,10.500000
249,2015,1,11,9,0.000000,0.000000,0.000000,0.000000,38.400000,16.800000
250,2015,1,11,10,0.000000,0.000000,0.000000,0.000000,51.200000,22.400000
251,2015,1,11,11,0.000000,0.000000,0.000000,0.000000,60.000000,26.250000
252,2015,1,11,12,0.000000,0.000000,0.000000,0.000000,66.400000,29.050000
253,2015,1,11,13,0.000000,0.000000,0.000000,0.000000,68.000000,29.750000
254,2015,1,11,14,0.000000,0.000000,0.000000,0.000000,66.400000,29.050000
255,2015,1,11,15,0.000000,0.000000,0.000000,0.000000,60.000000,26.250000
256,2015,1,11,16,0.000000,0.000000,0.000000,0.000000,50.400000,22.050000
257,2015,1,11,17,0.000000,0.000000,0.000000,0.000000,37.600000,16.450000
258,2015,1,11,18,0.000000,0.000000,0.000000,0.000000,23.200000,10.150000
259,2015,1,11,19,0.000000,0.000000,0.000000,0.000000,7.200000,3.150000
260,2015,1,11,20,0.000000,0.000000,0.000000,0.000000,0.000000,0.000000
261,2015,1,11,21,0.000000,0.000000,0.000000,0.000000,0.000000,0.000000
262,2015,1,11,22,0.000000,0.000000,0.000000,0.000000,0.000000,0.000000
263,2015,1,11,23,0.000000,0.000000,0.000000,0.000000,0.000000,0.000000
264,2015,1,11,24,0.000000,0.000000,0.000000,0.000000,0.000000,0.000000
265,2015,1,12,1,0.000000,0.000000,0.000000,0.000000,0.000000,0.000000
266,2015,1,12,2,0.000000,0.000000,0.000000,0.000000,0.000000,0.000000
267,2015,1,12,3,0.000000,0.000000,0.000000,0.000000,0.000000,0.000000
268,2015,1,12,4,0.000000,0.000000,0.000000,0.000000,0.000000,0.000000
269,2015,1,12,5,0.000000,0.000000,0.000000,0.000000,0.000000,0.000000
270,2015,1,12,6,0.000000,0.000000,0.000000,0.000000,0.000000,0.000000
271,2015,1,12,7,0.000000,0.000000,0.000000,0.000000,8.000000,3.500000
272,2015,1,12,8,0.000000,0.000000,0.000000,0.000000,24.000000,10.500000
273,2015,1,12,9,0.000000,0.000000,0.000000,0.000000,38.400000,16.800000
274,2015,1,12,10,0.000000,0.000000,0.000000,0.000000,51.200000,22.400000
275,2015,1,12,11,0.000000,0.000000,0.000000,0.000000,60.000000,26.250000
276,2015,1,12,12,0.000000,0.000000,0.000000,0.000000,66.400000,29.050000
277,2015,1,12,13,0.000000,0.000000,0.000000,0.000000,68.000000,29.750000
278,2015,1,12,14,0.000000,0.000000,0.000000,0.000000,66.400000,29.050000
279,2015,1,12,15,0.000000,0.000000,0.000000,0.000000,60.000000,26.250000
280,2015,1,12,16,0.000000,0.000000,0.000000,0.000000,50.400000,22.050000
281,2015,1,12,17,0.000000,0.000000,0.000000,0.000000,37.600000,16.450000
282,2015,1,12,18,0.000000,0.000000,0.000000,0.000000,23.200000,10.150000
283,2015,1,12,19,0.000000,0.000000,0.000000,0.000000,7.200000,3.150000
284,2015,1,12,20,0.000000,0.000000,0.000000,0.000000,0.000000,0.000000
285,2015,1,12,21,0.000000,0.000000,0.000000,0.000000,0.000000,0.000000
286,2015,1,12,22,0.000000,0.000000,0.000000,0.000000,0.000000,0.000000
287,2015,1,12,23,0.000000,0.000000,0.000000,0.000000,0.000000,0.000000
288,2015,1,12,24,0.000000,0.000000,0.000000,0.000000,0.000000,0.000000
289,2015,1,13,1,0.000000,0.000000,0.000000,0.000000,0.000000,0.000000
290,2015,1,13,2,0.000000,0.000000,0.000000,0.000000,0.000000,0.000000
291,2015,1,13,3,0.000000,0.000000,0.000000,0.000000,0.000000,0.000000
292,2015,1,13,4,0.000000,0.000000,0.000000,0.000000,0.000000,0.000000
293,2015,1,13,5,0.000000,0.000000,0.000000,0.000000,0.000000,0.000000
294,2015,1,13,6,0.000000,0.000000,0.000000,0.000000,0.000000,0.000000
295,2015,1,13,7,0.000000,0.000000,0.000000,0.000000,8.000000,3.500000
296,2015,1,13,8,0.000000,0.000000,0.000000,0.000000,24.000000,10.500000
297,2015,1,13,9,0.000000,0.000000,0.000000,0.000000,38.400000,16.800000
298,2015,1,13,10,0.000000,0.000000,0.000000,0.000000,51.200000,22.400000
299,2015,1,13,11,0.000000,0.000000,0.000000,0.000000,60.000000,26.250000
300,2015,1,13,12,0.000000,0.000000,0.000000,0.000000,66.400000,29.050000
301,2015,1,13,13,0.000000,0.000000,0.000000,0.000000,68.000000,29.750000
302,2015,1,13,14,0.000000,0.000000,0.000000,0.000000,66.400000,29.050000
303,2015,1,13,15,0.000000,0.000000,0.000000,0.000000,60.000000,26.250000
304,2015,1,13,16,0.000000,0.000000,0.000000,0.000000,50.400000,22.050000
305,2015,1,13,17,0.000000,0.000000,0.000000,0.000000,37.600000,16.450000
306,2015,1,13,18,0.000000,0.000000,0.000000,0.000000,23.200000,10.150000
307,2015,1,13,19,0.000000,0.000000,0.000000,0.000000,7.200000,3.150000
308,2015,1,13,20,0.000000,0.000000,0.000000,0.000000,0.000000,0.000000
309,2015,1,13,21,0.000000,0.000000,0.000000,0.000000,0.000000,0.000000
310,2015,1,13,22,0.000000,0.000000,0.000000,0.000000,0.000000,0.000000
311,2015,1,13,23,0.000000,0.000000,0.000000,0.000000,0.000000,0.000000
312,2015,1,13,24,0.000000,0.000000,0.000000,0.000000,0.000000,0.000000
313,2015,1,14,1,0.000000,0.000000,0.000000,0.000000,0.000000,0.000000
314,2015,1,14,2,0.000000,0.000000,0.000000,0.000000,0.000000,0.000000
315,2015,1,14,3,0.000000,0.000000,0.000000,0.000000,0.000000,0.000000
316,2015,1,14,4,0.000000,0.000000,0.000000,0.000000,0.000000,0.000000
317,2015,1,14,5,0.000000,0.000000,0.000000,0.000000,0.000000,0.000000
318,2015,1,14,6,0.000000,0.000000,0.000000,0.000000,0.000000,0.000000
319,2015,1,14,7,0.000000,0.000000,0.000000,0.000000,8.000000,3.500000
320,2015,1,14,8,0.000000,0.000000,0.000000,0.000000,24.000000,10.500000
321,2015,1,14,9,0.000000,0.000000,0.000000,0.000000,38.400000,16.800000
322,2015,1,14,10,0.000000,0.000000,0.000000,0.000000,51.200000,22.400000
323,2015,1,14,11,0.000000,0.000000,0.000000,0.000000,60.000000,26.250000
324,2015,1,14,12,0.000000,0.000000,0.000000,0.000000,66.400000,29.050000
325,2015,1,14,13,0.000000,0.000000,0.000000,0.000000,68.000000,29.750000
326,2015,1,14,14,0.000000,0.000000,0.000000,0.000000,66.400000,29.050000
327,2015,1,14,15,0.000000,0.000000,0.000000,0.000000,60.000000,26.250000
328,2015,1,14,16,0.000000,0.000000,0.000000,0.000000,50.400000,22.050000
329,2015,1,14,17,0.000000,0.000000,0.000000,0.000000,37.600000,16.450000
330,2015,1,14,18,0.000000,0.000000,0.000000,0.000000,23.200000,10.150000
331,2015,1,14,19,0.000000,0.000000,0.000000,0.000000,7.200000,3.150000
332,2015,1,14,20,0.000000,0.000000,0.000000,0.000000,0.000000,0.000000
333,2015,1,14,21,0.000000,0.000000,0.000000,0.000000,0.000000,0.000000
334,2015,1,14,22,0.000000,0.000000,0.000000,0.000000,0.000000,0.000000
335,2015,1,14,23,0.000000,0.000000,0.000000,0.000000,0.000000,0.000000
336,2015,1,14,24,0.000000,0.000000,0.000000,0.000000,0.000000,0.000000
337,2015,1,15,1,0.000000,0.000000,0.000000,0.000000,0.000000,0.000000
338,2015,1,15,2,0.000000,0.000000,0.000000,0.000000,0.000000,0.000000
339,2015,1,15,3,0.000000,0.000000,0.000000,0.000000,0.000000,0.000000
340,2015,1,15,4,0.000000,0.000000,0.000000,0.000000,0.000000,0.000000
341,2015,1,15,5,0.000000,0.000000,0.000000,0.000000,0.000000,0.000000
342,2015,1,15,6,0.000000,0.000000,0.000000,0.000000,0.000000,0.000000
343,2015,1,15,7,0.000000,0.000000,0.000000,0.000000,8.000000,3.500000
344,2015,1,15,8,0.000000,0.000000,0.000000,0.000000,24.000000,10.500000
345,2015,1,15,9,0.000000,0.000000,0.000000,0.000000,38.400000,16.800000
346,2015,1,15,10,0.000000,0.000000,0.000000,0.000000,51.200000,22.400000
347,2015,1,15,11,0.000000,0.000000,0.000000,0.000000,60.000000,26.250000
348,2015,1,15,12,0.000000,0.000000,0.000000,0.000000,66.400000,29.050000
349,2015,1,15,13,0.000000,0.000000,0.000000,0.000000,68.000000,29.750000
350,2015,1,15,14,0.000000,0.000000,0.000000,0.000000,66.400000,29.050000
351,2015,1,15,15,0.000000,0.000000,0.000000,0.000000,60.000000,26.250000
352,2015,1,15,16,0.000000,0.000000,0.000000,0.000000,50.400000,22.050000
353,2015,1,15,17,0.000000,0.000000,0.000000,0.000000,37.600000,16.450000
354,2015,1,15,18,0.000000,0.000000,0.000000,0.000000,23.200000,10.150000
355,2015,1,15,19,0.000000,0.000000,0.000000,0.000000,7.200000,3.150000
356,2015,1,15,20,0.000000,0.000000,0.000000,0.000000,0.000000,0.000000
357,2015,1,15,21,0.000000,0.000000,0.000000,0.000000,0.000000,0.000000
358,2015,1,15,22,0.000000,0.000000,0.000000,0.000000,0.000000,0.000000
359,2015,1,15,23,0.000000,0.000000,0.000000,0.000000,0.000000,0.000000
360,2015,1,15,24,0.000000,0.000000,0.000000,0.000000,0.000000,0.000000
361,2015,1,16,1,0.000000,0.000000,0.000000,0.000000,0.000000,0.000000
362,2015,1,16,2,0.000000,0.000000,0.000000,0.000000,0.000000,0.000000
363,2015,1,16,3,0.000000,0.000000,0.000000,0.000000,0.000000,0.000000
364,2015,1,16,4,0.000000,0.000000,0.000000,0.000000,0.000000,0.000000
365,2015,1,16,5,0.000000,0.000000,0.000000,0.000000,0.000000,0.000000
366,2015,1,16,6,0.000000,0.000000,0.000000,0.000000,0.000000,0.000000
367,2015,1,16,7,0.000000,0.000000,0.000000,0.000000,8.000000,3.500000
368,2015,1,16,8,0.000000,0.000000,0.000000,0.000000,24.000000,10.500000
369,2015,1,16,9,0.000000,0.000000,0.000000,0.000000,38.400000,16.800000
370,2015,1,16,10,0.000000,0.000000,0.000000,0.000000,51.200000,22.400000
371,2015,1,16,11,0.000000,0.000000,0.000000,0.000000,60.000000,26.250000
372,2015,1,16,12,0.000000,0.000000,0.000000,0.000000,66.400000,29.050000
373,2015,1,16,13,0.000000,0.000000,0.000000,0.000000,68.000000,29.750000
374,2015,1,16,14,0.000000,0.000000,0.000000,0.000000,66.400000,29.050000
375,2015,1,16,15,0.000000,0.000000,0.000000,0.000000,60.000000,26.250000
376,2015,1,16,16,0.000000,0.000000,0.000000,0.000000,50.400000,22.050000
377,2015,1,16,17,0.000000,0.000000,0.000000,0.000000,37.600000,16.450000
378,2015,1,16,18,0.000000,0.000000,0.000000,0.000000,23.200000,10.150000
379,2015,1,16,19,0.000000,0.000000,0.000000,0.000000,7.200000,3.150000
380,2015,1,16,20,0.000000,0.000000,0.000000,0.000000,0.000000,0.000000
381,2015,1,16,21,0.000000,0.000000,0.000000,0.000000,0.000000,0.000000
382,2015,1,16,22,0.000000,0.000000,0.000000,0.000000,0.000000,0.000000
383,2015,1,16,23,0.000000,0.000000,0.000000,0.000000,0.000000,0.000000
384,2015,1,16,24,0.000000,0.000000,0.000000,0.000000,0.000000,0.000000
385,2015,1,17,1,0.000000,0.000000,0.000000,0.000000,0.000000,0.000000
386,2015,1,17,2,0.000000,0.000000,0.000000,0.000000,0.000000,0.000000
387,2015,1,17,3,0.000000,0.000000,0.000000,0.000000,0.000000,0.000000
388,2015,1,17,4,0.000000,0.000000,0.000000,0.000000,0.000000,0.000000
389,2015,1,17,5,0.000000,0.000000,0.000000,0.000000,0.000000,0.000000
390,2015,1,17,6,0.000000,0.000000,0.000000,0.000000,0.000000,0.000000
391,2015,1,17,7,0.000000,0.000000,0.000000,0.000000,8.000000,3.500000
392,2015,1,17,8,0.000000,0.000000,0.000000,0.000000,24.000000,10.500000
393,2015,1,17,9,0.000000,0.000000,0.000000,0.000000,38.400000,16.800000
394,2015,1,17,10,0.000000,0.000000,0.000000,0.000000,51.200000,22.400000
395,2015,1,17,11,0.000000,0.000000,0.000000,0.000000,60.000000,26.250000
396,2015,1,17,12,0.000000,0.000000,0.000000,0.000000,66.400000,29.050000
397,2015,1,17,13,0.000000,0.000000,0.000000,0.000000,68.000000,29.750000
398,2015,1,17,14,0.000000,0.000000,0.000000,0.000000,66.400000,29.050000
399,2015,1,17,15,0.000000,0.000000,0.000000,0.000000,60.000000,26.250000
400,2015,1,17,16,0.000000,0.000000,0.000000,0.000000,50.400000,22.050000
401,2015,1,17,17,0.000000,0.000000,0.000000,0.000000,37.600000,16.450000
402,2015,1,17,18,0.000000,0.000000,0.000000,0.000000,23.200000,10.150000
403,2015,1,17,19,0.000000,0.000000,0.000000,0.000000,7.200000,3.150000
404,2015,1,17,20,0.000000,0.000000,0.000000,0.000000,0.000000,0.000000
405,2015,1,17,21,0.000000,0.000000,0.000000,0.000000,0.000000,0.000000
406,2015,1,17,22,0.000000,0.000000,0.000000,0.000000,0.000000,0.000000
407,2015,1,17,23,0.000000,0.000000,0.000000,0.000000,0.000000,0.000000
408,2015,1,17,24,0.000000,0.000000,0.000000,0.000000,0.000000,0.000000
409,2015,1,18,1,0.000000,0.000000,0.000000,0.000000,0.000000,0.000000
410,2015,1,18,2,0.000000,0.000000,0.000000,0.000000,0.000000,0.000000
411,2015,1,18,3,0.000000,0.000000,0.000000,0.000000,0.000000,0.000000
412,2015,1,18,4,0.000000,0.000000,0.000000,0.000000,0.000000,0.000000
413,2015,1,18,5,0.000000,0.000000,0.000000,0.000000,0.000000,0.000000
414,2015,1,18,6,0.000000,0.000000,0.000000,0.000000,0.000000,0.000000
415,2015,1,18,7,0.000000,0.000000,0.000000,0.000000,8.000000,3.500000
416,2015,1,18,8,0.000000,0.000000,0.000000,0.000000,24.000000,10.500000
417,2015,1,18,9,0.000000,0.000000,0.000000,0.000000,38.400000,16.800000
418,2015,1,18,10,0.000000,0.000000,0.000000,0.000000,51.200000,22.400000
419,2015,1,18,11,0.000000,0.000000,0.000000,0.000000,60.000000,26.250000
420,2015,1,18,12,0.000000,0.000000,0.000000,0.000000,66.400000,29.050000
421,2015,1,18,13,0.000000,0.000000,0.000000,0.000000,68.000000,29.750000
422,2015,1,18,14,0.000000,0.000000,0.000000,0.000000,66.400000,29.050000
423,2015,1,18,15,0.000000,0.000000,0.000000,0.000000,60.000000,26.250000
424,2015,1,18,16,0.000000,0.000000,0.000000,0.000000,50.400000,22.050000
425,2015,1,18,17,0.000000,0.000000,0.000000,0.000000,37.600000,16.450000
426,2015,1,18,18,0.000000,0.000000,0.000000,0.000000,23.200000,10.150000
427,2015,1,18,19,0.000000,0.000000,0.000000,0.000000,7.200000,3.150000
428,2015,1,18,20,0.000000,0.000000,0.000000,0.000000,0.000000,0.000000
429,2015,1,18,21,0.000000,0.000000,0.000000,0.000000,0.000000,0.000000
430,2015,1,18,22,0.000000,0.000000,0.000000,0.000000,0.000000,0.000000
431,2015,1,18,23,0.000000,0.000000,0.000000,0.000000,0.000000,0.000000
432,2015,1,18,24,0.000000,0.000000,0.000000,0.000000,0.000000,0.000000
433,2015,1,19,1,0.000000,0.000000,0.000000,0.000000,0.000000,0.000000
434,2015,1,19,2,0.000000,0.000000,0.000000,0.000000,0.000000,0.000000
435,2015,1,19,3,0.000000,0.000000,0.000000,0.000000,0.000000,0.000000
436,2015,1,19,4,0.000000,0.000000,0.000000,0.000000,0.000000,0.000000
437,2015,1,19,5,0.000000,0.000000,0.000000,0.000000,0.000000,0.000000
438,2015,1,19,6,0.000000,0.000000,0.000000,0.000000,0.000000,0.000000
439,2015,1,19,7,0.000000,0.000000,0.000000,0.000000,8.000000,3.500000
440,2015,1,19,8,0.000000,0.000000,0.000000,0.000000,24.000000,10.500000
441,2015,1,19,9,0.000000,0.000000,0.000000,0.000000,38.400000,16.800000
442,2015,1,19,10,0.000000,0.000000,0.000000,0.000000,51.200000,22.400000
443,2015,1,19,11,0.000000,0.000000,0.000000,0.000000,60.000000,26.250000
444,2015,1,19,12,0.000000,0.000000,0.000000,0.000000,66.400000,29.050000
445,2015,1,19,13,0.000000,0.000000,0.000000,0.000000,68.000000,29.750000
446,2015,1,19,14,0.000000,0.000000,0.000000,0.000000,66.400000,29.050000
447,2015,1,19,15,0.000000,0.000000,0.000000,0.000000,60.000000,26.250000
448,2015,1,19,16,0.000000,0.000000,0.000000,0.000000,50.400000,22.050000
449,2015,1,19,17,0.000000,0.000000,0.000000,0.000000,37.600000,16.450000
450,2015,1,19,18,0.000000,0.000000,0.000000,0.000000,23.200000,10.150000
451,2015,1,19,19,0.000000,0.000000,0.000000,0.000000,7.200000,3.150000
452,2015,1,19,20,0.000000,0.000000,0.000000,0.000000,0.000000,0.000000
453,2015,1,19,21,0.000000,0.000000,0.000000,0.000000,0.000000,0.000000
454,2015,1,19,22,0.000000,0.000000,0.000000,0.000000,0.000000,0.000000
455,2015,1,19,23,0.000000,0.000000,0.000000,0.000000,0.000000,0.000000
456,2015,1,19,24,0.000000,0.000000,0.000000,0.000000,0.000000,0.000000
457,2015,1,20,1,0.000000,0.000000,0.000000,0.000000,0.000000,0.000000
458,2015,1,20,2,0.000000,0.000000,0.000000,0.000000,0.000000,0.000000
459,2015,1,20,3,0.000000,0.000000,0.000000,0.000000,0.000000,0.000000
460,2015,1,20,4,0.000000,0.000000,0.000000,0.000000,0.000000,0.000000
461,2015,1,20,5,0.000000,0.000000,0.000000,0.000000,0.000000,0.000000
462,2015,1,20,6,0.000000,0.000000,0.000000,0.000000,0.000000,0.000000
463,2015,1,20,7,0.000000,0.000000,0.000000,0.000000,8.000000,3.500000
464,2015,1,20,8,0.000000,0.000000,0.000000,0.000000,24.000000,10.500000
465,2015,1,20,9,0.000000,0.000000,0.000000,0.000000,38.400000,16.800000
466,2015,1,20,10,0.000000,0.000000,0.000000,0.000000,51.200000,22.400000
467,2015,1,20,11,0.000000,0.000000,0.000000,0.000000,60.000000,26.250000
468,2015,1,20,12,0.000000,0.000000,0.000000,0.000000,66.400000,29.050000
469,2015,1,20,13,0.000000,0.000000,0.000000,0.000000,68.000000,29.750000
470,2015,1,20,14,0.000000,0.000000,0.000000,0.000000,66.400000,29.050000
471,2015,1,20,15,0.000000,0.000000,0.000000,0.000000,60.000000,26.250000
472,2015,1,20,16,0.000000,0.000000,0.000000,0.000000,50.400000,22.050000
473,2015,1,20,17,0.000000,0.000000,0.000000,0.000000,37.600000,16.450000
474,2015,1,20,18,0.000000,0.000000,0.000000,0.000000,23.200000,10.150000
475,2015,1,20,19,0.000000,0.000000,0.000000,0.000000,7.200000,3.150000
476,2015,1,20,20,0.000000,0.000000,0.000000,0.000000,0.000000,0.000000
477,2015,1,20,21,0.000000,0.000000,0.000000,0.000000,0.000000,0.000000
478,2015,1,20,22,0.000000,0.000000,0.000000,0.000000,0.000000,0.000000
479,2015,1,20,23,0.000000,0.000000,0.000000,0.000000,0.000000,0.000000
480,2015,1,20,24,0.000000,0.000000,0.000000,0.000000,0.000000,0.000000
481,2015,1,21,1,0.000000,0.000000,0.000000,0.000000,0.000000,0.000000
482,2015,1,21,2,0.000000,0.000000,0.000000,0.000000,0.000000,0.000000
483,2015,1,21,3,0.000000,0.000000,0.000000,0.000000,0.000000,0.000000
484,2015,1,21,4,0.000000,0.000000,0.000000,0.000000,0.000000,0.000000
485,2015,1,21,5,0.000000,0.000000,0.000000,0.000000,0.000000,0.000000
486,2015,1,21,6,0.000000,0.000000,0.000000,0.000000,0.000000,0.000000
487,2015,1,21,7,0.000000,0.000000,0.000000,0.000000,8.000000,3.500000
488,2015,1,21,8,0.000000,0.000000,0.000000,0.000000,24.000000,10.500000
489,2015,1,21,9,0.000000,0.000000,0.000000,0.000000,38.400000,16.800000
490,2015,1,21,10,0.000000,0.000000,0.000000,0.000000,51.200000,22.400000
491,2015,1,21,11,0.000000,0.000000,0.000000,0.000000,60.000000,26.250000
492,2015,1,21,12,0.000000,0.000000,0.000000,0.000000,66.400000,29.050000
493,2015,1,21,13,0.000000,0.000000,0.000000,0.000000,68.000000,29.750000
494,2015,1,21,14,0.000000,0.000000,0.000000,0.000000,66.400000,29.050000
495,2015,1,21,15,0.000000,0.000000,0.000000,0.000000,60.000000,26.250000
496,2015,1,21,16,0.000000,0.000000,0.000000,0.000000,50.400000,22.050000
497,2015,1,21,17,0.000000,0.000000,0.000000,0.000000,37.600000,16.450000
498,2015,1,21,18,0.000000,0.000000,0.000000,0.000000,23.200000,10.150000
499,2015,1,21,19,0.000000,0.000000,0.000000,0.000000,7.200000,3.150000
500,2015,1,21,20,0.000000,0.000000,0.000000,0.000000,0.000000,0.000000
501,2015,1,21,21,0.000000,0.000000,0.000000,0.000000,0.000000,0.000000
502,2015,1,21,22,0.000000,0.000000,0.000000,0.000000,0.000000,0.000000
503,2015,1,21,23,0.000000,0.000000,0.000000,0.000000,0.000000,0.000000
504,2015,1,21,24,0.000000,0.000000,0.000000,0.000000,0.000000,0.000000
505,2015,1,22,1,0.000000,0.000000,0.000000,0.000000,0.000000,0.000000
506,2015,1,22,2,0.000000,0.000000,0.000000,0.000000,0.000000,0.000000
507,2015,1,22,3,0.000000,0.000000,0.000000,0.000000,0.000000,0.000000
508,2015,1,22,4,0.000000,0.000000,0.000000,0.000000,0.000000,0.000000
509,2015,1,22,5,0.000000,0.000000,0.000000,0.000000,0.000000,0.000000
510,2015,1,22,6,0.000000,0.000000,0.000000,0.000000,0.000000,0.000000
511,2015,1,22,7,0.000000,0.000000,0.000000,0.000000,8.000000,3.500000
512,2015,1,22,8,0.000000,0.000000,0.000000,0.000000,24.000000,10.500000
513,2015,1,22,9,0.000000,0.000000,0.000000,0.000000,38.400000,16.800000
514,2015,1,22,10,0.000000,0.000000,0.000000,0.000000,51.200000,22.400000
515,2015,1,22,11,0.000000,0.000000,0.000000,0.000000,60.000000,26.250000
516,2015,1,22,12,0.000000,0.000000,0.000000,0.000000,66.400000,29.050000
517,2015,1,22,13,0.000000,0.000000,0.000000,0.000000,68.000000,29.750000
518,2015,1,22,14,0.000000,0.000000,0.000000,0.000000,66.400000,29.050000
519,2015,1,22,15,0.000000,0.000000,0.000000,0.000000,60.000000,26.250000
520,2015,1,22,16,0.000000,0.000000,0.000000,0.000000,50.400000,22.050000
521,2015,1,22,17,0.000000,0.000000,0.000000,0.000000,37.600000,16.450000
522,2015,1,22,18,0.000000,0.000000,0.000000,0.000000,23.200000,10.150000
523,2015,1,22,19,0.000000,0.000000,0.000000,0.000000,7.200000,3.150000
524,2015,1,22,20,0.000000,0.000000,0.000000,0.000000,0.000000,0.000000
525,2015,1,22,21,0.000000,0.000000,0.000000,0.000000,0.000000,0.000000
526,2015,1,22,22,0.000000,0.000000,0.000000,0.000000,0.000000,0.000000
527,2015,1,22,23,0.000000,0.000000,0.000000,0.000000,0.000000,0.000000
528,2015,1,22,24,0.000000,0.000000,0.000000,0.000000,0.000000,0.000000
529,2015,1,23,1,0.000000,0.000000,0.000000,0.000000,0.000000,0.000000
530,2015,1,23,2,0.000000,0.000000,0.000000,0.000000,0.000000,0.000000
531,2015,1,23,3,0.000000,0.000000,0.000000,0.000000,0.000000,0.000000
532,2015,1,23,4,0.000000,0.000000,0.000000,0.000000,0.000000,0.000000
533,2015,1,23,5,0.000000,0.000000,0.000000,0.000000,0.000000,0.000000
534,2015,1,23,6,0.000000,0.000000,0.000000,0.000000,0.000000,0.000000
535,2015,1,23,7,0.000000,0.000000,0.000000,0.000000,8.000000,3.500000
536,2015,1,23,8,0.000000,0.000000,0.000000,0.000000,24.000000,10.500000
537,2015,1,23,9,0.000000,0.000000,0.000000,0.000000,38.400000,16.800000
538,2015,1,23,10,0.000000,0.000000,0.000000,0.000000,51.200000,22.400000
539,2015,1,23,11,0.000000,0.000000,0.000000,0.000000,60.000000,26.250000
540,2015,1,23,12,0.000000,0.000000,0.000000,0.000000,66.400000,29.050000
541,2015,1,23,13,0.000000,0.000000,0.000000,0.000000,68.000000,29.750000
542,2015,1,23,14,0.000000,0.000000,0.000000,0.000000,66.400000,29.050000
543,2015,1,23,15,0.000000,0.000000,0.000000,0.000000,60.000000,26.250000
544,2015,1,23,16,0.000000,0.000000,0.000000,0.000000,50.400000,22.050000
545,2015,1,23,17,0.000000,0.000000,0.000000,0.000000,37.600000,16.450000
546,2015,1,23,18,0.000000,0.000000,0.000000,0.000000,23.200000,10.150000
547,2015,1,23,19,0.000000,0.000000,0.000000,0.000000,7.200000,3.150000
548,2015,1,23,20,0.000000,0.000000,0.000000,0.000000,0.000000,0.000000
549,2015,1,23,21,0.000000,0.000000,0.000000,0.000000,0.000000,0.000000
550,2015,1,23,22,0.000000,0.000000,0.000000,0.000000,0.000000,0.000000
551,2015,1,23,23,0.000000,0.000000,0.000000,0.000000,0.000000,0.000000
552,2015,1,23,24,0.000000,0.000000,0.000000,0.000000,0.000000,0.000000
553,2015,1,24,1,0.000000,0.000000,0.000000,0.000000,0.000000,0.000000
554,2015,1,24,2,0.000000,0.000000,0.000000,0.000000,0.000000,0.000000
555,2015,1,24,3,0.000000,0.000000,0.000000,0.000000,0.000000,0.000000
556,2015,1,24,4,0.000000,0.000000,0.000000,0.000000,0.000000,0.000000
557,2015,1,24,5,0.000000,0.000000,0.000000,0.000000,0.000000,0.000000
558,2015,1,24,6,0.000000,0.000000,0.000000,0.000000,0.000000,0.000000
559,2015,1,24,7,0.000000,0.000000,0.000000,0.000000,8.000000,3.500000
560,2015,1,24,8,0.000000,0.000000,0.000000,0.000000,24.000000,10.500000
561,2015,1,24,9,0.000000,0.000000,0.000000,0.000000,38.400000,16.800000
562,2015,1,24,10,0.000000,0.000000,0.000000,0.000000,51.200000,22.400000
563,2015,1,24,11,0.000000,0.000000,0.000000,0.000000,60.000000,26.250000
564,2015,1,24,12,0.000000,0.000000,0.000000,0.000000,66.400000,29.050000
565,2015,1,24,13,0.000000,0.000000,0.000000,0.000000,68.000000,29.750000
566,2015,1,24,14,0.000000,0.000000,0.000000,0.000000,66.400000,29.050000
567,2015,1,24,15,0.000000,0.000000,0.000000,0.000000,60.000000,26.250000
568,2015,1,24,16,0.000000,0.000000,0.000000,0.000000,50.400000,22.050000
569,2015,1,24,17,0.000000,0.000000,0.000000,0.000000,37.600000,16.450000
570,2015,1,24,18,0.000000,0.000000,0.000000,0.000000,23.200000,10.150000
571,2015,1,24,19,0.000000,0.000000,0.000000,0.000000,7.200000,3.150000
572,2015,1,24,20,0.000000,0.000000,0.000000,0.000000,0.000000,0.000000
573,2015,1,24,21,0.000000,0.000000,0.000000,0.000000,0.000000,0.000000
574,2015,1,24,22,0.000000,0.000000,0.000000,0.000000,0.000000,0.000000
575,2015,1,24,23,0.000000,0.000000,0.000000,0.000000,0.000000,0.000000
576,2015,1,24,24,0.000000,0.000000,0.000000,0.000000,0.000000,0.000000
577,2015,1,25,1,0.000000,0.000000,0.000000,0.000000,0.000000,0.000000
578,2015,1,25,2,0.000000,0.000000,0.000000,0.000000,0.000000,0.000000
579,2015,1,25,3,0.000000,0.000000,0.000000,0.000000,0.000000,0.000000
580,2015,1,25,4,0.000000,0.000000,0.000000,0.000000,0.000000,0.000000
581,2015,1,25,5,0.000000,0.000000,0.000000,0.000000,0.000000,0.000000
582,2015,1,25,6,0.000000,0.000000,0.000000,0.000000,0.000000,0.000000
583,2015,1,25,7,0.000000,0.000000,0.000000,0.000000,8.000000,3.500000
584,2015,1,25,8,0.000000,0.000000,0.000000,0.000000,24.000000,10.500000
585,2015,1,25,9,0.000000,0.000000,0.000000,0.000000,38.400000,16.800000
586,2015,1,25,10,0.000000,0.000000,0.000000,0.000000,51.200000,22.400000
587,2015,1,25,11,0.000000,0.000000,0.000000,0.000000,60.000000,26.250000
588,2015,1,25,12,0.000000,0.000000,0.000000,0.000000,66.400000,29.050000
589,2015,1,25,13,0.000000,0.000000,0.000000,0.000000,68.000000,29.750000
590,2015,1,25,14,0.000000,0.000000,0.000000,0.000000,66.400000,29.050000
591,2015,1,25,15,0.000000,0.000000,0.000000,0.000000,60.000000,26.250000
592,2015,1,25,16,0.000000,0.000000,0.000000,0.000000,50.400000,22.050000
593,2015,1,25,17,0.000000,0.000000,0.000000,0.000000,37.600000,16.450000
594,2015,1,25,18,0.000000,0.000000,0.000000,0.000000,23.200000,10.150000
595,2015,1,25,19,0.000000,0.000000,0.000000,0.000000,7.200000,3.150000
596,2015,1,25,20,0.000000,0.000000,0.000000,0.000000,0.000000,0.000000
597,2015,1,25,21,0.000000,0.000000,0.000000,0.000000,0.000000,0.000000
598,2015,1,25,22,0.000000,0.000000,0.000000,0.000000,0.000000,0.000000
599,2015,1,25,23,0.000000,0.000000,0.000000,0.000000,0.000000,0.000000
600,2015,1,25,24,0.000000,0.000000,0.000000,0.000000,0.000000,0.000000
601,2015,1,26,1,0.000000,0.000000,0.000000,0.000000,0.000000,0.000000
602,2015,1,26,2,0.000000,0.000000,0.000000,0.000000,0.000000,0.000000
603,2015,1,26,3,0.000000,0.000000,0.000000,0.000000,0.000000,0.000000
604,2015,1,26,4,0.000000,0.000000,0.000000,0.000000,0.000000,0.000000
605,2015,1,26,5,0.000000,0.000000,0.000000,0.000000,0.000000,0.000000
606,2015,1,26,6,0.000000,0.000000,0.000000,0.000000,0.000000,0.000000
607,2015,1,26,7,0.000000,0.000000,0.000000,0.000000,8.000000,3.500000
608,2015,1,26,8,0.000000,0.000000,0.000000,0.000000,24.000000,10.500000
609,2015,1,26,9,0.000000,0.000000,0.000000,0.000000,38.400000,16.800000
610,2015,1,26,10,0.000000,0.000000,0.000000,0.000000,51.200000,22.400000
611,2015,1,26,11,0.000000,0.000000,0.000000,0.000000,60.000000,26.250000
612,2015,1,26,12,0.000000,0.000000,0.000000,0.000000,66.400000,29.050000
613,2015,1,26,13,0.000000,0.000000,0.000000,0.000000,68.000000,29.750000
614,2015,1,26,14,0.000000,0.000000,0.000000,0.000000,66.400000,29.050000
615,2015,1,26,15,0.000000,0.000000,0.000000,0.000000,60.000000,26.250000
616,2015,1,26,16,0.000000,0.000000,0.000000,0.000000,50.400000,22.050000
617,2015,1,26,17,0.000000,0.000000,0.000000,0.000000,37.600000,16.450000
618,2015,1,26,18,0.000000,0.000000,0.000000,0.000000,23.200000,10.150000
619,2015,1,26,19,0.000000,0.000000,0.000000,0.000000,7.200000,3.150000
620,2015,1,26,20,0.000000,0.000000,0.000000,0.000000,0.000000,0.000000
621,2015,1,26,21,0.000000,0.000000,0.000000,0.000000,0.000000,0.000000
622,2015,1,26,22,0.000000,0.000000,0.000000,0.000000,0.000000,0.000000
623,2015,1,26,23,0.000000,0.000000,0.000000,0.000000,0.000000,0.000000
624,2015,1,26,24,0.000000,0.000000,0.000000,0.000000,0.000000,0.000000
625,2015,1,27,1,0.000000,0.000000,0.000000,0.000000,0.000000,0.000000
626,2015,1,27,2,0.000000,0.000000,0.000000,0.000000,0.000000,0.000000
627,2015,1,27,3,0.000000,0.000000,0.000000,0.000000,0.000000,0.000000
628,2015,1,27,4,0.000000,0.000000,0.000000,0.000000,0.000000,0.000000
629,2015,1,27,5,0.000000,0.000000,0.000000,0.000000,0.000000,0.000000
630,2015,1,27,6,0.000000,0.000000,0.000000,0.000000,0.000000,0.000000
631,2015,1,27,7,0.000000,0.000000,0.000000,0.000000,8.000000,3.500000
632,2015,1,27,8,0.000000,0.000000,0.000000,0.000000,24.000000,10.500000
633,2015,1,27,9,0.000000,0.000000,0.000000,0.000000,38.400000,16.800000
634,2015,1,27,10,0.000000,0.000000,0.000000,0.000000,51.200000,22.400000
635,2015,1,27,11,0.000000,0.000000,0.000000,0.000000,60.000000,26.250000
636,2015,1,27,12,0.000000,0.000000,0.000000,0.000000,66.400000,29.050000
637,2015,1,27,13,0.000000,0.000000,0.000000,0.000000,68.000000,29.750000
638,2015,1,27,14,0.000000,0.000000,0.000000,0.000000,66.400000,29.050000
639,2015,1,27,15,0.000000,0.000000,0.000000,0.000000,60.000000,26.250000
640,2015,1,27,16,0.000000,0.000000,0.000000,0.000000,50.400000,22.050000
641,2015,1,27,17,0.000000,0.000000,0.000000,0.000000,37.600000,16.450000
642,2015,1,27,18,0.000000,0.000000,0.000000,0.000000,23.200000,10.150000
643,2015,1,27,19,0.000000,0.000000,0.000000,0.000000,7.200000,3.150000
644,2015,1,27,20,0.000000,0.000000,0.000000,0.000000,0.000000,0.000000
645,2015,1,27,21,0.000000,0.000000,0.000000,0.000000,0.000000,0.000000
646,2015,1,27,22,0.000000,0.000000,0.000000,0.000000,0.000000,0.000000
647,2015,1,27,23,0.000000,0.000000,0.000000,0.000000,0.000000,0.000000
648,2015,1,27,24,0.000000,0.000000,0.000000,0.000000,0.000000,0.000000
649,2015,1,28,1,0.000000,0.000000,0.000000,0.000000,0.000000,0.000000
650,2015,1,28,2,0.000000,0.000000,0.000000,0.000000,0.000000,0.000000
651,2015,1,28,3,0.000000,0.000000,0.000000,0.000000,0.000000,0.000000
652,2015,1,28,4,0.000000,0.000000,0.000000,0.000000,0.000000,0.000000
653,2015,1,28,5,0.000000,0.000000,0.000000,0.000000,0.000000,0.000000
654,2015,1,28,6,0.000000,0.000000,0.000000,0.000000,0.000000,0.000000
655,2015,1,28,7,0.000000,0.000000,0.000000,0.000000,8.000000,3.500000
656,2015,1,28,8,0.000000,0.000000,0.000000,0.000000,24.000000,10.500000
657,2015,1,28,9,0.000000,0.000000,0.000000,0.000000,38.400000,16.800000
658,2015,1,28,10,0.000000,0.000000,0.000000,0.000000,51.200000,22.400000
659,2015,1,28,11,0.000000,0.000000,0.000000,0.000000,60.000000,26.250000
660,2015,1,28,12,0.000000,0.000000,0.000000,0.000000,66.400000,29.050000
661,2015,1,28,13,0.000000,0.000000,0.000000,0.000000,68.000000,29.750000
662,2015,1,28,14,0.000000,0.000000,0.000000,0.000000,66.400000,29.050000
663,2015,1,28,15,0.000000,0.000000,0.000000,0.000000,60.000000,26.250000
664,2015,1,28,16,0.000000,0.000000,0.000000,0.000000,50.400000,22.050000
665,2015,1,28,17,0.000000,0.000000,0.000000,0.000000,37.600000,16.450000
666,2015,1,28,18,0.000000,0.000000,0.000000,0.000000,23.200000,10.150000
667,2015,1,28,19,0.000000,0.000000,0.000000,0.000000,7.200000,3.150000
668,2015,1,28,20,0.000000,0.000000,0.000000,0.000000,0.000000,0.000000
669,2015,1,28,21,0.000000,0.000000,0.000000,0.000000,0.000000,0.000000
670,2015,1,28,22,0.000000,0.000000,0.000000,0.000000,0.000000,0.000000
671,2015,1,28,23,0.000000,0.000000,0.000000,0.000000,0.000000,0.000000
672,2015,1,28,24,0.000000,0.000000,0.000000,0.000000,0.000000,0.000000
673,2015,1,29,1,0.000000,0.000000,0.000000,0.000000,0.000000,0.000000
674,2015,1,29,2,0.000000,0.000000,0.000000,0.000000,0.000000,0.000000
675,2015,1,29,3,0.000000,0.000000,0.000000,0.000000,0.000000,0.000000
676,2015,1,29,4,0.000000,0.000000,0.000000,0.000000,0.000000,0.000000
677,2015,1,29,5,0.000000,0.000000,0.000000,0.000000,0.000000,0.000000
678,2015,1,29,6,0.000000,0.000000,0.000000,0.000000,0.000000,0.000000
679,2015,1,29,7,0.000000,0.000000,0.000000,0.000000,8.000000,3.500000
680,2015,1,29,8,0.000000,0.000000,0.000000,0.000000,24.000000,10.500000
681,2015,1,29,9,0.000000,0.000000,0.000000,0.000000,38.400000,16.800000
682,2015,1,29,10,0.000000,0.000000,0.000000,0.000000,51.200000,22.400000
683,2015,1,29,11,0.000000,0.000000,0.000000,0.000000,60.000000,26.250000
684,2015,1,29,12,0.000000,0.000000,0.000000,0.000000,66.400000,29.050000
685,2015,1,29,13,0.000000,0.000000,0.000000,0.000000,68.000000,29.750000
686,2015,1,29,14,0.000000,0.000000,0.000000,0.000000,66.400000,29.050000
687,2015,1,29,15,0.000000,0.000000,0.000000,0.000000,60.000000,26.250000
688,2015,1,29,16,0.000000,0.000000,0.000000,0.000000,50.400000,22.050000
689,2015,1,29,17,0.000000,0.000000,0.000000,0.000000,37.600000,16.450000
690,2015,1,29,18,0.000000,0.000000,0.000000,0.000000,23.200000,10.150000
691,2015,1,29,19,0.000000,0.000000,0.000000,0.000000,7.200000,3.150000
692,2015,1,29,20,0.000000,0.000000,0.000000,0.000000,0.000000,0.000000
693,2015,1,29,21,0.000000,0.000000,0.000000,0.000000,0.000000,0.000000
694,2015,1,29,22,0.000000,0.000000,0.000000,0.000000,0.000000,0.000000
695,2015,1,29,23,0.000000,0.000000,0.000000,0.000000,0.000000,0.000000
696,2015,1,29,24,0.000000,0.000000,0.000000,0.000000,0.000000,0.000000
697,2015,1,30,1,0.000000,0.000000,0.000000,0.000000,0.000000,0.000000
698,2015,1,30,2,0.000000,0.000000,0.000000,0.000000,0.000000,0.000000
699,2015,1,30,3,0.000000,0.000000,0.000000,0.000000,0.000000,0.000000
700,2015,1,30,4,0.000000,0.000000,0.000000,0.000000,0.000000,0.000000
701,2015,1,30,5,0.000000,0.000000,0.000000,0.000000,0.000000,0.000000
702,2015,1,30,6,0.000000,0.000000,0.000000,0.000000,0.000000,0.000000
703,2015,1,30,7,0.000000,0.000000,0.000000,0.000000,8.000000,3.500000
704,2015,1,30,8,0.000000,0.000000,0.000000,0.000000,24.000000,10.500000
705,2015,1,30,9,0.000000,0.000000,0.000000,0.000000,38.400000,16.800000
706,2015,1,30,10,0.000000,0.000000,0.000000,0.000000,51.200000,22.400000
707,2015,1,30,11,0.000000,0.000000,0.000000,0.000000,60.000000,26.250000
708,2015,1,30,12,0.000000,0.000000,0.000000,0.000000,66.400000,29.050000
709,2015,1,30,13,0.000000,0.000000,0.000000,0.000000,68.000000,29.750000
710,2015,1,30,14,0.000000,0.000000,0.000000,0.000000,66.400000,29.050000
711,2015,1,30,15,0.000000,0.000000,0.000000,0.000000,60.000000,26.250000
712,2015,1,30,16,0.000000,0.000000,0.000000,0.000000,50.400000,22.050000
713,2015,1,30,17,0.000000,0.000000,0.000000,0.000000,37.600000,16.450000
714,2015,1,30,18,0.000000,0.000000,0.000000,0.000000,23.200000,10.150000
715,2015,1,30,19,0.000000,0.000000,0.000000,0.000000,7.200000,3.150000
716,2015,1,30,20,0.000000,0.000000,0.000000,0.000000,0.000000,0.000000
717,2015,1,30,21,0.000000,0.000000,0.000000,0.000000,0.000000,0.000000
718,2015,1,30,22,0.000000,0.000000,0.000000,0.000000,0.000000,0.000000
719,2015,1,30,23,0.000000,0.000000,0.000000,0.000000,0.000000,0.000000
720,2015,1,30,24,0.000000,0.000000,0.000000,0.000000,0.000000,0.000000
721,2015,1,31,1,0.000000,0.000000,0.000000,0.000000,0.000000,0.000000
722,2015,1,31,2,0.000000,0.000000,0.000000,0.000000,0.000000,0.000000
723,2015,1,31,3,0.000000,0.000000,0.000000,0.000000,0.000000,0.000000
724,2015,1,31,4,0.000000,0.000000,0.000000,0.000000,0.000000,0.000000
725,2015,1,31,5,0.000000,0.000000,0.000000,0.000000,0.000000,0.000000
726,2015,1,31,6,0.000000,0.000000,0.000000,0.000000,0.000000,0.000000
727,2015,1,31,7,0.000000,0.000000,0.000000,0.000000,8.000000,3.500000
728,2015,1,31,8,0.000000,0.000000,0.000000,0.000000,24.000000,10.500000
729,2015,1,31,9,0.000000,0.000000,0.000000,0.000000,38.400000,16.800000
730,2015,1,31,10,0.000000,0.000000,0.000000,0.000000,51.200000,22.400000
731,2015,1,31,11,0.000000,0.000000,0.000000,0.000000,60.000000,26.250000
732,2015,1,31,12,0.000000,0.000000,0.000000,0.000000,66.400000,29.050000
733,2015,1,31,13,0.000000,0.000000,0.000000,0.000000,68.000000,29.750000
734,2015,1,31,14,0.000000,0.000000,0.000000,0.000000,66.400000,29.050000
735,2015,1,31,15,0.000000,0.000000,0.000000,0.000000,60.000000,26.250000
736,2015,1,31,16,0.000000,0.000000,0.000000,0.000000,50.400000,22.050000
737,2015,1,31,17,0.000000,0.000000,0.000000,0.000000,37.600000,16.450000
738,2015,1,31,18,0.000000,0.000000,0.000000,0.000000,23.200000,10.150000
739,2015,1,31,19,0.000000,0.000000,0.000000,0.000000,7.200000,3.150000
740,2015,1,31,20,0.000000,0.000000,0.000000,0.000000,0.000000,0.000000
741,2015,1,31,21,0.000000,0.000000,0.000000,0.000000,0.000000,0.000000
742,2015,1,31,22,0.000000,0.000000,0.000000,0.000000,0.000000,0.000000
743,2015,1,31,23,0.000000,0.000000,0.000000,0.000000,0.000000,0.000000
744,2015,1,31,24,0.000000,0.000000,0.000000,0.000000,0.000000,0.000000
745,2015,2,1,1,0.000000,0.000000,0.000000,0.000000,0.000000,0.000000
746,2015,2,1,2,0.000000,0.000000,0.000000,0.000000,0.000000,0.000000
747,2015,2,1,3,0.000000,0.000000,0.000000,0.000000,0.000000,0.000000
748,2015,2,1,4,0.000000,0.000000,0.000000,0.000000,0.000000,0.000000
749,2015,2,1,5,0.000000,0.000000,0.000000,0.000000,0.000000,0.000000
750,2015,2,1,6,0.000000,0.000000,0.000000,0.000000,0.000000,0.000000
751,2015,2,1,7,0.000000,0.000000,0.000000,0.000000,4.000000,1.750000
752,2015,2,1,8,0.000000,0.000000,0.000000,0.000000,19.200000,8.400000
753,2015,2,1,9,0.000000,0.000000,0.000000,0.000000,32.800000,14.350000
754,2015,2,1,10,0.000000,0.000000,0.000000,0.000000,44.000000,19.250000
755,2015,2,1,11,0.000000,0.000000,0.000000,0.000000,52.800000,23.100000
756,2015,2,1,12,0.000000,0.000000,0.000000,0.000000,58.400000,25.550000
757,2015,2,1,13,0.000000,0.000000,0.000000,0.000000,60.000000,26.250000
758,2015,2,1,14,0.000000,0.000000,0.000000,0.000000,58.400000,25.550000
759,2015,2,1,15,0.000000,0.000000,0.000000,0.000000,52.000000,22.750000
760,2015,2,1,16,0.000000,0.000000,0.000000,0.000000,43.200000,18.900000
761,2015,2,1,17,0.000000,0.000000,0.000000,0.000000,31.200000,13.650000
762,2015,2,1,18,0.000000,0.000000,0.000000,0.000000,17.600000,7.700000
763,2015,2,1,19,0.000000,0.000000,0.000000,0.000000,4.000000,1.750000
764,2015,2,1,20,0.000000,0.000000,0.000000,0.000000,0.000000,0.000000
765,2015,2,1,21,0.000000,0.000000,0.000000,0.000000,0.000000,0.000000
766,2015,2,1,22,0.000000,0.000000,0.000000,0.000000,0.000000,0.000000
767,2015,2,1,23,0.000000,0.000000,0.000000,0.000000,0.000000,0.000000
768,2015,2,1,24,0.000000,0.000000,0.000000,0.000000,0.000000,0.000000
769,2015,2,2,1,0.000000,0.000000,0.000000,0.000000,0.000000,0.000000
770,2015,2,2,2,0.000000,0.000000,0.000000,0.000000,0.000000,0.000000
771,2015,2,2,3,0.000000,0.000000,0.000000,0.000000,0.000000,0.000000
772,2015,2,2,4,0.000000,0.000000,0.000000,0.000000,0.000000,0.000000
773,2015,2,2,5,0.000000,0.000000,0.000000,0.000000,0.000000,0.000000
774,2015,2,2,6,0.000000,0.000000,0.000000,0.000000,0.000000,0.000000
775,2015,2,2,7,0.000000,0.000000,0.000000,0.000000,4.000000,1.750000
776,2015,2,2,8,0.000000,0.000000,0.000000,0.000000,19.200000,8.400000
777,2015,2,2,9,0.000000,0.000000,0.000000,0.000000,32.800000,14.350000
778,2015,2,2,10,0.000000,0.000000,0.000000,0.000000,44.000000,19.250000
779,2015,2,2,11,0.000000,0.000000,0.000000,0.000000,52.800000,23.100000
780,2015,2,2,12,0.000000,0.000000,0.000000,0.000000,58.400000,25.550000
781,2015,2,2,13,0.000000,0.000000,0.000000,0.000000,60.000000,26.250000
782,2015,2,2,14,0.000000,0.000000,0.000000,0.000000,58.400000,25.550000
783,2015,2,2,15,0.000000,0.000000,0.000000,0.000000,52.000000,22.750000
784,2015,2,2,16,0.000000,0.000000,0.000000,0.000000,43.200000,18.900000
785,2015,2,2,17,0.000000,0.000000,0.000000,0.000000,31.200000,13.650000
786,2015,2,2,18,0.000000,0.000000,0.000000,0.000000,17.600000,7.700000
787,2015,2,2,19,0.000000,0.000000,0.000000,0.000000,4.000000,1.750000
788,2015,2,2,20,0.000000,0.000000,0.000000,0.000000,0.000000,0.000000
789,2015,2,2,21,0.000000,0.000000,0.000000,0.000000,0.000000,0.000000
790,2015,2,2,22,0.000000,0.000000,0.000000,0.000000,0.000000,0.000000
791,2015,2,2,23,0.000000,0.000000,0.000000,0.000000,0.000000,0.000000
792,2015,2,2,24,0.000000,0.000000,0.000000,0.000000,0.000000,0.000000
793,2015,2,3,1,0.000000,0.000000,0.000000,0.000000,0.000000,0.000000
794,2015,2,3,2,0.000000,0.000000,0.000000,0.000000,0.000000,0.000000
795,2015,2,3,3,0.000000,0.000000,0.000000,0.000000,0.000000,0.000000
796,2015,2,3,4,0.000000,0.000000,0.000000,0.000000,0.000000,0.000000
797,2015,2,3,5,0.000000,0.000000,0.000000,0.000000,0.000000,0.000000
798,2015,2,3,6,0.000000,0.000000,0.000000,0.000000,0.000000,0.000000
799,2015,2,3,7,0.000000,0.000000,0.000000,0.000000,4.000000,1.750000
800,2015,2,3,8,0.000000,0.000000,0.000000,0.000000,19.200000,8.400000
801,2015,2,3,9,0.000000,0.000000,0.000000,0.000000,32.800000,14.350000
802,2015,2,3,10,0.000000,0.000000,0.000000,0.000000,44.000000,19.250000
803,2015,2,3,11,0.000000,0.000000,0.000000,0.000000,52.800000,23.100000
804,2015,2,3,12,0.000000,0.000000,0.000000,0.000000,58.400000,25.550000
805,2015,2,3,13,0.000000,0.000000,0.000000,0.000000,60.000000,26.250000
806,2015,2,3,14,0.000000,0.000000,0.000000,0.000000,58.400000,25.550000
807,2015,2,3,15,0.000000,0.000000,0.000000,0.000000,52.000000,22.750000
808,2015,2,3,16,0.000000,0.000000,0.000000,0.000000,43.200000,18.900000
809,2015,2,3,17,0.000000,0.000000,0.000000,0.000000,31.200000,13.650000
810,2015,2,3,18,0.000000,0.000000,0.000000,0.000000,17.600000,7.700000
811,2015,2,3,19,0.000000,0.000000,0.000000,0.000000,4.000000,1.750000
812,2015,2,3,20,0.000000,0.000000,0.000000,0.000000,0.000000,0.000000
813,2015,2,3,21,0.000000,0.000000,0.000000,0.000000,0.000000,0.000000
814,2015,2,3,22,0.000000,0.000000,0.000000,0.000000,0.000000,0.000000
815,2015,2,3,23,0.000000,0.000000,0.000000,0.000000,0.000000,0.000000
816,2015,2,3,24,0.000000,0.000000,0.000000,0.000000,0.000000,0.000000
817,2015,2,4,1,0.000000,0.000000,0.000000,0.000000,0.000000,0.000000
818,2015,2,4,2,0.000000,0.000000,0.000000,0.000000,0.000000,0.000000
819,2015,2,4,3,0.000000,0.000000,0.000000,0.000000,0.000000,0.000000
820,2015,2,4,4,0.000000,0.000000,0.000000,0.000000,0.000000,0.000000
821,2015,2,4,5,0.000000,0.000000,0.000000,0.000000,0.000000,0.000000
822,2015,2,4,6,0.000000,0.000000,0.000000,0.000000,0.000000,0.000000
823,2015,2,4,7,0.000000,0.000000,0.000000,0.000000,4.000000,1.750000
824,2015,2,4,8,0.000000,0.000000,0.000000,0.000000,19.200000,8.400000
825,2015,2,4,9,0.000000,0.000000,0.000000,0.000000,32.800000,14.350000
826,2015,2,4,10,0.000000,0.000000,0.000000,0.000000,44.000000,19.250000
827,2015,2,4,11,0.000000,0.000000,0.000000,0.000000,52.800000,23.100000
828,2015,2,4,12,0.000000,0.000000,0.000000,0.000000,58.400000,25.550000
829,2015,2,4,13,0.000000,0.000000,0.000000,0.000000,60.000000,26.250000
830,2015,2,4,14,0.000000,0.000000,0.000000,0.000000,58.400000,25.550000
831,2015,2,4,15,0.000000,0.000000,0.000000,0.000000,52.000000,22.750000
832,2015,2,4,16,0.000000,0.000000,0.000000,0.000000,43.200000,18.900000
833,2015,2,4,17,0.000000,0.000000,0.000000,0.000000,31.200000,13.650000
834,2015,2,4,18,0.000000,0.000000,0.000000,0.000000,17.600000,7.700000
835,2015,2,4,19,0.000000,0.000000,0.000000,0.000000,4.000000,1.750000
836,2015,2,4,20,0.000000,0.000000,0.000000,0.000000,0.000000,0.000000
837,2015,2,4,21,0.000000,0.000000,0.000000,0.000000,0.000000,0.000000
838,2015,2,4,22,0.000000,0.000000,0.000000,0.000000,0.000000,0.000000
839,2015,2,4,23,0.000000,0.000000,0.000000,0.000000,0.000000,0.000000
840,2015,2,4,24,0.000000,0.000000,0.000000,0.000000,0.000000,0.000000
841,2015,2,5,1,0.000000,0.000000,0.000000,0.000000,0.000000,0.000000
842,2015,2,5,2,0.000000,0.000000,0.000000,0.000000,0.000000,0.000000
843,2015,2,5,3,0.000000,0.000000,0.000000,0.000000,0.000000,0.000000
844,2015,2,5,4,0.000000,0.000000,0.000000,0.000000,0.000000,0.000000
845,2015,2,5,5,0.000000,0.000000,0.000000,0.000000,0.000000,0.000000
846,2015,2,5,6,0.000000,0.000000,0.000000,0.000000,0.000000,0.000000
847,2015,2,5,7,0.000000,0.000000,0.000000,0.000000,4.000000,1.750000
848,2015,2,5,8,0.000000,0.000000,0.000000,0.000000,19.200000,8.400000
849,2015,2,5,9,0.000000,0.000000,0.000000,0.000000,32.800000,14.350000
850,2015,2,5,10,0.000000,0.000000,0.000000,0.000000,44.000000,19.250000
851,2015,2,5,11,0.000000,0.000000,0.000000,0.000000,52.800000,23.100000
852,2015,2,5,12,0.000000,0.000000,0.000000,0.000000,58.400000,25.550000
853,2015,2,5,13,0.000000,0.000000,0.000000,0.000000,60.000000,26.250000
854,2015,2,5,14,0.000000,0.000000,0.000000,0.000000,58.400000,25.550000
855,2015,2,5,15,0.000000,0.000000,0.000000,0.000000,52.000000,22.750000
856,2015,2,5,16,0.000000,0.000000,0.000000,0.000000,43.200000,18.900000
857,2015,2,5,17,0.000000,0.000000,0.000000,0.000000,31.200000,13.650000
858,2015,2,5,18,0.000000,0.000000,0.000000,0.000000,17.600000,7.700000
859,2015,2,5,19,0.000000,0.000000,0.000000,0.000000,4.000000,1.750000
860,2015,2,5,20,0.000000,0.000000,0.000000,0.000000,0.000000,0.000000
861,2015,2,5,21,0.000000,0.000000,0.000000,0.000000,0.000000,0.000000
862,2015,2,5,22,0.000000,0.000000,0.000000,0.000000,0.000000,0.000000
863,2015,2,5,23,0.000000,0.000000,0.000000,0.000000,0.000000,0.000000
864,2015,2,5,24,0.000000,0.000000,0.000000,0.000000,0.000000,0.000000
865,2015,2,6,1,0.000000,0.000000,0.000000,0.000000,0.000000,0.000000
866,2015,2,6,2,0.000000,0.000000,0.000000,0.000000,0.000000,0.000000
867,2015,2,6,3,0.000000,0.000000,0.000000,0.000000,0.000000,0.000000
868,2015,2,6,4,0.000000,0.000000,0.000000,0.000000,0.000000,0.000000
869,2015,2,6,5,0.000000,0.000000,0.000000,0.000000,0.000000,0.000000
870,2015,2,6,6,0.000000,0.000000,0.000000,0.000000,0.000000,0.000000
871,2015,2,6,7,0.000000,0.000000,0.000000,0.000000,4.000000,1.750000
872,2015,2,6,8,0.000000,0.000000,0.000000,0.000000,19.200000,8.400000
873,2015,2,6,9,0.000000,0.000000,0.000000,0.000000,32.800000,14.350000
874,2015,2,6,10,0.000000,0.000000,0.000000,0.000000,44.000000,19.250000
875,2015,2,6,11,0.000000,0.000000,0.000000,0.000000,52.800000,23.100000
876,2015,2,6,12,0.000000,0.000000,0.000000,0.000000,58.400000,25.550000
877,2015,2,6,13,0.000000,0.000000,0.000000,0.000000,60.000000,26.250000
878,2015,2,6,14,0.000000,0.000000,0.000000,0.000000,58.400000,25.550000
879,2015,2,6,15,0.000000,0.000000,0.000000,0.000000,52.000000,22.750000
880,2015,2,6,16,0.000000,0.000000,0.000000,0.000000,43.200000,18.900000
881,2015,2,6,17,0.000000,0.000000,0.000000,0.000000,31.200000,13.650000
882,2015,2,6,18,0.000000,0.000000,0.000000,0.000000,17.600000,7.700000
883,2015,2,6,19,0.000000,0.000000,0.000000,0.000000,4.000000,1.750000
884,2015,2,6,20,0.000000,0.000000,0.000000,0.000000,0.000000,0.000000
885,2015,2,6,21,0.000000,0.000000,0.000000,0.000000,0.000000,0.000000
886,2015,2,6,22,0.000000,0.000000,0.000000,0.000000,0.000000,0.000000
887,2015,2,6,23,0.000000,0.000000,0.000000,0.000000,0.000000,0.000000
888,2015,2,6,24,0.000000,0.000000,0.000000,0.000000,0.000000,0.000000
889,2015,2,7,1,0.000000,0.000000,0.000000,0.000000,0.000000,0.000000
890,2015,2,7,2,0.000000,0.000000,0.000000,0.000000,0.000000,0.000000
891,2015,2,7,3,0.000000,0.000000,0.000000,0.000000,0.000000,0.000000
892,2015,2,7,4,0.000000,0.000000,0.000000,0.000000,0.000000,0.000000
893,2015,2,7,5,0.000000,0.000000,0.000000,0.000000,0.000000,0.000000
894,2015,2,7,6,0.000000,0.000000,0.000000,0.000000,0.000000,0.000000
895,2015,2,7,7,0.000000,0.000000,0.000000,0.000000,4.000000,1.750000
896,2015,2,7,8,0.000000,0.000000,0.000000,0.000000,19.200000,8.400000
897,2015,2,7,9,0.000000,0.000000,0.000000,0.000000,32.800000,14.350000
898,2015,2,7,10,0.000000,0.000000,0.000000,0.000000,44.000000,19.250000
899,2015,2,7,11,0.000000,0.000000,0.000000,0.000000,52.800000,23.100000
900,2015,2,7,12,0.000000,0.000000,0.000000,0.000000,58.400000,25.550000
901,2015,2,7,13,0.000000,0.000000,0.000000,0.000000,60.000000,26.250000
902,2015,2,7,14,0.000000,0.000000,0.000000,0.000000,58.400000,25.550000
903,2015,2,7,15,0.000000,0.000000,0.000000,0.000000,52.000000,22.750000
904,2015,2,7,16,0.000000,0.000000,0.000000,0.000000,43.200000,18.900000
905,2015,2,7,17,0.000000,0.000000,0.000000,0.000000,31.200000,13.650000
906,2015,2,7,18,0.000000,0.000000,0.000000,0.000000,17.600000,7.700000
907,2015,2,7,19,0.000000,0.000000,0.000000,0.000000,4.000000,1.750000
908,2015,2,7,20,0.000000,0.000000,0.000000,0.000000,0.000000,0.000000
909,2015,2,7,21,0.000000,0.000000,0.000000,0.000000,0.000000,0.000000
910,2015,2,7,22,0.000000,0.000000,0.000000,0.000000,0.000000,0.000000
911,2015,2,7,23,0.000000,0.000000,0.000000,0.000000,0.000000,0.000000
912,2015,2,7,24,0.000000,0.000000,0.000000,0.000000,0.000000,0.000000
913,2015,2,8,1,0.000000,0.000000,0.000000,0.000000,0.000000,0.000000
914,2015,2,8,2,0.000000,0.000000,0.000000,0.000000,0.000000,0.000000
915,2015,2,8,3,0.000000,0.000000,0.000000,0.000000,0.000000,0.000000
916,2015,2,8,4,0.000000,0.000000,0.000000,0.000000,0.000000,0.000000
917,2015,2,8,5,0.000000,0.000000,0.000000,0.000000,0.000000,0.000000
918,2015,2,8,6,0.000000,0.000000,0.000000,0.000000,0.000000,0.000000
919,2015,2,8,7,0.000000,0.000000,0.000000,0.000000,4.000000,1.750000
920,2015,2,8,8,0.000000,0.000000,0.000000,0.000000,19.200000,8.400000
921,2015,2,8,9,0.000000,0.000000,0.000000,0.000000,32.800000,14.350000
922,2015,2,8,10,0.000000,0.000000,0.000000,0.000000,44.000000,19.250000
923,2015,2,8,11,0.000000,0.000000,0.000000,0.000000,52.800000,23.100000
924,2015,2,8,12,0.000000,0.000000,0.000000,0.000000,58.400000,25.550000
925,2015,2,8,13,0.000000,0.000000,0.000000,0.000000,60.000000,26.250000
926,2015,2,8,14,0.000000,0.000000,0.000000,0.000000,58.400000,25.550000
927,2015,2,8,15,0.000000,0.000000,0.000000,0.000000,52.000000,22.750000
928,2015,2,8,16,0.000000,0.000000,0.000000,0.000000,43.200000,18.900000
929,2015,2,8,17,0.000000,0.000000,0.000000,0.000000,31.200000,13.650000
930,2015,2,8,18,0.000000,0.000000,0.000000,0.000000,17.600000,7.700000
931,2015,2,8,19,0.000000,0.000000,0.000000,0.000000,4.000000,1.750000
932,2015,2,8,20,0.000000,0.000000,0.000000,0.000000,0.000000,0.000000
933,2015,2,8,21,0.000000,0.000000,0.000000,0.000000,0.000000,0.000000
934,2015,2,8,22,0.000000,0.000000,0.000000,0.000000,0.000000,0.000000
935,2015,2,8,23,0.000000,0.000000,0.000000,0.000000,0.000000,0.000000
936,2015,2,8,24,0.000000,0.000000,0.000000,0.000000,0.000000,0.000000
937,2015,2,9,1,0.000000,0.000000,0.000000,0.000000,0.000000,0.000000
938,2015,2,9,2,0.000000,0.000000,0.000000,0.000000,0.000000,0.000000
939,2015,2,9,3,0.000000,0.000000,0.000000,0.000000,0.000000,0.000000
940,2015,2,9,4,0.000000,0.000000,0.000000,0.000000,0.000000,0.000000
941,2015,2,9,5,0.000000,0.000000,0.000000,0.000000,0.000000,0.000000
942,2015,2,9,6,0.000000,0.000000,0.000000,0.000000,0.000000,0.000000
943,2015,2,9,7,0.000000,0.000000,0.000000,0.000000,4.000000,1.750000
944,2015,2,9,8,0.000000,0.000000,0.000000,0.000000,19.200000,8.400000
945,2015,2,9,9,0.000000,0.000000,0.000000,0.000000,32.800000,14.350000
946,2015,2,9,10,0.000000,0.000000,0.000000,0.000000,44.000000,19.250000
947,2015,2,9,11,0.000000,0.000000,0.000000,0.000000,52.800000,23.100000
948,2015,2,9,12,0.000000,0.000000,0.000000,0.000000,58.400000,25.550000
949,2015,2,9,13,0.000000,0.000000,0.000000,0.000000,60.000000,26.250000
950,2015,2,9,14,0.000000,0.000000,0.000000,0.000000,58.400000,25.550000
951,2015,2,9,15,0.000000,0.000000,0.000000,0.000000,52.000000,22.750000
952,2015,2,9,16,0.000000,0.000000,0.000000,0.000000,43.200000,18.900000
953,2015,2,9,17,0.000000,0.000000,0.000000,0.000000,31.200000,13.650000
954,2015,2,9,18,0.000000,0.000000,0.000000,0.000000,17.600000,7.700000
955,2015,2,9,19,0.000000,0.000000,0.000000,0.000000,4.000000,1.750000
956,2015,2,9,20,0.000000,0.000000,0.000000,0.000000,0.000000,0.000000
957,2015,2,9,21,0.000000,0.000000,0.000000,0.000000,0.000000,0.000000
958,2015,2,9,22,0.000000,0.000000,0.000000,0.000000,0.000000,0.000000
959,2015,2,9,23,0.000000,0.000000,0.000000,0.000000,0.000000,0.000000
960,2015,2,9,24,0.000000,0.000000,0.000000,0.000000,0.000000,0.000000
961,2015,2,10,1,0.000000,0.000000,0.000000,0.000000,0.000000,0.000000
962,2015,2,10,2,0.000000,0.000000,0.000000,0.000000,0.000000,0.000000
963,2015,2,10,3,0.000000,0.000000,0.000000,0.000000,0.000000,0.000000
964,2015,2,10,4,0.000000,0.000000,0.000000,0.000000,0.000000,0.000000
965,2015,2,10,5,0.000000,0.000000,0.000000,0.000000,0.000000,0.000000
966,2015,2,10,6,0.000000,0.000000,0.000000,0.000000,0.000000,0.000000
967,2015,2,10,7,0.000000,0.000000,0.000000,0.000000,4.000000,1.750000
968,2015,2,10,8,0.000000,0.000000,0.000000,0.000000,19.200000,8.400000
969,2015,2,10,9,0.000000,0.000000,0.000000,0.000000,32.800000,14.350000
970,2015,2,10,10,0.000000,0.000000,0.000000,0.000000,44.000000,19.250000
971,2015,2,10,11,0.000000,0.000000,0.000000,0.000000,52.800000,23.100000
972,2015,2,10,12,0.000000,0.000000,0.000000,0.000000,58.400000,25.550000
973,2015,2,10,13,0.000000,0.000000,0.000000,0.000000,60.000000,26.250000
974,2015,2,10,14,0.000000,0.000000,0.000000,0.000000,58.400000,25.550000
975,2015,2,10,15,0.000000,0.000000,0.000000,0.000000,52.000000,22.750000
976,2015,2,10,16,0.000000,0.000000,0.000000,0.000000,43.200000,18.900000
977,2015,2,10,17,0.000000,0.000000,0.000000,0.000000,31.200000,13.650000
978,2015,2,10,18,0.000000,0.000000,0.000000,0.000000,17.600000,7.700000
979,2015,2,10,19,0.000000,0.000000,0.000000,0.000000,4.000000,1.750000
980,2015,2,10,20,0.000000,0.000000,0.000000,0.000000,0.000000,0.000000
981,2015,2,10,21,0.000000,0.000000,0.000000,0.000000,0.000000,0.000000
982,2015,2,10,22,0.000000,0.000000,0.000000,0.000000,0.000000,0.000000
983,2015,2,10,23,0.000000,0.000000,0.000000,0.000000,0.000000,0.000000
984,2015,2,10,24,0.000000,0.000000,0.000000,0.000000,0.000000,0.000000
985,2015,2,11,1,0.000000,0.000000,0.000000,0.000000,0.000000,0.000000
986,2015,2,11,2,0.000000,0.000000,0.000000,0.000000,0.000000,0.000000
987,2015,2,11,3,0.000000,0.000000,0.000000,0.000000,0.000000,0.000000
988,2015,2,11,4,0.000000,0.000000,0.000000,0.000000,0.000000,0.000000
989,2015,2,11,5,0.000000,0.000000,0.000000,0.000000,0.000000,0.000000
990,2015,2,11,6,0.000000,0.000000,0.000000,0.000000,0.000000,0.000000
991,2015,2,11,7,0.000000,0.000000,0.000000,0.000000,4.000000,1.750000
992,2015,2,11,8,0.000000,0.000000,0.000000,0.000000,19.200000,8.400000
993,2015,2,11,9,0.000000,0.000000,0.000000,0.000000,32.800000,14.350000
994,2015,2,11,10,0.000000,0.000000,0.000000,0.000000,44.000000,19.250000
995,2015,2,11,11,0.000000,0.000000,0.000000,0.000000,52.800000,23.100000
996,2015,2,11,12,0.000000,0.000000,0.000000,0.000000,58.400000,25.550000
997,2015,2,11,13,0.000000,0.000000,0.000000,0.000000,60.000000,26.250000
998,2015,2,11,14,0.000000,0.000000,0.000000,0.000000,58.400000,25.550000
999,2015,2,11,15,0.000000,0.000000,0.000000,0.000000,52.000000,22.750000
1000,2015,2,11,16,0.000000,0.000000,0.000000,0.000000,43.200000,18.900000
1001,2015,2,11,17,0.000000,0.000000,0.000000,0.000000,31.200000,13.650000
1002,2015,2,11,18,0.000000,0.000000,0.000000,0.000000,17.600000,7.700000
1003,2015,2,11,19,0.000000,0.000000,0.000000,0.000000,4.000000,1.750000
1004,2015,2,11,20,0.000000,0.000000,0.000000,0.000000,0.000000,0.000000
1005,2015,2,11,21,0.000000,0.000000,0.000000,0.000000,0.000000,0.000000
1006,2015,2,11,22,0.000000,0.000000,0.000000,0.000000,0.000000,0.000000
1007,2015,2,11,23,0.000000,0.000000,0.000000,0.000000,0.000000,0.000000
1008,2015,2,11,24,0.000000,0.000000,0.000000,0.000000,0.000000,0.000000
1009,2015,2,12,1,0.000000,0.000000,0.000000,0.000000,0.000000,0.000000
1010,2015,2,12,2,0.000000,0.000000,0.000000,0.000000,0.000000,0.000000
1011,2015,2,12,3,0.000000,0.000000,0.000000,0.000000,0.000000,0.000000
1012,2015,2,12,4,0.000000,0.000000,0.000000,0.000000,0.000000,0.000000
1013,2015,2,12,5,0.000000,0.000000,0.000000,0.000000,0.000000,0.000000
1014,2015,2,12,6,0.000000,0.000000,0.000000,0.000000,0.000000,0.000000
1015,2015,2,12,7,0.000000,0.000000,0.000000,0.000000,4.000000,1.750000
1016,2015,2,12,8,0.000000,0.000000,0.000000,0.000000,19.200000,8.400000
1017,2015,2,12,9,0.000000,0.000000,0.000000,0.000000,32.800000,14.350000
1018,2015,2,12,10,0.000000,0.000000,0.000000,0.000000,44.000000,19.250000
1019,2015,2,12,11,0.000000,0.000000,0.000000,0.000000,52.800000,23.100000
1020,2015,2,12,12,0.000000,0.000000,0.000000,0.000000,58.400000,25.550000
1021,2015,2,12,13,0.000000,0.000000,0.000000,0.000000,60.000000,26.250000
1022,2015,2,12,14,0.000000,0.000000,0.000000,0.000000,58.400000,25.550000
1023,2015,2,12,15,0.000000,0.000000,0.000000,0.000000,52.000000,22.750000
1024,2015,2,12,16,0.000000,0.000000,0.000000,0.000000,43.200000,18.900000
1025,2015,2,12,17,0.000000,0.000000,0.000000,0.000000,31.200000,13.650000
1026,2015,2,12,18,0.000000,0.000000,0.000000,0.000000,17.600000,7.700000
1027,2015,2,12,19,0.000000,0.000000,0.000000,0.000000,4.000000,1.750000
1028,2015,2,12,20,0.000000,0.000000,0.000000,0.000000,0.000000,0.000000
1029,2015,2,12,21,0.000000,0.000000,0.000000,0.000000,0.000000,0.000000
1030,2015,2,12,22,0.000000,0.000000,0.000000,0.000000,0.000000,0.000000
1031,2015,2,12,23,0.000000,0.000000,0.000000,0.000000,0.000000,0.000000
1032,2015,2,12,24,0.000000,0.000000,0.000000,0.000000,0.000000,0.000000
1033,2015,2,13,1,0.000000,0.000000,0.000000,0.000000,0.000000,0.000000
1034,2015,2,13,2,0.000000,0.000000,0.000000,0.000000,0.000000,0.000000
1035,2015,2,13,3,0.000000,0.000000,0.000000,0.000000,0.000000,0.000000
1036,2015,2,13,4,0.000000,0.000000,0.000000,0.000000,0.000000,0.000000
1037,2015,2,13,5,0.000000,0.000000,0.000000,0.000000,0.000000,0.000000
1038,2015,2,13,6,0.000000,0.000000,0.000000,0.000000,0.000000,0.000000
1039,2015,2,13,7,0.000000,0.000000,0.000000,0.000000,4.000000,1.750000
1040,2015,2,13,8,0.000000,0.000000,0.000000,0.000000,19.200000,8.400000
1041,2015,2,13,9,0.000000,0.000000,0.000000,0.000000,32.800000,14.350000
1042,2015,2,13,10,0.000000,0.000000,0.000000,0.000000,44.000000,19.250000
1043,2015,2,13,11,0.000000,0.000000,0.000000,0.000000,52.800000,23.100000
1044,2015,2,13,12,0.000000,0.000000,0.000000,0.000000,58.400000,25.550000
1045,2015,2,13,13,0.000000,0.000000,0.000000,0.000000,60.000000,26.250000
1046,2015,2,13,14,0.000000,0.000000,0.000000,0.000000,58.400000,25.550000
1047,2015,2,13,15,0.000000,0.000000,0.000000,0.000000,52.000000,22.750000
1048,2015,2,13,16,0.000000,0.000000,0.000000,0.000000,43.200000,18.900000
1049,2015,2,13,17,0.000000,0.000000,0.000000,0.000000,31.200000,13.650000
1050,2015,2,13,18,0.000000,0.000000,0.000000,0.000000,17.600000,7.700000
1051,2015,2,13,19,0.000000,0.000000,0.000000,0.000000,4.000000,1.750000
1052,2015,2,13,20,0.000000,0.000000,0.000000,0.000000,0.000000,0.000000
1053,2015,2,13,21,0.000000,0.000000,0.000000,0.000000,0.000000,0.000000
1054,2015,2,13,22,0.000000,0.000000,0.000000,0.000000,0.000000,0.000000
1055,2015,2,13,23,0.000000,0.000000,0.000000,0.000000,0.000000,0.000000
1056,2015,2,13,24,0.000000,0.000000,0.000000,0.000000,0.000000,0.000000
1057,2015,2,14,1,0.000000,0.000000,0.000000,0.000000,0.000000,0.000000
1058,2015,2,14,2,0.000000,0.000000,0.000000,0.000000,0.000000,0.000000
1059,2015,2,14,3,0.000000,0.000000,0.000000,0.000000,0.000000,0.000000
1060,2015,2,14,4,0.000000,0.000000,0.000000,0.000000,0.000000,0.000000
1061,2015,2,14,5,0.000000,0.000000,0.000000,0.000000,0.000000,0.000000
1062,2015,2,14,6,0.000000,0.000000,0.000000,0.000000,0.000000,0.000000
1063,2015,2,14,7,0.000000,0.000000,0.000000,0.000000,4.000000,1.750000
1064,2015,2,14,8,0.000000,0.000000,0.000000,0.000000,19.200000,8.400000
1065,2015,2,14,9,0.000000,0.000000,0.000000,0.000000,32.800000,14.350000
1066,2015,2,14,10,0.000000,0.000000,0.000000,0.000000,44.000000,19.250000
1067,2015,2,14,11,0.000000,0.000000,0.000000,0.000000,52.800000,23.100000
1068,2015,2,14,12,0.000000,0.000000,0.000000,0.000000,58.400000,25.550000
1069,2015,2,14,13,0.000000,0.000000,0.000000,0.000000,60.000000,26.250000
1070,2015,2,14,14,0.000000,0.000000,0.000000,0.000000,58.400000,25.550000
1071,2015,2,14,15,0.000000,0.000000,0.000000,0.000000,52.000000,22.750000
1072,2015,2,14,16,0.000000,0.000000,0.000000,0.000000,43.200000,18.900000
1073,2015,2,14,17,0.000000,0.000000,0.000000,0.000000,31.200000,13.650000
1074,2015,2,14,18,0.000000,0.000000,0.000000,0.000000,17.600000,7.700000
1075,2015,2,14,19,0.000000,0.000000,0.000000,0.000000,4.000000,1.750000
1076,2015,2,14,20,0.000000,0.000000,0.000000,0.000000,0.000000,0.000000
1077,2015,2,14,21,0.000000,0.000000,0.000000,0.000000,0.000000,0.000000
1078,2015,2,14,22,0.000000,0.000000,0.000000,0.000000,0.000000,0.000000
1079,2015,2,14,23,0.000000,0.000000,0.000000,0.000000,0.000000,0.000000
1080,2015,2,14,24,0.000000,0.000000,0.000000,0.000000,0.000000,0.000000
1081,2015,2,15,1,0.000000,0.000000,0.000000,0.000000,0.000000,0.000000
1082,2015,2,15,2,0.000000,0.000000,0.000000,0.000000,0.000000,0.000000
1083,2015,2,15,3,0.000000,0.000000,0.000000,0.000000,0.000000,0.000000
1084,2015,2,15,4,0.000000,0.000000,0.000000,0.000000,0.000000,0.000000
1085,2015,2,15,5,0.000000,0.000000,0.000000,0.000000,0.000000,0.000000
1086,2015,2,15,6,0.000000,0.000000,0.000000,0.000000,0.000000,0.000000
1087,2015,2,15,7,0.000000,0.000000,0.000000,0.000000,4.000000,1.750000
1088,2015,2,15,8,0.000000,0.000000,0.000000,0.000000,19.200000,8.400000
1089,2015,2,15,9,0.000000,0.000000,0.000000,0.000000,32.800000,14.350000
1090,2015,2,15,10,0.000000,0.000000,0.000000,0.000000,44.000000,19.250000
1091,2015,2,15,11,0.000000,0.000000,0.000000,0.000000,52.800000,23.100000
1092,2015,2,15,12,0.000000,0.000000,0.000000,0.000000,58.400000,25.550000
1093,2015,2,15,13,0.000000,0.000000,0.000000,0.000000,60.000000,26.250000
1094,2015,2,15,14,0.000000,0.000000,0.000000,0.000000,58.400000,25.550000
1095,2015,2,15,15,0.000000,0.000000,0.000000,0.000000,52.000000,22.750000
1096,2015,2,15,16,0.000000,0.000000,0.000000,0.000000,43.200000,18.900000
1097,2015,2,15,17,0.000000,0.000000,0.000000,0.000000,31.200000,13.650000
1098,2015,2,15,18,0.000000,0.000000,0.000000,0.000000,17.600000,7.700000
1099,2015,2,15,19,0.000000,0.000000,0.000000,0.000000,4.000000,1.750000
1100,2015,2,15,20,0.000000,0.000000,0.000000,0.000000,0.000000,0.000000
1101,2015,2,15,21,0.000000,0.000000,0.000000,0.000000,0.000000,0.000000
1102,2015,2,15,22,0.000000,0.000000,0.000000,0.000000,0.000000,0.000000
1103,2015,2,15,23,0.000000,0.000000,0.000000,0.000000,0.000000,0.000000
1104,2015,2,15,24,0.000000,0.000000,0.000000,0.000000,0.000000,0.000000
1105,2015,2,16,1,0.000000,0.000000,0.000000,0.000000,0.000000,0.000000
1106,2015,2,16,2,0.000000,0.000000,0.000000,0.000000,0.000000,0.000000
1107,2015,2,16,3,0.000000,0.000000,0.000000,0.000000,0.000000,0.000000
1108,2015,2,16,4,0.000000,0.000000,0.000000,0.000000,0.000000,0.000000
1109,2015,2,16,5,0.000000,0.000000,0.000000,0.000000,0.000000,0.000000
1110,2015,2,16,6,0.000000,0.000000,0.000000,0.000000,0.000000,0.000000
1111,2015,2,16,7,0.000000,0.000000,0.000000,0.000000,4.000000,1.750000
1112,2015,2,16,8,0.000000,0.000000,0.000000,0.000000,19.200000,8.400000
1113,2015,2,16,9,0.000000,0.000000,0.000000,0.000000,32.800000,14.350000
1114,2015,2,16,10,0.000000,0.000000,0.000000,0.000000,44.000000,19.250000
1115,2015,2,16,11,0.000000,0.000000,0.000000,0.000000,52.800000,23.100000
1116,2015,2,16,12,0.000000,0.000000,0.000000,0.000000,58.400000,25.550000
1117,2015,2,16,13,0.000000,0.000000,0.000000,0.000000,60.000000,26.250000
1118,2015,2,16,14,0.000000,0.000000,0.000000,0.000000,58.400000,25.550000
1119,2015,2,16,15,0.000000,0.000000,0.000000,0.000000,52.000000,22.750000
1120,2015,2,16,16,0.000000,0.000000,0.000000,0.000000,43.200000,18.900000
1121,2015,2,16,17,0.000000,0.000000,0.000000,0.000000,31.200000,13.650000
1122,2015,2,16,18,0.000000,0.000000,0.000000,0.000000,17.600000,7.700000
1123,2015,2,16,19,0.000000,0.000000,0.000000,0.000000,4.000000,1.750000
1124,2015,2,16,20,0.000000,0.000000,0.000000,0.000000,0.000000,0.000000
1125,2015,2,16,21,0.000000,0.000000,0.000000,0.000000,0.000000,0.000000
1126,2015,2,16,22,0.000000,0.000000,0.000000,0.000000,0.000000,0.000000
1127,2015,2,16,23,0.000000,0.000000,0.000000,0.000000,0.000000,0.000000
1128,2015,2,16,24,0.000000,0.000000,0.000000,0.000000,0.000000,0.000000
1129,2015,2,17,1,0.000000,0.000000,0.000000,0.000000,0.000000,0.000000
1130,2015,2,17,2,0.000000,0.000000,0.000000,0.000000,0.000000,0.000000
1131,2015,2,17,3,0.000000,0.000000,0.000000,0.000000,0.000000,0.000000
1132,2015,2,17,4,0.000000,0.000000,0.000000,0.000000,0.000000,0.000000
1133,2015,2,17,5,0.000000,0.000000,0.000000,0.000000,0.000000,0.000000
1134,2015,2,17,6,0.000000,0.000000,0.000000,0.000000,0.000000,0.000000
1135,2015,2,17,7,0.000000,0.000000,0.000000,0.000000,4.000000,1.750000
1136,2015,2,17,8,0.000000,0.000000,0.000000,0.000000,19.200000,8.400000
1137,2015,2,17,9,0.000000,0.000000,0.000000,0.000000,32.800000,14.350000
1138,2015,2,17,10,0.000000,0.000000,0.000000,0.000000,44.000000,19.250000
1139,2015,2,17,11,0.000000,0.000000,0.000000,0.000000,52.800000,23.100000
1140,2015,2,17,12,0.000000,0.000000,0.000000,0.000000,58.400000,25.550000
1141,2015,2,17,13,0.000000,0.000000,0.000000,0.000000,60.000000,26.250000
1142,2015,2,17,14,0.000000,0.000000,0.000000,0.000000,58.400000,25.550000
1143,2015,2,17,15,0.000000,0.000000,0.000000,0.000000,52.000000,22.750000
1144,2015,2,17,16,0.000000,0.000000,0.000000,0.000000,43.200000,18.900000
1145,2015,2,17,17,0.000000,0.000000,0.000000,0.000000,31.200000,13.650000
1146,2015,2,17,18,0.000000,0.000000,0.000000,0.000000,17.600000,7.700000
1147,2015,2,17,19,0.000000,0.000000,0.000000,0.000000,4.000000,1.750000
1148,2015,2,17,20,0.000000,0.000000,0.000000,0.000000,0.000000,0.000000
1149,2015,2,17,21,0.000000,0.000000,0.000000,0.000000,0.000000,0.000000
1150,2015,2,17,22,0.000000,0.000000,0.000000,0.000000,0.000000,0.000000
1151,2015,2,17,23,0.000000,0.000000,0.000000,0.000000,0.000000,0.000000
1152,2015,2,17,24,0.000000,0.000000,0.000000,0.000000,0.000000,0.000000
1153,2015,2,18,1,0.000000,0.000000,0.000000,0.000000,0.000000,0.000000
1154,2015,2,18,2,0.000000,0.000000,0.000000,0.000000,0.000000,0.000000
1155,2015,2,18,3,0.000000,0.000000,0.000000,0.000000,0.000000,0.000000
1156,2015,2,18,4,0.000000,0.000000,0.000000,0.000000,0.000000,0.000000
1157,2015,2,18,5,0.000000,0.000000,0.000000,0.000000,0.000000,0.000000
1158,2015,2,18,6,0.000000,0.000000,0.000000,0.000000,0.000000,0.000000
1159,2015,2,18,7,0.000000,0.000000,0.000000,0.000000,4.000000,1.750000
1160,2015,2,18,8,0.000000,0.000000,0.000000,0.000000,19.200000,8.400000
1161,2015,2,18,9,0.000000,0.000000,0.000000,0.000000,32.800000,14.350000
1162,2015,2,18,10,0.000000,0.000000,0.000000,0.000000,44.000000,19.250000
1163,2015,2,18,11,0.000000,0.000000,0.000000,0.000000,52.800000,23.100000
1164,2015,2,18,12,0.000000,0.000000,0.000000,0.000000,58.400000,25.550000
1165,2015,2,18,13,0.000000,0.000000,0.000000,0.000000,60.000000,26.250000
1166,2015,2,18,14,0.000000,0.000000,0.000000,0.000000,58.400000,25.550000
1167,2015,2,18,15,0.000000,0.000000,0.000000,0.000000,52.000000,22.750000
1168,2015,2,18,16,0.000000,0.000000,0.000000,0.000000,43.200000,18.900000
1169,2015,2,18,17,0.000000,0.000000,0.000000,0.000000,31.200000,13.650000
1170,2015,2,18,18,0.000000,0.000000,0.000000,0.000000,17.600000,7.700000
1171,2015,2,18,19,0.000000,0.000000,0.000000,0.000000,4.000000,1.750000
1172,2015,2,18,20,0.000000,0.000000,0.000000,0.000000,0.000000,0.000000
1173,2015,2,18,21,0.000000,0.000000,0.000000,0.000000,0.000000,0.000000
1174,2015,2,18,22,0.000000,0.000000,0.000000,0.000000,0.000000,0.000000
1175,2015,2,18,23,0.000000,0.000000,0.000000,0.000000,0.000000,0.000000
1176,2015,2,18,24,0.000000,0.000000,0.000000,0.000000,0.000000,0.000000
1177,2015,2,19,1,0.000000,0.000000,0.000000,0.000000,0.000000,0.000000
1178,2015,2,19,2,0.000000,0.000000,0.000000,0.000000,0.000000,0.000000
1179,2015,2,19,3,0.000000,0.000000,0.000000,0.000000,0.000000,0.000000
1180,2015,2,19,4,0.000000,0.000000,0.000000,0.000000,0.000000,0.000000
1181,2015,2,19,5,0.000000,0.000000,0.000000,0.000000,0.000000,0.000000
1182,2015,2,19,6,0.000000,0.000000,0.000000,0.000000,0.000000,0.000000
1183,2015,2,19,7,0.000000,0.000000,0.000000,0.000000,4.000000,1.750000
1184,2015,2,19,8,0.000000,0.000000,0.000000,0.000000,19.200000,8.400000
1185,2015,2,19,9,0.000000,0.000000,0.000000,0.000000,32.800000,14.350000
1186,2015,2,19,10,0.000000,0.000000,0.000000,0.000000,44.000000,19.250000
1187,2015,2,19,11,0.000000,0.000000,0.000000,0.000000,52.800000,23.100000
1188,2015,2,19,12,0.000000,0.000000,0.000000,0.000000,58.400000,25.550000
1189,2015,2,19,13,0.000000,0.000000,0.000000,0.000000,60.000000,26.250000
1190,2015,2,19,14,0.000000,0.000000,0.000000,0.000000,58.400000,25.550000
1191,2015,2,19,15,0.000000,0.000000,0.000000,0.000000,52.000000,22.750000
1192,2015,2,19,16,0.000000,0.000000,0.000000,0.000000,43.200000,18.900000
1193,2015,2,19,17,0.000000,0.000000,0.000000,0.000000,31.200000,13.650000
1194,2015,2,19,18,0.000000,0.000000,0.000000,0.000000,17.600000,7.700000
1195,2015,2,19,19,0.000000,0.000000,0.000000,0.000000,4.000000,1.750000
1196,2015,2,19,20,0.000000,0.000000,0.000000,0.000000,0.000000,0.000000
1197,2015,2,19,21,0.000000,0.000000,0.000000,0.000000,0.000000,0.000000
1198,2015,2,19,22,0.000000,0.000000,0.000000,0.000000,0.000000,0.000000
1199,2015,2,19,23,0.000000,0.000000,0.000000,0.000000,0.000000,0.000000
1200,2015,2,19,24,0.000000,0.000000,0.000000,0.000000,0.000000,0.000000
1201,2015,2,20,1,0.000000,0.000000,0.000000,0.000000,0.000000,0.000000
1202,2015,2,20,2,0.000000,0.000000,0.000000,0.000000,0.000000,0.000000
1203,2015,2,20,3,0.000000,0.000000,0.000000,0.000000,0.000000,0.000000
1204,2015,2,20,4,0.000000,0.000000,0.000000,0.000000,0.000000,0.000000
1205,2015,2,20,5,0.000000,0.000000,0.000000,0.000000,0.000000,0.000000
1206,2015,2,20,6,0.000000,0.000000,0.000000,0.000000,0.000000,0.000000
1207,2015,2,20,7,0.000000,0.000000,0.000000,0.000000,4.000000,1.750000
1208,2015,2,20,8,0.000000,0.000000,0.000000,0.000000,19.200000,8.400000
1209,2015,2,20,9,0.000000,0.000000,0.000000,0.000000,32.800000,14.350000
1210,2015,2,20,10,0.000000,0.000000,0.000000,0.000000,44.000000,19.250000
1211,2015,2,20,11,0.000000,0.000000,0.000000,0.000000,52.800000,23.100000
1212,2015,2,20,12,0.000000,0.000000,0.000000,0.000000,58.400000,25.550000
1213,2015,2,20,13,0.000000,0.000000,0.000000,0.000000,60.000000,26.250000
1214,2015,2,20,14,0.000000,0.000000,0.000000,0.000000,58.400000,25.550000
1215,2015,2,20,15,0.000000,0.000000,0.000000,0.000000,52.000000,22.750000
1216,2015,2,20,16,0.000000,0.000000,0.000000,0.000000,43.200000,18.900000
1217,2015,2,20,17,0.000000,0.000000,0.000000,0.000000,31.200000,13.650000
1218,2015,2,20,18,0.000000,0.000000,0.000000,0.000000,17.600000,7.700000
1219,2015,2,20,19,0.000000,0.000000,0.000000,0.000000,4.000000,1.750000
1220,2015,2,20,20,0.000000,0.000000,0.000000,0.000000,0.000000,0.000000
1221,2015,2,20,21,0.000000,0.000000,0.000000,0.000000,0.000000,0.000000
1222,2015,2,20,22,0.000000,0.000000,0.000000,0.000000,0.000000,0.000000
1223,2015,2,20,23,0.000000,0.000000,0.000000,0.000000,0.000000,0.000000
1224,2015,2,20,24,0.000000,0.000000,0.000000,0.000000,0.000000,0.000000
1225,2015,2,21,1,0.000000,0.000000,0.000000,0.000000,0.000000,0.000000
1226,2015,2,21,2,0.000000,0.000000,0.000000,0.000000,0.000000,0.000000
1227,2015,2,21,3,0.000000,0.000000,0.000000,0.000000,0.000000,0.000000
1228,2015,2,21,4,0.000000,0.000000,0.000000,0.000000,0.000000,0.000000
1229,2015,2,21,5,0.000000,0.000000,0.000000,0.000000,0.000000,0.000000
1230,2015,2,21,6,0.000000,0.000000,0.000000,0.000000,0.000000,0.000000
1231,2015,2,21,7,0.000000,0.000000,0.000000,0.000000,4.000000,1.750000
1232,2015,2,21,8,0.000000,0.000000,0.000000,0.000000,19.200000,8.400000
1233,2015,2,21,9,0.000000,0.000000,0.000000,0.000000,32.800000,14.350000
1234,2015,2,21,10,0.000000,0.000000,0.000000,0.000000,44.000000,19.250000
1235,2015,2,21,11,0.000000,0.000000,0.000000,0.000000,52.800000,23.100000
1236,2015,2,21,12,0.000000,0.000000,0.000000,0.000000,58.400000,25.550000
1237,2015,2,21,13,0.000000,0.000000,0.000000,0.000000,60.000000,26.250000
1238,2015,2,21,14,0.000000,0.000000,0.000000,0.000000,58.400000,25.550000
1239,2015,2,21,15,0.000000,0.000000,0.000000,0.000000,52.000000,22.750000
1240,2015,2,21,16,0.000000,0.000000,0.000000,0.000000,43.200000,18.900000
1241,2015,2,21,17,0.000000,0.000000,0.000000,0.000000,31.200000,13.650000
1242,2015,2,21,18,0.000000,0.000000,0.000000,0.000000,17.600000,7.700000
1243,2015,2,21,19,0.000000,0.000000,0.000000,0.000000,4.000000,1.750000
1244,2015,2,21,20,0.000000,0.000000,0.000000,0.000000,0.000000,0.000000
1245,2015,2,21,21,0.000000,0.000000,0.000000,0.000000,0.000000,0.000000
1246,2015,2,21,22,0.000000,0.000000,0.000000,0.000000,0.000000,0.000000
1247,2015,2,21,23,0.000000,0.000000,0.000000,0.000000,0.000000,0.000000
1248,2015,2,21,24,0.000000,0.000000,0.000000,0.000000,0.000000,0.000000
1249,2015,2,22,1,0.000000,0.000000,0.000000,0.000000,0.000000,0.000000
1250,2015,2,22,2,0.000000,0.000000,0.000000,0.000000,0.000000,0.000000
1251,2015,2,22,3,0.000000,0.000000,0.000000,0.000000,0.000000,0.000000
1252,2015,2,22,4,0.000000,0.000000,0.000000,0.000000,0.000000,0.000000
1253,2015,2,22,5,0.000000,0.000000,0.000000,0.000000,0.000000,0.000000
1254,2015,2,22,6,0.000000,0.000000,0.000000,0.000000,0.000000,0.000000
1255,2015,2,22,7,0.000000,0.000000,0.000000,0.000000,4.000000,1.750000
1256,2015,2,22,8,0.000000,0.000000,0.000000,0.000000,19.200000,8.400000
1257,2015,2,22,9,0.000000,0.000000,0.000000,0.000000,32.800000,14.350000
1258,2015,2,22,10,0.000000,0.000000,0.000000,0.000000,44.000000,19.250000
1259,2015,2,22,11,0.000000,0.000000,0.000000,0.000000,52.800000,23.100000
1260,2015,2,22,12,0.000000,0.000000,0.000000,0.000000,58.400000,25.550000
1261,2015,2,22,13,0.000000,0.000000,0.000000,0.000000,60.000000,26.250000
1262,2015,2,22,14,0.000000,0.000000,0.000000,0.000000,58.400000,25.550000
1263,2015,2,22,15,0.000000,0.000000,0.000000,0.000000,52.000000,22.750000
1264,2015,2,22,16,0.000000,0.000000,0.000000,0.000000,43.200000,18.900000
1265,2015,2,22,17,0.000000,0.000000,0.000000,0.000000,31.200000,13.650000
1266,2015,2,22,18,0.000000,0.000000,0.000000,0.000000,17.600000,7.700000
1267,2015,2,22,19,0.000000,0.000000,0.000000,0.000000,4.000000,1.750000
1268,2015,2,22,20,0.000000,0.000000,0.000000,0.000000,0.000000,0.000000
1269,2015,2,22,21,0.000000,0.000000,0.000000,0.000000,0.000000,0.000000
1270,2015,2,22,22,0.000000,0.000000,0.000000,0.000000,0.000000,0.000000
1271,2015,2,22,23,0.000000,0.000000,0.000000,0.000000,0.000000,0.000000
1272,2015,2,22,24,0.000000,0.000000,0.000000,0.000000,0.000000,0.000000
1273,2015,2,23,1,0.000000,0.000000,0.000000,0.000000,0.000000,0.000000
1274,2015,2,23,2,0.000000,0.000000,0.000000,0.000000,0.000000,0.000000
1275,2015,2,23,3,0.000000,0.000000,0.000000,0.000000,0.000000,0.000000
1276,2015,2,23,4,0.000000,0.000000,0.000000,0.000000,0.000000,0.000000
1277,2015,2,23,5,0.000000,0.000000,0.000000,0.000000,0.000000,0.000000
1278,2015,2,23,6,0.000000,0.000000,0.000000,0.000000,0.000000,0.000000
1279,2015,2,23,7,0.000000,0.000000,0.000000,0.000000,4.000000,1.750000
1280,2015,2,23,8,0.000000,0.000000,0.000000,0.000000,19.200000,8.400000
1281,2015,2,23,9,0.000000,0.000000,0.000000,0.000000,32.800000,14.350000
1282,2015,2,23,10,0.000000,0.000000,0.000000,0.000000,44.000000,19.250000
1283,2015,2,23,11,0.000000,0.000000,0.000000,0.000000,52.800000,23.100000
1284,2015,2,23,12,0.000000,0.000000,0.000000,0.000000,58.400000,25.550000
1285,2015,2,23,13,0.000000,0.000000,0.000000,0.000000,60.000000,26.250000
1286,2015,2,23,14,0.000000,0.000000,0.000000,0.000000,58.400000,25.550000
1287,2015,2,23,15,0.000000,0.000000,0.000000,0.000000,52.000000,22.750000
1288,2015,2,23,16,0.000000,0.000000,0.000000,0.000000,43.200000,18.900000
1289,2015,2,23,17,0.000000,0.000000,0.000000,0.000000,31.200000,13.650000
1290,2015,2,23,18,0.000000,0.000000,0.000000,0.000000,17.600000,7.700000
1291,2015,2,23,19,0.000000,0.000000,0.000000,0.000000,4.000000,1.750000
1292,2015,2,23,20,0.000000,0.000000,0.000000,0.000000,0.000000,0.000000
1293,2015,2,23,21,0.000000,0.000000,0.000000,0.000000,0.000000,0.000000
1294,2015,2,23,22,0.000000,0.000000,0.000000,0.000000,0.000000,0.000000
1295,2015,2,23,23,0.000000,0.000000,0.000000,0.000000,0.000000,0.000000
1296,2015,2,23,24,0.000000,0.000000,0.000000,0.000000,0.000000,0.000000
1297,2015,2,24,1,0.000000,0.000000,0.000000,0.000000,0.000000,0.000000
1298,2015,2,24,2,0.000000,0.000000,0.000000,0.000000,0.000000,0.000000
1299,2015,2,24,3,0.000000,0.000000,0.000000,0.000000,0.000000,0.000000
1300,2015,2,24,4,0.000000,0.000000,0.000000,0.000000,0.000000,0.000000
1301,2015,2,24,5,0.000000,0.000000,0.000000,0.000000,0.000000,0.000000
1302,2015,2,24,6,0.000000,0.000000,0.000000,0.000000,0.000000,0.000000
1303,2015,2,24,7,0.000000,0.000000,0.000000,0.000000,4.000000,1.750000
1304,2015,2,24,8,0.000000,0.000000,0.000000,0.000000,19.200000,8.400000
1305,2015,2,24,9,0.000000,0.000000,0.000000,0.000000,32.800000,14.350000
1306,2015,2,24,10,0.000000,0.000000,0.000000,0.000000,44.000000,19.250000
1307,2015,2,24,11,0.000000,0.000000,0.000000,0.000000,52.800000,23.100000
1308,2015,2,24,12,0.000000,0.000000,0.000000,0.000000,58.400000,25.550000
1309,2015,2,24,13,0.000000,0.000000,0.000000,0.000000,60.000000,26.250000
1310,2015,2,24,14,0.000000,0.000000,0.000000,0.000000,58.400000,25.550000
1311,2015,2,24,15,0.000000,0.000000,0.000000,0.000000,52.000000,22.750000
1312,2015,2,24,16,0.000000,0.000000,0.000000,0.000000,43.200000,18.900000
1313,2015,2,24,17,0.000000,0.000000,0.000000,0.000000,31.200000,13.650000
1314,2015,2,24,18,0.000000,0.000000,0.000000,0.000000,17.600000,7.700000
1315,2015,2,24,19,0.000000,0.000000,0.000000,0.000000,4.000000,1.750000
1316,2015,2,24,20,0.000000,0.000000,0.000000,0.000000,0.000000,0.000000
1317,2015,2,24,21,0.000000,0.000000,0.000000,0.000000,0.000000,0.000000
1318,2015,2,24,22,0.000000,0.000000,0.000000,0.000000,0.000000,0.000000
1319,2015,2,24,23,0.000000,0.000000,0.000000,0.000000,0.000000,0.000000
1320,2015,2,24,24,0.000000,0.000000,0.000000,0.000000,0.000000,0.000000
1321,2015,2,25,1,0.000000,0.000000,0.000000,0.000000,0.000000,0.000000
1322,2015,2,25,2,0.000000,0.000000,0.000000,0.000000,0.000000,0.000000
1323,2015,2,25,3,0.000000,0.000000,0.000000,0.000000,0.000000,0.000000
1324,2015,2,25,4,0.000000,0.000000,0.000000,0.000000,0.000000,0.000000
1325,2015,2,25,5,0.000000,0.000000,0.000000,0.000000,0.000000,0.000000
1326,2015,2,25,6,0.000000,0.000000,0.000000,0.000000,0.000000,0.000000
1327,2015,2,25,7,0.000000,0.000000,0.000000,0.000000,4.000000,1.750000
1328,2015,2,25,8,0.000000,0.000000,0.000000,0.000000,19.200000,8.400000
1329,2015,2,25,9,0.000000,0.000000,0.000000,0.000000,32.800000,14.350000
1330,2015,2,25,10,0.000000,0.000000,0.000000,0.000000,44.000000,19.250000
1331,2015,2,25,11,0.000000,0.000000,0.000000,0.000000,52.800000,23.100000
1332,2015,2,25,12,0.000000,0.000000,0.000000,0.000000,58.400000,25.550000
1333,2015,2,25,13,0.000000,0.000000,0.000000,0.000000,60.000000,26.250000
1334,2015,2,25,14,0.000000,0.000000,0.000000,0.000000,58.400000,25.550000
1335,2015,2,25,15,0.000000,0.000000,0.000000,0.000000,52.000000,22.750000
1336,2015,2,25,16,0.000000,0.000000,0.000000,0.000000,43.200000,18.900000
1337,2015,2,25,17,0.000000,0.000000,0.000000,0.000000,31.200000,13.650000
1338,2015,2,25,18,0.000000,0.000000,0.000000,0.000000,17.600000,7.700000
1339,2015,2,25,19,0.000000,0.000000,0.000000,0.000000,4.000000,1.750000
1340,2015,2,25,20,0.000000,0.000000,0.000000,0.000000,0.000000,0.000000
1341,2015,2,25,21,0.000000,0.000000,0.000000,0.000000,0.000000,0.000000
1342,2015,2,25,22,0.000000,0.000000,0.000000,0.000000,0.000000,0.000000
1343,2015,2,25,23,0.000000,0.000000,0.000000,0.000000,0.000000,0.000000
1344,2015,2,25,24,0.000000,0.000000,0.000000,0.000000,0.000000,0.000000
1345,2015,2,26,1,0.000000,0.000000,0.000000,0.000000,0.000000,0.000000
1346,2015,2,26,2,0.000000,0.000000,0.000000,0.000000,0.000000,0.000000
1347,2015,2,26,3,0.000000,0.000000,0.000000,0.000000,0.000000,0.000000
1348,2015,2,26,4,0.000000,0.000000,0.000000,0.000000,0.000000,0.000000
1349,2015,2,26,5,0.000000,0.000000,0.000000,0.000000,0.000000,0.000000
1350,2015,2,26,6,0.000000,0.000000,0.000000,0.000000,0.000000,0.000000
1351,2015,2,26,7,0.000000,0.000000,0.000000,0.000000,4.000000,1.750000
1352,2015,2,26,8,0.000000,0.000000,0.000000,0.000000,19.200000,8.400000
1353,2015,2,26,9,0.000000,0.000000,0.000000,0.000000,32.800000,14.350000
1354,2015,2,26,10,0.000000,0.000000,0.000000,0.000000,44.000000,19.250000
1355,2015,2,26,11,0.000000,0.000000,0.000000,0.000000,52.800000,23.100000
1356,2015,2,26,12,0.000000,0.000000,0.000000,0.000000,58.400000,25.550000
1357,2015,2,26,13,0.000000,0.000000,0.000000,0.000000,60.000000,26.250000
1358,2015,2,26,14,0.000000,0.000000,0.000000,0.000000,58.400000,25.550000
1359,2015,2,26,15,0.000000,0.000000,0.000000,0.000000,52.000000,22.750000
1360,2015,2,26,16,0.000000,0.000000,0.000000,0.000000,43.200000,18.900000
1361,2015,2,26,17,0.000000,0.000000,0.000000,0.000000,31.200000,13.650000
1362,2015,2,26,18,0.000000,0.000000,0.000000,0.000000,17.600000,7.700000
1363,2015,2,26,19,0.000000,0.000000,0.000000,0.000000,4.000000,1.750000
1364,2015,2,26,20,0.000000,0.000000,0.000000,0.000000,0.000000,0.000000
1365,2015,2,26,21,0.000000,0.000000,0.000000,0.000000,0.000000,0.000000
1366,2015,2,26,22,0.000000,0.000000,0.000000,0.000000,0.000000,0.000000
1367,2015,2,26,23,0.000000,0.000000,0.000000,0.000000,0.000000,0.000000
1368,2015,2,26,24,0.000000,0.000000,0.000000,0.000000,0.000000,0.000000
1369,2015,2,27,1,0.000000,0.000000,0.000000,0.000000,0.000000,0.000000
1370,2015,2,27,2,0.000000,0.000000,0.000000,0.000000,0.000000,0.000000
1371,2015,2,27,3,0.000000,0.000000,0.000000,0.000000,0.000000,0.000000
1372,2015,2,27,4,0.000000,0.000000,0.000000,0.000000,0.000000,0.000000
1373,2015,2,27,5,0.000000,0.000000,0.000000,0.000000,0.000000,0.000000
1374,2015,2,27,6,0.000000,0.000000,0.000000,0.000000,0.000000,0.000000
1375,2015,2,27,7,0.000000,0.000000,0.000000,0.000000,4.000000,1.750000
1376,2015,2,27,8,0.000000,0.000000,0.000000,0.000000,19.200000,8.400000
1377,2015,2,27,9,0.000000,0.000000,0.000000,0.000000,32.800000,14.350000
1378,2015,2,27,10,0.000000,0.000000,0.000000,0.000000,44.000000,19.250000
1379,2015,2,27,11,0.000000,0.000000,0.000000,0.000000,52.800000,23.100000
1380,2015,2,27,12,0.000000,0.000000,0.000000,0.000000,58.400000,25.550000
1381,2015,2,27,13,0.000000,0.000000,0.000000,0.000000,60.000000,26.250000
1382,2015,2,27,14,0.000000,0.000000,0.000000,0.000000,58.400000,25.550000
1383,2015,2,27,15,0.000000,0.000000,0.000000,0.000000,52.000000,22.750000
1384,2015,2,27,16,0.000000,0.000000,0.000000,0.000000,43.200000,18.900000
1385,2015,2,27,17,0.000000,0.000000,0.000000,0.000000,31.200000,13.650000
1386,2015,2,27,18,0.000000,0.000000,0.000000,0.000000,17.600000,7.700000
1387,2015,2,27,19,0.000000,0.000000,0.000000,0.000000,4.000000,1.750000
1388,2015,2,27,20,0.000000,0.000000,0.000000,0.000000,0.000000,0.000000
1389,2015,2,27,21,0.000000,0.000000,0.000000,0.000000,0.000000,0.000000
1390,2015,2,27,22,0.000000,0.000000,0.000000,0.000000,0.000000,0.000000
1391,2015,2,27,23,0.000000,0.000000,0.000000,0.000000,0.000000,0.000000
1392,2015,2,27,24,0.000000,0.000000,0.000000,0.000000,0.000000,0.000000
1393,2015,2,28,1,0.000000,0.000000,0.000000,0.000000,0.000000,0.000000
1394,2015,2,28,2,0.000000,0.000000,0.000000,0.000000,0.000000,0.000000
1395,2015,2,28,3,0.000000,0.000000,0.000000,0.000000,0.000000,0.000000
1396,2015,2,28,4,0.000000,0.000000,0.000000,0.000000,0.000000,0.000000
1397,2015,2,28,5,0.000000,0.000000,0.000000,0.000000,0.000000,0.000000
1398,2015,2,28,6,0.000000,0.000000,0.000000,0.000000,0.000000,0.000000
1399,2015,2,28,7,0.000000,0.000000,0.000000,0.000000,4.000000,1.750000
1400,2015,2,28,8,0.000000,0.000000,0.000000,0.000000,19.200000,8.400000
1401,2015,2,28,9,0.000000,0.000000,0.000000,0.000000,32.800000,14.350000
1402,2015,2,28,10,0.000000,0.000000,0.000000,0.000000,44.000000,19.250000
1403,2015,2,28,11,0.000000,0.000000,0.000000,0.000000,52.800000,23.100000
1404,2015,2,28,12,0.000000,0.000000,0.000000,0.000000,58.400000,25.550000
1405,2015,2,28,13,0.000000,0.000000,0.000000,0.000000,60.000000,26.250000
1406,2015,2,28,14,0.000000,0.000000,0.000000,0.000000,58.400000,25.550000
1407,2015,2,28,15,0.000000,0.000000,0.000000,0.000000,52.000000,22.750000
1408,2015,2,28,16,0.000000,0.000000,0.000000,0.000000,43.200000,18.900000
1409,2015,2,28,17,0.000000,0.000000,0.000000,0.000000,31.200000,13.650000
1410,2015,2,28,18,0.000000,0.000000,0.000000,0.000000,17.600000,7.700000
1411,2015,2,28,19,0.000000,0.000000,0.000000,0.000000,4.000000,1.750000
1412,2015,2,28,20,0.000000,0.000000,0.000000,0.000000,0.000000,0.000000
1413,2015,2,28,21,0.000000,0.000000,0.000000,0.000000,0.000000,0.000000
1414,2015,2,28,22,0.000000,0.000000,0.000000,0.000000,0.000000,0.000000
1415,2015,2,28,23,0.000000,0.000000,0.000000,0.000000,0.000000,0.000000
1416,2015,2,28,24,0.000000,0.000000,0.000000,0.000000,0.000000,0.000000
1417,2015,3,1,1,0.000000,0.000000,0.000000,0.000000,0.000000,0.000000
1418,2015,3,1,2,0.000000,0.000000,0.000000,0.000000,0.000000,0.000000
1419,2015,3,1,3,0.000000,0.000000,0.000000,0.000000,0.000000,0.000000
1420,2015,3,1,4,0.000000,0.000000,0.000000,0.000000,0.000000,0.000000
1421,2015,3,1,5,0.000000,0.000000,0.000000,0.000000,0.000000,0.000000
1422,2015,3,1,6,0.000000,0.000000,0.000000,0.000000,0.000000,0.000000
1423,2015,3,1,7,0.000000,0.000000,0.000000,0.000000,0.000000,0.000000
1424,2015,3,1,8,0.000000,0.000000,0.000000,0.000000,16.000000,7.000000
1425,2015,3,1,9,0.000000,0.000000,0.000000,0.000000,32.800000,14.350000
1426,2015,3,1,10,0.000000,0.000000,0.000000,0.000000,47.200000,20.650000
1427,2015,3,1,11,0.000000,0.000000,0.000000,0.000000,57.600000,25.200000
1428,2015,3,1,12,0.000000,0.000000,0.000000,0.000000,65.600000,28.700000
1429,2015,3,1,13,0.000000,0.000000,0.000000,0.000000,68.000000,29.750000
1430,2015,3,1,14,0.000000,0.000000,0.000000,0.000000,66.400000,29.050000
1431,2015,3,1,15,0.000000,0.000000,0.000000,0.000000,60.000000,26.250000
1432,2015,3,1,16,0.000000,0.000000,0.000000,0.000000,49.600000,21.700000
1433,2015,3,1,17,0.000000,0.000000,0.000000,0.000000,35.200000,15.400000
1434,2015,3,1,18,0.000000,0.000000,0.000000,0.000000,19.200000,8.400000
1435,2015,3,1,19,0.000000,0.000000,0.000000,0.000000,2.400000,1.050000
1436,2015,3,1,20,0.000000,0.000000,0.000000,0.000000,0.000000,0.000000
1437,2015,3,1,21,0.000000,0.000000,0.000000,0.000000,0.000000,0.000000
1438,2015,3,1,22,0.000000,0.000000,0.000000,0.000000,0.000000,0.000000
1439,2015,3,1,23,0.000000,0.000000,0.000000,0.000000,0.000000,0.000000
1440,2015,3,1,24,0.000000,0.000000,0.000000,0.000000,0.000000,0.000000
1441,2015,3,2,1,0.000000,0.000000,0.000000,0.000000,0.000000,0.000000
1442,2015,3,2,2,0.000000,0.000000,0.000000,0.000000,0.000000,0.000000
1443,2015,3,2,3,0.000000,0.000000,0.000000,0.000000,0.000000,0.000000
1444,2015,3,2,4,0.000000,0.000000,0.000000,0.000000,0.000000,0.000000
1445,2015,3,2,5,0.000000,0.000000,0.000000,0.000000,0.000000,0.000000
1446,2015,3,2,6,0.000000,0.000000,0.000000,0.000000,0.000000,0.000000
1447,2015,3,2,7,0.000000,0.000000,0.000000,0.000000,0.000000,0.000000
1448,2015,3,2,8,0.000000,0.000000,0.000000,0.000000,16.000000,7.000000
1449,2015,3,2,9,0.000000,0.000000,0.000000,0.000000,32.800000,14.350000
1450,2015,3,2,10,0.000000,0.000000,0.000000,0.000000,47.200000,20.650000
1451,2015,3,2,11,0.000000,0.000000,0.000000,0.000000,57.600000,25.200000
1452,2015,3,2,12,0.000000,0.000000,0.000000,0.000000,65.600000,28.700000
1453,2015,3,2,13,0.000000,0.000000,0.000000,0.000000,68.000000,29.750000
1454,2015,3,2,14,0.000000,0.000000,0.000000,0.000000,66.400000,29.050000
1455,2015,3,2,15,0.000000,0.000000,0.000000,0.000000,60.000000,26.250000
1456,2015,3,2,16,0.000000,0.000000,0.000000,0.000000,49.600000,21.700000
1457,2015,3,2,17,0.000000,0.000000,0.000000,0.000000,35.200000,15.400000
1458,2015,3,2,18,0.000000,0.000000,0.000000,0.000000,19.200000,8.400000
1459,2015,3,2,19,0.000000,0.000000,0.000000,0.000000,2.400000,1.050000
1460,2015,3,2,20,0.000000,0.000000,0.000000,0.000000,0.000000,0.000000
1461,2015,3,2,21,0.000000,0.000000,0.000000,0.000000,0.000000,0.000000
1462,2015,3,2,22,0.000000,0.000000,0.000000,0.000000,0.000000,0.000000
1463,2015,3,2,23,0.000000,0.000000,0.000000,0.000000,0.000000,0.000000
1464,2015,3,2,24,0.000000,0.000000,0.000000,0.000000,0.000000,0.000000
1465,2015,3,3,1,0.000000,0.000000,0.000000,0.000000,0.000000,0.000000
1466,2015,3,3,2,0.000000,0.000000,0.000000,0.000000,0.000000,0.000000
1467,2015,3,3,3,0.000000,0.000000,0.000000,0.000000,0.000000,0.000000
1468,2015,3,3,4,0.000000,0.000000,0.000000,0.000000,0.000000,0.000000
1469,2015,3,3,5,0.000000,0.000000,0.000000,0.000000,0.000000,0.000000
1470,2015,3,3,6,0.000000,0.000000,0.000000,0.000000,0.000000,0.000000
1471,2015,3,3,7,0.000000,0.000000,0.000000,0.000000,0.000000,0.000000
1472,2015,3,3,8,0.000000,0.000000,0.000000,0.000000,16.000000,7.000000
1473,2015,3,3,9,0.000000,0.000000,0.000000,0.000000,32.800000,14.350000
1474,2015,3,3,10,0.000000,0.000000,0.000000,0.000000,47.200000,20.650000
1475,2015,3,3,11,0.000000,0.000000,0.000000,0.000000,57.600000,25.200000
1476,2015,3,3,12,0.000000,0.000000,0.000000,0.000000,65.600000,28.700000
1477,2015,3,3,13,0.000000,0.000000,0.000000,0.000000,68.000000,29.750000
1478,2015,3,3,14,0.000000,0.000000,0.000000,0.000000,66.400000,29.050000
1479,2015,3,3,15,0.000000,0.000000,0.000000,0.000000,60.000000,26.250000
1480,2015,3,3,16,0.000000,0.000000,0.000000,0.000000,49.600000,21.700000
1481,2015,3,3,17,0.000000,0.000000,0.000000,0.000000,35.200000,15.400000
1482,2015,3,3,18,0.000000,0.000000,0.000000,0.000000,19.200000,8.400000
1483,2015,3,3,19,0.000000,0.000000,0.000000,0.000000,2.400000,1.050000
1484,2015,3,3,20,0.000000,0.000000,0.000000,0.000000,0.000000,0.000000
1485,2015,3,3,21,0.000000,0.000000,0.000000,0.000000,0.000000,0.000000
1486,2015,3,3,22,0.000000,0.000000,0.000000,0.000000,0.000000,0.000000
1487,2015,3,3,23,0.000000,0.000000,0.000000,0.000000,0.000000,0.000000
1488,2015,3,3,24,0.000000,0.000000,0.000000,0.000000,0.000000,0.000000
1489,2015,3,4,1,0.000000,0.000000,0.000000,0.000000,0.000000,0.000000
1490,2015,3,4,2,0.000000,0.000000,0.000000,0.000000,0.000000,0.000000
1491,2015,3,4,3,0.000000,0.000000,0.000000,0.000000,0.000000,0.000000
1492,2015,3,4,4,0.000000,0.000000,0.000000,0.000000,0.000000,0.000000
1493,2015,3,4,5,0.000000,0.000000,0.000000,0.000000,0.000000,0.000000
1494,2015,3,4,6,0.000000,0.000000,0.000000,0.000000,0.000000,0.000000
1495,2015,3,4,7,0.000000,0.000000,0.000000,0.000000,0.000000,0.000000
1496,2015,3,4,8,0.000000,0.000000,0.000000,0.000000,16.000000,7.000000
1497,2015,3,4,9,0.000000,0.000000,0.000000,0.000000,32.800000,14.350000
1498,2015,3,4,10,0.000000,0.000000,0.000000,0.000000,47.200000,20.650000
1499,2015,3,4,11,0.000000,0.000000,0.000000,0.000000,57.600000,25.200000
1500,2015,3,4,12,0.000000,0.000000,0.000000,0.000000,65.600000,28.700000
1501,2015,3,4,13,0.000000,0.000000,0.000000,0.000000,68.000000,29.750000
1502,2015,3,4,14,0.000000,0.000000,0.000000,0.000000,66.400000,29.050000
1503,2015,3,4,15,0.000000,0.000000,0.000000,0.000000,60.000000,26.250000
1504,2015,3,4,16,0.000000,0.000000,0.000000,0.000000,49.600000,21.700000
1505,2015,3,4,17,0.000000,0.000000,0.000000,0.000000,35.200000,15.400000
1506,2015,3,4,18,0.000000,0.000000,0.000000,0.000000,19.200000,8.400000
1507,2015,3,4,19,0.000000,0.000000,0.000000,0.000000,2.400000,1.050000
1508,2015,3,4,20,0.000000,0.000000,0.000000,0.000000,0.000000,0.000000
1509,2015,3,4,21,0.000000,0.000000,0.000000,0.000000,0.000000,0.000000
1510,2015,3,4,22,0.000000,0.000000,0.000000,0.000000,0.000000,0.000000
1511,2015,3,4,23,0.000000,0.000000,0.000000,0.000000,0.000000,0.000000
1512,2015,3,4,24,0.000000,0.000000,0.000000,0.000000,0.000000,0.000000
1513,2015,3,5,1,0.000000,0.000000,0.000000,0.000000,0.000000,0.000000
1514,2015,3,5,2,0.000000,0.000000,0.000000,0.000000,0.000000,0.000000
1515,2015,3,5,3,0.000000,0.000000,0.000000,0.000000,0.000000,0.000000
1516,2015,3,5,4,0.000000,0.000000,0.000000,0.000000,0.000000,0.000000
1517,2015,3,5,5,0.000000,0.000000,0.000000,0.000000,0.000000,0.000000
1518,2015,3,5,6,0.000000,0.000000,0.000000,0.000000,0.000000,0.000000
1519,2015,3,5,7,0.000000,0.000000,0.000000,0.000000,0.000000,0.000000
1520,2015,3,5,8,0.000000,0.000000,0.000000,0.000000,16.000000,7.000000
1521,2015,3,5,9,0.000000,0.000000,0.000000,0.000000,32.800000,14.350000
1522,2015,3,5,10,0.000000,0.000000,0.000000,0.000000,47.200000,20.650000
1523,2015,3,5,11,0.000000,0.000000,0.000000,0.000000,57.600000,25.200000
1524,2015,3,5,12,0.000000,0.000000,0.000000,0.000000,65.600000,28.700000
1525,2015,3,5,13,0.000000,0.000000,0.000000,0.000000,68.000000,29.750000
1526,2015,3,5,14,0.000000,0.000000,0.000000,0.000000,66.400000,29.050000
1527,2015,3,5,15,0.000000,0.000000,0.000000,0.000000,60.000000,26.250000
1528,2015,3,5,16,0.000000,0.000000,0.000000,0.000000,49.600000,21.700000
1529,2015,3,5,17,0.000000,0.000000,0.000000,0.000000,35.200000,15.400000
1530,2015,3,5,18,0.000000,0.000000,0.000000,0.000000,19.200000,8.400000
1531,2015,3,5,19,0.000000,0.000000,0.000000,0.000000,2.400000,1.050000
1532,2015,3,5,20,0.000000,0.000000,0.000000,0.000000,0.000000,0.000000
1533,2015,3,5,21,0.000000,0.000000,0.000000,0.000000,0.000000,0.000000
1534,2015,3,5,22,0.000000,0.000000,0.000000,0.000000,0.000000,0.000000
1535,2015,3,5,23,0.000000,0.000000,0.000000,0.000000,0.000000,0.000000
1536,2015,3,5,24,0.000000,0.000000,0.000000,0.000000,0.000000,0.000000
1537,2015,3,6,1,0.000000,0.000000,0.000000,0.000000,0.000000,0.000000
1538,2015,3,6,2,0.000000,0.000000,0.000000,0.000000,0.000000,0.000000
1539,2015,3,6,3,0.000000,0.000000,0.000000,0.000000,0.000000,0.000000
1540,2015,3,6,4,0.000000,0.000000,0.000000,0.000000,0.000000,0.000000
1541,2015,3,6,5,0.000000,0.000000,0.000000,0.000000,0.000000,0.000000
1542,2015,3,6,6,0.000000,0.000000,0.000000,0.000000,0.000000,0.000000
1543,2015,3,6,7,0.000000,0.000000,0.000000,0.000000,0.000000,0.000000
1544,2015,3,6,8,0.000000,0.000000,0.000000,0.000000,16.000000,7.000000
1545,2015,3,6,9,0.000000,0.000000,0.000000,0.000000,32.800000,14.350000
1546,2015,3,6,10,0.000000,0.000000,0.000000,0.000000,47.200000,20.650000
1547,2015,3,6,11,0.000000,0.000000,0.000000,0.000000,57.600000,25.200000
1548,2015,3,6,12,0.000000,0.000000,0.000000,0.000000,65.600000,28.700000
1549,2015,3,6,13,0.000000,0.000000,0.000000,0.000000,68.000000,29.750000
1550,2015,3,6,14,0.000000,0.000000,0.000000,0.000000,66.400000,29.050000
1551,2015,3,6,15,0.000000,0.000000,0.000000,0.000000,60.000000,26.250000
1552,2015,3,6,16,0.000000,0.000000,0.000000,0.000000,49.600000,21.700000
1553,2015,3,6,17,0.000000,0.000000,0.000000,0.000000,35.200000,15.400000
1554,2015,3,6,18,0.000000,0.000000,0.000000,0.000000,19.200000,8.400000
1555,2015,3,6,19,0.000000,0.000000,0.000000,0.000000,2.400000,1.050000
1556,2015,3,6,20,0.000000,0.000000,0.000000,0.000000,0.000000,0.000000
1557,2015,3,6,21,0.000000,0.000000,0.000000,0.000000,0.000000,0.000000
1558,2015,3,6,22,0.000000,0.000000,0.000000,0.000000,0.000000,0.000000
1559,2015,3,6,23,0.000000,0.000000,0.000000,0.000000,0.000000,0.000000
1560,2015,3,6,24,0.000000,0.000000,0.000000,0.000000,0.000000,0.000000
1561,2015,3,7,1,0.000000,0.000000,0.000000,0.000000,0.000000,0.000000
1562,2015,3,7,2,0.000000,0.000000,0.000000,0.000000,0.000000,0.000000
1563,2015,3,7,3,0.000000,0.000000,0.000000,0.000000,0.000000,0.000000
1564,2015,3,7,4,0.000000,0.000000,0.000000,0.000000,0.000000,0.000000
1565,2015,3,7,5,0.000000,0.000000,0.000000,0.000000,0.000000,0.000000
1566,2015,3,7,6,0.000000,0.000000,0.000000,0.000000,0.000000,0.000000
1567,2015,3,7,7,0.000000,0.000000,0.000000,0.000000,0.000000,0.000000
1568,2015,3,7,8,0.000000,0.000000,0.000000,0.000000,16.000000,7.000000
1569,2015,3,7,9,0.000000,0.000000,0.000000,0.000000,32.800000,14.350000
1570,2015,3,7,10,0.000000,0.000000,0.000000,0.000000,47.200000,20.650000
1571,2015,3,7,11,0.000000,0.000000,0.000000,0.000000,57.600000,25.200000
1572,2015,3,7,12,0.000000,0.000000,0.000000,0.000000,65.600000,28.700000
1573,2015,3,7,13,0.000000,0.000000,0.000000,0.000000,68.000000,29.750000
1574,2015,3,7,14,0.000000,0.000000,0.000000,0.000000,66.400000,29.050000
1575,2015,3,7,15,0.000000,0.000000,0.000000,0.000000,60.000000,26.250000
1576,2015,3,7,16,0.000000,0.000000,0.000000,0.000000,49.600000,21.700000
1577,2015,3,7,17,0.000000,0.000000,0.000000,0.000000,35.200000,15.400000
1578,2015,3,7,18,0.000000,0.000000,0.000000,0.000000,19.200000,8.400000
1579,2015,3,7,19,0.000000,0.000000,0.000000,0.000000,2.400000,1.050000
1580,2015,3,7,20,0.000000,0.000000,0.000000,0.000000,0.000000,0.000000
1581,2015,3,7,21,0.000000,0.000000,0.000000,0.000000,0.000000,0.000000
1582,2015,3,7,22,0.000000,0.000000,0.000000,0.000000,0.000000,0.000000
1583,2015,3,7,23,0.000000,0.000000,0.000000,0.000000,0.000000,0.000000
1584,2015,3,7,24,0.000000,0.000000,0.000000,0.000000,0.000000,0.000000
1585,2015,3,8,1,0.000000,0.000000,0.000000,0.000000,0.000000,0.000000
1586,2015,3,8,2,0.000000,0.000000,0.000000,0.000000,0.000000,0.000000
1587,2015,3,8,3,0.000000,0.000000,0.000000,0.000000,0.000000,0.000000
1588,2015,3,8,4,0.000000,0.000000,0.000000,0.000000,0.000000,0.000000
1589,2015,3,8,5,0.000000,0.000000,0.000000,0.000000,0.000000,0.000000
1590,2015,3,8,6,0.000000,0.000000,0.000000,0.000000,0.000000,0.000000
1591,2015,3,8,7,0.000000,0.000000,0.000000,0.000000,0.000000,0.000000
1592,2015,3,8,8,0.000000,0.000000,0.000000,0.000000,16.000000,7.000000
1593,2015,3,8,9,0.000000,0.000000,0.000000,0.000000,32.800000,14.350000
1594,2015,3,8,10,0.000000,0.000000,0.000000,0.000000,47.200000,20.650000
1595,2015,3,8,11,0.000000,0.000000,0.000000,0.000000,57.600000,25.200000
1596,2015,3,8,12,0.000000,0.000000,0.000000,0.000000,65.600000,28.700000
1597,2015,3,8,13,0.000000,0.000000,0.000000,0.000000,68.000000,29.750000
1598,2015,3,8,14,0.000000,0.000000,0.000000,0.000000,66.400000,29.050000
1599,2015,3,8,15,0.000000,0.000000,0.000000,0.000000,60.000000,26.250000
1600,2015,3,8,16,0.000000,0.000000,0.000000,0.000000,49.600000,21.700000
1601,2015,3,8,17,0.000000,0.000000,0.000000,0.000000,35.200000,15.400000
1602,2015,3,8,18,0.000000,0.000000,0.000000,0.000000,19.200000,8.400000
1603,2015,3,8,19,0.000000,0.000000,0.000000,0.000000,2.400000,1.050000
1604,2015,3,8,20,0.000000,0.000000,0.000000,0.000000,0.000000,0.000000
1605,2015,3,8,21,0.000000,0.000000,0.000000,0.000000,0.000000,0.000000
1606,2015,3,8,22,0.000000,0.000000,0.000000,0.000000,0.000000,0.000000
1607,2015,3,8,23,0.000000,0.000000,0.000000,0.000000,0.000000,0.000000
1608,2015,3,8,24,0.000000,0.000000,0.000000,0.000000,0.000000,0.000000
1609,2015,3,9,1,0.000000,0.000000,0.000000,0.000000,0.000000,0.000000
1610,2015,3,9,2,0.000000,0.000000,0.000000,0.000000,0.000000,0.000000
1611,2015,3,9,3,0.000000,0.000000,0.000000,0.000000,0.000000,0.000000
1612,2015,3,9,4,0.000000,0.000000,0.000000,0.000000,0.000000,0.000000
1613,2015,3,9,5,0.000000,0.000000,0.000000,0.000000,0.000000,0.000000
1614,2015,3,9,6,0.000000,0.000000,0.000000,0.000000,0.000000,0.000000
1615,2015,3,9,7,0.000000,0.000000,0.000000,0.000000,0.000000,0.000000
1616,2015,3,9,8,0.000000,0.000000,0.000000,0.000000,16.000000,7.000000
1617,2015,3,9,9,0.000000,0.000000,0.000000,0.000000,32.800000,14.350000
1618,2015,3,9,10,0.000000,0.000000,0.000000,0.000000,47.200000,20.650000
1619,2015,3,9,11,0.000000,0.000000,0.000000,0.000000,57.600000,25.200000
1620,2015,3,9,12,0.000000,0.000000,0.000000,0.000000,65.600000,28.700000
1621,2015,3,9,13,0.000000,0.000000,0.000000,0.000000,68.000000,29.750000
1622,2015,3,9,14,0.000000,0.000000,0.000000,0.000000,66.400000,29.050000
1623,2015,3,9,15,0.000000,0.000000,0.000000,0.000000,60.000000,26.250000
1624,2015,3,9,16,0.000000,0.000000,0.000000,0.000000,49.600000,21.700000
1625,2015,3,9,17,0.000000,0.000000,0.000000,0.000000,35.200000,15.400000
1626,2015,3,9,18,0.000000,0.000000,0.000000,0.000000,19.200000,8.400000
1627,2015,3,9,19,0.000000,0.000000,0.000000,0.000000,2.400000,1.050000
1628,2015,3,9,20,0.000000,0.000000,0.000000,0.000000,0.000000,0.000000
1629,2015,3,9,21,0.000000,0.000000,0.000000,0.000000,0.000000,0.000000
1630,2015,3,9,22,0.000000,0.000000,0.000000,0.000000,0.000000,0.000000
1631,2015,3,9,23,0.000000,0.000000,0.000000,0.000000,0.000000,0.000000
1632,2015,3,9,24,0.000000,0.000000,0.000000,0.000000,0.000000,0.000000
1633,2015,3,10,1,0.000000,0.000000,0.000000,0.000000,0.000000,0.000000
1634,2015,3,10,2,0.000000,0.000000,0.000000,0.000000,0.000000,0.000000
1635,2015,3,10,3,0.000000,0.000000,0.000000,0.000000,0.000000,0.000000
1636,2015,3,10,4,0.000000,0.000000,0.000000,0.000000,0.000000,0.000000
1637,2015,3,10,5,0.000000,0.000000,0.000000,0.000000,0.000000,0.000000
1638,2015,3,10,6,0.000000,0.000000,0.000000,0.000000,0.000000,0.000000
1639,2015,3,10,7,0.000000,0.000000,0.000000,0.000000,0.000000,0.000000
1640,2015,3,10,8,0.000000,0.000000,0.000000,0.000000,16.000000,7.000000
1641,2015,3,10,9,0.000000,0.000000,0.000000,0.000000,32.800000,14.350000
1642,2015,3,10,10,0.000000,0.000000,0.000000,0.000000,47.200000,20.650000
1643,2015,3,10,11,0.000000,0.000000,0.000000,0.000000,57.600000,25.200000
1644,2015,3,10,12,0.000000,0.000000,0.000000,0.000000,65.600000,28.700000
1645,2015,3,10,13,0.000000,0.000000,0.000000,0.000000,68.000000,29.750000
1646,2015,3,10,14,0.000000,0.000000,0.000000,0.000000,66.400000,29.050000
1647,2015,3,10,15,0.000000,0.000000,0.000000,0.000000,60.000000,26.250000
1648,2015,3,10,16,0.000000,0.000000,0.000000,0.000000,49.600000,21.700000
1649,2015,3,10,17,0.000000,0.000000,0.000000,0.000000,35.200000,15.400000
1650,2015,3,10,18,0.000000,0.000000,0.000000,0.000000,19.200000,8.400000
1651,2015,3,10,19,0.000000,0.000000,0.000000,0.000000,2.400000,1.050000
1652,2015,3,10,20,0.000000,0.000000,0.000000,0.000000,0.000000,0.000000
1653,2015,3,10,21,0.000000,0.000000,0.000000,0.000000,0.000000,0.000000
1654,2015,3,10,22,0.000000,0.000000,0.000000,0.000000,0.000000,0.000000
1655,2015,3,10,23,0.000000,0.000000,0.000000,0.000000,0.000000,0.000000
1656,2015,3,10,24,0.000000,0.000000,0.000000,0.000000,0.000000,0.000000
1657,2015,3,11,1,0.000000,0.000000,0.000000,0.000000,0.000000,0.000000
1658,2015,3,11,2,0.000000,0.000000,0.000000,0.000000,0.000000,0.000000
1659,2015,3,11,3,0.000000,0.000000,0.000000,0.000000,0.000000,0.000000
1660,2015,3,11,4,0.000000,0.000000,0.000000,0.000000,0.000000,0.000000
1661,2015,3,11,5,0.000000,0.000000,0.000000,0.000000,0.000000,0.000000
1662,2015,3,11,6,0.000000,0.000000,0.000000,0.000000,0.000000,0.000000
1663,2015,3,11,7,0.000000,0.000000,0.000000,0.000000,0.000000,0.000000
1664,2015,3,11,8,0.000000,0.000000,0.000000,0.000000,16.000000,7.000000
1665,2015,3,11,9,0.000000,0.000000,0.000000,0.000000,32.800000,14.350000
1666,2015,3,11,10,0.000000,0.000000,0.000000,0.000000,47.200000,20.650000
1667,2015,3,11,11,0.000000,0.000000,0.000000,0.000000,57.600000,25.200000
1668,2015,3,11,12,0.000000,0.000000,0.000000,0.000000,65.600000,28.700000
1669,2015,3,11,13,0.000000,0.000000,0.000000,0.000000,68.000000,29.750000
1670,2015,3,11,14,0.000000,0.000000,0.000000,0.000000,66.400000,29.050000
1671,2015,3,11,15,0.000000,0.000000,0.000000,0.000000,60.000000,26.250000
1672,2015,3,11,16,0.000000,0.000000,0.000000,0.000000,49.600000,21.700000
1673,2015,3,11,17,0.000000,0.000000,0.000000,0.000000,35.200000,15.400000
1674,2015,3,11,18,0.000000,0.000000,0.000000,0.000000,19.200000,8.400000
1675,2015,3,11,19,0.000000,0.000000,0.000000,0.000000,2.400000,1.050000
1676,2015,3,11,20,0.000000,0.000000,0.000000,0.000000,0.000000,0.000000
1677,2015,3,11,21,0.000000,0.000000,0.000000,0.000000,0.000000,0.000000
1678,2015,3,11,22,0.000000,0.000000,0.000000,0.000000,0.000000,0.000000
1679,2015,3,11,23,0.000000,0.000000,0.000000,0.000000,0.000000,0.000000
1680,2015,3,11,24,0.000000,0.000000,0.000000,0.000000,0.000000,0.000000
1681,2015,3,12,1,0.000000,0.000000,0.000000,0.000000,0.000000,0.000000
1682,2015,3,12,2,0.000000,0.000000,0.000000,0.000000,0.000000,0.000000
1683,2015,3,12,3,0.000000,0.000000,0.000000,0.000000,0.000000,0.000000
1684,2015,3,12,4,0.000000,0.000000,0.000000,0.000000,0.000000,0.000000
1685,2015,3,12,5,0.000000,0.000000,0.000000,0.000000,0.000000,0.000000
1686,2015,3,12,6,0.000000,0.000000,0.000000,0.000000,0.000000,0.000000
1687,2015,3,12,7,0.000000,0.000000,0.000000,0.000000,0.000000,0.000000
1688,2015,3,12,8,0.000000,0.000000,0.000000,0.000000,16.000000,7.000000
1689,2015,3,12,9,0.000000,0.000000,0.000000,0.000000,32.800000,14.350000
1690,2015,3,12,10,0.000000,0.000000,0.000000,0.000000,47.200000,20.650000
1691,2015,3,12,11,0.000000,0.000000,0.000000,0.000000,57.600000,25.200000
1692,2015,3,12,12,0.000000,0.000000,0.000000,0.000000,65.600000,28.700000
1693,2015,3,12,13,0.000000,0.000000,0.000000,0.000000,68.000000,29.750000
1694,2015,3,12,14,0.000000,0.000000,0.000000,0.000000,66.400000,29.050000
1695,2015,3,12,15,0.000000,0.000000,0.000000,0.000000,60.000000,26.250000
1696,2015,3,12,16,0.000000,0.000000,0.000000,0.000000,49.600000,21.700000
1697,2015,3,12,17,0.000000,0.000000,0.000000,0.000000,35.200000,15.400000
1698,2015,3,12,18,0.000000,0.000000,0.000000,0.000000,19.200000,8.400000
1699,2015,3,12,19,0.000000,0.000000,0.000000,0.000000,2.400000,1.050000
1700,2015,3,12,20,0.000000,0.000000,0.000000,0.000000,0.000000,0.000000
1701,2015,3,12,21,0.000000,0.000000,0.000000,0.000000,0.000000,0.000000
1702,2015,3,12,22,0.000000,0.000000,0.000000,0.000000,0.000000,0.000000
1703,2015,3,12,23,0.000000,0.000000,0.000000,0.000000,0.000000,0.000000
1704,2015,3,12,24,0.000000,0.000000,0.000000,0.000000,0.000000,0.000000
1705,2015,3,13,1,0.000000,0.000000,0.000000,0.000000,0.000000,0.000000
1706,2015,3,13,2,0.000000,0.000000,0.000000,0.000000,0.000000,0.000000
1707,2015,3,13,3,0.000000,0.000000,0.000000,0.000000,0.000000,0.000000
1708,2015,3,13,4,0.000000,0.000000,0.000000,0.000000,0.000000,0.000000
1709,2015,3,13,5,0.000000,0.000000,0.000000,0.000000,0.000000,0.000000
1710,2015,3,13,6,0.000000,0.000000,0.000000,0.000000,0.000000,0.000000
1711,2015,3,13,7,0.000000,0.000000,0.000000,0.000000,0.000000,0.000000
1712,2015,3,13,8,0.000000,0.000000,0.000000,0.000000,16.000000,7.000000
1713,2015,3,13,9,0.000000,0.000000,0.000000,0.000000,32.800000,14.350000
1714,2015,3,13,10,0.000000,0.000000,0.000000,0.000000,47.200000,20.650000
1715,2015,3,13,11,0.000000,0.000000,0.000000,0.000000,57.600000,25.200000
1716,2015,3,13,12,0.000000,0.000000,0.000000,0.000000,65.600000,28.700000
1717,2015,3,13,13,0.000000,0.000000,0.000000,0.000000,68.000000,29.750000
1718,2015,3,13,14,0.000000,0.000000,0.000000,0.000000,66.400000,29.050000
1719,2015,3,13,15,0.000000,0.000000,0.000000,0.000000,60.000000,26.250000
1720,2015,3,13,16,0.000000,0.000000,0.000000,0.000000,49.600000,21.700000
1721,2015,3,13,17,0.000000,0.000000,0.000000,0.000000,35.200000,15.400000
1722,2015,3,13,18,0.000000,0.000000,0.000000,0.000000,19.200000,8.400000
1723,2015,3,13,19,0.000000,0.000000,0.000000,0.000000,2.400000,1.050000
1724,2015,3,13,20,0.000000,0.000000,0.000000,0.000000,0.000000,0.000000
1725,2015,3,13,21,0.000000,0.000000,0.000000,0.000000,0.000000,0.000000
1726,2015,3,13,22,0.000000,0.000000,0.000000,0.000000,0.000000,0.000000
1727,2015,3,13,23,0.000000,0.000000,0.000000,0.000000,0.000000,0.000000
1728,2015,3,13,24,0.000000,0.000000,0.000000,0.000000,0.000000,0.000000
1729,2015,3,14,1,0.000000,0.000000,0.000000,0.000000,0.000000,0.000000
1730,2015,3,14,2,0.000000,0.000000,0.000000,0.000000,0.000000,0.000000
1731,2015,3,14,3,0.000000,0.000000,0.000000,0.000000,0.000000,0.000000
1732,2015,3,14,4,0.000000,0.000000,0.000000,0.000000,0.000000,0.000000
1733,2015,3,14,5,0.000000,0.000000,0.000000,0.000000,0.000000,0.000000
1734,2015,3,14,6,0.000000,0.000000,0.000000,0.000000,0.000000,0.000000
1735,2015,3,14,7,0.000000,0.000000,0.000000,0.000000,0.000000,0.000000
1736,2015,3,14,8,0.000000,0.000000,0.000000,0.000000,16.000000,7.000000
1737,2015,3,14,9,0.000000,0.000000,0.000000,0.000000,32.800000,14.350000
1738,2015,3,14,10,0.000000,0.000000,0.000000,0.000000,47.200000,20.650000
1739,2015,3,14,11,0.000000,0.000000,0.000000,0.000000,57.600000,25.200000
1740,2015,3,14,12,0.000000,0.000000,0.000000,0.000000,65.600000,28.700000
1741,2015,3,14,13,0.000000,0.000000,0.000000,0.000000,68.000000,29.750000
1742,2015,3,14,14,0.000000,0.000000,0.000000,0.000000,66.400000,29.050000
1743,2015,3,14,15,0.000000,0.000000,0.000000,0.000000,60.000000,26.250000
1744,2015,3,14,16,0.000000,0.000000,0.000000,0.000000,49.600000,21.700000
1745,2015,3,14,17,0.000000,0.000000,0.000000,0.000000,35.200000,15.400000
1746,2015,3,14,18,0.000000,0.000000,0.000000,0.000000,19.200000,8.400000
1747,2015,3,14,19,0.000000,0.000000,0.000000,0.000000,2.400000,1.050000
1748,2015,3,14,20,0.000000,0.000000,0.000000,0.000000,0.000000,0.000000
1749,2015,3,14,21,0.000000,0.000000,0.000000,0.000000,0.000000,0.000000
1750,2015,3,14,22,0.000000,0.000000,0.000000,0.000000,0.000000,0.000000
1751,2015,3,14,23,0.000000,0.000000,0.000000,0.000000,0.000000,0.000000
1752,2015,3,14,24,0.000000,0.000000,0.000000,0.000000,0.000000,0.000000
1753,2015,3,15,1,0.000000,0.000000,0.000000,0.000000,0.000000,0.000000
1754,2015,3,15,2,0.000000,0.000000,0.000000,0.000000,0.000000,0.000000
1755,2015,3,15,3,0.000000,0.000000,0.000000,0.000000,0.000000,0.000000
1756,2015,3,15,4,0.000000,0.000000,0.000000,0.000000,0.000000,0.000000
1757,2015,3,15,5,0.000000,0.000000,0.000000,0.000000,0.000000,0.000000
1758,2015,3,15,6,0.000000,0.000000,0.000000,0.000000,0.000000,0.000000
1759,2015,3,15,7,0.000000,0.000000,0.000000,0.000000,0.000000,0.000000
1760,2015,3,15,8,0.000000,0.000000,0.000000,0.000000,16.000000,7.000000
1761,2015,3,15,9,0.000000,0.000000,0.000000,0.000000,32.800000,14.350000
1762,2015,3,15,10,0.000000,0.000000,0.000000,0.000000,47.200000,20.650000
1763,2015,3,15,11,0.000000,0.000000,0.000000,0.000000,57.600000,25.200000
1764,2015,3,15,12,0.000000,0.000000,0.000000,0.000000,65.600000,28.700000
1765,2015,3,15,13,0.000000,0.000000,0.000000,0.000000,68.000000,29.750000
1766,2015,3,15,14,0.000000,0.000000,0.000000,0.000000,66.400000,29.050000
1767,2015,3,15,15,0.000000,0.000000,0.000000,0.000000,60.000000,26.250000
1768,2015,3,15,16,0.000000,0.000000,0.000000,0.000000,49.600000,21.700000
1769,2015,3,15,17,0.000000,0.000000,0.000000,0.000000,35.200000,15.400000
1770,2015,3,15,18,0.000000,0.000000,0.000000,0.000000,19.200000,8.400000
1771,2015,3,15,19,0.000000,0.000000,0.000000,0.000000,2.400000,1.050000
1772,2015,3,15,20,0.000000,0.000000,0.000000,0.000000,0.000000,0.000000
1773,2015,3,15,21,0.000000,0.000000,0.000000,0.000000,0.000000,0.000000
1774,2015,3,15,22,0.000000,0.000000,0.000000,0.000000,0.000000,0.000000
1775,2015,3,15,23,0.000000,0.000000,0.000000,0.000000,0.000000,0.000000
1776,2015,3,15,24,0.000000,0.000000,0.000000,0.000000,0.000000,0.000000
1777,2015,3,16,1,0.000000,0.000000,0.000000,0.000000,0.000000,0.000000
1778,2015,3,16,2,0.000000,0.000000,0.000000,0.000000,0.000000,0.000000
1779,2015,3,16,3,0.000000,0.000000,0.000000,0.000000,0.000000,0.000000
1780,2015,3,16,4,0.000000,0.000000,0.000000,0.000000,0.000000,0.000000
1781,2015,3,16,5,0.000000,0.000000,0.000000,0.000000,0.000000,0.000000
1782,2015,3,16,6,0.000000,0.000000,0.000000,0.000000,0.000000,0.000000
1783,2015,3,16,7,0.000000,0.000000,0.000000,0.000000,0.000000,0.000000
1784,2015,3,16,8,0.000000,0.000000,0.000000,0.000000,16.000000,7.000000
1785,2015,3,16,9,0.000000,0.000000,0.000000,0.000000,32.800000,14.350000
1786,2015,3,16,10,0.000000,0.000000,0.000000,0.000000,47.200000,20.650000
1787,2015,3,16,11,0.000000,0.000000,0.000000,0.000000,57.600000,25.200000
1788,2015,3,16,12,0.000000,0.000000,0.000000,0.000000,65.600000,28.700000
1789,2015,3,16,13,0.000000,0.000000,0.000000,0.000000,68.000000,29.750000
1790,2015,3,16,14,0.000000,0.000000,0.000000,0.000000,66.400000,29.050000
1791,2015,3,16,15,0.000000,0.000000,0.000000,0.000000,60.000000,26.250000
1792,2015,3,16,16,0.000000,0.000000,0.000000,0.000000,49.600000,21.700000
1793,2015,3,16,17,0.000000,0.000000,0.000000,0.000000,35.200000,15.400000
1794,2015,3,16,18,0.000000,0.000000,0.000000,0.000000,19.200000,8.400000
1795,2015,3,16,19,0.000000,0.000000,0.000000,0.000000,2.400000,1.050000
1796,2015,3,16,20,0.000000,0.000000,0.000000,0.000000,0.000000,0.000000
1797,2015,3,16,21,0.000000,0.000000,0.000000,0.000000,0.000000,0.000000
1798,2015,3,16,22,0.000000,0.000000,0.000000,0.000000,0.000000,0.000000
1799,2015,3,16,23,0.000000,0.000000,0.000000,0.000000,0.000000,0.000000
1800,2015,3,16,24,0.000000,0.000000,0.000000,0.000000,0.000000,0.000000
1801,2015,3,17,1,0.000000,0.000000,0.000000,0.000000,0.000000,0.000000
1802,2015,3,17,2,0.000000,0.000000,0.000000,0.000000,0.000000,0.000000
1803,2015,3,17,3,0.000000,0.000000,0.000000,0.000000,0.000000,0.000000
1804,2015,3,17,4,0.000000,0.000000,0.000000,0.000000,0.000000,0.000000
1805,2015,3,17,5,0.000000,0.000000,0.000000,0.000000,0.000000,0.000000
1806,2015,3,17,6,0.000000,0.000000,0.000000,0.000000,0.000000,0.000000
1807,2015,3,17,7,0.000000,0.000000,0.000000,0.000000,0.000000,0.000000
1808,2015,3,17,8,0.000000,0.000000,0.000000,0.000000,16.000000,7.000000
1809,2015,3,17,9,0.000000,0.000000,0.000000,0.000000,32.800000,14.350000
1810,2015,3,17,10,0.000000,0.000000,0.000000,0.000000,47.200000,20.650000
1811,2015,3,17,11,0.000000,0.000000,0.000000,0.000000,57.600000,25.200000
1812,2015,3,17,12,0.000000,0.000000,0.000000,0.000000,65.600000,28.700000
1813,2015,3,17,13,0.000000,0.000000,0.000000,0.000000,68.000000,29.750000
1814,2015,3,17,14,0.000000,0.000000,0.000000,0.000000,66.400000,29.050000
1815,2015,3,17,15,0.000000,0.000000,0.000000,0.000000,60.000000,26.250000
1816,2015,3,17,16,0.000000,0.000000,0.000000,0.000000,49.600000,21.700000
1817,2015,3,17,17,0.000000,0.000000,0.000000,0.000000,35.200000,15.400000
1818,2015,3,17,18,0.000000,0.000000,0.000000,0.000000,19.200000,8.400000
1819,2015,3,17,19,0.000000,0.000000,0.000000,0.000000,2.400000,1.050000
1820,2015,3,17,20,0.000000,0.000000,0.000000,0.000000,0.000000,0.000000
1821,2015,3,17,21,0.000000,0.000000,0.000000,0.000000,0.000000,0.000000
1822,2015,3,17,22,0.000000,0.000000,0.000000,0.000000,0.000000,0.000000
1823,2015,3,17,23,0.000000,0.000000,0.000000,0.000000,0.000000,0.000000
1824,2015,3,17,24,0.000000,0.000000,0.000000,0.000000,0.000000,0.000000
1825,2015,3,18,1,0.000000,0.000000,0.000000,0.000000,0.000000,0.000000
1826,2015,3,18,2,0.000000,0.000000,0.000000,0.000000,0.000000,0.000000
1827,2015,3,18,3,0.000000,0.000000,0.000000,0.000000,0.000000,0.000000
1828,2015,3,18,4,0.000000,0.000000,0.000000,0.000000,0.000000,0.000000
1829,2015,3,18,5,0.000000,0.000000,0.000000,0.000000,0.000000,0.000000
1830,2015,3,18,6,0.000000,0.000000,0.000000,0.000000,0.000000,0.000000
1831,2015,3,18,7,0.000000,0.000000,0.000000,0.000000,0.000000,0.000000
1832,2015,3,18,8,0.000000,0.000000,0.000000,0.000000,16.000000,7.000000
1833,2015,3,18,9,0.000000,0.000000,0.000000,0.000000,32.800000,14.350000
1834,2015,3,18,10,0.000000,0.000000,0.000000,0.000000,47.200000,20.650000
1835,2015,3,18,11,0.000000,0.000000,0.000000,0.000000,57.600000,25.200000
1836,2015,3,18,12,0.000000,0.000000,0.000000,0.000000,65.600000,28.700000
1837,2015,3,18,13,0.000000,0.000000,0.000000,0.000000,68.000000,29.750000
1838,2015,3,18,14,0.000000,0.000000,0.000000,0.000000,66.400000,29.050000
1839,2015,3,18,15,0.000000,0.000000,0.000000,0.000000,60.000000,26.250000
1840,2015,3,18,16,0.000000,0.000000,0.000000,0.000000,49.600000,21.700000
1841,2015,3,18,17,0.000000,0.000000,0.000000,0.000000,35.200000,15.400000
1842,2015,3,18,18,0.000000,0.000000,0.000000,0.000000,19.200000,8.400000
1843,2015,3,18,19,0.000000,0.000000,0.000000,0.000000,2.400000,1.050000
1844,2015,3,18,20,0.000000,0.000000,0.000000,0.000000,0.000000,0.000000
1845,2015,3,18,21,0.000000,0.000000,0.000000,0.000000,0.000000,0.000000
1846,2015,3,18,22,0.000000,0.000000,0.000000,0.000000,0.000000,0.000000
1847,2015,3,18,23,0.000000,0.000000,0.000000,0.000000,0.000000,0.000000
1848,2015,3,18,24,0.000000,0.000000,0.000000,0.000000,0.000000,0.000000
1849,2015,3,19,1,0.000000,0.000000,0.000000,0.000000,0.000000,0.000000
1850,2015,3,19,2,0.000000,0.000000,0.000000,0.000000,0.000000,0.000000
1851,2015,3,19,3,0.000000,0.000000,0.000000,0.000000,0.000000,0.000000
1852,2015,3,19,4,0.000000,0.000000,0.000000,0.000000,0.000000,0.000000
1853,2015,3,19,5,0.000000,0.000000,0.000000,0.000000,0.000000,0.000000
1854,2015,3,19,6,0.000000,0.000000,0.000000,0.000000,0.000000,0.000000
1855,2015,3,19,7,0.000000,0.000000,0.000000,0.000000,0.000000,0.000000
1856,2015,3,19,8,0.000000,0.000000,0.000000,0.000000,16.000000,7.000000
1857,2015,3,19,9,0.000000,0.000000,0.000000,0.000000,32.800000,14.350000
1858,2015,3,19,10,0.000000,0.000000,0.000000,0.000000,47.200000,20.650000
1859,2015,3,19,11,0.000000,0.000000,0.000000,0.000000,57.600000,25.200000
1860,2015,3,19,12,0.000000,0.000000,0.000000,0.000000,65.600000,28.700000
1861,2015,3,19,13,0.000000,0.000000,0.000000,0.000000,68.000000,29.750000
1862,2015,3,19,14,0.000000,0.000000,0.000000,0.000000,66.400000,29.050000
1863,2015,3,19,15,0.000000,0.000000,0.000000,0.000000,60.000000,26.250000
1864,2015,3,19,16,0.000000,0.000000,0.000000,0.000000,49.600000,21.700000
1865,2015,3,19,17,0.000000,0.000000,0.000000,0.000000,35.200000,15.400000
1866,2015,3,19,18,0.000000,0.000000,0.000000,0.000000,19.200000,8.400000
1867,2015,3,19,19,0.000000,0.000000,0.000000,0.000000,2.400000,1.050000
1868,2015,3,19,20,0.000000,0.000000,0.000000,0.000000,0.000000,0.000000
1869,2015,3,19,21,0.000000,0.000000,0.000000,0.000000,0.000000,0.000000
1870,2015,3,19,22,0.000000,0.000000,0.000000,0.000000,0.000000,0.000000
1871,2015,3,19,23,0.000000,0.000000,0.000000,0.000000,0.000000,0.000000
1872,2015,3,19,24,0.000000,0.000000,0.000000,0.000000,0.000000,0.000000
1873,2015,3,20,1,0.000000,0.000000,0.000000,0.000000,0.000000,0.000000
1874,2015,3,20,2,0.000000,0.000000,0.000000,0.000000,0.000000,0.000000
1875,2015,3,20,3,0.000000,0.000000,0.000000,0.000000,0.000000,0.000000
1876,2015,3,20,4,0.000000,0.000000,0.000000,0.000000,0.000000,0.000000
1877,2015,3,20,5,0.000000,0.000000,0.000000,0.000000,0.000000,0.000000
1878,2015,3,20,6,0.000000,0.000000,0.000000,0.000000,0.000000,0.000000
1879,2015,3,20,7,0.000000,0.000000,0.000000,0.000000,0.000000,0.000000
1880,2015,3,20,8,0.000000,0.000000,0.000000,0.000000,16.000000,7.000000
1881,2015,3,20,9,0.000000,0.000000,0.000000,0.000000,32.800000,14.350000
1882,2015,3,20,10,0.000000,0.000000,0.000000,0.000000,47.200000,20.650000
1883,2015,3,20,11,0.000000,0.000000,0.000000,0.000000,57.600000,25.200000
1884,2015,3,20,12,0.000000,0.000000,0.000000,0.000000,65.600000,28.700000
1885,2015,3,20,13,0.000000,0.000000,0.000000,0.000000,68.000000,29.750000
1886,2015,3,20,14,0.000000,0.000000,0.000000,0.000000,66.400000,29.050000
1887,2015,3,20,15,0.000000,0.000000,0.000000,0.000000,60.000000,26.250000
1888,2015,3,20,16,0.000000,0.000000,0.000000,0.000000,49.600000,21.700000
1889,2015,3,20,17,0.000000,0.000000,0.000000,0.000000,35.200000,15.400000
1890,2015,3,20,18,0.000000,0.000000,0.000000,0.000000,19.200000,8.400000
1891,2015,3,20,19,0.000000,0.000000,0.000000,0.000000,2.400000,1.050000
1892,2015,3,20,20,0.000000,0.000000,0.000000,0.000000,0.000000,0.000000
1893,2015,3,20,21,0.000000,0.000000,0.000000,0.000000,0.000000,0.000000
1894,2015,3,20,22,0.000000,0.000000,0.000000,0.000000,0.000000,0.000000
1895,2015,3,20,23,0.000000,0.000000,0.000000,0.000000,0.000000,0.000000
1896,2015,3,20,24,0.000000,0.000000,0.000000,0.000000,0.000000,0.000000
1897,2015,3,21,1,0.000000,0.000000,0.000000,0.000000,0.000000,0.000000
1898,2015,3,21,2,0.000000,0.000000,0.000000,0.000000,0.000000,0.000000
1899,2015,3,21,3,0.000000,0.000000,0.000000,0.000000,0.000000,0.000000
1900,2015,3,21,4,0.000000,0.000000,0.000000,0.000000,0.000000,0.000000
1901,2015,3,21,5,0.000000,0.000000,0.000000,0.000000,0.000000,0.000000
1902,2015,3,21,6,0.000000,0.000000,0.000000,0.000000,0.000000,0.000000
1903,2015,3,21,7,0.000000,0.000000,0.000000,0.000000,0.000000,0.000000
1904,2015,3,21,8,0.000000,0.000000,0.000000,0.000000,16.000000,7.000000
1905,2015,3,21,9,0.000000,0.000000,0.000000,0.000000,32.800000,14.350000
1906,2015,3,21,10,0.000000,0.000000,0.000000,0.000000,47.200000,20.650000
1907,2015,3,21,11,0.000000,0.000000,0.000000,0.000000,57.600000,25.200000
1908,2015,3,21,12,0.000000,0.000000,0.000000,0.000000,65.600000,28.700000
1909,2015,3,21,13,0.000000,0.000000,0.000000,0.000000,68.000000,29.750000
1910,2015,3,21,14,0.000000,0.000000,0.000000,0.000000,66.400000,29.050000
1911,2015,3,21,15,0.000000,0.000000,0.000000,0.000000,60.000000,26.250000
1912,2015,3,21,16,0.000000,0.000000,0.000000,0.000000,49.600000,21.700000
1913,2015,3,21,17,0.000000,0.000000,0.000000,0.000000,35.200000,15.400000
1914,2015,3,21,18,0.000000,0.000000,0.000000,0.000000,19.200000,8.400000
1915,2015,3,21,19,0.000000,0.000000,0.000000,0.000000,2.400000,1.050000
1916,2015,3,21,20,0.000000,0.000000,0.000000,0.000000,0.000000,0.000000
1917,2015,3,21,21,0.000000,0.000000,0.000000,0.000000,0.000000,0.000000
1918,2015,3,21,22,0.000000,0.000000,0.000000,0.000000,0.000000,0.000000
1919,2015,3,21,23,0.000000,0.000000,0.000000,0.000000,0.000000,0.000000
1920,2015,3,21,24,0.000000,0.000000,0.000000,0.000000,0.000000,0.000000
1921,2015,3,22,1,0.000000,0.000000,0.000000,0.000000,0.000000,0.000000
1922,2015,3,22,2,0.000000,0.000000,0.000000,0.000000,0.000000,0.000000
1923,2015,3,22,3,0.000000,0.000000,0.000000,0.000000,0.000000,0.000000
1924,2015,3,22,4,0.000000,0.000000,0.000000,0.000000,0.000000,0.000000
1925,2015,3,22,5,0.000000,0.000000,0.000000,0.000000,0.000000,0.000000
1926,2015,3,22,6,0.000000,0.000000,0.000000,0.000000,0.000000,0.000000
1927,2015,3,22,7,0.000000,0.000000,0.000000,0.000000,0.000000,0.000000
1928,2015,3,22,8,0.000000,0.000000,0.000000,0.000000,16.000000,7.000000
1929,2015,3,22,9,0.000000,0.000000,0.000000,0.000000,32.800000,14.350000
1930,2015,3,22,10,0.000000,0.000000,0.000000,0.000000,47.200000,20.650000
1931,2015,3,22,11,0.000000,0.000000,0.000000,0.000000,57.600000,25.200000
1932,2015,3,22,12,0.000000,0.000000,0.000000,0.000000,65.600000,28.700000
1933,2015,3,22,13,0.000000,0.000000,0.000000,0.000000,68.000000,29.750000
1934,2015,3,22,14,0.000000,0.000000,0.000000,0.000000,66.400000,29.050000
1935,2015,3,22,15,0.000000,0.000000,0.000000,0.000000,60.000000,26.250000
1936,2015,3,22,16,0.000000,0.000000,0.000000,0.000000,49.600000,21.700000
1937,2015,3,22,17,0.000000,0.000000,0.000000,0.000000,35.200000,15.400000
1938,2015,3,22,18,0.000000,0.000000,0.000000,0.000000,19.200000,8.400000
1939,2015,3,22,19,0.000000,0.000000,0.000000,0.000000,2.400000,1.050000
1940,2015,3,22,20,0.000000,0.000000,0.000000,0.000000,0.000000,0.000000
1941,2015,3,22,21,0.000000,0.000000,0.000000,0.000000,0.000000,0.000000
1942,2015,3,22,22,0.000000,0.000000,0.000000,0.000000,0.000000,0.000000
1943,2015,3,22,23,0.000000,0.000000,0.000000,0.000000,0.000000,0.000000
1944,2015,3,22,24,0.000000,0.000000,0.000000,0.000000,0.000000,0.000000
1945,2015,3,23,1,0.000000,0.000000,0.000000,0.000000,0.000000,0.000000
1946,2015,3,23,2,0.000000,0.000000,0.000000,0.000000,0.000000,0.000000
1947,2015,3,23,3,0.000000,0.000000,0.000000,0.000000,0.000000,0.000000
1948,2015,3,23,4,0.000000,0.000000,0.000000,0.000000,0.000000,0.000000
1949,2015,3,23,5,0.000000,0.000000,0.000000,0.000000,0.000000,0.000000
1950,2015,3,23,6,0.000000,0.000000,0.000000,0.000000,0.000000,0.000000
1951,2015,3,23,7,0.000000,0.000000,0.000000,0.000000,0.000000,0.000000
1952,2015,3,23,8,0.000000,0.000000,0.000000,0.000000,16.000000,7.000000
1953,2015,3,23,9,0.000000,0.000000,0.000000,0.000000,32.800000,14.350000
1954,2015,3,23,10,0.000000,0.000000,0.000000,0.000000,47.200000,20.650000
1955,2015,3,23,11,0.000000,0.000000,0.000000,0.000000,57.600000,25.200000
1956,2015,3,23,12,0.000000,0.000000,0.000000,0.000000,65.600000,28.700000
1957,2015,3,23,13,0.000000,0.000000,0.000000,0.000000,68.000000,29.750000
1958,2015,3,23,14,0.000000,0.000000,0.000000,0.000000,66.400000,29.050000
1959,2015,3,23,15,0.000000,0.000000,0.000000,0.000000,60.000000,26.250000
1960,2015,3,23,16,0.000000,0.000000,0.000000,0.000000,49.600000,21.700000
1961,2015,3,23,17,0.000000,0.000000,0.000000,0.000000,35.200000,15.400000
1962,2015,3,23,18,0.000000,0.000000,0.000000,0.000000,19.200000,8.400000
1963,2015,3,23,19,0.000000,0.000000,0.000000,0.000000,2.400000,1.050000
1964,2015,3,23,20,0.000000,0.000000,0.000000,0.000000,0.000000,0.000000
1965,2015,3,23,21,0.000000,0.000000,0.000000,0.000000,0.000000,0.000000
1966,2015,3,23,22,0.000000,0.000000,0.000000,0.000000,0.000000,0.000000
1967,2015,3,23,23,0.000000,0.000000,0.000000,0.000000,0.000000,0.000000
1968,2015,3,23,24,0.000000,0.000000,0.000000,0.000000,0.000000,0.000000
1969,2015,3,24,1,0.000000,0.000000,0.000000,0.000000,0.000000,0.000000
1970,2015,3,24,2,0.000000,0.000000,0.000000,0.000000,0.000000,0.000000
1971,2015,3,24,3,0.000000,0.000000,0.000000,0.000000,0.000000,0.000000
1972,2015,3,24,4,0.000000,0.000000,0.000000,0.000000,0.000000,0.000000
1973,2015,3,24,5,0.000000,0.000000,0.000000,0.000000,0.000000,0.000000
1974,2015,3,24,6,0.000000,0.000000,0.000000,0.000000,0.000000,0.000000
1975,2015,3,24,7,0.000000,0.000000,0.000000,0.000000,0.000000,0.000000
1976,2015,3,24,8,0.000000,0.000000,0.000000,0.000000,16.000000,7.000000
1977,2015,3,24,9,0.000000,0.000000,0.000000,0.000000,32.800000,14.350000
1978,2015,3,24,10,0.000000,0.000000,0.000000,0.000000,47.200000,20.650000
1979,2015,3,24,11,0.000000,0.000000,0.000000,0.000000,57.600000,25.200000
1980,2015,3,24,12,0.000000,0.000000,0.000000,0.000000,65.600000,28.700000
1981,2015,3,24,13,0.000000,0.000000,0.000000,0.000000,68.000000,29.750000
1982,2015,3,24,14,0.000000,0.000000,0.000000,0.000000,66.400000,29.050000
1983,2015,3,24,15,0.000000,0.000000,0.000000,0.000000,60.000000,26.250000
1984,2015,3,24,16,0.000000,0.000000,0.000000,0.000000,49.600000,21.700000
1985,2015,3,24,17,0.000000,0.000000,0.000000,0.000000,35.200000,15.400000
1986,2015,3,24,18,0.000000,0.000000,0.000000,0.000000,19.200000,8.400000
1987,2015,3,24,19,0.000000,0.000000,0.000000,0.000000,2.400000,1.050000
1988,2015,3,24,20,0.000000,0.000000,0.000000,0.000000,0.000000,0.000000
1989,2015,3,24,21,0.000000,0.000000,0.000000,0.000000,0.000000,0.000000
1990,2015,3,24,22,0.000000,0.000000,0.000000,0.000000,0.000000,0.000000
1991,2015,3,24,23,0.000000,0.000000,0.000000,0.000000,0.000000,0.000000
1992,2015,3,24,24,0.000000,0.000000,0.000000,0.000000,0.000000,0.000000
1993,2015,3,25,1,0.000000,0.000000,0.000000,0.000000,0.000000,0.000000
1994,2015,3,25,2,0.000000,0.000000,0.000000,0.000000,0.000000,0.000000
1995,2015,3,25,3,0.000000,0.000000,0.000000,0.000000,0.000000,0.000000
1996,2015,3,25,4,0.000000,0.000000,0.000000,0.000000,0.000000,0.000000
1997,2015,3,25,5,0.000000,0.000000,0.000000,0.000000,0.000000,0.000000
1998,2015,3,25,6,0.000000,0.000000,0.000000,0.000000,0.000000,0.000000
1999,2015,3,25,7,0.000000,0.000000,0.000000,0.000000,0.000000,0.000000
2000,2015,3,25,8,0.000000,0.000000,0.000000,0.000000,16.000000,7.000000
2001,2015,3,25,9,0.000000,0.000000,0.000000,0.000000,32.800000,14.350000
2002,2015,3,25,10,0.000000,0.000000,0.000000,0.000000,47.200000,20.650000
2003,2015,3,25,11,0.000000,0.000000,0.000000,0.000000,57.600000,25.200000
2004,2015,3,25,12,0.000000,0.000000,0.000000,0.000000,65.600000,28.700000
2005,2015,3,25,13,0.000000,0.000000,0.000000,0.000000,68.000000,29.750000
2006,2015,3,25,14,0.000000,0.000000,0.000000,0.000000,66.400000,29.050000
2007,2015,3,25,15,0.000000,0.000000,0.000000,0.000000,60.000000,26.250000
2008,2015,3,25,16,0.000000,0.000000,0.000000,0.000000,49.600000,21.700000
2009,2015,3,25,17,0.000000,0.000000,0.000000,0.000000,35.200000,15.400000
2010,2015,3,25,18,0.000000,0.000000,0.000000,0.000000,19.200000,8.400000
2011,2015,3,25,19,0.000000,0.000000,0.000000,0.000000,2.400000,1.050000
2012,2015,3,25,20,0.000000,0.000000,0.000000,0.000000,0.000000,0.000000
2013,2015,3,25,21,0.000000,0.000000,0.000000,0.000000,0.000000,0.000000
2014,2015,3,25,22,0.000000,0.000000,0.000000,0.000000,0.000000,0.000000
2015,2015,3,25,23,0.000000,0.000000,0.000000,0.000000,0.000000,0.000000
2016,2015,3,25,24,0.000000,0.000000,0.000000,0.000000,0.000000,0.000000
2017,2015,3,26,1,0.000000,0.000000,0.000000,0.000000,0.000000,0.000000
2018,2015,3,26,2,0.000000,0.000000,0.000000,0.000000,0.000000,0.000000
2019,2015,3,26,3,0.000000,0.000000,0.000000,0.000000,0.000000,0.000000
2020,2015,3,26,4,0.000000,0.000000,0.000000,0.000000,0.000000,0.000000
2021,2015,3,26,5,0.000000,0.000000,0.000000,0.000000,0.000000,0.000000
2022,2015,3,26,6,0.000000,0.000000,0.000000,0.000000,0.000000,0.000000
2023,2015,3,26,7,0.000000,0.000000,0.000000,0.000000,0.000000,0.000000
2024,2015,3,26,8,0.000000,0.000000,0.000000,0.000000,16.000000,7.000000
2025,2015,3,26,9,0.000000,0.000000,0.000000,0.000000,32.800000,14.350000
2026,2015,3,26,10,0.000000,0.000000,0.000000,0.000000,47.200000,20.650000
2027,2015,3,26,11,0.000000,0.000000,0.000000,0.000000,57.600000,25.200000
2028,2015,3,26,12,0.000000,0.000000,0.000000,0.000000,65.600000,28.700000
2029,2015,3,26,13,0.000000,0.000000,0.000000,0.000000,68.000000,29.750000
2030,2015,3,26,14,0.000000,0.000000,0.000000,0.000000,66.400000,29.050000
2031,2015,3,26,15,0.000000,0.000000,0.000000,0.000000,60.000000,26.250000
2032,2015,3,26,16,0.000000,0.000000,0.000000,0.000000,49.600000,21.700000
2033,2015,3,26,17,0.000000,0.000000,0.000000,0.000000,35.200000,15.400000
2034,2015,3,26,18,0.000000,0.000000,0.000000,0.000000,19.200000,8.400000
2035,2015,3,26,19,0.000000,0.000000,0.000000,0.000000,2.400000,1.050000
2036,2015,3,26,20,0.000000,0.000000,0.000000,0.000000,0.000000,0.000000
2037,2015,3,26,21,0.000000,0.000000,0.000000,0.000000,0.000000,0.000000
2038,2015,3,26,22,0.000000,0.000000,0.000000,0.000000,0.000000,0.000000
2039,2015,3,26,23,0.000000,0.000000,0.000000,0.000000,0.000000,0.000000
2040,2015,3,26,24,0.000000,0.000000,0.000000,0.000000,0.000000,0.000000
2041,2015,3,27,1,0.000000,0.000000,0.000000,0.000000,0.000000,0.000000
2042,2015,3,27,2,0.000000,0.000000,0.000000,0.000000,0.000000,0.000000
2043,2015,3,27,3,0.000000,0.000000,0.000000,0.000000,0.000000,0.000000
2044,2015,3,27,4,0.000000,0.000000,0.000000,0.000000,0.000000,0.000000
2045,2015,3,27,5,0.000000,0.000000,0.000000,0.000000,0.000000,0.000000
2046,2015,3,27,6,0.000000,0.000000,0.000000,0.000000,0.000000,0.000000
2047,2015,3,27,7,0.000000,0.000000,0.000000,0.000000,0.000000,0.000000
2048,2015,3,27,8,0.000000,0.000000,0.000000,0.000000,16.000000,7.000000
2049,2015,3,27,9,0.000000,0.000000,0.000000,0.000000,32.800000,14.350000
2050,2015,3,27,10,0.000000,0.000000,0.000000,0.000000,47.200000,20.650000
2051,2015,3,27,11,0.000000,0.000000,0.000000,0.000000,57.600000,25.200000
2052,2015,3,27,12,0.000000,0.000000,0.000000,0.000000,65.600000,28.700000
2053,2015,3,27,13,0.000000,0.000000,0.000000,0.000000,68.000000,29.750000
2054,2015,3,27,14,0.000000,0.000000,0.000000,0.000000,66.400000,29.050000
2055,2015,3,27,15,0.000000,0.000000,0.000000,0.000000,60.000000,26.250000
2056,2015,3,27,16,0.000000,0.000000,0.000000,0.000000,49.600000,21.700000
2057,2015,3,27,17,0.000000,0.000000,0.000000,0.000000,35.200000,15.400000
2058,2015,3,27,18,0.000000,0.000000,0.000000,0.000000,19.200000,8.400000
2059,2015,3,27,19,0.000000,0.000000,0.000000,0.000000,2.400000,1.050000
2060,2015,3,27,20,0.000000,0.000000,0.000000,0.000000,0.000000,0.000000
2061,2015,3,27,21,0.000000,0.000000,0.000000,0.000000,0.000000,0.000000
2062,2015,3,27,22,0.000000,0.000000,0.000000,0.000000,0.000000,0.000000
2063,2015,3,27,23,0.000000,0.000000,0.000000,0.000000,0.000000,0.000000
2064,2015,3,27,24,0.000000,0.000000,0.000000,0.000000,0.000000,0.000000
2065,2015,3,28,1,0.000000,0.000000,0.000000,0.000000,0.000000,0.000000
2066,2015,3,28,2,0.000000,0.000000,0.000000,0.000000,0.000000,0.000000
2067,2015,3,28,3,0.000000,0.000000,0.000000,0.000000,0.000000,0.000000
2068,2015,3,28,4,0.000000,0.000000,0.000000,0.000000,0.000000,0.000000
2069,2015,3,28,5,0.000000,0.000000,0.000000,0.000000,0.000000,0.000000
2070,2015,3,28,6,0.000000,0.000000,0.000000,0.000000,0.000000,0.000000
2071,2015,3,28,7,0.000000,0.000000,0.000000,0.000000,0.000000,0.000000
2072,2015,3,28,8,0.000000,0.000000,0.000000,0.000000,16.000000,7.000000
2073,2015,3,28,9,0.000000,0.000000,0.000000,0.000000,32.800000,14.350000
2074,2015,3,28,10,0.000000,0.000000,0.000000,0.000000,47.200000,20.650000
2075,2015,3,28,11,0.000000,0.000000,0.000000,0.000000,57.600000,25.200000
2076,2015,3,28,12,0.000000,0.000000,0.000000,0.000000,65.600000,28.700000
2077,2015,3,28,13,0.000000,0.000000,0.000000,0.000000,68.000000,29.750000
2078,2015,3,28,14,0.000000,0.000000,0.000000,0.000000,66.400000,29.050000
2079,2015,3,28,15,0.000000,0.000000,0.000000,0.000000,60.000000,26.250000
2080,2015,3,28,16,0.000000,0.000000,0.000000,0.000000,49.600000,21.700000
2081,2015,3,28,17,0.000000,0.000000,0.000000,0.000000,35.200000,15.400000
2082,2015,3,28,18,0.000000,0.000000,0.000000,0.000000,19.200000,8.400000
2083,2015,3,28,19,0.000000,0.000000,0.000000,0.000000,2.400000,1.050000
2084,2015,3,28,20,0.000000,0.000000,0.000000,0.000000,0.000000,0.000000
2085,2015,3,28,21,0.000000,0.000000,0.000000,0.000000,0.000000,0.000000
2086,2015,3,28,22,0.000000,0.000000,0.000000,0.000000,0.000000,0.000000
2087,2015,3,28,23,0.000000,0.000000,0.000000,0.000000,0.000000,0.000000
2088,2015,3,28,24,0.000000,0.000000,0.000000,0.000000,0.000000,0.000000
2089,2015,3,29,1,0.000000,0.000000,0.000000,0.000000,0.000000,0.000000
2090,2015,3,29,2,0.000000,0.000000,0.000000,0.000000,0.000000,0.000000
2091,2015,3,29,3,0.000000,0.000000,0.000000,0.000000,0.000000,0.000000
2092,2015,3,29,4,0.000000,0.000000,0.000000,0.000000,0.000000,0.000000
2093,2015,3,29,5,0.000000,0.000000,0.000000,0.000000,0.000000,0.000000
2094,2015,3,29,6,0.000000,0.000000,0.000000,0.000000,0.000000,0.000000
2095,2015,3,29,7,0.000000,0.000000,0.000000,0.000000,0.000000,0.000000
2096,2015,3,29,8,0.000000,0.000000,0.000000,0.000000,16.000000,7.000000
2097,2015,3,29,9,0.000000,0.000000,0.000000,0.000000,32.800000,14.350000
2098,2015,3,29,10,0.000000,0.000000,0.000000,0.000000,47.200000,20.650000
2099,2015,3,29,11,0.000000,0.000000,0.000000,0.000000,57.600000,25.200000
2100,2015,3,29,12,0.000000,0.000000,0.000000,0.000000,65.600000,28.700000
2101,2015,3,29,13,0.000000,0.000000,0.000000,0.000000,68.000000,29.750000
2102,2015,3,29,14,0.000000,0.000000,0.000000,0.000000,66.400000,29.050000
2103,2015,3,29,15,0.000000,0.000000,0.000000,0.000000,60.000000,26.250000
2104,2015,3,29,16,0.000000,0.000000,0.000000,0.000000,49.600000,21.700000
2105,2015,3,29,17,0.000000,0.000000,0.000000,0.000000,35.200000,15.400000
2106,2015,3,29,18,0.000000,0.000000,0.000000,0.000000,19.200000,8.400000
2107,2015,3,29,19,0.000000,0.000000,0.000000,0.000000,2.400000,1.050000
2108,2015,3,29,20,0.000000,0.000000,0.000000,0.000000,0.000000,0.000000
2109,2015,3,29,21,0.000000,0.000000,0.000000,0.000000,0.000000,0.000000
2110,2015,3,29,22,0.000000,0.000000,0.000000,0.000000,0.000000,0.000000
2111,2015,3,29,23,0.000000,0.000000,0.000000,0.000000,0.000000,0.000000
2112,2015,3,29,24,0.000000,0.000000,0.000000,0.000000,0.000000,0.000000
2113,2015,3,30,1,0.000000,0.000000,0.000000,0.000000,0.000000,0.000000
2114,2015,3,30,2,0.000000,0.000000,0.000000,0.000000,0.000000,0.000000
2115,2015,3,30,3,0.000000,0.000000,0.000000,0.000000,0.000000,0.000000
2116,2015,3,30,4,0.000000,0.000000,0.000000,0.000000,0.000000,0.000000
2117,2015,3,30,5,0.000000,0.000000,0.000000,0.000000,0.000000,0.000000
2118,2015,3,30,6,0.000000,0.000000,0.000000,0.000000,0.000000,0.000000
2119,2015,3,30,7,0.000000,0.000000,0.000000,0.000000,0.000000,0.000000
2120,2015,3,30,8,0.000000,0.000000,0.000000,0.000000,16.000000,7.000000
2121,2015,3,30,9,0.000000,0.000000,0.000000,0.000000,32.800000,14.350000
2122,2015,3,30,10,0.000000,0.000000,0.000000,0.000000,47.200000,20.650000
2123,2015,3,30,11,0.000000,0.000000,0.000000,0.000000,57.600000,25.200000
2124,2015,3,30,12,0.000000,0.000000,0.000000,0.000000,65.600000,28.700000
2125,2015,3,30,13,0.000000,0.000000,0.000000,0.000000,68.000000,29.750000
2126,2015,3,30,14,0.000000,0.000000,0.000000,0.000000,66.400000,29.050000
2127,2015,3,30,15,0.000000,0.000000,0.000000,0.000000,60.000000,26.250000
2128,2015,3,30,16,0.000000,0.000000,0.000000,0.000000,49.600000,21.700000
2129,2015,3,30,17,0.000000,0.000000,0.000000,0.000000,35.200000,15.400000
2130,2015,3,30,18,0.000000,0.000000,0.000000,0.000000,19.200000,8.400000
2131,2015,3,30,19,0.000000,0.000000,0.000000,0.000000,2.400000,1.050000
2132,2015,3,30,20,0.000000,0.000000,0.000000,0.000000,0.000000,0.000000
2133,2015,3,30,21,0.000000,0.000000,0.000000,0.000000,0.000000,0.000000
2134,2015,3,30,22,0.000000,0.000000,0.000000,0.000000,0.000000,0.000000
2135,2015,3,30,23,0.000000,0.000000,0.000000,0.000000,0.000000,0.000000
2136,2015,3,30,24,0.000000,0.000000,0.000000,0.000000,0.000000,0.000000
2137,2015,3,31,1,0.000000,0.000000,0.000000,0.000000,0.000000,0.000000
2138,2015,3,31,2,0.000000,0.000000,0.000000,0.000000,0.000000,0.000000
2139,2015,3,31,3,0.000000,0.000000,0.000000,0.000000,0.000000,0.000000
2140,2015,3,31,4,0.000000,0.000000,0.000000,0.000000,0.000000,0.000000
2141,2015,3,31,5,0.000000,0.000000,0.000000,0.000000,0.000000,0.000000
2142,2015,3,31,6,0.000000,0.000000,0.000000,0.000000,0.000000,0.000000
2143,2015,3,31,7,0.000000,0.000000,0.000000,0.000000,0.000000,0.000000
2144,2015,3,31,8,0.000000,0.000000,0.000000,0.000000,16.000000,7.000000
2145,2015,3,31,9,0.000000,0.000000,0.000000,0.000000,32.800000,14.350000
2146,2015,3,31,10,0.000000,0.000000,0.000000,0.000000,47.200000,20.650000
2147,2015,3,31,11,0.000000,0.000000,0.000000,0.000000,57.600000,25.200000
2148,2015,3,31,12,0.000000,0.000000,0.000000,0.000000,65.600000,28.700000
2149,2015,3,31,13,0.000000,0.000000,0.000000,0.000000,68.000000,29.750000
2150,2015,3,31,14,0.000000,0.000000,0.000000,0.000000,66.400000,29.050000
2151,2015,3,31,15,0.000000,0.000000,0.000000,0.000000,60.000000,26.250000
2152,2015,3,31,16,0.000000,0.000000,0.000000,0.000000,49.600000,21.700000
2153,2015,3,31,17,0.000000,0.000000,0.000000,0.000000,35.200000,15.400000
2154,2015,3,31,18,0.000000,0.000000,0.000000,0.000000,19.200000,8.400000
2155,2015,3,31,19,0.000000,0.000000,0.000000,0.000000,2.400000,1.050000
2156,2015,3,31,20,0.000000,0.000000,0.000000,0.000000,0.000000,0.000000
2157,2015,3,31,21,0.000000,0.000000,0.000000,0.000000,0.000000,0.000000
2158,2015,3,31,22,0.000000,0.000000,0.000000,0.000000,0.000000,0.000000
2159,2015,3,31,23,0.000000,0.000000,0.000000,0.000000,0.000000,0.000000
2160,2015,3,31,24,0.000000,0.000000,0.000000,0.000000,0.000000,0.000000
2161,2015,4,1,1,0.000000,0.000000,0.000000,0.000000,0.000000,0.000000
2162,2015,4,1,2,0.000000,0.000000,0.000000,0.000000,0.000000,0.000000
2163,2015,4,1,3,0.000000,0.000000,0.000000,0.000000,0.000000,0.000000
2164,2015,4,1,4,0.000000,0.000000,0.000000,0.000000,0.000000,0.000000
2165,2015,4,1,5,0.000000,0.000000,0.000000,0.000000,0.000000,0.000000
2166,2015,4,1,6,0.000000,0.000000,0.000000,0.000000,0.000000,0.000000
2167,2015,4,1,7,0.000000,0.000000,0.000000,0.000000,0.000000,0.000000
2168,2015,4,1,8,0.000000,0.000000,0.000000,0.000000,8.000000,3.500000
2169,2015,4,1,9,0.000000,0.000000,0.000000,0.000000,27.200000,11.900000
2170,2015,4,1,10,0.000000,0.000000,0.000000,0.000000,42.400000,18.550000
2171,2015,4,1,11,0.000000,0.000000,0.000000,0.000000,55.200000,24.150000
2172,2015,4,1,12,0.000000,0.000000,0.000000,0.000000,64.000000,28.000000
2173,2015,4,1,13,0.000000,0.000000,0.000000,0.000000,68.000000,29.750000
2174,2015,4,1,14,0.000000,0.000000,0.000000,0.000000,66.400000,29.050000
2175,2015,4,1,15,0.000000,0.000000,0.000000,0.000000,60.800000,26.600000
2176,2015,4,1,16,0.000000,0.000000,0.000000,0.000000,49.600000,21.700000
2177,2015,4,1,17,0.000000,0.000000,0.000000,0.000000,36.000000,15.750000
2178,2015,4,1,18,0.000000,0.000000,0.000000,0.000000,19.200000,8.400000
2179,2015,4,1,19,0.000000,0.000000,0.000000,0.000000,0.800000,0.350000
2180,2015,4,1,20,0.000000,0.000000,0.000000,0.000000,0.000000,0.000000
2181,2015,4,1,21,0.000000,0.000000,0.000000,0.000000,0.000000,0.000000
2182,2015,4,1,22,0.000000,0.000000,0.000000,0.000000,0.000000,0.000000
2183,2015,4,1,23,0.000000,0.000000,0.000000,0.000000,0.000000,0.000000
2184,2015,4,1,24,0.000000,0.000000,0.000000,0.000000,0.000000,0.000000
2185,2015,4,2,1,0.000000,0.000000,0.000000,0.000000,0.000000,0.000000
2186,2015,4,2,2,0.000000,0.000000,0.000000,0.000000,0.000000,0.000000
2187,2015,4,2,3,0.000000,0.000000,0.000000,0.000000,0.000000,0.000000
2188,2015,4,2,4,0.000000,0.000000,0.000000,0.000000,0.000000,0.000000
2189,2015,4,2,5,0.000000,0.000000,0.000000,0.000000,0.000000,0.000000
2190,2015,4,2,6,0.000000,0.000000,0.000000,0.000000,0.000000,0.000000
2191,2015,4,2,7,0.000000,0.000000,0.000000,0.000000,0.000000,0.000000
2192,2015,4,2,8,0.000000,0.000000,0.000000,0.000000,8.000000,3.500000
2193,2015,4,2,9,0.000000,0.000000,0.000000,0.000000,27.200000,11.900000
2194,2015,4,2,10,0.000000,0.000000,0.000000,0.000000,42.400000,18.550000
2195,2015,4,2,11,0.000000,0.000000,0.000000,0.000000,55.200000,24.150000
2196,2015,4,2,12,0.000000,0.000000,0.000000,0.000000,64.000000,28.000000
2197,2015,4,2,13,0.000000,0.000000,0.000000,0.000000,68.000000,29.750000
2198,2015,4,2,14,0.000000,0.000000,0.000000,0.000000,66.400000,29.050000
2199,2015,4,2,15,0.000000,0.000000,0.000000,0.000000,60.800000,26.600000
2200,2015,4,2,16,0.000000,0.000000,0.000000,0.000000,49.600000,21.700000
2201,2015,4,2,17,0.000000,0.000000,0.000000,0.000000,36.000000,15.750000
2202,2015,4,2,18,0.000000,0.000000,0.000000,0.000000,19.200000,8.400000
2203,2015,4,2,19,0.000000,0.000000,0.000000,0.000000,0.800000,0.350000
2204,2015,4,2,20,0.000000,0.000000,0.000000,0.000000,0.000000,0.000000
2205,2015,4,2,21,0.000000,0.000000,0.000000,0.000000,0.000000,0.000000
2206,2015,4,2,22,0.000000,0.000000,0.000000,0.000000,0.000000,0.000000
2207,2015,4,2,23,0.000000,0.000000,0.000000,0.000000,0.000000,0.000000
2208,2015,4,2,24,0.000000,0.000000,0.000000,0.000000,0.000000,0.000000
2209,2015,4,3,1,0.000000,0.000000,0.000000,0.000000,0.000000,0.000000
2210,2015,4,3,2,0.000000,0.000000,0.000000,0.000000,0.000000,0.000000
2211,2015,4,3,3,0.000000,0.000000,0.000000,0.000000,0.000000,0.000000
2212,2015,4,3,4,0.000000,0.000000,0.000000,0.000000,0.000000,0.000000
2213,2015,4,3,5,0.000000,0.000000,0.000000,0.000000,0.000000,0.000000
2214,2015,4,3,6,0.000000,0.000000,0.000000,0.000000,0.000000,0.000000
2215,2015,4,3,7,0.000000,0.000000,0.000000,0.000000,0.000000,0.000000
2216,2015,4,3,8,0.000000,0.000000,0.000000,0.000000,8.000000,3.500000
2217,2015,4,3,9,0.000000,0.000000,0.000000,0.000000,27.200000,11.900000
2218,2015,4,3,10,0.000000,0.000000,0.000000,0.000000,42.400000,18.550000
2219,2015,4,3,11,0.000000,0.000000,0.000000,0.000000,55.200000,24.150000
2220,2015,4,3,12,0.000000,0.000000,0.000000,0.000000,64.000000,28.000000
2221,2015,4,3,13,0.000000,0.000000,0.000000,0.000000,68.000000,29.750000
2222,2015,4,3,14,0.000000,0.000000,0.000000,0.000000,66.400000,29.050000
2223,2015,4,3,15,0.000000,0.000000,0.000000,0.000000,60.800000,26.600000
2224,2015,4,3,16,0.000000,0.000000,0.000000,0.000000,49.600000,21.700000
2225,2015,4,3,17,0.000000,0.000000,0.000000,0.000000,36.000000,15.750000
2226,2015,4,3,18,0.000000,0.000000,0.000000,0.000000,19.200000,8.400000
2227,2015,4,3,19,0.000000,0.000000,0.000000,0.000000,0.800000,0.350000
2228,2015,4,3,20,0.000000,0.000000,0.000000,0.000000,0.000000,0.000000
2229,2015,4,3,21,0.000000,0.000000,0.000000,0.000000,0.000000,0.000000
2230,2015,4,3,22,0.000000,0.000000,0.000000,0.000000,0.000000,0.000000
2231,2015,4,3,23,0.000000,0.000000,0.000000,0.000000,0.000000,0.000000
2232,2015,4,3,24,0.000000,0.000000,0.000000,0.000000,0.000000,0.000000
2233,2015,4,4,1,0.000000,0.000000,0.000000,0.000000,0.000000,0.000000
2234,2015,4,4,2,0.000000,0.000000,0.000000,0.000000,0.000000,0.000000
2235,2015,4,4,3,0.000000,0.000000,0.000000,0.000000,0.000000,0.000000
2236,2015,4,4,4,0.000000,0.000000,0.000000,0.000000,0.000000,0.000000
2237,2015,4,4,5,0.000000,0.000000,0.000000,0.000000,0.000000,0.000000
2238,2015,4,4,6,0.000000,0.000000,0.000000,0.000000,0.000000,0.000000
2239,2015,4,4,7,0.000000,0.000000,0.000000,0.000000,0.000000,0.000000
2240,2015,4,4,8,0.000000,0.000000,0.000000,0.000000,8.000000,3.500000
2241,2015,4,4,9,0.000000,0.000000,0.000000,0.000000,27.200000,11.900000
2242,2015,4,4,10,0.000000,0.000000,0.000000,0.000000,42.400000,18.550000
2243,2015,4,4,11,0.000000,0.000000,0.000000,0.000000,55.200000,24.150000
2244,2015,4,4,12,0.000000,0.000000,0.000000,0.000000,64.000000,28.000000
2245,2015,4,4,13,0.000000,0.000000,0.000000,0.000000,68.000000,29.750000
2246,2015,4,4,14,0.000000,0.000000,0.000000,0.000000,66.400000,29.050000
2247,2015,4,4,15,0.000000,0.000000,0.000000,0.000000,60.800000,26.600000
2248,2015,4,4,16,0.000000,0.000000,0.000000,0.000000,49.600000,21.700000
2249,2015,4,4,17,0.000000,0.000000,0.000000,0.000000,36.000000,15.750000
2250,2015,4,4,18,0.000000,0.000000,0.000000,0.000000,19.200000,8.400000
2251,2015,4,4,19,0.000000,0.000000,0.000000,0.000000,0.800000,0.350000
2252,2015,4,4,20,0.000000,0.000000,0.000000,0.000000,0.000000,0.000000
2253,2015,4,4,21,0.000000,0.000000,0.000000,0.000000,0.000000,0.000000
2254,2015,4,4,22,0.000000,0.000000,0.000000,0.000000,0.000000,0.000000
2255,2015,4,4,23,0.000000,0.000000,0.000000,0.000000,0.000000,0.000000
2256,2015,4,4,24,0.000000,0.000000,0.000000,0.000000,0.000000,0.000000
2257,2015,4,5,1,0.000000,0.000000,0.000000,0.000000,0.000000,0.000000
2258,2015,4,5,2,0.000000,0.000000,0.000000,0.000000,0.000000,0.000000
2259,2015,4,5,3,0.000000,0.000000,0.000000,0.000000,0.000000,0.000000
2260,2015,4,5,4,0.000000,0.000000,0.000000,0.000000,0.000000,0.000000
2261,2015,4,5,5,0.000000,0.000000,0.000000,0.000000,0.000000,0.000000
2262,2015,4,5,6,0.000000,0.000000,0.000000,0.000000,0.000000,0.000000
2263,2015,4,5,7,0.000000,0.000000,0.000000,0.000000,0.000000,0.000000
2264,2015,4,5,8,0.000000,0.000000,0.000000,0.000000,8.000000,3.500000
2265,2015,4,5,9,0.000000,0.000000,0.000000,0.000000,27.200000,11.900000
2266,2015,4,5,10,0.000000,0.000000,0.000000,0.000000,42.400000,18.550000
2267,2015,4,5,11,0.000000,0.000000,0.000000,0.000000,55.200000,24.150000
2268,2015,4,5,12,0.000000,0.000000,0.000000,0.000000,64.000000,28.000000
2269,2015,4,5,13,0.000000,0.000000,0.000000,0.000000,68.000000,29.750000
2270,2015,4,5,14,0.000000,0.000000,0.000000,0.000000,66.400000,29.050000
2271,2015,4,5,15,0.000000,0.000000,0.000000,0.000000,60.800000,26.600000
2272,2015,4,5,16,0.000000,0.000000,0.000000,0.000000,49.600000,21.700000
2273,2015,4,5,17,0.000000,0.000000,0.000000,0.000000,36.000000,15.750000
2274,2015,4,5,18,0.000000,0.000000,0.000000,0.000000,19.200000,8.400000
2275,2015,4,5,19,0.000000,0.000000,0.000000,0.000000,0.800000,0.350000
2276,2015,4,5,20,0.000000,0.000000,0.000000,0.000000,0.000000,0.000000
2277,2015,4,5,21,0.000000,0.000000,0.000000,0.000000,0.000000,0.000000
2278,2015,4,5,22,0.000000,0.000000,0.000000,0.000000,0.000000,0.000000
2279,2015,4,5,23,0.000000,0.000000,0.000000,0.000000,0.000000,0.000000
2280,2015,4,5,24,0.000000,0.000000,0.000000,0.000000,0.000000,0.000000
2281,2015,4,6,1,0.000000,0.000000,0.000000,0.000000,0.000000,0.000000
2282,2015,4,6,2,0.000000,0.000000,0.000000,0.000000,0.000000,0.000000
2283,2015,4,6,3,0.000000,0.000000,0.000000,0.000000,0.000000,0.000000
2284,2015,4,6,4,0.000000,0.000000,0.000000,0.000000,0.000000,0.000000
2285,2015,4,6,5,0.000000,0.000000,0.000000,0.000000,0.000000,0.000000
2286,2015,4,6,6,0.000000,0.000000,0.000000,0.000000,0.000000,0.000000
2287,2015,4,6,7,0.000000,0.000000,0.000000,0.000000,0.000000,0.000000
2288,2015,4,6,8,0.000000,0.000000,0.000000,0.000000,8.000000,3.500000
2289,2015,4,6,9,0.000000,0.000000,0.000000,0.000000,27.200000,11.900000
2290,2015,4,6,10,0.000000,0.000000,0.000000,0.000000,42.400000,18.550000
2291,2015,4,6,11,0.000000,0.000000,0.000000,0.000000,55.200000,24.150000
2292,2015,4,6,12,0.000000,0.000000,0.000000,0.000000,64.000000,28.000000
2293,2015,4,6,13,0.000000,0.000000,0.000000,0.000000,68.000000,29.750000
2294,2015,4,6,14,0.000000,0.000000,0.000000,0.000000,66.400000,29.050000
2295,2015,4,6,15,0.000000,0.000000,0.000000,0.000000,60.800000,26.600000
2296,2015,4,6,16,0.000000,0.000000,0.000000,0.000000,49.600000,21.700000
2297,2015,4,6,17,0.000000,0.000000,0.000000,0.000000,36.000000,15.750000
2298,2015,4,6,18,0.000000,0.000000,0.000000,0.000000,19.200000,8.400000
2299,2015,4,6,19,0.000000,0.000000,0.000000,0.000000,0.800000,0.350000
2300,2015,4,6,20,0.000000,0.000000,0.000000,0.000000,0.000000,0.000000
2301,2015,4,6,21,0.000000,0.000000,0.000000,0.000000,0.000000,0.000000
2302,2015,4,6,22,0.000000,0.000000,0.000000,0.000000,0.000000,0.000000
2303,2015,4,6,23,0.000000,0.000000,0.000000,0.000000,0.000000,0.000000
2304,2015,4,6,24,0.000000,0.000000,0.000000,0.000000,0.000000,0.000000
2305,2015,4,7,1,0.000000,0.000000,0.000000,0.000000,0.000000,0.000000
2306,2015,4,7,2,0.000000,0.000000,0.000000,0.000000,0.000000,0.000000
2307,2015,4,7,3,0.000000,0.000000,0.000000,0.000000,0.000000,0.000000
2308,2015,4,7,4,0.000000,0.000000,0.000000,0.000000,0.000000,0.000000
2309,2015,4,7,5,0.000000,0.000000,0.000000,0.000000,0.000000,0.000000
2310,2015,4,7,6,0.000000,0.000000,0.000000,0.000000,0.000000,0.000000
2311,2015,4,7,7,0.000000,0.000000,0.000000,0.000000,0.000000,0.000000
2312,2015,4,7,8,0.000000,0.000000,0.000000,0.000000,8.000000,3.500000
2313,2015,4,7,9,0.000000,0.000000,0.000000,0.000000,27.200000,11.900000
2314,2015,4,7,10,0.000000,0.000000,0.000000,0.000000,42.400000,18.550000
2315,2015,4,7,11,0.000000,0.000000,0.000000,0.000000,55.200000,24.150000
2316,2015,4,7,12,0.000000,0.000000,0.000000,0.000000,64.000000,28.000000
2317,2015,4,7,13,0.000000,0.000000,0.000000,0.000000,68.000000,29.750000
2318,2015,4,7,14,0.000000,0.000000,0.000000,0.000000,66.400000,29.050000
2319,2015,4,7,15,0.000000,0.000000,0.000000,0.000000,60.800000,26.600000
2320,2015,4,7,16,0.000000,0.000000,0.000000,0.000000,49.600000,21.700000
2321,2015,4,7,17,0.000000,0.000000,0.000000,0.000000,36.000000,15.750000
2322,2015,4,7,18,0.000000,0.000000,0.000000,0.000000,19.200000,8.400000
2323,2015,4,7,19,0.000000,0.000000,0.000000,0.000000,0.800000,0.350000
2324,2015,4,7,20,0.000000,0.000000,0.000000,0.000000,0.000000,0.000000
2325,2015,4,7,21,0.000000,0.000000,0.000000,0.000000,0.000000,0.000000
2326,2015,4,7,22,0.000000,0.000000,0.000000,0.000000,0.000000,0.000000
2327,2015,4,7,23,0.000000,0.000000,0.000000,0.000000,0.000000,0.000000
2328,2015,4,7,24,0.000000,0.000000,0.000000,0.000000,0.000000,0.000000
2329,2015,4,8,1,0.000000,0.000000,0.000000,0.000000,0.000000,0.000000
2330,2015,4,8,2,0.000000,0.000000,0.000000,0.000000,0.000000,0.000000
2331,2015,4,8,3,0.000000,0.000000,0.000000,0.000000,0.000000,0.000000
2332,2015,4,8,4,0.000000,0.000000,0.000000,0.000000,0.000000,0.000000
2333,2015,4,8,5,0.000000,0.000000,0.000000,0.000000,0.000000,0.000000
2334,2015,4,8,6,0.000000,0.000000,0.000000,0.000000,0.000000,0.000000
2335,2015,4,8,7,0.000000,0.000000,0.000000,0.000000,0.000000,0.000000
2336,2015,4,8,8,0.000000,0.000000,0.000000,0.000000,8.000000,3.500000
2337,2015,4,8,9,0.000000,0.000000,0.000000,0.000000,27.200000,11.900000
2338,2015,4,8,10,0.000000,0.000000,0.000000,0.000000,42.400000,18.550000
2339,2015,4,8,11,0.000000,0.000000,0.000000,0.000000,55.200000,24.150000
2340,2015,4,8,12,0.000000,0.000000,0.000000,0.000000,64.000000,28.000000
2341,2015,4,8,13,0.000000,0.000000,0.000000,0.000000,68.000000,29.750000
2342,2015,4,8,14,0.000000,0.000000,0.000000,0.000000,66.400000,29.050000
2343,2015,4,8,15,0.000000,0.000000,0.000000,0.000000,60.800000,26.600000
2344,2015,4,8,16,0.000000,0.000000,0.000000,0.000000,49.600000,21.700000
2345,2015,4,8,17,0.000000,0.000000,0.000000,0.000000,36.000000,15.750000
2346,2015,4,8,18,0.000000,0.000000,0.000000,0.000000,19.200000,8.400000
2347,2015,4,8,19,0.000000,0.000000,0.000000,0.000000,0.800000,0.350000
2348,2015,4,8,20,0.000000,0.000000,0.000000,0.000000,0.000000,0.000000
2349,2015,4,8,21,0.000000,0.000000,0.000000,0.000000,0.000000,0.000000
2350,2015,4,8,22,0.000000,0.000000,0.000000,0.000000,0.000000,0.000000
2351,2015,4,8,23,0.000000,0.000000,0.000000,0.000000,0.000000,0.000000
2352,2015,4,8,24,0.000000,0.000000,0.000000,0.000000,0.000000,0.000000
2353,2015,4,9,1,0.000000,0.000000,0.000000,0.000000,0.000000,0.000000
2354,2015,4,9,2,0.000000,0.000000,0.000000,0.000000,0.000000,0.000000
2355,2015,4,9,3,0.000000,0.000000,0.000000,0.000000,0.000000,0.000000
2356,2015,4,9,4,0.000000,0.000000,0.000000,0.000000,0.000000,0.000000
2357,2015,4,9,5,0.000000,0.000000,0.000000,0.000000,0.000000,0.000000
2358,2015,4,9,6,0.000000,0.000000,0.000000,0.000000,0.000000,0.000000
2359,2015,4,9,7,0.000000,0.000000,0.000000,0.000000,0.000000,0.000000
2360,2015,4,9,8,0.000000,0.000000,0.000000,0.000000,8.000000,3.500000
2361,2015,4,9,9,0.000000,0.000000,0.000000,0.000000,27.200000,11.900000
2362,2015,4,9,10,0.000000,0.000000,0.000000,0.000000,42.400000,18.550000
2363,2015,4,9,11,0.000000,0.000000,0.000000,0.000000,55.200000,24.150000
2364,2015,4,9,12,0.000000,0.000000,0.000000,0.000000,64.000000,28.000000
2365,2015,4,9,13,0.000000,0.000000,0.000000,0.000000,68.000000,29.750000
2366,2015,4,9,14,0.000000,0.000000,0.000000,0.000000,66.400000,29.050000
2367,2015,4,9,15,0.000000,0.000000,0.000000,0.000000,60.800000,26.600000
2368,2015,4,9,16,0.000000,0.000000,0.000000,0.000000,49.600000,21.700000
2369,2015,4,9,17,0.000000,0.000000,0.000000,0.000000,36.000000,15.750000
2370,2015,4,9,18,0.000000,0.000000,0.000000,0.000000,19.200000,8.400000
2371,2015,4,9,19,0.000000,0.000000,0.000000,0.000000,0.800000,0.350000
2372,2015,4,9,20,0.000000,0.000000,0.000000,0.000000,0.000000,0.000000
2373,2015,4,9,21,0.000000,0.000000,0.000000,0.000000,0.000000,0.000000
2374,2015,4,9,22,0.000000,0.000000,0.000000,0.000000,0.000000,0.000000
2375,2015,4,9,23,0.000000,0.000000,0.000000,0.000000,0.000000,0.000000
2376,2015,4,9,24,0.000000,0.000000,0.000000,0.000000,0.000000,0.000000
2377,2015,4,10,1,0.000000,0.000000,0.000000,0.000000,0.000000,0.000000
2378,2015,4,10,2,0.000000,0.000000,0.000000,0.000000,0.000000,0.000000
2379,2015,4,10,3,0.000000,0.000000,0.000000,0.000000,0.000000,0.000000
2380,2015,4,10,4,0.000000,0.000000,0.000000,0.000000,0.000000,0.000000
2381,2015,4,10,5,0.000000,0.000000,0.000000,0.000000,0.000000,0.000000
2382,2015,4,10,6,0.000000,0.000000,0.000000,0.000000,0.000000,0.000000
2383,2015,4,10,7,0.000000,0.000000,0.000000,0.000000,0.000000,0.000000
2384,2015,4,10,8,0.000000,0.000000,0.000000,0.000000,8.000000,3.500000
2385,2015,4,10,9,0.000000,0.000000,0.000000,0.000000,27.200000,11.900000
2386,2015,4,10,10,0.000000,0.000000,0.000000,0.000000,42.400000,18.550000
2387,2015,4,10,11,0.000000,0.000000,0.000000,0.000000,55.200000,24.150000
2388,2015,4,10,12,0.000000,0.000000,0.000000,0.000000,64.000000,28.000000
2389,2015,4,10,13,0.000000,0.000000,0.000000,0.000000,68.000000,29.750000
2390,2015,4,10,14,0.000000,0.000000,0.000000,0.000000,66.400000,29.050000
2391,2015,4,10,15,0.000000,0.000000,0.000000,0.000000,60.800000,26.600000
2392,2015,4,10,16,0.000000,0.000000,0.000000,0.000000,49.600000,21.700000
2393,2015,4,10,17,0.000000,0.000000,0.000000,0.000000,36.000000,15.750000
2394,2015,4,10,18,0.000000,0.000000,0.000000,0.000000,19.200000,8.400000
2395,2015,4,10,19,0.000000,0.000000,0.000000,0.000000,0.800000,0.350000
2396,2015,4,10,20,0.000000,0.000000,0.000000,0.000000,0.000000,0.000000
2397,2015,4,10,21,0.000000,0.000000,0.000000,0.000000,0.000000,0.000000
2398,2015,4,10,22,0.000000,0.000000,0.000000,0.000000,0.000000,0.000000
2399,2015,4,10,23,0.000000,0.000000,0.000000,0.000000,0.000000,0.000000
2400,2015,4,10,24,0.000000,0.000000,0.000000,0.000000,0.000000,0.000000
2401,2015,4,11,1,0.000000,0.000000,0.000000,0.000000,0.000000,0.000000
2402,2015,4,11,2,0.000000,0.000000,0.000000,0.000000,0.000000,0.000000
2403,2015,4,11,3,0.000000,0.000000,0.000000,0.000000,0.000000,0.000000
2404,2015,4,11,4,0.000000,0.000000,0.000000,0.000000,0.000000,0.000000
2405,2015,4,11,5,0.000000,0.000000,0.000000,0.000000,0.000000,0.000000
2406,2015,4,11,6,0.000000,0.000000,0.000000,0.000000,0.000000,0.000000
2407,2015,4,11,7,0.000000,0.000000,0.000000,0.000000,0.000000,0.000000
2408,2015,4,11,8,0.000000,0.000000,0.000000,0.000000,8.000000,3.500000
2409,2015,4,11,9,0.000000,0.000000,0.000000,0.000000,27.200000,11.900000
2410,2015,4,11,10,0.000000,0.000000,0.000000,0.000000,42.400000,18.550000
2411,2015,4,11,11,0.000000,0.000000,0.000000,0.000000,55.200000,24.150000
2412,2015,4,11,12,0.000000,0.000000,0.000000,0.000000,64.000000,28.000000
2413,2015,4,11,13,0.000000,0.000000,0.000000,0.000000,68.000000,29.750000
2414,2015,4,11,14,0.000000,0.000000,0.000000,0.000000,66.400000,29.050000
2415,2015,4,11,15,0.000000,0.000000,0.000000,0.000000,60.800000,26.600000
2416,2015,4,11,16,0.000000,0.000000,0.000000,0.000000,49.600000,21.700000
2417,2015,4,11,17,0.000000,0.000000,0.000000,0.000000,36.000000,15.750000
2418,2015,4,11,18,0.000000,0.000000,0.000000,0.000000,19.200000,8.400000
2419,2015,4,11,19,0.000000,0.000000,0.000000,0.000000,0.800000,0.350000
2420,2015,4,11,20,0.000000,0.000000,0.000000,0.000000,0.000000,0.000000
2421,2015,4,11,21,0.000000,0.000000,0.000000,0.000000,0.000000,0.000000
2422,2015,4,11,22,0.000000,0.000000,0.000000,0.000000,0.000000,0.000000
2423,2015,4,11,23,0.000000,0.000000,0.000000,0.000000,0.000000,0.000000
2424,2015,4,11,24,0.000000,0.000000,0.000000,0.000000,0.000000,0.000000
2425,2015,4,12,1,0.000000,0.000000,0.000000,0.000000,0.000000,0.000000
2426,2015,4,12,2,0.000000,0.000000,0.000000,0.000000,0.000000,0.000000
2427,2015,4,12,3,0.000000,0.000000,0.000000,0.000000,0.000000,0.000000
2428,2015,4,12,4,0.000000,0.000000,0.000000,0.000000,0.000000,0.000000
2429,2015,4,12,5,0.000000,0.000000,0.000000,0.000000,0.000000,0.000000
2430,2015,4,12,6,0.000000,0.000000,0.000000,0.000000,0.000000,0.000000
2431,2015,4,12,7,0.000000,0.000000,0.000000,0.000000,0.000000,0.000000
2432,2015,4,12,8,0.000000,0.000000,0.000000,0.000000,8.000000,3.500000
2433,2015,4,12,9,0.000000,0.000000,0.000000,0.000000,27.200000,11.900000
2434,2015,4,12,10,0.000000,0.000000,0.000000,0.000000,42.400000,18.550000
2435,2015,4,12,11,0.000000,0.000000,0.000000,0.000000,55.200000,24.150000
2436,2015,4,12,12,0.000000,0.000000,0.000000,0.000000,64.000000,28.000000
2437,2015,4,12,13,0.000000,0.000000,0.000000,0.000000,68.000000,29.750000
2438,2015,4,12,14,0.000000,0.000000,0.000000,0.000000,66.400000,29.050000
2439,2015,4,12,15,0.000000,0.000000,0.000000,0.000000,60.800000,26.600000
2440,2015,4,12,16,0.000000,0.000000,0.000000,0.000000,49.600000,21.700000
2441,2015,4,12,17,0.000000,0.000000,0.000000,0.000000,36.000000,15.750000
2442,2015,4,12,18,0.000000,0.000000,0.000000,0.000000,19.200000,8.400000
2443,2015,4,12,19,0.000000,0.000000,0.000000,0.000000,0.800000,0.350000
2444,2015,4,12,20,0.000000,0.000000,0.000000,0.000000,0.000000,0.000000
2445,2015,4,12,21,0.000000,0.000000,0.000000,0.000000,0.000000,0.000000
2446,2015,4,12,22,0.000000,0.000000,0.000000,0.000000,0.000000,0.000000
2447,2015,4,12,23,0.000000,0.000000,0.000000,0.000000,0.000000,0.000000
2448,2015,4,12,24,0.000000,0.000000,0.000000,0.000000,0.000000,0.000000
2449,2015,4,13,1,0.000000,0.000000,0.000000,0.000000,0.000000,0.000000
2450,2015,4,13,2,0.000000,0.000000,0.000000,0.000000,0.000000,0.000000
2451,2015,4,13,3,0.000000,0.000000,0.000000,0.000000,0.000000,0.000000
2452,2015,4,13,4,0.000000,0.000000,0.000000,0.000000,0.000000,0.000000
2453,2015,4,13,5,0.000000,0.000000,0.000000,0.000000,0.000000,0.000000
2454,2015,4,13,6,0.000000,0.000000,0.000000,0.000000,0.000000,0.000000
2455,2015,4,13,7,0.000000,0.000000,0.000000,0.000000,0.000000,0.000000
2456,2015,4,13,8,0.000000,0.000000,0.000000,0.000000,8.000000,3.500000
2457,2015,4,13,9,0.000000,0.000000,0.000000,0.000000,27.200000,11.900000
2458,2015,4,13,10,0.000000,0.000000,0.000000,0.000000,42.400000,18.550000
2459,2015,4,13,11,0.000000,0.000000,0.000000,0.000000,55.200000,24.150000
2460,2015,4,13,12,0.000000,0.000000,0.000000,0.000000,64.000000,28.000000
2461,2015,4,13,13,0.000000,0.000000,0.000000,0.000000,68.000000,29.750000
2462,2015,4,13,14,0.000000,0.000000,0.000000,0.000000,66.400000,29.050000
2463,2015,4,13,15,0.000000,0.000000,0.000000,0.000000,60.800000,26.600000
2464,2015,4,13,16,0.000000,0.000000,0.000000,0.000000,49.600000,21.700000
2465,2015,4,13,17,0.000000,0.000000,0.000000,0.000000,36.000000,15.750000
2466,2015,4,13,18,0.000000,0.000000,0.000000,0.000000,19.200000,8.400000
2467,2015,4,13,19,0.000000,0.000000,0.000000,0.000000,0.800000,0.350000
2468,2015,4,13,20,0.000000,0.000000,0.000000,0.000000,0.000000,0.000000
2469,2015,4,13,21,0.000000,0.000000,0.000000,0.000000,0.000000,0.000000
2470,2015,4,13,22,0.000000,0.000000,0.000000,0.000000,0.000000,0.000000
2471,2015,4,13,23,0.000000,0.000000,0.000000,0.000000,0.000000,0.000000
2472,2015,4,13,24,0.000000,0.000000,0.000000,0.000000,0.000000,0.000000
2473,2015,4,14,1,0.000000,0.000000,0.000000,0.000000,0.000000,0.000000
2474,2015,4,14,2,0.000000,0.000000,0.000000,0.000000,0.000000,0.000000
2475,2015,4,14,3,0.000000,0.000000,0.000000,0.000000,0.000000,0.000000
2476,2015,4,14,4,0.000000,0.000000,0.000000,0.000000,0.000000,0.000000
2477,2015,4,14,5,0.000000,0.000000,0.000000,0.000000,0.000000,0.000000
2478,2015,4,14,6,0.000000,0.000000,0.000000,0.000000,0.000000,0.000000
2479,2015,4,14,7,0.000000,0.000000,0.000000,0.000000,0.000000,0.000000
2480,2015,4,14,8,0.000000,0.000000,0.000000,0.000000,8.000000,3.500000
2481,2015,4,14,9,0.000000,0.000000,0.000000,0.000000,27.200000,11.900000
2482,2015,4,14,10,0.000000,0.000000,0.000000,0.000000,42.400000,18.550000
2483,2015,4,14,11,0.000000,0.000000,0.000000,0.000000,55.200000,24.150000
2484,2015,4,14,12,0.000000,0.000000,0.000000,0.000000,64.000000,28.000000
2485,2015,4,14,13,0.000000,0.000000,0.000000,0.000000,68.000000,29.750000
2486,2015,4,14,14,0.000000,0.000000,0.000000,0.000000,66.400000,29.050000
2487,2015,4,14,15,0.000000,0.000000,0.000000,0.000000,60.800000,26.600000
2488,2015,4,14,16,0.000000,0.000000,0.000000,0.000000,49.600000,21.700000
2489,2015,4,14,17,0.000000,0.000000,0.000000,0.000000,36.000000,15.750000
2490,2015,4,14,18,0.000000,0.000000,0.000000,0.000000,19.200000,8.400000
2491,2015,4,14,19,0.000000,0.000000,0.000000,0.000000,0.800000,0.350000
2492,2015,4,14,20,0.000000,0.000000,0.000000,0.000000,0.000000,0.000000
2493,2015,4,14,21,0.000000,0.000000,0.000000,0.000000,0.000000,0.000000
2494,2015,4,14,22,0.000000,0.000000,0.000000,0.000000,0.000000,0.000000
2495,2015,4,14,23,0.000000,0.000000,0.000000,0.000000,0.000000,0.000000
2496,2015,4,14,24,0.000000,0.000000,0.000000,0.000000,0.000000,0.000000
2497,2015,4,15,1,0.000000,0.000000,0.000000,0.000000,0.000000,0.000000
2498,2015,4,15,2,0.000000,0.000000,0.000000,0.000000,0.000000,0.000000
2499,2015,4,15,3,0.000000,0.000000,0.000000,0.000000,0.000000,0.000000
2500,2015,4,15,4,0.000000,0.000000,0.000000,0.000000,0.000000,0.000000
2501,2015,4,15,5,0.000000,0.000000,0.000000,0.000000,0.000000,0.000000
2502,2015,4,15,6,0.000000,0.000000,0.000000,0.000000,0.000000,0.000000
2503,2015,4,15,7,0.000000,0.000000,0.000000,0.000000,0.000000,0.000000
2504,2015,4,15,8,0.000000,0.000000,0.000000,0.000000,8.000000,3.500000
2505,2015,4,15,9,0.000000,0.000000,0.000000,0.000000,27.200000,11.900000
2506,2015,4,15,10,0.000000,0.000000,0.000000,0.000000,42.400000,18.550000
2507,2015,4,15,11,0.000000,0.000000,0.000000,0.000000,55.200000,24.150000
2508,2015,4,15,12,0.000000,0.000000,0.000000,0.000000,64.000000,28.000000
2509,2015,4,15,13,0.000000,0.000000,0.000000,0.000000,68.000000,29.750000
2510,2015,4,15,14,0.000000,0.000000,0.000000,0.000000,66.400000,29.050000
2511,2015,4,15,15,0.000000,0.000000,0.000000,0.000000,60.800000,26.600000
2512,2015,4,15,16,0.000000,0.000000,0.000000,0.000000,49.600000,21.700000
2513,2015,4,15,17,0.000000,0.000000,0.000000,0.000000,36.000000,15.750000
2514,2015,4,15,18,0.000000,0.000000,0.000000,0.000000,19.200000,8.400000
2515,2015,4,15,19,0.000000,0.000000,0.000000,0.000000,0.800000,0.350000
2516,2015,4,15,20,0.000000,0.000000,0.000000,0.000000,0.000000,0.000000
2517,2015,4,15,21,0.000000,0.000000,0.000000,0.000000,0.000000,0.000000
2518,2015,4,15,22,0.000000,0.000000,0.000000,0.000000,0.000000,0.000000
2519,2015,4,15,23,0.000000,0.000000,0.000000,0.000000,0.000000,0.000000
2520,2015,4,15,24,0.000000,0.000000,0.000000,0.000000,0.000000,0.000000
2521,2015,4,16,1,0.000000,0.000000,0.000000,0.000000,0.000000,0.000000
2522,2015,4,16,2,0.000000,0.000000,0.000000,0.000000,0.000000,0.000000
2523,2015,4,16,3,0.000000,0.000000,0.000000,0.000000,0.000000,0.000000
2524,2015,4,16,4,0.000000,0.000000,0.000000,0.000000,0.000000,0.000000
2525,2015,4,16,5,0.000000,0.000000,0.000000,0.000000,0.000000,0.000000
2526,2015,4,16,6,0.000000,0.000000,0.000000,0.000000,0.000000,0.000000
2527,2015,4,16,7,0.000000,0.000000,0.000000,0.000000,0.000000,0.000000
2528,2015,4,16,8,0.000000,0.000000,0.000000,0.000000,8.000000,3.500000
2529,2015,4,16,9,0.000000,0.000000,0.000000,0.000000,27.200000,11.900000
2530,2015,4,16,10,0.000000,0.000000,0.000000,0.000000,42.400000,18.550000
2531,2015,4,16,11,0.000000,0.000000,0.000000,0.000000,55.200000,24.150000
2532,2015,4,16,12,0.000000,0.000000,0.000000,0.000000,64.000000,28.000000
2533,2015,4,16,13,0.000000,0.000000,0.000000,0.000000,68.000000,29.750000
2534,2015,4,16,14,0.000000,0.000000,0.000000,0.000000,66.400000,29.050000
2535,2015,4,16,15,0.000000,0.000000,0.000000,0.000000,60.800000,26.600000
2536,2015,4,16,16,0.000000,0.000000,0.000000,0.000000,49.600000,21.700000
2537,2015,4,16,17,0.000000,0.000000,0.000000,0.000000,36.000000,15.750000
2538,2015,4,16,18,0.000000,0.000000,0.000000,0.000000,19.200000,8.400000
2539,2015,4,16,19,0.000000,0.000000,0.000000,0.000000,0.800000,0.350000
2540,2015,4,16,20,0.000000,0.000000,0.000000,0.000000,0.000000,0.000000
2541,2015,4,16,21,0.000000,0.000000,0.000000,0.000000,0.000000,0.000000
2542,2015,4,16,22,0.000000,0.000000,0.000000,0.000000,0.000000,0.000000
2543,2015,4,16,23,0.000000,0.000000,0.000000,0.000000,0.000000,0.000000
2544,2015,4,16,24,0.000000,0.000000,0.000000,0.000000,0.000000,0.000000
2545,2015,4,17,1,0.000000,0.000000,0.000000,0.000000,0.000000,0.000000
2546,2015,4,17,2,0.000000,0.000000,0.000000,0.000000,0.000000,0.000000
2547,2015,4,17,3,0.000000,0.000000,0.000000,0.000000,0.000000,0.000000
2548,2015,4,17,4,0.000000,0.000000,0.000000,0.000000,0.000000,0.000000
2549,2015,4,17,5,0.000000,0.000000,0.000000,0.000000,0.000000,0.000000
2550,2015,4,17,6,0.000000,0.000000,0.000000,0.000000,0.000000,0.000000
2551,2015,4,17,7,0.000000,0.000000,0.000000,0.000000,0.000000,0.000000
2552,2015,4,17,8,0.000000,0.000000,0.000000,0.000000,8.000000,3.500000
2553,2015,4,17,9,0.000000,0.000000,0.000000,0.000000,27.200000,11.900000
2554,2015,4,17,10,0.000000,0.000000,0.000000,0.000000,42.400000,18.550000
2555,2015,4,17,11,0.000000,0.000000,0.000000,0.000000,55.200000,24.150000
2556,2015,4,17,12,0.000000,0.000000,0.000000,0.000000,64.000000,28.000000
2557,2015,4,17,13,0.000000,0.000000,0.000000,0.000000,68.000000,29.750000
2558,2015,4,17,14,0.000000,0.000000,0.000000,0.000000,66.400000,29.050000
2559,2015,4,17,15,0.000000,0.000000,0.000000,0.000000,60.800000,26.600000
2560,2015,4,17,16,0.000000,0.000000,0.000000,0.000000,49.600000,21.700000
2561,2015,4,17,17,0.000000,0.000000,0.000000,0.000000,36.000000,15.750000
2562,2015,4,17,18,0.000000,0.000000,0.000000,0.000000,19.200000,8.400000
2563,2015,4,17,19,0.000000,0.000000,0.000000,0.000000,0.800000,0.350000
2564,2015,4,17,20,0.000000,0.000000,0.000000,0.000000,0.000000,0.000000
2565,2015,4,17,21,0.000000,0.000000,0.000000,0.000000,0.000000,0.000000
2566,2015,4,17,22,0.000000,0.000000,0.000000,0.000000,0.000000,0.000000
2567,2015,4,17,23,0.000000,0.000000,0.000000,0.000000,0.000000,0.000000
2568,2015,4,17,24,0.000000,0.000000,0.000000,0.000000,0.000000,0.000000
2569,2015,4,18,1,0.000000,0.000000,0.000000,0.000000,0.000000,0.000000
2570,2015,4,18,2,0.000000,0.000000,0.000000,0.000000,0.000000,0.000000
2571,2015,4,18,3,0.000000,0.000000,0.000000,0.000000,0.000000,0.000000
2572,2015,4,18,4,0.000000,0.000000,0.000000,0.000000,0.000000,0.000000
2573,2015,4,18,5,0.000000,0.000000,0.000000,0.000000,0.000000,0.000000
2574,2015,4,18,6,0.000000,0.000000,0.000000,0.000000,0.000000,0.000000
2575,2015,4,18,7,0.000000,0.000000,0.000000,0.000000,0.000000,0.000000
2576,2015,4,18,8,0.000000,0.000000,0.000000,0.000000,8.000000,3.500000
2577,2015,4,18,9,0.000000,0.000000,0.000000,0.000000,27.200000,11.900000
2578,2015,4,18,10,0.000000,0.000000,0.000000,0.000000,42.400000,18.550000
2579,2015,4,18,11,0.000000,0.000000,0.000000,0.000000,55.200000,24.150000
2580,2015,4,18,12,0.000000,0.000000,0.000000,0.000000,64.000000,28.000000
2581,2015,4,18,13,0.000000,0.000000,0.000000,0.000000,68.000000,29.750000
2582,2015,4,18,14,0.000000,0.000000,0.000000,0.000000,66.400000,29.050000
2583,2015,4,18,15,0.000000,0.000000,0.000000,0.000000,60.800000,26.600000
2584,2015,4,18,16,0.000000,0.000000,0.000000,0.000000,49.600000,21.700000
2585,2015,4,18,17,0.000000,0.000000,0.000000,0.000000,36.000000,15.750000
2586,2015,4,18,18,0.000000,0.000000,0.000000,0.000000,19.200000,8.400000
2587,2015,4,18,19,0.000000,0.000000,0.000000,0.000000,0.800000,0.350000
2588,2015,4,18,20,0.000000,0.000000,0.000000,0.000000,0.000000,0.000000
2589,2015,4,18,21,0.000000,0.000000,0.000000,0.000000,0.000000,0.000000
2590,2015,4,18,22,0.000000,0.000000,0.000000,0.000000,0.000000,0.000000
2591,2015,4,18,23,0.000000,0.000000,0.000000,0.000000,0.000000,0.000000
2592,2015,4,18,24,0.000000,0.000000,0.000000,0.000000,0.000000,0.000000
2593,2015,4,19,1,0.000000,0.000000,0.000000,0.000000,0.000000,0.000000
2594,2015,4,19,2,0.000000,0.000000,0.000000,0.000000,0.000000,0.000000
2595,2015,4,19,3,0.000000,0.000000,0.000000,0.000000,0.000000,0.000000
2596,2015,4,19,4,0.000000,0.000000,0.000000,0.000000,0.000000,0.000000
2597,2015,4,19,5,0.000000,0.000000,0.000000,0.000000,0.000000,0.000000
2598,2015,4,19,6,0.000000,0.000000,0.000000,0.000000,0.000000,0.000000
2599,2015,4,19,7,0.000000,0.000000,0.000000,0.000000,0.000000,0.000000
2600,2015,4,19,8,0.000000,0.000000,0.000000,0.000000,8.000000,3.500000
2601,2015,4,19,9,0.000000,0.000000,0.000000,0.000000,27.200000,11.900000
2602,2015,4,19,10,0.000000,0.000000,0.000000,0.000000,42.400000,18.550000
2603,2015,4,19,11,0.000000,0.000000,0.000000,0.000000,55.200000,24.150000
2604,2015,4,19,12,0.000000,0.000000,0.000000,0.000000,64.000000,28.000000
2605,2015,4,19,13,0.000000,0.000000,0.000000,0.000000,68.000000,29.750000
2606,2015,4,19,14,0.000000,0.000000,0.000000,0.000000,66.400000,29.050000
2607,2015,4,19,15,0.000000,0.000000,0.000000,0.000000,60.800000,26.600000
2608,2015,4,19,16,0.000000,0.000000,0.000000,0.000000,49.600000,21.700000
2609,2015,4,19,17,0.000000,0.000000,0.000000,0.000000,36.000000,15.750000
2610,2015,4,19,18,0.000000,0.000000,0.000000,0.000000,19.200000,8.400000
2611,2015,4,19,19,0.000000,0.000000,0.000000,0.000000,0.800000,0.350000
2612,2015,4,19,20,0.000000,0.000000,0.000000,0.000000,0.000000,0.000000
2613,2015,4,19,21,0.000000,0.000000,0.000000,0.000000,0.000000,0.000000
2614,2015,4,19,22,0.000000,0.000000,0.000000,0.000000,0.000000,0.000000
2615,2015,4,19,23,0.000000,0.000000,0.000000,0.000000,0.000000,0.000000
2616,2015,4,19,24,0.000000,0.000000,0.000000,0.000000,0.000000,0.000000
2617,2015,4,20,1,0.000000,0.000000,0.000000,0.000000,0.000000,0.000000
2618,2015,4,20,2,0.000000,0.000000,0.000000,0.000000,0.000000,0.000000
2619,2015,4,20,3,0.000000,0.000000,0.000000,0.000000,0.000000,0.000000
2620,2015,4,20,4,0.000000,0.000000,0.000000,0.000000,0.000000,0.000000
2621,2015,4,20,5,0.000000,0.000000,0.000000,0.000000,0.000000,0.000000
2622,2015,4,20,6,0.000000,0.000000,0.000000,0.000000,0.000000,0.000000
2623,2015,4,20,7,0.000000,0.000000,0.000000,0.000000,0.000000,0.000000
2624,2015,4,20,8,0.000000,0.000000,0.000000,0.000000,8.000000,3.500000
2625,2015,4,20,9,0.000000,0.000000,0.000000,0.000000,27.200000,11.900000
2626,2015,4,20,10,0.000000,0.000000,0.000000,0.000000,42.400000,18.550000
2627,2015,4,20,11,0.000000,0.000000,0.000000,0.000000,55.200000,24.150000
2628,2015,4,20,12,0.000000,0.000000,0.000000,0.000000,64.000000,28.000000
2629,2015,4,20,13,0.000000,0.000000,0.000000,0.000000,68.000000,29.750000
2630,2015,4,20,14,0.000000,0.000000,0.000000,0.000000,66.400000,29.050000
2631,2015,4,20,15,0.000000,0.000000,0.000000,0.000000,60.800000,26.600000
2632,2015,4,20,16,0.000000,0.000000,0.000000,0.000000,49.600000,21.700000
2633,2015,4,20,17,0.000000,0.000000,0.000000,0.000000,36.000000,15.750000
2634,2015,4,20,18,0.000000,0.000000,0.000000,0.000000,19.200000,8.400000
2635,2015,4,20,19,0.000000,0.000000,0.000000,0.000000,0.800000,0.350000
2636,2015,4,20,20,0.000000,0.000000,0.000000,0.000000,0.000000,0.000000
2637,2015,4,20,21,0.000000,0.000000,0.000000,0.000000,0.000000,0.000000
2638,2015,4,20,22,0.000000,0.000000,0.000000,0.000000,0.000000,0.000000
2639,2015,4,20,23,0.000000,0.000000,0.000000,0.000000,0.000000,0.000000
2640,2015,4,20,24,0.000000,0.000000,0.000000,0.000000,0.000000,0.000000
2641,2015,4,21,1,0.000000,0.000000,0.000000,0.000000,0.000000,0.000000
2642,2015,4,21,2,0.000000,0.000000,0.000000,0.000000,0.000000,0.000000
2643,2015,4,21,3,0.000000,0.000000,0.000000,0.000000,0.000000,0.000000
2644,2015,4,21,4,0.000000,0.000000,0.000000,0.000000,0.000000,0.000000
2645,2015,4,21,5,0.000000,0.000000,0.000000,0.000000,0.000000,0.000000
2646,2015,4,21,6,0.000000,0.000000,0.000000,0.000000,0.000000,0.000000
2647,2015,4,21,7,0.000000,0.000000,0.000000,0.000000,0.000000,0.000000
2648,2015,4,21,8,0.000000,0.000000,0.000000,0.000000,8.000000,3.500000
2649,2015,4,21,9,0.000000,0.000000,0.000000,0.000000,27.200000,11.900000
2650,2015,4,21,10,0.000000,0.000000,0.000000,0.000000,42.400000,18.550000
2651,2015,4,21,11,0.000000,0.000000,0.000000,0.000000,55.200000,24.150000
2652,2015,4,21,12,0.000000,0.000000,0.000000,0.000000,64.000000,28.000000
2653,2015,4,21,13,0.000000,0.000000,0.000000,0.000000,68.000000,29.750000
2654,2015,4,21,14,0.000000,0.000000,0.000000,0.000000,66.400000,29.050000
2655,2015,4,21,15,0.000000,0.000000,0.000000,0.000000,60.800000,26.600000
2656,2015,4,21,16,0.000000,0.000000,0.000000,0.000000,49.600000,21.700000
2657,2015,4,21,17,0.000000,0.000000,0.000000,0.000000,36.000000,15.750000
2658,2015,4,21,18,0.000000,0.000000,0.000000,0.000000,19.200000,8.400000
2659,2015,4,21,19,0.000000,0.000000,0.000000,0.000000,0.800000,0.350000
2660,2015,4,21,20,0.000000,0.000000,0.000000,0.000000,0.000000,0.000000
2661,2015,4,21,21,0.000000,0.000000,0.000000,0.000000,0.000000,0.000000
2662,2015,4,21,22,0.000000,0.000000,0.000000,0.000000,0.000000,0.000000
2663,2015,4,21,23,0.000000,0.000000,0.000000,0.000000,0.000000,0.000000
2664,2015,4,21,24,0.000000,0.000000,0.000000,0.000000,0.000000,0.000000
2665,2015,4,22,1,0.000000,0.000000,0.000000,0.000000,0.000000,0.000000
2666,2015,4,22,2,0.000000,0.000000,0.000000,0.000000,0.000000,0.000000
2667,2015,4,22,3,0.000000,0.000000,0.000000,0.000000,0.000000,0.000000
2668,2015,4,22,4,0.000000,0.000000,0.000000,0.000000,0.000000,0.000000
2669,2015,4,22,5,0.000000,0.000000,0.000000,0.000000,0.000000,0.000000
2670,2015,4,22,6,0.000000,0.000000,0.000000,0.000000,0.000000,0.000000
2671,2015,4,22,7,0.000000,0.000000,0.000000,0.000000,0.000000,0.000000
2672,2015,4,22,8,0.000000,0.000000,0.000000,0.000000,8.000000,3.500000
2673,2015,4,22,9,0.000000,0.000000,0.000000,0.000000,27.200000,11.900000
2674,2015,4,22,10,0.000000,0.000000,0.000000,0.000000,42.400000,18.550000
2675,2015,4,22,11,0.000000,0.000000,0.000000,0.000000,55.200000,24.150000
2676,2015,4,22,12,0.000000,0.000000,0.000000,0.000000,64.000000,28.000000
2677,2015,4,22,13,0.000000,0.000000,0.000000,0.000000,68.000000,29.750000
2678,2015,4,22,14,0.000000,0.000000,0.000000,0.000000,66.400000,29.050000
2679,2015,4,22,15,0.000000,0.000000,0.000000,0.000000,60.800000,26.600000
2680,2015,4,22,16,0.000000,0.000000,0.000000,0.000000,49.600000,21.700000
2681,2015,4,22,17,0.000000,0.000000,0.000000,0.000000,36.000000,15.750000
2682,2015,4,22,18,0.000000,0.000000,0.000000,0.000000,19.200000,8.400000
2683,2015,4,22,19,0.000000,0.000000,0.000000,0.000000,0.800000,0.350000
2684,2015,4,22,20,0.000000,0.000000,0.000000,0.000000,0.000000,0.000000
2685,2015,4,22,21,0.000000,0.000000,0.000000,0.000000,0.000000,0.000000
2686,2015,4,22,22,0.000000,0.000000,0.000000,0.000000,0.000000,0.000000
2687,2015,4,22,23,0.000000,0.000000,0.000000,0.000000,0.000000,0.000000
2688,2015,4,22,24,0.000000,0.000000,0.000000,0.000000,0.000000,0.000000
2689,2015,4,23,1,0.000000,0.000000,0.000000,0.000000,0.000000,0.000000
2690,2015,4,23,2,0.000000,0.000000,0.000000,0.000000,0.000000,0.000000
2691,2015,4,23,3,0.000000,0.000000,0.000000,0.000000,0.000000,0.000000
2692,2015,4,23,4,0.000000,0.000000,0.000000,0.000000,0.000000,0.000000
2693,2015,4,23,5,0.000000,0.000000,0.000000,0.000000,0.000000,0.000000
2694,2015,4,23,6,0.000000,0.000000,0.000000,0.000000,0.000000,0.000000
2695,2015,4,23,7,0.000000,0.000000,0.000000,0.000000,0.000000,0.000000
2696,2015,4,23,8,0.000000,0.000000,0.000000,0.000000,8.000000,3.500000
2697,2015,4,23,9,0.000000,0.000000,0.000000,0.000000,27.200000,11.900000
2698,2015,4,23,10,0.000000,0.000000,0.000000,0.000000,42.400000,18.550000
2699,2015,4,23,11,0.000000,0.000000,0.000000,0.000000,55.200000,24.150000
2700,2015,4,23,12,0.000000,0.000000,0.000000,0.000000,64.000000,28.000000
2701,2015,4,23,13,0.000000,0.000000,0.000000,0.000000,68.000000,29.750000
2702,2015,4,23,14,0.000000,0.000000,0.000000,0.000000,66.400000,29.050000
2703,2015,4,23,15,0.000000,0.000000,0.000000,0.000000,60.800000,26.600000
2704,2015,4,23,16,0.000000,0.000000,0.000000,0.000000,49.600000,21.700000
2705,2015,4,23,17,0.000000,0.000000,0.000000,0.000000,36.000000,15.750000
2706,2015,4,23,18,0.000000,0.000000,0.000000,0.000000,19.200000,8.400000
2707,2015,4,23,19,0.000000,0.000000,0.000000,0.000000,0.800000,0.350000
2708,2015,4,23,20,0.000000,0.000000,0.000000,0.000000,0.000000,0.000000
2709,2015,4,23,21,0.000000,0.000000,0.000000,0.000000,0.000000,0.000000
2710,2015,4,23,22,0.000000,0.000000,0.000000,0.000000,0.000000,0.000000
2711,2015,4,23,23,0.000000,0.000000,0.000000,0.000000,0.000000,0.000000
2712,2015,4,23,24,0.000000,0.000000,0.000000,0.000000,0.000000,0.000000
2713,2015,4,24,1,0.000000,0.000000,0.000000,0.000000,0.000000,0.000000
2714,2015,4,24,2,0.000000,0.000000,0.000000,0.000000,0.000000,0.000000
2715,2015,4,24,3,0.000000,0.000000,0.000000,0.000000,0.000000,0.000000
2716,2015,4,24,4,0.000000,0.000000,0.000000,0.000000,0.000000,0.000000
2717,2015,4,24,5,0.000000,0.000000,0.000000,0.000000,0.000000,0.000000
2718,2015,4,24,6,0.000000,0.000000,0.000000,0.000000,0.000000,0.000000
2719,2015,4,24,7,0.000000,0.000000,0.000000,0.000000,0.000000,0.000000
2720,2015,4,24,8,0.000000,0.000000,0.000000,0.000000,8.000000,3.500000
2721,2015,4,24,9,0.000000,0.000000,0.000000,0.000000,27.200000,11.900000
2722,2015,4,24,10,0.000000,0.000000,0.000000,0.000000,42.400000,18.550000
2723,2015,4,24,11,0.000000,0.000000,0.000000,0.000000,55.200000,24.150000
2724,2015,4,24,12,0.000000,0.000000,0.000000,0.000000,64.000000,28.000000
2725,2015,4,24,13,0.000000,0.000000,0.000000,0.000000,68.000000,29.750000
2726,2015,4,24,14,0.000000,0.000000,0.000000,0.000000,66.400000,29.050000
2727,2015,4,24,15,0.000000,0.000000,0.000000,0.000000,60.800000,26.600000
2728,2015,4,24,16,0.000000,0.000000,0.000000,0.000000,49.600000,21.700000
2729,2015,4,24,17,0.000000,0.000000,0.000000,0.000000,36.000000,15.750000
2730,2015,4,24,18,0.000000,0.000000,0.000000,0.000000,19.200000,8.400000
2731,2015,4,24,19,0.000000,0.000000,0.000000,0.000000,0.800000,0.350000
2732,2015,4,24,20,0.000000,0.000000,0.000000,0.000000,0.000000,0.000000
2733,2015,4,24,21,0.000000,0.000000,0.000000,0.000000,0.000000,0.000000
2734,2015,4,24,22,0.000000,0.000000,0.000000,0.000000,0.000000,0.000000
2735,2015,4,24,23,0.000000,0.000000,0.000000,0.000000,0.000000,0.000000
2736,2015,4,24,24,0.000000,0.000000,0.000000,0.000000,0.000000,0.000000
2737,2015,4,25,1,0.000000,0.000000,0.000000,0.000000,0.000000,0.000000
2738,2015,4,25,2,0.000000,0.000000,0.000000,0.000000,0.000000,0.000000
2739,2015,4,25,3,0.000000,0.000000,0.000000,0.000000,0.000000,0.000000
2740,2015,4,25,4,0.000000,0.000000,0.000000,0.000000,0.000000,0.000000
2741,2015,4,25,5,0.000000,0.000000,0.000000,0.000000,0.000000,0.000000
2742,2015,4,25,6,0.000000,0.000000,0.000000,0.000000,0.000000,0.000000
2743,2015,4,25,7,0.000000,0.000000,0.000000,0.000000,0.000000,0.000000
2744,2015,4,25,8,0.000000,0.000000,0.000000,0.000000,8.000000,3.500000
2745,2015,4,25,9,0.000000,0.000000,0.000000,0.000000,27.200000,11.900000
2746,2015,4,25,10,0.000000,0.000000,0.000000,0.000000,42.400000,18.550000
2747,2015,4,25,11,0.000000,0.000000,0.000000,0.000000,55.200000,24.150000
2748,2015,4,25,12,0.000000,0.000000,0.000000,0.000000,64.000000,28.000000
2749,2015,4,25,13,0.000000,0.000000,0.000000,0.000000,68.000000,29.750000
2750,2015,4,25,14,0.000000,0.000000,0.000000,0.000000,66.400000,29.050000
2751,2015,4,25,15,0.000000,0.000000,0.000000,0.000000,60.800000,26.600000
2752,2015,4,25,16,0.000000,0.000000,0.000000,0.000000,49.600000,21.700000
2753,2015,4,25,17,0.000000,0.000000,0.000000,0.000000,36.000000,15.750000
2754,2015,4,25,18,0.000000,0.000000,0.000000,0.000000,19.200000,8.400000
2755,2015,4,25,19,0.000000,0.000000,0.000000,0.000000,0.800000,0.350000
2756,2015,4,25,20,0.000000,0.000000,0.000000,0.000000,0.000000,0.000000
2757,2015,4,25,21,0.000000,0.000000,0.000000,0.000000,0.000000,0.000000
2758,2015,4,25,22,0.000000,0.000000,0.000000,0.000000,0.000000,0.000000
2759,2015,4,25,23,0.000000,0.000000,0.000000,0.000000,0.000000,0.000000
2760,2015,4,25,24,0.000000,0.000000,0.000000,0.000000,0.000000,0.000000
2761,2015,4,26,1,0.000000,0.000000,0.000000,0.000000,0.000000,0.000000
2762,2015,4,26,2,0.000000,0.000000,0.000000,0.000000,0.000000,0.000000
2763,2015,4,26,3,0.000000,0.000000,0.000000,0.000000,0.000000,0.000000
2764,2015,4,26,4,0.000000,0.000000,0.000000,0.000000,0.000000,0.000000
2765,2015,4,26,5,0.000000,0.000000,0.000000,0.000000,0.000000,0.000000
2766,2015,4,26,6,0.000000,0.000000,0.000000,0.000000,0.000000,0.000000
2767,2015,4,26,7,0.000000,0.000000,0.000000,0.000000,0.000000,0.000000
2768,2015,4,26,8,0.000000,0.000000,0.000000,0.000000,8.000000,3.500000
2769,2015,4,26,9,0.000000,0.000000,0.000000,0.000000,27.200000,11.900000
2770,2015,4,26,10,0.000000,0.000000,0.000000,0.000000,42.400000,18.550000
2771,2015,4,26,11,0.000000,0.000000,0.000000,0.000000,55.200000,24.150000
2772,2015,4,26,12,0.000000,0.000000,0.000000,0.000000,64.000000,28.000000
2773,2015,4,26,13,0.000000,0.000000,0.000000,0.000000,68.000000,29.750000
2774,2015,4,26,14,0.000000,0.000000,0.000000,0.000000,66.400000,29.050000
2775,2015,4,26,15,0.000000,0.000000,0.000000,0.000000,60.800000,26.600000
2776,2015,4,26,16,0.000000,0.000000,0.000000,0.000000,49.600000,21.700000
2777,2015,4,26,17,0.000000,0.000000,0.000000,0.000000,36.000000,15.750000
2778,2015,4,26,18,0.000000,0.000000,0.000000,0.000000,19.200000,8.400000
2779,2015,4,26,19,0.000000,0.000000,0.000000,0.000000,0.800000,0.350000
2780,2015,4,26,20,0.000000,0.000000,0.000000,0.000000,0.000000,0.000000
2781,2015,4,26,21,0.000000,0.000000,0.000000,0.000000,0.000000,0.000000
2782,2015,4,26,22,0.000000,0.000000,0.000000,0.000000,0.000000,0.000000
2783,2015,4,26,23,0.000000,0.000000,0.000000,0.000000,0.000000,0.000000
2784,2015,4,26,24,0.000000,0.000000,0.000000,0.000000,0.000000,0.000000
2785,2015,4,27,1,0.000000,0.000000,0.000000,0.000000,0.000000,0.000000
2786,2015,4,27,2,0.000000,0.000000,0.000000,0.000000,0.000000,0.000000
2787,2015,4,27,3,0.000000,0.000000,0.000000,0.000000,0.000000,0.000000
2788,2015,4,27,4,0.000000,0.000000,0.000000,0.000000,0.000000,0.000000
2789,2015,4,27,5,0.000000,0.000000,0.000000,0.000000,0.000000,0.000000
2790,2015,4,27,6,0.000000,0.000000,0.000000,0.000000,0.000000,0.000000
2791,2015,4,27,7,0.000000,0.000000,0.000000,0.000000,0.000000,0.000000
2792,2015,4,27,8,0.000000,0.000000,0.000000,0.000000,8.000000,3.500000
2793,2015,4,27,9,0.000000,0.000000,0.000000,0.000000,27.200000,11.900000
2794,2015,4,27,10,0.000000,0.000000,0.000000,0.000000,42.400000,18.550000
2795,2015,4,27,11,0.000000,0.000000,0.000000,0.000000,55.200000,24.150000
2796,2015,4,27,12,0.000000,0.000000,0.000000,0.000000,64.000000,28.000000
2797,2015,4,27,13,0.000000,0.000000,0.000000,0.000000,68.000000,29.750000
2798,2015,4,27,14,0.000000,0.000000,0.000000,0.000000,66.400000,29.050000
2799,2015,4,27,15,0.000000,0.000000,0.000000,0.000000,60.800000,26.600000
2800,2015,4,27,16,0.000000,0.000000,0.000000,0.000000,49.600000,21.700000
2801,2015,4,27,17,0.000000,0.000000,0.000000,0.000000,36.000000,15.750000
2802,2015,4,27,18,0.000000,0.000000,0.000000,0.000000,19.200000,8.400000
2803,2015,4,27,19,0.000000,0.000000,0.000000,0.000000,0.800000,0.350000
2804,2015,4,27,20,0.000000,0.000000,0.000000,0.000000,0.000000,0.000000
2805,2015,4,27,21,0.000000,0.000000,0.000000,0.000000,0.000000,0.000000
2806,2015,4,27,22,0.000000,0.000000,0.000000,0.000000,0.000000,0.000000
2807,2015,4,27,23,0.000000,0.000000,0.000000,0.000000,0.000000,0.000000
2808,2015,4,27,24,0.000000,0.000000,0.000000,0.000000,0.000000,0.000000
2809,2015,4,28,1,0.000000,0.000000,0.000000,0.000000,0.000000,0.000000
2810,2015,4,28,2,0.000000,0.000000,0.000000,0.000000,0.000000,0.000000
2811,2015,4,28,3,0.000000,0.000000,0.000000,0.000000,0.000000,0.000000
2812,2015,4,28,4,0.000000,0.000000,0.000000,0.000000,0.000000,0.000000
2813,2015,4,28,5,0.000000,0.000000,0.000000,0.000000,0.000000,0.000000
2814,2015,4,28,6,0.000000,0.000000,0.000000,0.000000,0.000000,0.000000
2815,2015,4,28,7,0.000000,0.000000,0.000000,0.000000,0.000000,0.000000
2816,2015,4,28,8,0.000000,0.000000,0.000000,0.000000,8.000000,3.500000
2817,2015,4,28,9,0.000000,0.000000,0.000000,0.000000,27.200000,11.900000
2818,2015,4,28,10,0.000000,0.000000,0.000000,0.000000,42.400000,18.550000
2819,2015,4,28,11,0.000000,0.000000,0.000000,0.000000,55.200000,24.150000
2820,2015,4,28,12,0.000000,0.000000,0.000000,0.000000,64.000000,28.000000
2821,2015,4,28,13,0.000000,0.000000,0.000000,0.000000,68.000000,29.750000
2822,2015,4,28,14,0.000000,0.000000,0.000000,0.000000,66.400000,29.050000
2823,2015,4,28,15,0.000000,0.000000,0.000000,0.000000,60.800000,26.600000
2824,2015,4,28,16,0.000000,0.000000,0.000000,0.000000,49.600000,21.700000
2825,2015,4,28,17,0.000000,0.000000,0.000000,0.000000,36.000000,15.750000
2826,2015,4,28,18,0.000000,0.000000,0.000000,0.000000,19.200000,8.400000
2827,2015,4,28,19,0.000000,0.000000,0.000000,0.000000,0.800000,0.350000
2828,2015,4,28,20,0.000000,0.000000,0.000000,0.000000,0.000000,0.000000
2829,2015,4,28,21,0.000000,0.000000,0.000000,0.000000,0.000000,0.000000
2830,2015,4,28,22,0.000000,0.000000,0.000000,0.000000,0.000000,0.000000
2831,2015,4,28,23,0.000000,0.000000,0.000000,0.000000,0.000000,0.000000
2832,2015,4,28,24,0.000000,0.000000,0.000000,0.000000,0.000000,0.000000
2833,2015,4,29,1,0.000000,0.000000,0.000000,0.000000,0.000000,0.000000
2834,2015,4,29,2,0.000000,0.000000,0.000000,0.000000,0.000000,0.000000
2835,2015,4,29,3,0.000000,0.000000,0.000000,0.000000,0.000000,0.000000
2836,2015,4,29,4,0.000000,0.000000,0.000000,0.000000,0.000000,0.000000
2837,2015,4,29,5,0.000000,0.000000,0.000000,0.000000,0.000000,0.000000
2838,2015,4,29,6,0.000000,0.000000,0.000000,0.000000,0.000000,0.000000
2839,2015,4,29,7,0.000000,0.000000,0.000000,0.000000,0.000000,0.000000
2840,2015,4,29,8,0.000000,0.000000,0.000000,0.000000,8.000000,3.500000
2841,2015,4,29,9,0.000000,0.000000,0.000000,0.000000,27.200000,11.900000
2842,2015,4,29,10,0.000000,0.000000,0.000000,0.000000,42.400000,18.550000
2843,2015,4,29,11,0.000000,0.000000,0.000000,0.000000,55.200000,24.150000
2844,2015,4,29,12,0.000000,0.000000,0.000000,0.000000,64.000000,28.000000
2845,2015,4,29,13,0.000000,0.000000,0.000000,0.000000,68.000000,29.750000
2846,2015,4,29,14,0.000000,0.000000,0.000000,0.000000,66.400000,29.050000
2847,2015,4,29,15,0.000000,0.000000,0.000000,0.000000,60.800000,26.600000
2848,2015,4,29,16,0.000000,0.000000,0.000000,0.000000,49.600000,21.700000
2849,2015,4,29,17,0.000000,0.000000,0.000000,0.000000,36.000000,15.750000
2850,2015,4,29,18,0.000000,0.000000,0.000000,0.000000,19.200000,8.400000
2851,2015,4,29,19,0.000000,0.000000,0.000000,0.000000,0.800000,0.350000
2852,2015,4,29,20,0.000000,0.000000,0.000000,0.000000,0.000000,0.000000
2853,2015,4,29,21,0.000000,0.000000,0.000000,0.000000,0.000000,0.000000
2854,2015,4,29,22,0.000000,0.000000,0.000000,0.000000,0.000000,0.000000
2855,2015,4,29,23,0.000000,0.000000,0.000000,0.000000,0.000000,0.000000
2856,2015,4,29,24,0.000000,0.000000,0.000000,0.000000,0.000000,0.000000
2857,2015,4,30,1,0.000000,0.000000,0.000000,0.000000,0.000000,0.000000
2858,2015,4,30,2,0.000000,0.000000,0.000000,0.000000,0.000000,0.000000
2859,2015,4,30,3,0.000000,0.000000,0.000000,0.000000,0.000000,0.000000
2860,2015,4,30,4,0.000000,0.000000,0.000000,0.000000,0.000000,0.000000
2861,2015,4,30,5,0.000000,0.000000,0.000000,0.000000,0.000000,0.000000
2862,2015,4,30,6,0.000000,0.000000,0.000000,0.000000,0.000000,0.000000
2863,2015,4,30,7,0.000000,0.000000,0.000000,0.000000,0.000000,0.000000
2864,2015,4,30,8,0.000000,0.000000,0.000000,0.000000,8.000000,3.500000
2865,2015,4,30,9,0.000000,0.000000,0.000000,0.000000,27.200000,11.900000
2866,2015,4,30,10,0.000000,0.000000,0.000000,0.000000,42.400000,18.550000
2867,2015,4,30,11,0.000000,0.000000,0.000000,0.000000,55.200000,24.150000
2868,2015,4,30,12,0.000000,0.000000,0.000000,0.000000,64.000000,28.000000
2869,2015,4,30,13,0.000000,0.000000,0.000000,0.000000,68.000000,29.750000
2870,2015,4,30,14,0.000000,0.000000,0.000000,0.000000,66.400000,29.050000
2871,2015,4,30,15,0.000000,0.000000,0.000000,0.000000,60.800000,26.600000
2872,2015,4,30,16,0.000000,0.000000,0.000000,0.000000,49.600000,21.700000
2873,2015,4,30,17,0.000000,0.000000,0.000000,0.000000,36.000000,15.750000
2874,2015,4,30,18,0.000000,0.000000,0.000000,0.000000,19.200000,8.400000
2875,2015,4,30,19,0.000000,0.000000,0.000000,0.000000,0.800000,0.350000
2876,2015,4,30,20,0.000000,0.000000,0.000000,0.000000,0.000000,0.000000
2877,2015,4,30,21,0.000000,0.000000,0.000000,0.000000,0.000000,0.000000
2878,2015,4,30,22,0.000000,0.000000,0.000000,0.000000,0.000000,0.000000
2879,2015,4,30,23,0.000000,0.000000,0.000000,0.000000,0.000000,0.000000
2880,2015,4,30,24,0.000000,0.000000,0.000000,0.000000,0.000000,0.000000
2881,2015,5,1,1,0.000000,0.000000,0.000000,0.000000,0.000000,0.000000
2882,2015,5,1,2,0.000000,0.000000,0.000000,0.000000,0.000000,0.000000
2883,2015,5,1,3,0.000000,0.000000,0.000000,0.000000,0.000000,0.000000
2884,2015,5,1,4,0.000000,0.000000,0.000000,0.000000,0.000000,0.000000
2885,2015,5,1,5,0.000000,0.000000,0.000000,0.000000,0.000000,0.000000
2886,2015,5,1,6,0.000000,0.000000,0.000000,0.000000,0.000000,0.000000
2887,2015,5,1,7,0.000000,0.000000,0.000000,0.000000,0.000000,0.000000
2888,2015,5,1,8,0.000000,0.000000,0.000000,0.000000,4.000000,1.750000
2889,2015,5,1,9,0.000000,0.000000,0.000000,0.000000,21.600000,9.450000
2890,2015,5,1,10,0.000000,0.000000,0.000000,0.000000,38.400000,16.800000
2891,2015,5,1,11,0.000000,0.000000,0.000000,0.000000,51.200000,22.400000
2892,2015,5,1,12,0.000000,0.000000,0.000000,0.000000,60.000000,26.250000
2893,2015,5,1,13,0.000000,0.000000,0.000000,0.000000,64.000000,28.000000
2894,2015,5,1,14,0.000000,0.000000,0.000000,0.000000,63.200000,27.650000
2895,2015,5,1,15,0.000000,0.000000,0.000000,0.000000,57.600000,25.200000
2896,2015,5,1,16,0.000000,0.000000,0.000000,0.000000,47.200000,20.650000
2897,2015,5,1,17,0.000000,0.000000,0.000000,0.000000,32.800000,14.350000
2898,2015,5,1,18,0.000000,0.000000,0.000000,0.000000,16.000000,7.000000
2899,2015,5,1,19,0.000000,0.000000,0.000000,0.000000,0.000000,0.000000
2900,2015,5,1,20,0.000000,0.000000,0.000000,0.000000,0.000000,0.000000
2901,2015,5,1,21,0.000000,0.000000,0.000000,0.000000,0.000000,0.000000
2902,2015,5,1,22,0.000000,0.000000,0.000000,0.000000,0.000000,0.000000
2903,2015,5,1,23,0.000000,0.000000,0.000000,0.000000,0.000000,0.000000
2904,2015,5,1,24,0.000000,0.000000,0.000000,0.000000,0.000000,0.000000
2905,2015,5,2,1,0.000000,0.000000,0.000000,0.000000,0.000000,0.000000
2906,2015,5,2,2,0.000000,0.000000,0.000000,0.000000,0.000000,0.000000
2907,2015,5,2,3,0.000000,0.000000,0.000000,0.000000,0.000000,0.000000
2908,2015,5,2,4,0.000000,0.000000,0.000000,0.000000,0.000000,0.000000
2909,2015,5,2,5,0.000000,0.000000,0.000000,0.000000,0.000000,0.000000
2910,2015,5,2,6,0.000000,0.000000,0.000000,0.000000,0.000000,0.000000
2911,2015,5,2,7,0.000000,0.000000,0.000000,0.000000,0.000000,0.000000
2912,2015,5,2,8,0.000000,0.000000,0.000000,0.000000,4.000000,1.750000
2913,2015,5,2,9,0.000000,0.000000,0.000000,0.000000,21.600000,9.450000
2914,2015,5,2,10,0.000000,0.000000,0.000000,0.000000,38.400000,16.800000
2915,2015,5,2,11,0.000000,0.000000,0.000000,0.000000,51.200000,22.400000
2916,2015,5,2,12,0.000000,0.000000,0.000000,0.000000,60.000000,26.250000
2917,2015,5,2,13,0.000000,0.000000,0.000000,0.000000,64.000000,28.000000
2918,2015,5,2,14,0.000000,0.000000,0.000000,0.000000,63.200000,27.650000
2919,2015,5,2,15,0.000000,0.000000,0.000000,0.000000,57.600000,25.200000
2920,2015,5,2,16,0.000000,0.000000,0.000000,0.000000,47.200000,20.650000
2921,2015,5,2,17,0.000000,0.000000,0.000000,0.000000,32.800000,14.350000
2922,2015,5,2,18,0.000000,0.000000,0.000000,0.000000,16.000000,7.000000
2923,2015,5,2,19,0.000000,0.000000,0.000000,0.000000,0.000000,0.000000
2924,2015,5,2,20,0.000000,0.000000,0.000000,0.000000,0.000000,0.000000
2925,2015,5,2,21,0.000000,0.000000,0.000000,0.000000,0.000000,0.000000
2926,2015,5,2,22,0.000000,0.000000,0.000000,0.000000,0.000000,0.000000
2927,2015,5,2,23,0.000000,0.000000,0.000000,0.000000,0.000000,0.000000
2928,2015,5,2,24,0.000000,0.000000,0.000000,0.000000,0.000000,0.000000
2929,2015,5,3,1,0.000000,0.000000,0.000000,0.000000,0.000000,0.000000
2930,2015,5,3,2,0.000000,0.000000,0.000000,0.000000,0.000000,0.000000
2931,2015,5,3,3,0.000000,0.000000,0.000000,0.000000,0.000000,0.000000
2932,2015,5,3,4,0.000000,0.000000,0.000000,0.000000,0.000000,0.000000
2933,2015,5,3,5,0.000000,0.000000,0.000000,0.000000,0.000000,0.000000
2934,2015,5,3,6,0.000000,0.000000,0.000000,0.000000,0.000000,0.000000
2935,2015,5,3,7,0.000000,0.000000,0.000000,0.000000,0.000000,0.000000
2936,2015,5,3,8,0.000000,0.000000,0.000000,0.000000,4.000000,1.750000
2937,2015,5,3,9,0.000000,0.000000,0.000000,0.000000,21.600000,9.450000
2938,2015,5,3,10,0.000000,0.000000,0.000000,0.000000,38.400000,16.800000
2939,2015,5,3,11,0.000000,0.000000,0.000000,0.000000,51.200000,22.400000
2940,2015,5,3,12,0.000000,0.000000,0.000000,0.000000,60.000000,26.250000
2941,2015,5,3,13,0.000000,0.000000,0.000000,0.000000,64.000000,28.000000
2942,2015,5,3,14,0.000000,0.000000,0.000000,0.000000,63.200000,27.650000
2943,2015,5,3,15,0.000000,0.000000,0.000000,0.000000,57.600000,25.200000
2944,2015,5,3,16,0.000000,0.000000,0.000000,0.000000,47.200000,20.650000
2945,2015,5,3,17,0.000000,0.000000,0.000000,0.000000,32.800000,14.350000
2946,2015,5,3,18,0.000000,0.000000,0.000000,0.000000,16.000000,7.000000
2947,2015,5,3,19,0.000000,0.000000,0.000000,0.000000,0.000000,0.000000
2948,2015,5,3,20,0.000000,0.000000,0.000000,0.000000,0.000000,0.000000
2949,2015,5,3,21,0.000000,0.000000,0.000000,0.000000,0.000000,0.000000
2950,2015,5,3,22,0.000000,0.000000,0.000000,0.000000,0.000000,0.000000
2951,2015,5,3,23,0.000000,0.000000,0.000000,0.000000,0.000000,0.000000
2952,2015,5,3,24,0.000000,0.000000,0.000000,0.000000,0.000000,0.000000
2953,2015,5,4,1,0.000000,0.000000,0.000000,0.000000,0.000000,0.000000
2954,2015,5,4,2,0.000000,0.000000,0.000000,0.000000,0.000000,0.000000
2955,2015,5,4,3,0.000000,0.000000,0.000000,0.000000,0.000000,0.000000
2956,2015,5,4,4,0.000000,0.000000,0.000000,0.000000,0.000000,0.000000
2957,2015,5,4,5,0.000000,0.000000,0.000000,0.000000,0.000000,0.000000
2958,2015,5,4,6,0.000000,0.000000,0.000000,0.000000,0.000000,0.000000
2959,2015,5,4,7,0.000000,0.000000,0.000000,0.000000,0.000000,0.000000
2960,2015,5,4,8,0.000000,0.000000,0.000000,0.000000,4.000000,1.750000
2961,2015,5,4,9,0.000000,0.000000,0.000000,0.000000,21.600000,9.450000
2962,2015,5,4,10,0.000000,0.000000,0.000000,0.000000,38.400000,16.800000
2963,2015,5,4,11,0.000000,0.000000,0.000000,0.000000,51.200000,22.400000
2964,2015,5,4,12,0.000000,0.000000,0.000000,0.000000,60.000000,26.250000
2965,2015,5,4,13,0.000000,0.000000,0.000000,0.000000,64.000000,28.000000
2966,2015,5,4,14,0.000000,0.000000,0.000000,0.000000,63.200000,27.650000
2967,2015,5,4,15,0.000000,0.000000,0.000000,0.000000,57.600000,25.200000
2968,2015,5,4,16,0.000000,0.000000,0.000000,0.000000,47.200000,20.650000
2969,2015,5,4,17,0.000000,0.000000,0.000000,0.000000,32.800000,14.350000
2970,2015,5,4,18,0.000000,0.000000,0.000000,0.000000,16.000000,7.000000
2971,2015,5,4,19,0.000000,0.000000,0.000000,0.000000,0.000000,0.000000
2972,2015,5,4,20,0.000000,0.000000,0.000000,0.000000,0.000000,0.000000
2973,2015,5,4,21,0.000000,0.000000,0.000000,0.000000,0.000000,0.000000
2974,2015,5,4,22,0.000000,0.000000,0.000000,0.000000,0.000000,0.000000
2975,2015,5,4,23,0.000000,0.000000,0.000000,0.000000,0.000000,0.000000
2976,2015,5,4,24,0.000000,0.000000,0.000000,0.000000,0.000000,0.000000
2977,2015,5,5,1,0.000000,0.000000,0.000000,0.000000,0.000000,0.000000
2978,2015,5,5,2,0.000000,0.000000,0.000000,0.000000,0.000000,0.000000
2979,2015,5,5,3,0.000000,0.000000,0.000000,0.000000,0.000000,0.000000
2980,2015,5,5,4,0.000000,0.000000,0.000000,0.000000,0.000000,0.000000
2981,2015,5,5,5,0.000000,0.000000,0.000000,0.000000,0.000000,0.000000
2982,2015,5,5,6,0.000000,0.000000,0.000000,0.000000,0.000000,0.000000
2983,2015,5,5,7,0.000000,0.000000,0.000000,0.000000,0.000000,0.000000
2984,2015,5,5,8,0.000000,0.000000,0.000000,0.000000,4.000000,1.750000
2985,2015,5,5,9,0.000000,0.000000,0.000000,0.000000,21.600000,9.450000
2986,2015,5,5,10,0.000000,0.000000,0.000000,0.000000,38.400000,16.800000
2987,2015,5,5,11,0.000000,0.000000,0.000000,0.000000,51.200000,22.400000
2988,2015,5,5,12,0.000000,0.000000,0.000000,0.000000,60.000000,26.250000
2989,2015,5,5,13,0.000000,0.000000,0.000000,0.000000,64.000000,28.000000
2990,2015,5,5,14,0.000000,0.000000,0.000000,0.000000,63.200000,27.650000
2991,2015,5,5,15,0.000000,0.000000,0.000000,0.000000,57.600000,25.200000
2992,2015,5,5,16,0.000000,0.000000,0.000000,0.000000,47.200000,20.650000
2993,2015,5,5,17,0.000000,0.000000,0.000000,0.000000,32.800000,14.350000
2994,2015,5,5,18,0.000000,0.000000,0.000000,0.000000,16.000000,7.000000
2995,2015,5,5,19,0.000000,0.000000,0.000000,0.000000,0.000000,0.000000
2996,2015,5,5,20,0.000000,0.000000,0.000000,0.000000,0.000000,0.000000
2997,2015,5,5,21,0.000000,0.000000,0.000000,0.000000,0.000000,0.000000
2998,2015,5,5,22,0.000000,0.000000,0.000000,0.000000,0.000000,0.000000
2999,2015,5,5,23,0.000000,0.000000,0.000000,0.000000,0.000000,0.000000
3000,2015,5,5,24,0.000000,0.000000,0.000000,0.000000,0.000000,0.000000
3001,2015,5,6,1,0.000000,0.000000,0.000000,0.000000,0.000000,0.000000
3002,2015,5,6,2,0.000000,0.000000,0.000000,0.000000,0.000000,0.000000
3003,2015,5,6,3,0.000000,0.000000,0.000000,0.000000,0.000000,0.000000
3004,2015,5,6,4,0.000000,0.000000,0.000000,0.000000,0.000000,0.000000
3005,2015,5,6,5,0.000000,0.000000,0.000000,0.000000,0.000000,0.000000
3006,2015,5,6,6,0.000000,0.000000,0.000000,0.000000,0.000000,0.000000
3007,2015,5,6,7,0.000000,0.000000,0.000000,0.000000,0.000000,0.000000
3008,2015,5,6,8,0.000000,0.000000,0.000000,0.000000,4.000000,1.750000
3009,2015,5,6,9,0.000000,0.000000,0.000000,0.000000,21.600000,9.450000
3010,2015,5,6,10,0.000000,0.000000,0.000000,0.000000,38.400000,16.800000
3011,2015,5,6,11,0.000000,0.000000,0.000000,0.000000,51.200000,22.400000
3012,2015,5,6,12,0.000000,0.000000,0.000000,0.000000,60.000000,26.250000
3013,2015,5,6,13,0.000000,0.000000,0.000000,0.000000,64.000000,28.000000
3014,2015,5,6,14,0.000000,0.000000,0.000000,0.000000,63.200000,27.650000
3015,2015,5,6,15,0.000000,0.000000,0.000000,0.000000,57.600000,25.200000
3016,2015,5,6,16,0.000000,0.000000,0.000000,0.000000,47.200000,20.650000
3017,2015,5,6,17,0.000000,0.000000,0.000000,0.000000,32.800000,14.350000
3018,2015,5,6,18,0.000000,0.000000,0.000000,0.000000,16.000000,7.000000
3019,2015,5,6,19,0.000000,0.000000,0.000000,0.000000,0.000000,0.000000
3020,2015,5,6,20,0.000000,0.000000,0.000000,0.000000,0.000000,0.000000
3021,2015,5,6,21,0.000000,0.000000,0.000000,0.000000,0.000000,0.000000
3022,2015,5,6,22,0.000000,0.000000,0.000000,0.000000,0.000000,0.000000
3023,2015,5,6,23,0.000000,0.000000,0.000000,0.000000,0.000000,0.000000
3024,2015,5,6,24,0.000000,0.000000,0.000000,0.000000,0.000000,0.000000
3025,2015,5,7,1,0.000000,0.000000,0.000000,0.000000,0.000000,0.000000
3026,2015,5,7,2,0.000000,0.000000,0.000000,0.000000,0.000000,0.000000
3027,2015,5,7,3,0.000000,0.000000,0.000000,0.000000,0.000000,0.000000
3028,2015,5,7,4,0.000000,0.000000,0.000000,0.000000,0.000000,0.000000
3029,2015,5,7,5,0.000000,0.000000,0.000000,0.000000,0.000000,0.000000
3030,2015,5,7,6,0.000000,0.000000,0.000000,0.000000,0.000000,0.000000
3031,2015,5,7,7,0.000000,0.000000,0.000000,0.000000,0.000000,0.000000
3032,2015,5,7,8,0.000000,0.000000,0.000000,0.000000,4.000000,1.750000
3033,2015,5,7,9,0.000000,0.000000,0.000000,0.000000,21.600000,9.450000
3034,2015,5,7,10,0.000000,0.000000,0.000000,0.000000,38.400000,16.800000
3035,2015,5,7,11,0.000000,0.000000,0.000000,0.000000,51.200000,22.400000
3036,2015,5,7,12,0.000000,0.000000,0.000000,0.000000,60.000000,26.250000
3037,2015,5,7,13,0.000000,0.000000,0.000000,0.000000,64.000000,28.000000
3038,2015,5,7,14,0.000000,0.000000,0.000000,0.000000,63.200000,27.650000
3039,2015,5,7,15,0.000000,0.000000,0.000000,0.000000,57.600000,25.200000
3040,2015,5,7,16,0.000000,0.000000,0.000000,0.000000,47.200000,20.650000
3041,2015,5,7,17,0.000000,0.000000,0.000000,0.000000,32.800000,14.350000
3042,2015,5,7,18,0.000000,0.000000,0.000000,0.000000,16.000000,7.000000
3043,2015,5,7,19,0.000000,0.000000,0.000000,0.000000,0.000000,0.000000
3044,2015,5,7,20,0.000000,0.000000,0.000000,0.000000,0.000000,0.000000
3045,2015,5,7,21,0.000000,0.000000,0.000000,0.000000,0.000000,0.000000
3046,2015,5,7,22,0.000000,0.000000,0.000000,0.000000,0.000000,0.000000
3047,2015,5,7,23,0.000000,0.000000,0.000000,0.000000,0.000000,0.000000
3048,2015,5,7,24,0.000000,0.000000,0.000000,0.000000,0.000000,0.000000
3049,2015,5,8,1,0.000000,0.000000,0.000000,0.000000,0.000000,0.000000
3050,2015,5,8,2,0.000000,0.000000,0.000000,0.000000,0.000000,0.000000
3051,2015,5,8,3,0.000000,0.000000,0.000000,0.000000,0.000000,0.000000
3052,2015,5,8,4,0.000000,0.000000,0.000000,0.000000,0.000000,0.000000
3053,2015,5,8,5,0.000000,0.000000,0.000000,0.000000,0.000000,0.000000
3054,2015,5,8,6,0.000000,0.000000,0.000000,0.000000,0.000000,0.000000
3055,2015,5,8,7,0.000000,0.000000,0.000000,0.000000,0.000000,0.000000
3056,2015,5,8,8,0.000000,0.000000,0.000000,0.000000,4.000000,1.750000
3057,2015,5,8,9,0.000000,0.000000,0.000000,0.000000,21.600000,9.450000
3058,2015,5,8,10,0.000000,0.000000,0.000000,0.000000,38.400000,16.800000
3059,2015,5,8,11,0.000000,0.000000,0.000000,0.000000,51.200000,22.400000
3060,2015,5,8,12,0.000000,0.000000,0.000000,0.000000,60.000000,26.250000
3061,2015,5,8,13,0.000000,0.000000,0.000000,0.000000,64.000000,28.000000
3062,2015,5,8,14,0.000000,0.000000,0.000000,0.000000,63.200000,27.650000
3063,2015,5,8,15,0.000000,0.000000,0.000000,0.000000,57.600000,25.200000
3064,2015,5,8,16,0.000000,0.000000,0.000000,0.000000,47.200000,20.650000
3065,2015,5,8,17,0.000000,0.000000,0.000000,0.000000,32.800000,14.350000
3066,2015,5,8,18,0.000000,0.000000,0.000000,0.000000,16.000000,7.000000
3067,2015,5,8,19,0.000000,0.000000,0.000000,0.000000,0.000000,0.000000
3068,2015,5,8,20,0.000000,0.000000,0.000000,0.000000,0.000000,0.000000
3069,2015,5,8,21,0.000000,0.000000,0.000000,0.000000,0.000000,0.000000
3070,2015,5,8,22,0.000000,0.000000,0.000000,0.000000,0.000000,0.000000
3071,2015,5,8,23,0.000000,0.000000,0.000000,0.000000,0.000000,0.000000
3072,2015,5,8,24,0.000000,0.000000,0.000000,0.000000,0.000000,0.000000
3073,2015,5,9,1,0.000000,0.000000,0.000000,0.000000,0.000000,0.000000
3074,2015,5,9,2,0.000000,0.000000,0.000000,0.000000,0.000000,0.000000
3075,2015,5,9,3,0.000000,0.000000,0.000000,0.000000,0.000000,0.000000
3076,2015,5,9,4,0.000000,0.000000,0.000000,0.000000,0.000000,0.000000
3077,2015,5,9,5,0.000000,0.000000,0.000000,0.000000,0.000000,0.000000
3078,2015,5,9,6,0.000000,0.000000,0.000000,0.000000,0.000000,0.000000
3079,2015,5,9,7,0.000000,0.000000,0.000000,0.000000,0.000000,0.000000
3080,2015,5,9,8,0.000000,0.000000,0.000000,0.000000,4.000000,1.750000
3081,2015,5,9,9,0.000000,0.000000,0.000000,0.000000,21.600000,9.450000
3082,2015,5,9,10,0.000000,0.000000,0.000000,0.000000,38.400000,16.800000
3083,2015,5,9,11,0.000000,0.000000,0.000000,0.000000,51.200000,22.400000
3084,2015,5,9,12,0.000000,0.000000,0.000000,0.000000,60.000000,26.250000
3085,2015,5,9,13,0.000000,0.000000,0.000000,0.000000,64.000000,28.000000
3086,2015,5,9,14,0.000000,0.000000,0.000000,0.000000,63.200000,27.650000
3087,2015,5,9,15,0.000000,0.000000,0.000000,0.000000,57.600000,25.200000
3088,2015,5,9,16,0.000000,0.000000,0.000000,0.000000,47.200000,20.650000
3089,2015,5,9,17,0.000000,0.000000,0.000000,0.000000,32.800000,14.350000
3090,2015,5,9,18,0.000000,0.000000,0.000000,0.000000,16.000000,7.000000
3091,2015,5,9,19,0.000000,0.000000,0.000000,0.000000,0.000000,0.000000
3092,2015,5,9,20,0.000000,0.000000,0.000000,0.000000,0.000000,0.000000
3093,2015,5,9,21,0.000000,0.000000,0.000000,0.000000,0.000000,0.000000
3094,2015,5,9,22,0.000000,0.000000,0.000000,0.000000,0.000000,0.000000
3095,2015,5,9,23,0.000000,0.000000,0.000000,0.000000,0.000000,0.000000
3096,2015,5,9,24,0.000000,0.000000,0.000000,0.000000,0.000000,0.000000
3097,2015,5,10,1,0.000000,0.000000,0.000000,0.000000,0.000000,0.000000
3098,2015,5,10,2,0.000000,0.000000,0.000000,0.000000,0.000000,0.000000
3099,2015,5,10,3,0.000000,0.000000,0.000000,0.000000,0.000000,0.000000
3100,2015,5,10,4,0.000000,0.000000,0.000000,0.000000,0.000000,0.000000
3101,2015,5,10,5,0.000000,0.000000,0.000000,0.000000,0.000000,0.000000
3102,2015,5,10,6,0.000000,0.000000,0.000000,0.000000,0.000000,0.000000
3103,2015,5,10,7,0.000000,0.000000,0.000000,0.000000,0.000000,0.000000
3104,2015,5,10,8,0.000000,0.000000,0.000000,0.000000,4.000000,1.750000
3105,2015,5,10,9,0.000000,0.000000,0.000000,0.000000,21.600000,9.450000
3106,2015,5,10,10,0.000000,0.000000,0.000000,0.000000,38.400000,16.800000
3107,2015,5,10,11,0.000000,0.000000,0.000000,0.000000,51.200000,22.400000
3108,2015,5,10,12,0.000000,0.000000,0.000000,0.000000,60.000000,26.250000
3109,2015,5,10,13,0.000000,0.000000,0.000000,0.000000,64.000000,28.000000
3110,2015,5,10,14,0.000000,0.000000,0.000000,0.000000,63.200000,27.650000
3111,2015,5,10,15,0.000000,0.000000,0.000000,0.000000,57.600000,25.200000
3112,2015,5,10,16,0.000000,0.000000,0.000000,0.000000,47.200000,20.650000
3113,2015,5,10,17,0.000000,0.000000,0.000000,0.000000,32.800000,14.350000
3114,2015,5,10,18,0.000000,0.000000,0.000000,0.000000,16.000000,7.000000
3115,2015,5,10,19,0.000000,0.000000,0.000000,0.000000,0.000000,0.000000
3116,2015,5,10,20,0.000000,0.000000,0.000000,0.000000,0.000000,0.000000
3117,2015,5,10,21,0.000000,0.000000,0.000000,0.000000,0.000000,0.000000
3118,2015,5,10,22,0.000000,0.000000,0.000000,0.000000,0.000000,0.000000
3119,2015,5,10,23,0.000000,0.000000,0.000000,0.000000,0.000000,0.000000
3120,2015,5,10,24,0.000000,0.000000,0.000000,0.000000,0.000000,0.000000
3121,2015,5,11,1,0.000000,0.000000,0.000000,0.000000,0.000000,0.000000
3122,2015,5,11,2,0.000000,0.000000,0.000000,0.000000,0.000000,0.000000
3123,2015,5,11,3,0.000000,0.000000,0.000000,0.000000,0.000000,0.000000
3124,2015,5,11,4,0.000000,0.000000,0.000000,0.000000,0.000000,0.000000
3125,2015,5,11,5,0.000000,0.000000,0.000000,0.000000,0.000000,0.000000
3126,2015,5,11,6,0.000000,0.000000,0.000000,0.000000,0.000000,0.000000
3127,2015,5,11,7,0.000000,0.000000,0.000000,0.000000,0.000000,0.000000
3128,2015,5,11,8,0.000000,0.000000,0.000000,0.000000,4.000000,1.750000
3129,2015,5,11,9,0.000000,0.000000,0.000000,0.000000,21.600000,9.450000
3130,2015,5,11,10,0.000000,0.000000,0.000000,0.000000,38.400000,16.800000
3131,2015,5,11,11,0.000000,0.000000,0.000000,0.000000,51.200000,22.400000
3132,2015,5,11,12,0.000000,0.000000,0.000000,0.000000,60.000000,26.250000
3133,2015,5,11,13,0.000000,0.000000,0.000000,0.000000,64.000000,28.000000
3134,2015,5,11,14,0.000000,0.000000,0.000000,0.000000,63.200000,27.650000
3135,2015,5,11,15,0.000000,0.000000,0.000000,0.000000,57.600000,25.200000
3136,2015,5,11,16,0.000000,0.000000,0.000000,0.000000,47.200000,20.650000
3137,2015,5,11,17,0.000000,0.000000,0.000000,0.000000,32.800000,14.350000
3138,2015,5,11,18,0.000000,0.000000,0.000000,0.000000,16.000000,7.000000
3139,2015,5,11,19,0.000000,0.000000,0.000000,0.000000,0.000000,0.000000
3140,2015,5,11,20,0.000000,0.000000,0.000000,0.000000,0.000000,0.000000
3141,2015,5,11,21,0.000000,0.000000,0.000000,0.000000,0.000000,0.000000
3142,2015,5,11,22,0.000000,0.000000,0.000000,0.000000,0.000000,0.000000
3143,2015,5,11,23,0.000000,0.000000,0.000000,0.000000,0.000000,0.000000
3144,2015,5,11,24,0.000000,0.000000,0.000000,0.000000,0.000000,0.000000
3145,2015,5,12,1,0.000000,0.000000,0.000000,0.000000,0.000000,0.000000
3146,2015,5,12,2,0.000000,0.000000,0.000000,0.000000,0.000000,0.000000
3147,2015,5,12,3,0.000000,0.000000,0.000000,0.000000,0.000000,0.000000
3148,2015,5,12,4,0.000000,0.000000,0.000000,0.000000,0.000000,0.000000
3149,2015,5,12,5,0.000000,0.000000,0.000000,0.000000,0.000000,0.000000
3150,2015,5,12,6,0.000000,0.000000,0.000000,0.000000,0.000000,0.000000
3151,2015,5,12,7,0.000000,0.000000,0.000000,0.000000,0.000000,0.000000
3152,2015,5,12,8,0.000000,0.000000,0.000000,0.000000,4.000000,1.750000
3153,2015,5,12,9,0.000000,0.000000,0.000000,0.000000,21.600000,9.450000
3154,2015,5,12,10,0.000000,0.000000,0.000000,0.000000,38.400000,16.800000
3155,2015,5,12,11,0.000000,0.000000,0.000000,0.000000,51.200000,22.400000
3156,2015,5,12,12,0.000000,0.000000,0.000000,0.000000,60.000000,26.250000
3157,2015,5,12,13,0.000000,0.000000,0.000000,0.000000,64.000000,28.000000
3158,2015,5,12,14,0.000000,0.000000,0.000000,0.000000,63.200000,27.650000
3159,2015,5,12,15,0.000000,0.000000,0.000000,0.000000,57.600000,25.200000
3160,2015,5,12,16,0.000000,0.000000,0.000000,0.000000,47.200000,20.650000
3161,2015,5,12,17,0.000000,0.000000,0.000000,0.000000,32.800000,14.350000
3162,2015,5,12,18,0.000000,0.000000,0.000000,0.000000,16.000000,7.000000
3163,2015,5,12,19,0.000000,0.000000,0.000000,0.000000,0.000000,0.000000
3164,2015,5,12,20,0.000000,0.000000,0.000000,0.000000,0.000000,0.000000
3165,2015,5,12,21,0.000000,0.000000,0.000000,0.000000,0.000000,0.000000
3166,2015,5,12,22,0.000000,0.000000,0.000000,0.000000,0.000000,0.000000
3167,2015,5,12,23,0.000000,0.000000,0.000000,0.000000,0.000000,0.000000
3168,2015,5,12,24,0.000000,0.000000,0.000000,0.000000,0.000000,0.000000
3169,2015,5,13,1,0.000000,0.000000,0.000000,0.000000,0.000000,0.000000
3170,2015,5,13,2,0.000000,0.000000,0.000000,0.000000,0.000000,0.000000
3171,2015,5,13,3,0.000000,0.000000,0.000000,0.000000,0.000000,0.000000
3172,2015,5,13,4,0.000000,0.000000,0.000000,0.000000,0.000000,0.000000
3173,2015,5,13,5,0.000000,0.000000,0.000000,0.000000,0.000000,0.000000
3174,2015,5,13,6,0.000000,0.000000,0.000000,0.000000,0.000000,0.000000
3175,2015,5,13,7,0.000000,0.000000,0.000000,0.000000,0.000000,0.000000
3176,2015,5,13,8,0.000000,0.000000,0.000000,0.000000,4.000000,1.750000
3177,2015,5,13,9,0.000000,0.000000,0.000000,0.000000,21.600000,9.450000
3178,2015,5,13,10,0.000000,0.000000,0.000000,0.000000,38.400000,16.800000
3179,2015,5,13,11,0.000000,0.000000,0.000000,0.000000,51.200000,22.400000
3180,2015,5,13,12,0.000000,0.000000,0.000000,0.000000,60.000000,26.250000
3181,2015,5,13,13,0.000000,0.000000,0.000000,0.000000,64.000000,28.000000
3182,2015,5,13,14,0.000000,0.000000,0.000000,0.000000,63.200000,27.650000
3183,2015,5,13,15,0.000000,0.000000,0.000000,0.000000,57.600000,25.200000
3184,2015,5,13,16,0.000000,0.000000,0.000000,0.000000,47.200000,20.650000
3185,2015,5,13,17,0.000000,0.000000,0.000000,0.000000,32.800000,14.350000
3186,2015,5,13,18,0.000000,0.000000,0.000000,0.000000,16.000000,7.000000
3187,2015,5,13,19,0.000000,0.000000,0.000000,0.000000,0.000000,0.000000
3188,2015,5,13,20,0.000000,0.000000,0.000000,0.000000,0.000000,0.000000
3189,2015,5,13,21,0.000000,0.000000,0.000000,0.000000,0.000000,0.000000
3190,2015,5,13,22,0.000000,0.000000,0.000000,0.000000,0.000000,0.000000
3191,2015,5,13,23,0.000000,0.000000,0.000000,0.000000,0.000000,0.000000
3192,2015,5,13,24,0.000000,0.000000,0.000000,0.000000,0.000000,0.000000
3193,2015,5,14,1,0.000000,0.000000,0.000000,0.000000,0.000000,0.000000
3194,2015,5,14,2,0.000000,0.000000,0.000000,0.000000,0.000000,0.000000
3195,2015,5,14,3,0.000000,0.000000,0.000000,0.000000,0.000000,0.000000
3196,2015,5,14,4,0.000000,0.000000,0.000000,0.000000,0.000000,0.000000
3197,2015,5,14,5,0.000000,0.000000,0.000000,0.000000,0.000000,0.000000
3198,2015,5,14,6,0.000000,0.000000,0.000000,0.000000,0.000000,0.000000
3199,2015,5,14,7,0.000000,0.000000,0.000000,0.000000,0.000000,0.000000
3200,2015,5,14,8,0.000000,0.000000,0.000000,0.000000,4.000000,1.750000
3201,2015,5,14,9,0.000000,0.000000,0.000000,0.000000,21.600000,9.450000
3202,2015,5,14,10,0.000000,0.000000,0.000000,0.000000,38.400000,16.800000
3203,2015,5,14,11,0.000000,0.000000,0.000000,0.000000,51.200000,22.400000
3204,2015,5,14,12,0.000000,0.000000,0.000000,0.000000,60.000000,26.250000
3205,2015,5,14,13,0.000000,0.000000,0.000000,0.000000,64.000000,28.000000
3206,2015,5,14,14,0.000000,0.000000,0.000000,0.000000,63.200000,27.650000
3207,2015,5,14,15,0.000000,0.000000,0.000000,0.000000,57.600000,25.200000
3208,2015,5,14,16,0.000000,0.000000,0.000000,0.000000,47.200000,20.650000
3209,2015,5,14,17,0.000000,0.000000,0.000000,0.000000,32.800000,14.350000
3210,2015,5,14,18,0.000000,0.000000,0.000000,0.000000,16.000000,7.000000
3211,2015,5,14,19,0.000000,0.000000,0.000000,0.000000,0.000000,0.000000
3212,2015,5,14,20,0.000000,0.000000,0.000000,0.000000,0.000000,0.000000
3213,2015,5,14,21,0.000000,0.000000,0.000000,0.000000,0.000000,0.000000
3214,2015,5,14,22,0.000000,0.000000,0.000000,0.000000,0.000000,0.000000
3215,2015,5,14,23,0.000000,0.000000,0.000000,0.000000,0.000000,0.000000
3216,2015,5,14,24,0.000000,0.000000,0.000000,0.000000,0.000000,0.000000
3217,2015,5,15,1,0.000000,0.000000,0.000000,0.000000,0.000000,0.000000
3218,2015,5,15,2,0.000000,0.000000,0.000000,0.000000,0.000000,0.000000
3219,2015,5,15,3,0.000000,0.000000,0.000000,0.000000,0.000000,0.000000
3220,2015,5,15,4,0.000000,0.000000,0.000000,0.000000,0.000000,0.000000
3221,2015,5,15,5,0.000000,0.000000,0.000000,0.000000,0.000000,0.000000
3222,2015,5,15,6,0.000000,0.000000,0.000000,0.000000,0.000000,0.000000
3223,2015,5,15,7,0.000000,0.000000,0.000000,0.000000,0.000000,0.000000
3224,2015,5,15,8,0.000000,0.000000,0.000000,0.000000,4.000000,1.750000
3225,2015,5,15,9,0.000000,0.000000,0.000000,0.000000,21.600000,9.450000
3226,2015,5,15,10,0.000000,0.000000,0.000000,0.000000,38.400000,16.800000
3227,2015,5,15,11,0.000000,0.000000,0.000000,0.000000,51.200000,22.400000
3228,2015,5,15,12,0.000000,0.000000,0.000000,0.000000,60.000000,26.250000
3229,2015,5,15,13,0.000000,0.000000,0.000000,0.000000,64.000000,28.000000
3230,2015,5,15,14,0.000000,0.000000,0.000000,0.000000,63.200000,27.650000
3231,2015,5,15,15,0.000000,0.000000,0.000000,0.000000,57.600000,25.200000
3232,2015,5,15,16,0.000000,0.000000,0.000000,0.000000,47.200000,20.650000
3233,2015,5,15,17,0.000000,0.000000,0.000000,0.000000,32.800000,14.350000
3234,2015,5,15,18,0.000000,0.000000,0.000000,0.000000,16.000000,7.000000
3235,2015,5,15,19,0.000000,0.000000,0.000000,0.000000,0.000000,0.000000
3236,2015,5,15,20,0.000000,0.000000,0.000000,0.000000,0.000000,0.000000
3237,2015,5,15,21,0.000000,0.000000,0.000000,0.000000,0.000000,0.000000
3238,2015,5,15,22,0.000000,0.000000,0.000000,0.000000,0.000000,0.000000
3239,2015,5,15,23,0.000000,0.000000,0.000000,0.000000,0.000000,0.000000
3240,2015,5,15,24,0.000000,0.000000,0.000000,0.000000,0.000000,0.000000
3241,2015,5,16,1,0.000000,0.000000,0.000000,0.000000,0.000000,0.000000
3242,2015,5,16,2,0.000000,0.000000,0.000000,0.000000,0.000000,0.000000
3243,2015,5,16,3,0.000000,0.000000,0.000000,0.000000,0.000000,0.000000
3244,2015,5,16,4,0.000000,0.000000,0.000000,0.000000,0.000000,0.000000
3245,2015,5,16,5,0.000000,0.000000,0.000000,0.000000,0.000000,0.000000
3246,2015,5,16,6,0.000000,0.000000,0.000000,0.000000,0.000000,0.000000
3247,2015,5,16,7,0.000000,0.000000,0.000000,0.000000,0.000000,0.000000
3248,2015,5,16,8,0.000000,0.000000,0.000000,0.000000,4.000000,1.750000
3249,2015,5,16,9,0.000000,0.000000,0.000000,0.000000,21.600000,9.450000
3250,2015,5,16,10,0.000000,0.000000,0.000000,0.000000,38.400000,16.800000
3251,2015,5,16,11,0.000000,0.000000,0.000000,0.000000,51.200000,22.400000
3252,2015,5,16,12,0.000000,0.000000,0.000000,0.000000,60.000000,26.250000
3253,2015,5,16,13,0.000000,0.000000,0.000000,0.000000,64.000000,28.000000
3254,2015,5,16,14,0.000000,0.000000,0.000000,0.000000,63.200000,27.650000
3255,2015,5,16,15,0.000000,0.000000,0.000000,0.000000,57.600000,25.200000
3256,2015,5,16,16,0.000000,0.000000,0.000000,0.000000,47.200000,20.650000
3257,2015,5,16,17,0.000000,0.000000,0.000000,0.000000,32.800000,14.350000
3258,2015,5,16,18,0.000000,0.000000,0.000000,0.000000,16.000000,7.000000
3259,2015,5,16,19,0.000000,0.000000,0.000000,0.000000,0.000000,0.000000
3260,2015,5,16,20,0.000000,0.000000,0.000000,0.000000,0.000000,0.000000
3261,2015,5,16,21,0.000000,0.000000,0.000000,0.000000,0.000000,0.000000
3262,2015,5,16,22,0.000000,0.000000,0.000000,0.000000,0.000000,0.000000
3263,2015,5,16,23,0.000000,0.000000,0.000000,0.000000,0.000000,0.000000
3264,2015,5,16,24,0.000000,0.000000,0.000000,0.000000,0.000000,0.000000
3265,2015,5,17,1,0.000000,0.000000,0.000000,0.000000,0.000000,0.000000
3266,2015,5,17,2,0.000000,0.000000,0.000000,0.000000,0.000000,0.000000
3267,2015,5,17,3,0.000000,0.000000,0.000000,0.000000,0.000000,0.000000
3268,2015,5,17,4,0.000000,0.000000,0.000000,0.000000,0.000000,0.000000
3269,2015,5,17,5,0.000000,0.000000,0.000000,0.000000,0.000000,0.000000
3270,2015,5,17,6,0.000000,0.000000,0.000000,0.000000,0.000000,0.000000
3271,2015,5,17,7,0.000000,0.000000,0.000000,0.000000,0.000000,0.000000
3272,2015,5,17,8,0.000000,0.000000,0.000000,0.000000,4.000000,1.750000
3273,2015,5,17,9,0.000000,0.000000,0.000000,0.000000,21.600000,9.450000
3274,2015,5,17,10,0.000000,0.000000,0.000000,0.000000,38.400000,16.800000
3275,2015,5,17,11,0.000000,0.000000,0.000000,0.000000,51.200000,22.400000
3276,2015,5,17,12,0.000000,0.000000,0.000000,0.000000,60.000000,26.250000
3277,2015,5,17,13,0.000000,0.000000,0.000000,0.000000,64.000000,28.000000
3278,2015,5,17,14,0.000000,0.000000,0.000000,0.000000,63.200000,27.650000
3279,2015,5,17,15,0.000000,0.000000,0.000000,0.000000,57.600000,25.200000
3280,2015,5,17,16,0.000000,0.000000,0.000000,0.000000,47.200000,20.650000
3281,2015,5,17,17,0.000000,0.000000,0.000000,0.000000,32.800000,14.350000
3282,2015,5,17,18,0.000000,0.000000,0.000000,0.000000,16.000000,7.000000
3283,2015,5,17,19,0.000000,0.000000,0.000000,0.000000,0.000000,0.000000
3284,2015,5,17,20,0.000000,0.000000,0.000000,0.000000,0.000000,0.000000
3285,2015,5,17,21,0.000000,0.000000,0.000000,0.000000,0.000000,0.000000
3286,2015,5,17,22,0.000000,0.000000,0.000000,0.000000,0.000000,0.000000
3287,2015,5,17,23,0.000000,0.000000,0.000000,0.000000,0.000000,0.000000
3288,2015,5,17,24,0.000000,0.000000,0.000000,0.000000,0.000000,0.000000
3289,2015,5,18,1,0.000000,0.000000,0.000000,0.000000,0.000000,0.000000
3290,2015,5,18,2,0.000000,0.000000,0.000000,0.000000,0.000000,0.000000
3291,2015,5,18,3,0.000000,0.000000,0.000000,0.000000,0.000000,0.000000
3292,2015,5,18,4,0.000000,0.000000,0.000000,0.000000,0.000000,0.000000
3293,2015,5,18,5,0.000000,0.000000,0.000000,0.000000,0.000000,0.000000
3294,2015,5,18,6,0.000000,0.000000,0.000000,0.000000,0.000000,0.000000
3295,2015,5,18,7,0.000000,0.000000,0.000000,0.000000,0.000000,0.000000
3296,2015,5,18,8,0.000000,0.000000,0.000000,0.000000,4.000000,1.750000
3297,2015,5,18,9,0.000000,0.000000,0.000000,0.000000,21.600000,9.450000
3298,2015,5,18,10,0.000000,0.000000,0.000000,0.000000,38.400000,16.800000
3299,2015,5,18,11,0.000000,0.000000,0.000000,0.000000,51.200000,22.400000
3300,2015,5,18,12,0.000000,0.000000,0.000000,0.000000,60.000000,26.250000
3301,2015,5,18,13,0.000000,0.000000,0.000000,0.000000,64.000000,28.000000
3302,2015,5,18,14,0.000000,0.000000,0.000000,0.000000,63.200000,27.650000
3303,2015,5,18,15,0.000000,0.000000,0.000000,0.000000,57.600000,25.200000
3304,2015,5,18,16,0.000000,0.000000,0.000000,0.000000,47.200000,20.650000
3305,2015,5,18,17,0.000000,0.000000,0.000000,0.000000,32.800000,14.350000
3306,2015,5,18,18,0.000000,0.000000,0.000000,0.000000,16.000000,7.000000
3307,2015,5,18,19,0.000000,0.000000,0.000000,0.000000,0.000000,0.000000
3308,2015,5,18,20,0.000000,0.000000,0.000000,0.000000,0.000000,0.000000
3309,2015,5,18,21,0.000000,0.000000,0.000000,0.000000,0.000000,0.000000
3310,2015,5,18,22,0.000000,0.000000,0.000000,0.000000,0.000000,0.000000
3311,2015,5,18,23,0.000000,0.000000,0.000000,0.000000,0.000000,0.000000
3312,2015,5,18,24,0.000000,0.000000,0.000000,0.000000,0.000000,0.000000
3313,2015,5,19,1,0.000000,0.000000,0.000000,0.000000,0.000000,0.000000
3314,2015,5,19,2,0.000000,0.000000,0.000000,0.000000,0.000000,0.000000
3315,2015,5,19,3,0.000000,0.000000,0.000000,0.000000,0.000000,0.000000
3316,2015,5,19,4,0.000000,0.000000,0.000000,0.000000,0.000000,0.000000
3317,2015,5,19,5,0.000000,0.000000,0.000000,0.000000,0.000000,0.000000
3318,2015,5,19,6,0.000000,0.000000,0.000000,0.000000,0.000000,0.000000
3319,2015,5,19,7,0.000000,0.000000,0.000000,0.000000,0.000000,0.000000
3320,2015,5,19,8,0.000000,0.000000,0.000000,0.000000,4.000000,1.750000
3321,2015,5,19,9,0.000000,0.000000,0.000000,0.000000,21.600000,9.450000
3322,2015,5,19,10,0.000000,0.000000,0.000000,0.000000,38.400000,16.800000
3323,2015,5,19,11,0.000000,0.000000,0.000000,0.000000,51.200000,22.400000
3324,2015,5,19,12,0.000000,0.000000,0.000000,0.000000,60.000000,26.250000
3325,2015,5,19,13,0.000000,0.000000,0.000000,0.000000,64.000000,28.000000
3326,2015,5,19,14,0.000000,0.000000,0.000000,0.000000,63.200000,27.650000
3327,2015,5,19,15,0.000000,0.000000,0.000000,0.000000,57.600000,25.200000
3328,2015,5,19,16,0.000000,0.000000,0.000000,0.000000,47.200000,20.650000
3329,2015,5,19,17,0.000000,0.000000,0.000000,0.000000,32.800000,14.350000
3330,2015,5,19,18,0.000000,0.000000,0.000000,0.000000,16.000000,7.000000
3331,2015,5,19,19,0.000000,0.000000,0.000000,0.000000,0.000000,0.000000
3332,2015,5,19,20,0.000000,0.000000,0.000000,0.000000,0.000000,0.000000
3333,2015,5,19,21,0.000000,0.000000,0.000000,0.000000,0.000000,0.000000
3334,2015,5,19,22,0.000000,0.000000,0.000000,0.000000,0.000000,0.000000
3335,2015,5,19,23,0.000000,0.000000,0.000000,0.000000,0.000000,0.000000
3336,2015,5,19,24,0.000000,0.000000,0.000000,0.000000,0.000000,0.000000
3337,2015,5,20,1,0.000000,0.000000,0.000000,0.000000,0.000000,0.000000
3338,2015,5,20,2,0.000000,0.000000,0.000000,0.000000,0.000000,0.000000
3339,2015,5,20,3,0.000000,0.000000,0.000000,0.000000,0.000000,0.000000
3340,2015,5,20,4,0.000000,0.000000,0.000000,0.000000,0.000000,0.000000
3341,2015,5,20,5,0.000000,0.000000,0.000000,0.000000,0.000000,0.000000
3342,2015,5,20,6,0.000000,0.000000,0.000000,0.000000,0.000000,0.000000
3343,2015,5,20,7,0.000000,0.000000,0.000000,0.000000,0.000000,0.000000
3344,2015,5,20,8,0.000000,0.000000,0.000000,0.000000,4.000000,1.750000
3345,2015,5,20,9,0.000000,0.000000,0.000000,0.000000,21.600000,9.450000
3346,2015,5,20,10,0.000000,0.000000,0.000000,0.000000,38.400000,16.800000
3347,2015,5,20,11,0.000000,0.000000,0.000000,0.000000,51.200000,22.400000
3348,2015,5,20,12,0.000000,0.000000,0.000000,0.000000,60.000000,26.250000
3349,2015,5,20,13,0.000000,0.000000,0.000000,0.000000,64.000000,28.000000
3350,2015,5,20,14,0.000000,0.000000,0.000000,0.000000,63.200000,27.650000
3351,2015,5,20,15,0.000000,0.000000,0.000000,0.000000,57.600000,25.200000
3352,2015,5,20,16,0.000000,0.000000,0.000000,0.000000,47.200000,20.650000
3353,2015,5,20,17,0.000000,0.000000,0.000000,0.000000,32.800000,14.350000
3354,2015,5,20,18,0.000000,0.000000,0.000000,0.000000,16.000000,7.000000
3355,2015,5,20,19,0.000000,0.000000,0.000000,0.000000,0.000000,0.000000
3356,2015,5,20,20,0.000000,0.000000,0.000000,0.000000,0.000000,0.000000
3357,2015,5,20,21,0.000000,0.000000,0.000000,0.000000,0.000000,0.000000
3358,2015,5,20,22,0.000000,0.000000,0.000000,0.000000,0.000000,0.000000
3359,2015,5,20,23,0.000000,0.000000,0.000000,0.000000,0.000000,0.000000
3360,2015,5,20,24,0.000000,0.000000,0.000000,0.000000,0.000000,0.000000
3361,2015,5,21,1,0.000000,0.000000,0.000000,0.000000,0.000000,0.000000
3362,2015,5,21,2,0.000000,0.000000,0.000000,0.000000,0.000000,0.000000
3363,2015,5,21,3,0.000000,0.000000,0.000000,0.000000,0.000000,0.000000
3364,2015,5,21,4,0.000000,0.000000,0.000000,0.000000,0.000000,0.000000
3365,2015,5,21,5,0.000000,0.000000,0.000000,0.000000,0.000000,0.000000
3366,2015,5,21,6,0.000000,0.000000,0.000000,0.000000,0.000000,0.000000
3367,2015,5,21,7,0.000000,0.000000,0.000000,0.000000,0.000000,0.000000
3368,2015,5,21,8,0.000000,0.000000,0.000000,0.000000,4.000000,1.750000
3369,2015,5,21,9,0.000000,0.000000,0.000000,0.000000,21.600000,9.450000
3370,2015,5,21,10,0.000000,0.000000,0.000000,0.000000,38.400000,16.800000
3371,2015,5,21,11,0.000000,0.000000,0.000000,0.000000,51.200000,22.400000
3372,2015,5,21,12,0.000000,0.000000,0.000000,0.000000,60.000000,26.250000
3373,2015,5,21,13,0.000000,0.000000,0.000000,0.000000,64.000000,28.000000
3374,2015,5,21,14,0.000000,0.000000,0.000000,0.000000,63.200000,27.650000
3375,2015,5,21,15,0.000000,0.000000,0.000000,0.000000,57.600000,25.200000
3376,2015,5,21,16,0.000000,0.000000,0.000000,0.000000,47.200000,20.650000
3377,2015,5,21,17,0.000000,0.000000,0.000000,0.000000,32.800000,14.350000
3378,2015,5,21,18,0.000000,0.000000,0.000000,0.000000,16.000000,7.000000
3379,2015,5,21,19,0.000000,0.000000,0.000000,0.000000,0.000000,0.000000
3380,2015,5,21,20,0.000000,0.000000,0.000000,0.000000,0.000000,0.000000
3381,2015,5,21,21,0.000000,0.000000,0.000000,0.000000,0.000000,0.000000
3382,2015,5,21,22,0.000000,0.000000,0.000000,0.000000,0.000000,0.000000
3383,2015,5,21,23,0.000000,0.000000,0.000000,0.000000,0.000000,0.000000
3384,2015,5,21,24,0.000000,0.000000,0.000000,0.000000,0.000000,0.000000
3385,2015,5,22,1,0.000000,0.000000,0.000000,0.000000,0.000000,0.000000
3386,2015,5,22,2,0.000000,0.000000,0.000000,0.000000,0.000000,0.000000
3387,2015,5,22,3,0.000000,0.000000,0.000000,0.000000,0.000000,0.000000
3388,2015,5,22,4,0.000000,0.000000,0.000000,0.000000,0.000000,0.000000
3389,2015,5,22,5,0.000000,0.000000,0.000000,0.000000,0.000000,0.000000
3390,2015,5,22,6,0.000000,0.000000,0.000000,0.000000,0.000000,0.000000
3391,2015,5,22,7,0.000000,0.000000,0.000000,0.000000,0.000000,0.000000
3392,2015,5,22,8,0.000000,0.000000,0.000000,0.000000,4.000000,1.750000
3393,2015,5,22,9,0.000000,0.000000,0.000000,0.000000,21.600000,9.450000
3394,2015,5,22,10,0.000000,0.000000,0.000000,0.000000,38.400000,16.800000
3395,2015,5,22,11,0.000000,0.000000,0.000000,0.000000,51.200000,22.400000
3396,2015,5,22,12,0.000000,0.000000,0.000000,0.000000,60.000000,26.250000
3397,2015,5,22,13,0.000000,0.000000,0.000000,0.000000,64.000000,28.000000
3398,2015,5,22,14,0.000000,0.000000,0.000000,0.000000,63.200000,27.650000
3399,2015,5,22,15,0.000000,0.000000,0.000000,0.000000,57.600000,25.200000
3400,2015,5,22,16,0.000000,0.000000,0.000000,0.000000,47.200000,20.650000
3401,2015,5,22,17,0.000000,0.000000,0.000000,0.000000,32.800000,14.350000
3402,2015,5,22,18,0.000000,0.000000,0.000000,0.000000,16.000000,7.000000
3403,2015,5,22,19,0.000000,0.000000,0.000000,0.000000,0.000000,0.000000
3404,2015,5,22,20,0.000000,0.000000,0.000000,0.000000,0.000000,0.000000
3405,2015,5,22,21,0.000000,0.000000,0.000000,0.000000,0.000000,0.000000
3406,2015,5,22,22,0.000000,0.000000,0.000000,0.000000,0.000000,0.000000
3407,2015,5,22,23,0.000000,0.000000,0.000000,0.000000,0.000000,0.000000
3408,2015,5,22,24,0.000000,0.000000,0.000000,0.000000,0.000000,0.000000
3409,2015,5,23,1,0.000000,0.000000,0.000000,0.000000,0.000000,0.000000
3410,2015,5,23,2,0.000000,0.000000,0.000000,0.000000,0.000000,0.000000
3411,2015,5,23,3,0.000000,0.000000,0.000000,0.000000,0.000000,0.000000
3412,2015,5,23,4,0.000000,0.000000,0.000000,0.000000,0.000000,0.000000
3413,2015,5,23,5,0.000000,0.000000,0.000000,0.000000,0.000000,0.000000
3414,2015,5,23,6,0.000000,0.000000,0.000000,0.000000,0.000000,0.000000
3415,2015,5,23,7,0.000000,0.000000,0.000000,0.000000,0.000000,0.000000
3416,2015,5,23,8,0.000000,0.000000,0.000000,0.000000,4.000000,1.750000
3417,2015,5,23,9,0.000000,0.000000,0.000000,0.000000,21.600000,9.450000
3418,2015,5,23,10,0.000000,0.000000,0.000000,0.000000,38.400000,16.800000
3419,2015,5,23,11,0.000000,0.000000,0.000000,0.000000,51.200000,22.400000
3420,2015,5,23,12,0.000000,0.000000,0.000000,0.000000,60.000000,26.250000
3421,2015,5,23,13,0.000000,0.000000,0.000000,0.000000,64.000000,28.000000
3422,2015,5,23,14,0.000000,0.000000,0.000000,0.000000,63.200000,27.650000
3423,2015,5,23,15,0.000000,0.000000,0.000000,0.000000,57.600000,25.200000
3424,2015,5,23,16,0.000000,0.000000,0.000000,0.000000,47.200000,20.650000
3425,2015,5,23,17,0.000000,0.000000,0.000000,0.000000,32.800000,14.350000
3426,2015,5,23,18,0.000000,0.000000,0.000000,0.000000,16.000000,7.000000
3427,2015,5,23,19,0.000000,0.000000,0.000000,0.000000,0.000000,0.000000
3428,2015,5,23,20,0.000000,0.000000,0.000000,0.000000,0.000000,0.000000
3429,2015,5,23,21,0.000000,0.000000,0.000000,0.000000,0.000000,0.000000
3430,2015,5,23,22,0.000000,0.000000,0.000000,0.000000,0.000000,0.000000
3431,2015,5,23,23,0.000000,0.000000,0.000000,0.000000,0.000000,0.000000
3432,2015,5,23,24,0.000000,0.000000,0.000000,0.000000,0.000000,0.000000
3433,2015,5,24,1,0.000000,0.000000,0.000000,0.000000,0.000000,0.000000
3434,2015,5,24,2,0.000000,0.000000,0.000000,0.000000,0.000000,0.000000
3435,2015,5,24,3,0.000000,0.000000,0.000000,0.000000,0.000000,0.000000
3436,2015,5,24,4,0.000000,0.000000,0.000000,0.000000,0.000000,0.000000
3437,2015,5,24,5,0.000000,0.000000,0.000000,0.000000,0.000000,0.000000
3438,2015,5,24,6,0.000000,0.000000,0.000000,0.000000,0.000000,0.000000
3439,2015,5,24,7,0.000000,0.000000,0.000000,0.000000,0.000000,0.000000
3440,2015,5,24,8,0.000000,0.000000,0.000000,0.000000,4.000000,1.750000
3441,2015,5,24,9,0.000000,0.000000,0.000000,0.000000,21.600000,9.450000
3442,2015,5,24,10,0.000000,0.000000,0.000000,0.000000,38.400000,16.800000
3443,2015,5,24,11,0.000000,0.000000,0.000000,0.000000,51.200000,22.400000
3444,2015,5,24,12,0.000000,0.000000,0.000000,0.000000,60.000000,26.250000
3445,2015,5,24,13,0.000000,0.000000,0.000000,0.000000,64.000000,28.000000
3446,2015,5,24,14,0.000000,0.000000,0.000000,0.000000,63.200000,27.650000
3447,2015,5,24,15,0.000000,0.000000,0.000000,0.000000,57.600000,25.200000
3448,2015,5,24,16,0.000000,0.000000,0.000000,0.000000,47.200000,20.650000
3449,2015,5,24,17,0.000000,0.000000,0.000000,0.000000,32.800000,14.350000
3450,2015,5,24,18,0.000000,0.000000,0.000000,0.000000,16.000000,7.000000
3451,2015,5,24,19,0.000000,0.000000,0.000000,0.000000,0.000000,0.000000
3452,2015,5,24,20,0.000000,0.000000,0.000000,0.000000,0.000000,0.000000
3453,2015,5,24,21,0.000000,0.000000,0.000000,0.000000,0.000000,0.000000
3454,2015,5,24,22,0.000000,0.000000,0.000000,0.000000,0.000000,0.000000
3455,2015,5,24,23,0.000000,0.000000,0.000000,0.000000,0.000000,0.000000
3456,2015,5,24,24,0.000000,0.000000,0.000000,0.000000,0.000000,0.000000
3457,2015,5,25,1,0.000000,0.000000,0.000000,0.000000,0.000000,0.000000
3458,2015,5,25,2,0.000000,0.000000,0.000000,0.000000,0.000000,0.000000
3459,2015,5,25,3,0.000000,0.000000,0.000000,0.000000,0.000000,0.000000
3460,2015,5,25,4,0.000000,0.000000,0.000000,0.000000,0.000000,0.000000
3461,2015,5,25,5,0.000000,0.000000,0.000000,0.000000,0.000000,0.000000
3462,2015,5,25,6,0.000000,0.000000,0.000000,0.000000,0.000000,0.000000
3463,2015,5,25,7,0.000000,0.000000,0.000000,0.000000,0.000000,0.000000
3464,2015,5,25,8,0.000000,0.000000,0.000000,0.000000,4.000000,1.750000
3465,2015,5,25,9,0.000000,0.000000,0.000000,0.000000,21.600000,9.450000
3466,2015,5,25,10,0.000000,0.000000,0.000000,0.000000,38.400000,16.800000
3467,2015,5,25,11,0.000000,0.000000,0.000000,0.000000,51.200000,22.400000
3468,2015,5,25,12,0.000000,0.000000,0.000000,0.000000,60.000000,26.250000
3469,2015,5,25,13,0.000000,0.000000,0.000000,0.000000,64.000000,28.000000
3470,2015,5,25,14,0.000000,0.000000,0.000000,0.000000,63.200000,27.650000
3471,2015,5,25,15,0.000000,0.000000,0.000000,0.000000,57.600000,25.200000
3472,2015,5,25,16,0.000000,0.000000,0.000000,0.000000,47.200000,20.650000
3473,2015,5,25,17,0.000000,0.000000,0.000000,0.000000,32.800000,14.350000
3474,2015,5,25,18,0.000000,0.000000,0.000000,0.000000,16.000000,7.000000
3475,2015,5,25,19,0.000000,0.000000,0.000000,0.000000,0.000000,0.000000
3476,2015,5,25,20,0.000000,0.000000,0.000000,0.000000,0.000000,0.000000
3477,2015,5,25,21,0.000000,0.000000,0.000000,0.000000,0.000000,0.000000
3478,2015,5,25,22,0.000000,0.000000,0.000000,0.000000,0.000000,0.000000
3479,2015,5,25,23,0.000000,0.000000,0.000000,0.000000,0.000000,0.000000
3480,2015,5,25,24,0.000000,0.000000,0.000000,0.000000,0.000000,0.000000
3481,2015,5,26,1,0.000000,0.000000,0.000000,0.000000,0.000000,0.000000
3482,2015,5,26,2,0.000000,0.000000,0.000000,0.000000,0.000000,0.000000
3483,2015,5,26,3,0.000000,0.000000,0.000000,0.000000,0.000000,0.000000
3484,2015,5,26,4,0.000000,0.000000,0.000000,0.000000,0.000000,0.000000
3485,2015,5,26,5,0.000000,0.000000,0.000000,0.000000,0.000000,0.000000
3486,2015,5,26,6,0.000000,0.000000,0.000000,0.000000,0.000000,0.000000
3487,2015,5,26,7,0.000000,0.000000,0.000000,0.000000,0.000000,0.000000
3488,2015,5,26,8,0.000000,0.000000,0.000000,0.000000,4.000000,1.750000
3489,2015,5,26,9,0.000000,0.000000,0.000000,0.000000,21.600000,9.450000
3490,2015,5,26,10,0.000000,0.000000,0.000000,0.000000,38.400000,16.800000
3491,2015,5,26,11,0.000000,0.000000,0.000000,0.000000,51.200000,22.400000
3492,2015,5,26,12,0.000000,0.000000,0.000000,0.000000,60.000000,26.250000
3493,2015,5,26,13,0.000000,0.000000,0.000000,0.000000,64.000000,28.000000
3494,2015,5,26,14,0.000000,0.000000,0.000000,0.000000,63.200000,27.650000
3495,2015,5,26,15,0.000000,0.000000,0.000000,0.000000,57.600000,25.200000
3496,2015,5,26,16,0.000000,0.000000,0.000000,0.000000,47.200000,20.650000
3497,2015,5,26,17,0.000000,0.000000,0.000000,0.000000,32.800000,14.350000
3498,2015,5,26,18,0.000000,0.000000,0.000000,0.000000,16.000000,7.000000
3499,2015,5,26,19,0.000000,0.000000,0.000000,0.000000,0.000000,0.000000
3500,2015,5,26,20,0.000000,0.000000,0.000000,0.000000,0.000000,0.000000
3501,2015,5,26,21,0.000000,0.000000,0.000000,0.000000,0.000000,0.000000
3502,2015,5,26,22,0.000000,0.000000,0.000000,0.000000,0.000000,0.000000
3503,2015,5,26,23,0.000000,0.000000,0.000000,0.000000,0.000000,0.000000
3504,2015,5,26,24,0.000000,0.000000,0.000000,0.000000,0.000000,0.000000
3505,2015,5,27,1,0.000000,0.000000,0.000000,0.000000,0.000000,0.000000
3506,2015,5,27,2,0.000000,0.000000,0.000000,0.000000,0.000000,0.000000
3507,2015,5,27,3,0.000000,0.000000,0.000000,0.000000,0.000000,0.000000
3508,2015,5,27,4,0.000000,0.000000,0.000000,0.000000,0.000000,0.000000
3509,2015,5,27,5,0.000000,0.000000,0.000000,0.000000,0.000000,0.000000
3510,2015,5,27,6,0.000000,0.000000,0.000000,0.000000,0.000000,0.000000
3511,2015,5,27,7,0.000000,0.000000,0.000000,0.000000,0.000000,0.000000
3512,2015,5,27,8,0.000000,0.000000,0.000000,0.000000,4.000000,1.750000
3513,2015,5,27,9,0.000000,0.000000,0.000000,0.000000,21.600000,9.450000
3514,2015,5,27,10,0.000000,0.000000,0.000000,0.000000,38.400000,16.800000
3515,2015,5,27,11,0.000000,0.000000,0.000000,0.000000,51.200000,22.400000
3516,2015,5,27,12,0.000000,0.000000,0.000000,0.000000,60.000000,26.250000
3517,2015,5,27,13,0.000000,0.000000,0.000000,0.000000,64.000000,28.000000
3518,2015,5,27,14,0.000000,0.000000,0.000000,0.000000,63.200000,27.650000
3519,2015,5,27,15,0.000000,0.000000,0.000000,0.000000,57.600000,25.200000
3520,2015,5,27,16,0.000000,0.000000,0.000000,0.000000,47.200000,20.650000
3521,2015,5,27,17,0.000000,0.000000,0.000000,0.000000,32.800000,14.350000
3522,2015,5,27,18,0.000000,0.000000,0.000000,0.000000,16.000000,7.000000
3523,2015,5,27,19,0.000000,0.000000,0.000000,0.000000,0.000000,0.000000
3524,2015,5,27,20,0.000000,0.000000,0.000000,0.000000,0.000000,0.000000
3525,2015,5,27,21,0.000000,0.000000,0.000000,0.000000,0.000000,0.000000
3526,2015,5,27,22,0.000000,0.000000,0.000000,0.000000,0.000000,0.000000
3527,2015,5,27,23,0.000000,0.000000,0.000000,0.000000,0.000000,0.000000
3528,2015,5,27,24,0.000000,0.000000,0.000000,0.000000,0.000000,0.000000
3529,2015,5,28,1,0.000000,0.000000,0.000000,0.000000,0.000000,0.000000
3530,2015,5,28,2,0.000000,0.000000,0.000000,0.000000,0.000000,0.000000
3531,2015,5,28,3,0.000000,0.000000,0.000000,0.000000,0.000000,0.000000
3532,2015,5,28,4,0.000000,0.000000,0.000000,0.000000,0.000000,0.000000
3533,2015,5,28,5,0.000000,0.000000,0.000000,0.000000,0.000000,0.000000
3534,2015,5,28,6,0.000000,0.000000,0.000000,0.000000,0.000000,0.000000
3535,2015,5,28,7,0.000000,0.000000,0.000000,0.000000,0.000000,0.000000
3536,2015,5,28,8,0.000000,0.000000,0.000000,0.000000,4.000000,1.750000
3537,2015,5,28,9,0.000000,0.000000,0.000000,0.000000,21.600000,9.450000
3538,2015,5,28,10,0.000000,0.000000,0.000000,0.000000,38.400000,16.800000
3539,2015,5,28,11,0.000000,0.000000,0.000000,0.000000,51.200000,22.400000
3540,2015,5,28,12,0.000000,0.000000,0.000000,0.000000,60.000000,26.250000
3541,2015,5,28,13,0.000000,0.000000,0.000000,0.000000,64.000000,28.000000
3542,2015,5,28,14,0.000000,0.000000,0.000000,0.000000,63.200000,27.650000
3543,2015,5,28,15,0.000000,0.000000,0.000000,0.000000,57.600000,25.200000
3544,2015,5,28,16,0.000000,0.000000,0.000000,0.000000,47.200000,20.650000
3545,2015,5,28,17,0.000000,0.000000,0.000000,0.000000,32.800000,14.350000
3546,2015,5,28,18,0.000000,0.000000,0.000000,0.000000,16.000000,7.000000
3547,2015,5,28,19,0.000000,0.000000,0.000000,0.000000,0.000000,0.000000
3548,2015,5,28,20,0.000000,0.000000,0.000000,0.000000,0.000000,0.000000
3549,2015,5,28,21,0.000000,0.000000,0.000000,0.000000,0.000000,0.000000
3550,2015,5,28,22,0.000000,0.000000,0.000000,0.000000,0.000000,0.000000
3551,2015,5,28,23,0.000000,0.000000,0.000000,0.000000,0.000000,0.000000
3552,2015,5,28,24,0.000000,0.000000,0.000000,0.000000,0.000000,0.000000
3553,2015,5,29,1,0.000000,0.000000,0.000000,0.000000,0.000000,0.000000
3554,2015,5,29,2,0.000000,0.000000,0.000000,0.000000,0.000000,0.000000
3555,2015,5,29,3,0.000000,0.000000,0.000000,0.000000,0.000000,0.000000
3556,2015,5,29,4,0.000000,0.000000,0.000000,0.000000,0.000000,0.000000
3557,2015,5,29,5,0.000000,0.000000,0.000000,0.000000,0.000000,0.000000
3558,2015,5,29,6,0.000000,0.000000,0.000000,0.000000,0.000000,0.000000
3559,2015,5,29,7,0.000000,0.000000,0.000000,0.000000,0.000000,0.000000
3560,2015,5,29,8,0.000000,0.000000,0.000000,0.000000,4.000000,1.750000
3561,2015,5,29,9,0.000000,0.000000,0.000000,0.000000,21.600000,9.450000
3562,2015,5,29,10,0.000000,0.000000,0.000000,0.000000,38.400000,16.800000
3563,2015,5,29,11,0.000000,0.000000,0.000000,0.000000,51.200000,22.400000
3564,2015,5,29,12,0.000000,0.000000,0.000000,0.000000,60.000000,26.250000
3565,2015,5,29,13,0.000000,0.000000,0.000000,0.000000,64.000000,28.000000
3566,2015,5,29,14,0.000000,0.000000,0.000000,0.000000,63.200000,27.650000
3567,2015,5,29,15,0.000000,0.000000,0.000000,0.000000,57.600000,25.200000
3568,2015,5,29,16,0.000000,0.000000,0.000000,0.000000,47.200000,20.650000
3569,2015,5,29,17,0.000000,0.000000,0.000000,0.000000,32.800000,14.350000
3570,2015,5,29,18,0.000000,0.000000,0.000000,0.000000,16.000000,7.000000
3571,2015,5,29,19,0.000000,0.000000,0.000000,0.000000,0.000000,0.000000
3572,2015,5,29,20,0.000000,0.000000,0.000000,0.000000,0.000000,0.000000
3573,2015,5,29,21,0.000000,0.000000,0.000000,0.000000,0.000000,0.000000
3574,2015,5,29,22,0.000000,0.000000,0.000000,0.000000,0.000000,0.000000
3575,2015,5,29,23,0.000000,0.000000,0.000000,0.000000,0.000000,0.000000
3576,2015,5,29,24,0.000000,0.000000,0.000000,0.000000,0.000000,0.000000
3577,2015,5,30,1,0.000000,0.000000,0.000000,0.000000,0.000000,0.000000
3578,2015,5,30,2,0.000000,0.000000,0.000000,0.000000,0.000000,0.000000
3579,2015,5,30,3,0.000000,0.000000,0.000000,0.000000,0.000000,0.000000
3580,2015,5,30,4,0.000000,0.000000,0.000000,0.000000,0.000000,0.000000
3581,2015,5,30,5,0.000000,0.000000,0.000000,0.000000,0.000000,0.000000
3582,2015,5,30,6,0.000000,0.000000,0.000000,0.000000,0.000000,0.000000
3583,2015,5,30,7,0.000000,0.000000,0.000000,0.000000,0.000000,0.000000
3584,2015,5,30,8,0.000000,0.000000,0.000000,0.000000,4.000000,1.750000
3585,2015,5,30,9,0.000000,0.000000,0.000000,0.000000,21.600000,9.450000
3586,2015,5,30,10,0.000000,0.000000,0.000000,0.000000,38.400000,16.800000
3587,2015,5,30,11,0.000000,0.000000,0.000000,0.000000,51.200000,22.400000
3588,2015,5,30,12,0.000000,0.000000,0.000000,0.000000,60.000000,26.250000
3589,2015,5,30,13,0.000000,0.000000,0.000000,0.000000,64.000000,28.000000
3590,2015,5,30,14,0.000000,0.000000,0.000000,0.000000,63.200000,27.650000
3591,2015,5,30,15,0.000000,0.000000,0.000000,0.000000,57.600000,25.200000
3592,2015,5,30,16,0.000000,0.000000,0.000000,0.000000,47.200000,20.650000
3593,2015,5,30,17,0.000000,0.000000,0.000000,0.000000,32.800000,14.350000
3594,2015,5,30,18,0.000000,0.000000,0.000000,0.000000,16.000000,7.000000
3595,2015,5,30,19,0.000000,0.000000,0.000000,0.000000,0.000000,0.000000
3596,2015,5,30,20,0.000000,0.000000,0.000000,0.000000,0.000000,0.000000
3597,2015,5,30,21,0.000000,0.000000,0.000000,0.000000,0.000000,0.000000
3598,2015,5,30,22,0.000000,0.000000,0.000000,0.000000,0.000000,0.000000
3599,2015,5,30,23,0.000000,0.000000,0.000000,0.000000,0.000000,0.000000
3600,2015,5,30,24,0.000000,0.000000,0.000000,0.000000,0.000000,0.000000
3601,2015,5,31,1,0.000000,0.000000,0.000000,0.000000,0.000000,0.000000
3602,2015,5,31,2,0.000000,0.000000,0.000000,0.000000,0.000000,0.000000
3603,2015,5,31,3,0.000000,0.000000,0.000000,0.000000,0.000000,0.000000
3604,2015,5,31,4,0.000000,0.000000,0.000000,0.000000,0.000000,0.000000
3605,2015,5,31,5,0.000000,0.000000,0.000000,0.000000,0.000000,0.000000
3606,2015,5,31,6,0.000000,0.000000,0.000000,0.000000,0.000000,0.000000
3607,2015,5,31,7,0.000000,0.000000,0.000000,0.000000,0.000000,0.000000
3608,2015,5,31,8,0.000000,0.000000,0.000000,0.000000,4.000000,1.750000
3609,2015,5,31,9,0.000000,0.000000,0.000000,0.000000,21.600000,9.450000
3610,2015,5,31,10,0.000000,0.000000,0.000000,0.000000,38.400000,16.800000
3611,2015,5,31,11,0.000000,0.000000,0.000000,0.000000,51.200000,22.400000
3612,2015,5,31,12,0.000000,0.000000,0.000000,0.000000,60.000000,26.250000
3613,2015,5,31,13,0.000000,0.000000,0.000000,0.000000,64.000000,28.000000
3614,2015,5,31,14,0.000000,0.000000,0.000000,0.000000,63.200000,27.650000
3615,2015,5,31,15,0.000000,0.000000,0.000000,0.000000,57.600000,25.200000
3616,2015,5,31,16,0.000000,0.000000,0.000000,0.000000,47.200000,20.650000
3617,2015,5,31,17,0.000000,0.000000,0.000000,0.000000,32.800000,14.350000
3618,2015,5,31,18,0.000000,0.000000,0.000000,0.000000,16.000000,7.000000
3619,2015,5,31,19,0.000000,0.000000,0.000000,0.000000,0.000000,0.000000
3620,2015,5,31,20,0.000000,0.000000,0.000000,0.000000,0.000000,0.000000
3621,2015,5,31,21,0.000000,0.000000,0.000000,0.000000,0.000000,0.000000
3622,2015,5,31,22,0.000000,0.000000,0.000000,0.000000,0.000000,0.000000
3623,2015,5,31,23,0.000000,0.000000,0.000000,0.000000,0.000000,0.000000
3624,2015,5,31,24,0.000000,0.000000,0.000000,0.000000,0.000000,0.000000
3625,2015,6,1,1,0.000000,0.000000,0.000000,0.000000,0.000000,0.000000
3626,2015,6,1,2,0.000000,0.000000,0.000000,0.000000,0.000000,0.000000
3627,2015,6,1,3,0.000000,0.000000,0.000000,0.000000,0.000000,0.000000
3628,2015,6,1,4,0.000000,0.000000,0.000000,0.000000,0.000000,0.000000
3629,2015,6,1,5,0.000000,0.000000,0.000000,0.000000,0.000000,0.000000
3630,2015,6,1,6,0.000000,0.000000,0.000000,0.000000,0.000000,0.000000
3631,2015,6,1,7,0.000000,0.000000,0.000000,0.000000,0.000000,0.000000
3632,2015,6,1,8,0.000000,0.000000,0.000000,0.000000,3.200000,1.400000
3633,2015,6,1,9,0.000000,0.000000,0.000000,0.000000,21.600000,9.450000
3634,2015,6,1,10,0.000000,0.000000,0.000000,0.000000,36.800000,16.100000
3635,2015,6,1,11,0.000000,0.000000,0.000000,0.000000,49.600000,21.700000
3636,2015,6,1,12,0.000000,0.000000,0.000000,0.000000,57.600000,25.200000
3637,2015,6,1,13,0.000000,0.000000,0.000000,0.000000,61.600000,26.950000
3638,2015,6,1,14,0.000000,0.000000,0.000000,0.000000,60.800000,26.600000
3639,2015,6,1,15,0.000000,0.000000,0.000000,0.000000,54.400000,23.800000
3640,2015,6,1,16,0.000000,0.000000,0.000000,0.000000,43.200000,18.900000
3641,2015,6,1,17,0.000000,0.000000,0.000000,0.000000,29.600000,12.950000
3642,2015,6,1,18,0.000000,0.000000,0.000000,0.000000,12.800000,5.600000
3643,2015,6,1,19,0.000000,0.000000,0.000000,0.000000,0.000000,0.000000
3644,2015,6,1,20,0.000000,0.000000,0.000000,0.000000,0.000000,0.000000
3645,2015,6,1,21,0.000000,0.000000,0.000000,0.000000,0.000000,0.000000
3646,2015,6,1,22,0.000000,0.000000,0.000000,0.000000,0.000000,0.000000
3647,2015,6,1,23,0.000000,0.000000,0.000000,0.000000,0.000000,0.000000
3648,2015,6,1,24,0.000000,0.000000,0.000000,0.000000,0.000000,0.000000
3649,2015,6,2,1,0.000000,0.000000,0.000000,0.000000,0.000000,0.000000
3650,2015,6,2,2,0.000000,0.000000,0.000000,0.000000,0.000000,0.000000
3651,2015,6,2,3,0.000000,0.000000,0.000000,0.000000,0.000000,0.000000
3652,2015,6,2,4,0.000000,0.000000,0.000000,0.000000,0.000000,0.000000
3653,2015,6,2,5,0.000000,0.000000,0.000000,0.000000,0.000000,0.000000
3654,2015,6,2,6,0.000000,0.000000,0.000000,0.000000,0.000000,0.000000
3655,2015,6,2,7,0.000000,0.000000,0.000000,0.000000,0.000000,0.000000
3656,2015,6,2,8,0.000000,0.000000,0.000000,0.000000,3.200000,1.400000
3657,2015,6,2,9,0.000000,0.000000,0.000000,0.000000,21.600000,9.450000
3658,2015,6,2,10,0.000000,0.000000,0.000000,0.000000,36.800000,16.100000
3659,2015,6,2,11,0.000000,0.000000,0.000000,0.000000,49.600000,21.700000
3660,2015,6,2,12,0.000000,0.000000,0.000000,0.000000,57.600000,25.200000
3661,2015,6,2,13,0.000000,0.000000,0.000000,0.000000,61.600000,26.950000
3662,2015,6,2,14,0.000000,0.000000,0.000000,0.000000,60.800000,26.600000
3663,2015,6,2,15,0.000000,0.000000,0.000000,0.000000,54.400000,23.800000
3664,2015,6,2,16,0.000000,0.000000,0.000000,0.000000,43.200000,18.900000
3665,2015,6,2,17,0.000000,0.000000,0.000000,0.000000,29.600000,12.950000
3666,2015,6,2,18,0.000000,0.000000,0.000000,0.000000,12.800000,5.600000
3667,2015,6,2,19,0.000000,0.000000,0.000000,0.000000,0.000000,0.000000
3668,2015,6,2,20,0.000000,0.000000,0.000000,0.000000,0.000000,0.000000
3669,2015,6,2,21,0.000000,0.000000,0.000000,0.000000,0.000000,0.000000
3670,2015,6,2,22,0.000000,0.000000,0.000000,0.000000,0.000000,0.000000
3671,2015,6,2,23,0.000000,0.000000,0.000000,0.000000,0.000000,0.000000
3672,2015,6,2,24,0.000000,0.000000,0.000000,0.000000,0.000000,0.000000
3673,2015,6,3,1,0.000000,0.000000,0.000000,0.000000,0.000000,0.000000
3674,2015,6,3,2,0.000000,0.000000,0.000000,0.000000,0.000000,0.000000
3675,2015,6,3,3,0.000000,0.000000,0.000000,0.000000,0.000000,0.000000
3676,2015,6,3,4,0.000000,0.000000,0.000000,0.000000,0.000000,0.000000
3677,2015,6,3,5,0.000000,0.000000,0.000000,0.000000,0.000000,0.000000
3678,2015,6,3,6,0.000000,0.000000,0.000000,0.000000,0.000000,0.000000
3679,2015,6,3,7,0.000000,0.000000,0.000000,0.000000,0.000000,0.000000
3680,2015,6,3,8,0.000000,0.000000,0.000000,0.000000,3.200000,1.400000
3681,2015,6,3,9,0.000000,0.000000,0.000000,0.000000,21.600000,9.450000
3682,2015,6,3,10,0.000000,0.000000,0.000000,0.000000,36.800000,16.100000
3683,2015,6,3,11,0.000000,0.000000,0.000000,0.000000,49.600000,21.700000
3684,2015,6,3,12,0.000000,0.000000,0.000000,0.000000,57.600000,25.200000
3685,2015,6,3,13,0.000000,0.000000,0.000000,0.000000,61.600000,26.950000
3686,2015,6,3,14,0.000000,0.000000,0.000000,0.000000,60.800000,26.600000
3687,2015,6,3,15,0.000000,0.000000,0.000000,0.000000,54.400000,23.800000
3688,2015,6,3,16,0.000000,0.000000,0.000000,0.000000,43.200000,18.900000
3689,2015,6,3,17,0.000000,0.000000,0.000000,0.000000,29.600000,12.950000
3690,2015,6,3,18,0.000000,0.000000,0.000000,0.000000,12.800000,5.600000
3691,2015,6,3,19,0.000000,0.000000,0.000000,0.000000,0.000000,0.000000
3692,2015,6,3,20,0.000000,0.000000,0.000000,0.000000,0.000000,0.000000
3693,2015,6,3,21,0.000000,0.000000,0.000000,0.000000,0.000000,0.000000
3694,2015,6,3,22,0.000000,0.000000,0.000000,0.000000,0.000000,0.000000
3695,2015,6,3,23,0.000000,0.000000,0.000000,0.000000,0.000000,0.000000
3696,2015,6,3,24,0.000000,0.000000,0.000000,0.000000,0.000000,0.000000
3697,2015,6,4,1,0.000000,0.000000,0.000000,0.000000,0.000000,0.000000
3698,2015,6,4,2,0.000000,0.000000,0.000000,0.000000,0.000000,0.000000
3699,2015,6,4,3,0.000000,0.000000,0.000000,0.000000,0.000000,0.000000
3700,2015,6,4,4,0.000000,0.000000,0.000000,0.000000,0.000000,0.000000
3701,2015,6,4,5,0.000000,0.000000,0.000000,0.000000,0.000000,0.000000
3702,2015,6,4,6,0.000000,0.000000,0.000000,0.000000,0.000000,0.000000
3703,2015,6,4,7,0.000000,0.000000,0.000000,0.000000,0.000000,0.000000
3704,2015,6,4,8,0.000000,0.000000,0.000000,0.000000,3.200000,1.400000
3705,2015,6,4,9,0.000000,0.000000,0.000000,0.000000,21.600000,9.450000
3706,2015,6,4,10,0.000000,0.000000,0.000000,0.000000,36.800000,16.100000
3707,2015,6,4,11,0.000000,0.000000,0.000000,0.000000,49.600000,21.700000
3708,2015,6,4,12,0.000000,0.000000,0.000000,0.000000,57.600000,25.200000
3709,2015,6,4,13,0.000000,0.000000,0.000000,0.000000,61.600000,26.950000
3710,2015,6,4,14,0.000000,0.000000,0.000000,0.000000,60.800000,26.600000
3711,2015,6,4,15,0.000000,0.000000,0.000000,0.000000,54.400000,23.800000
3712,2015,6,4,16,0.000000,0.000000,0.000000,0.000000,43.200000,18.900000
3713,2015,6,4,17,0.000000,0.000000,0.000000,0.000000,29.600000,12.950000
3714,2015,6,4,18,0.000000,0.000000,0.000000,0.000000,12.800000,5.600000
3715,2015,6,4,19,0.000000,0.000000,0.000000,0.000000,0.000000,0.000000
3716,2015,6,4,20,0.000000,0.000000,0.000000,0.000000,0.000000,0.000000
3717,2015,6,4,21,0.000000,0.000000,0.000000,0.000000,0.000000,0.000000
3718,2015,6,4,22,0.000000,0.000000,0.000000,0.000000,0.000000,0.000000
3719,2015,6,4,23,0.000000,0.000000,0.000000,0.000000,0.000000,0.000000
3720,2015,6,4,24,0.000000,0.000000,0.000000,0.000000,0.000000,0.000000
3721,2015,6,5,1,0.000000,0.000000,0.000000,0.000000,0.000000,0.000000
3722,2015,6,5,2,0.000000,0.000000,0.000000,0.000000,0.000000,0.000000
3723,2015,6,5,3,0.000000,0.000000,0.000000,0.000000,0.000000,0.000000
3724,2015,6,5,4,0.000000,0.000000,0.000000,0.000000,0.000000,0.000000
3725,2015,6,5,5,0.000000,0.000000,0.000000,0.000000,0.000000,0.000000
3726,2015,6,5,6,0.000000,0.000000,0.000000,0.000000,0.000000,0.000000
3727,2015,6,5,7,0.000000,0.000000,0.000000,0.000000,0.000000,0.000000
3728,2015,6,5,8,0.000000,0.000000,0.000000,0.000000,3.200000,1.400000
3729,2015,6,5,9,0.000000,0.000000,0.000000,0.000000,21.600000,9.450000
3730,2015,6,5,10,0.000000,0.000000,0.000000,0.000000,36.800000,16.100000
3731,2015,6,5,11,0.000000,0.000000,0.000000,0.000000,49.600000,21.700000
3732,2015,6,5,12,0.000000,0.000000,0.000000,0.000000,57.600000,25.200000
3733,2015,6,5,13,0.000000,0.000000,0.000000,0.000000,61.600000,26.950000
3734,2015,6,5,14,0.000000,0.000000,0.000000,0.000000,60.800000,26.600000
3735,2015,6,5,15,0.000000,0.000000,0.000000,0.000000,54.400000,23.800000
3736,2015,6,5,16,0.000000,0.000000,0.000000,0.000000,43.200000,18.900000
3737,2015,6,5,17,0.000000,0.000000,0.000000,0.000000,29.600000,12.950000
3738,2015,6,5,18,0.000000,0.000000,0.000000,0.000000,12.800000,5.600000
3739,2015,6,5,19,0.000000,0.000000,0.000000,0.000000,0.000000,0.000000
3740,2015,6,5,20,0.000000,0.000000,0.000000,0.000000,0.000000,0.000000
3741,2015,6,5,21,0.000000,0.000000,0.000000,0.000000,0.000000,0.000000
3742,2015,6,5,22,0.000000,0.000000,0.000000,0.000000,0.000000,0.000000
3743,2015,6,5,23,0.000000,0.000000,0.000000,0.000000,0.000000,0.000000
3744,2015,6,5,24,0.000000,0.000000,0.000000,0.000000,0.000000,0.000000
3745,2015,6,6,1,0.000000,0.000000,0.000000,0.000000,0.000000,0.000000
3746,2015,6,6,2,0.000000,0.000000,0.000000,0.000000,0.000000,0.000000
3747,2015,6,6,3,0.000000,0.000000,0.000000,0.000000,0.000000,0.000000
3748,2015,6,6,4,0.000000,0.000000,0.000000,0.000000,0.000000,0.000000
3749,2015,6,6,5,0.000000,0.000000,0.000000,0.000000,0.000000,0.000000
3750,2015,6,6,6,0.000000,0.000000,0.000000,0.000000,0.000000,0.000000
3751,2015,6,6,7,0.000000,0.000000,0.000000,0.000000,0.000000,0.000000
3752,2015,6,6,8,0.000000,0.000000,0.000000,0.000000,3.200000,1.400000
3753,2015,6,6,9,0.000000,0.000000,0.000000,0.000000,21.600000,9.450000
3754,2015,6,6,10,0.000000,0.000000,0.000000,0.000000,36.800000,16.100000
3755,2015,6,6,11,0.000000,0.000000,0.000000,0.000000,49.600000,21.700000
3756,2015,6,6,12,0.000000,0.000000,0.000000,0.000000,57.600000,25.200000
3757,2015,6,6,13,0.000000,0.000000,0.000000,0.000000,61.600000,26.950000
3758,2015,6,6,14,0.000000,0.000000,0.000000,0.000000,60.800000,26.600000
3759,2015,6,6,15,0.000000,0.000000,0.000000,0.000000,54.400000,23.800000
3760,2015,6,6,16,0.000000,0.000000,0.000000,0.000000,43.200000,18.900000
3761,2015,6,6,17,0.000000,0.000000,0.000000,0.000000,29.600000,12.950000
3762,2015,6,6,18,0.000000,0.000000,0.000000,0.000000,12.800000,5.600000
3763,2015,6,6,19,0.000000,0.000000,0.000000,0.000000,0.000000,0.000000
3764,2015,6,6,20,0.000000,0.000000,0.000000,0.000000,0.000000,0.000000
3765,2015,6,6,21,0.000000,0.000000,0.000000,0.000000,0.000000,0.000000
3766,2015,6,6,22,0.000000,0.000000,0.000000,0.000000,0.000000,0.000000
3767,2015,6,6,23,0.000000,0.000000,0.000000,0.000000,0.000000,0.000000
3768,2015,6,6,24,0.000000,0.000000,0.000000,0.000000,0.000000,0.000000
3769,2015,6,7,1,0.000000,0.000000,0.000000,0.000000,0.000000,0.000000
3770,2015,6,7,2,0.000000,0.000000,0.000000,0.000000,0.000000,0.000000
3771,2015,6,7,3,0.000000,0.000000,0.000000,0.000000,0.000000,0.000000
3772,2015,6,7,4,0.000000,0.000000,0.000000,0.000000,0.000000,0.000000
3773,2015,6,7,5,0.000000,0.000000,0.000000,0.000000,0.000000,0.000000
3774,2015,6,7,6,0.000000,0.000000,0.000000,0.000000,0.000000,0.000000
3775,2015,6,7,7,0.000000,0.000000,0.000000,0.000000,0.000000,0.000000
3776,2015,6,7,8,0.000000,0.000000,0.000000,0.000000,3.200000,1.400000
3777,2015,6,7,9,0.000000,0.000000,0.000000,0.000000,21.600000,9.450000
3778,2015,6,7,10,0.000000,0.000000,0.000000,0.000000,36.800000,16.100000
3779,2015,6,7,11,0.000000,0.000000,0.000000,0.000000,49.600000,21.700000
3780,2015,6,7,12,0.000000,0.000000,0.000000,0.000000,57.600000,25.200000
3781,2015,6,7,13,0.000000,0.000000,0.000000,0.000000,61.600000,26.950000
3782,2015,6,7,14,0.000000,0.000000,0.000000,0.000000,60.800000,26.600000
3783,2015,6,7,15,0.000000,0.000000,0.000000,0.000000,54.400000,23.800000
3784,2015,6,7,16,0.000000,0.000000,0.000000,0.000000,43.200000,18.900000
3785,2015,6,7,17,0.000000,0.000000,0.000000,0.000000,29.600000,12.950000
3786,2015,6,7,18,0.000000,0.000000,0.000000,0.000000,12.800000,5.600000
3787,2015,6,7,19,0.000000,0.000000,0.000000,0.000000,0.000000,0.000000
3788,2015,6,7,20,0.000000,0.000000,0.000000,0.000000,0.000000,0.000000
3789,2015,6,7,21,0.000000,0.000000,0.000000,0.000000,0.000000,0.000000
3790,2015,6,7,22,0.000000,0.000000,0.000000,0.000000,0.000000,0.000000
3791,2015,6,7,23,0.000000,0.000000,0.000000,0.000000,0.000000,0.000000
3792,2015,6,7,24,0.000000,0.000000,0.000000,0.000000,0.000000,0.000000
3793,2015,6,8,1,0.000000,0.000000,0.000000,0.000000,0.000000,0.000000
3794,2015,6,8,2,0.000000,0.000000,0.000000,0.000000,0.000000,0.000000
3795,2015,6,8,3,0.000000,0.000000,0.000000,0.000000,0.000000,0.000000
3796,2015,6,8,4,0.000000,0.000000,0.000000,0.000000,0.000000,0.000000
3797,2015,6,8,5,0.000000,0.000000,0.000000,0.000000,0.000000,0.000000
3798,2015,6,8,6,0.000000,0.000000,0.000000,0.000000,0.000000,0.000000
3799,2015,6,8,7,0.000000,0.000000,0.000000,0.000000,0.000000,0.000000
3800,2015,6,8,8,0.000000,0.000000,0.000000,0.000000,3.200000,1.400000
3801,2015,6,8,9,0.000000,0.000000,0.000000,0.000000,21.600000,9.450000
3802,2015,6,8,10,0.000000,0.000000,0.000000,0.000000,36.800000,16.100000
3803,2015,6,8,11,0.000000,0.000000,0.000000,0.000000,49.600000,21.700000
3804,2015,6,8,12,0.000000,0.000000,0.000000,0.000000,57.600000,25.200000
3805,2015,6,8,13,0.000000,0.000000,0.000000,0.000000,61.600000,26.950000
3806,2015,6,8,14,0.000000,0.000000,0.000000,0.000000,60.800000,26.600000
3807,2015,6,8,15,0.000000,0.000000,0.000000,0.000000,54.400000,23.800000
3808,2015,6,8,16,0.000000,0.000000,0.000000,0.000000,43.200000,18.900000
3809,2015,6,8,17,0.000000,0.000000,0.000000,0.000000,29.600000,12.950000
3810,2015,6,8,18,0.000000,0.000000,0.000000,0.000000,12.800000,5.600000
3811,2015,6,8,19,0.000000,0.000000,0.000000,0.000000,0.000000,0.000000
3812,2015,6,8,20,0.000000,0.000000,0.000000,0.000000,0.000000,0.000000
3813,2015,6,8,21,0.000000,0.000000,0.000000,0.000000,0.000000,0.000000
3814,2015,6,8,22,0.000000,0.000000,0.000000,0.000000,0.000000,0.000000
3815,2015,6,8,23,0.000000,0.000000,0.000000,0.000000,0.000000,0.000000
3816,2015,6,8,24,0.000000,0.000000,0.000000,0.000000,0.000000,0.000000
3817,2015,6,9,1,0.000000,0.000000,0.000000,0.000000,0.000000,0.000000
3818,2015,6,9,2,0.000000,0.000000,0.000000,0.000000,0.000000,0.000000
3819,2015,6,9,3,0.000000,0.000000,0.000000,0.000000,0.000000,0.000000
3820,2015,6,9,4,0.000000,0.000000,0.000000,0.000000,0.000000,0.000000
3821,2015,6,9,5,0.000000,0.000000,0.000000,0.000000,0.000000,0.000000
3822,2015,6,9,6,0.000000,0.000000,0.000000,0.000000,0.000000,0.000000
3823,2015,6,9,7,0.000000,0.000000,0.000000,0.000000,0.000000,0.000000
3824,2015,6,9,8,0.000000,0.000000,0.000000,0.000000,3.200000,1.400000
3825,2015,6,9,9,0.000000,0.000000,0.000000,0.000000,21.600000,9.450000
3826,2015,6,9,10,0.000000,0.000000,0.000000,0.000000,36.800000,16.100000
3827,2015,6,9,11,0.000000,0.000000,0.000000,0.000000,49.600000,21.700000
3828,2015,6,9,12,0.000000,0.000000,0.000000,0.000000,57.600000,25.200000
3829,2015,6,9,13,0.000000,0.000000,0.000000,0.000000,61.600000,26.950000
3830,2015,6,9,14,0.000000,0.000000,0.000000,0.000000,60.800000,26.600000
3831,2015,6,9,15,0.000000,0.000000,0.000000,0.000000,54.400000,23.800000
3832,2015,6,9,16,0.000000,0.000000,0.000000,0.000000,43.200000,18.900000
3833,2015,6,9,17,0.000000,0.000000,0.000000,0.000000,29.600000,12.950000
3834,2015,6,9,18,0.000000,0.000000,0.000000,0.000000,12.800000,5.600000
3835,2015,6,9,19,0.000000,0.000000,0.000000,0.000000,0.000000,0.000000
3836,2015,6,9,20,0.000000,0.000000,0.000000,0.000000,0.000000,0.000000
3837,2015,6,9,21,0.000000,0.000000,0.000000,0.000000,0.000000,0.000000
3838,2015,6,9,22,0.000000,0.000000,0.000000,0.000000,0.000000,0.000000
3839,2015,6,9,23,0.000000,0.000000,0.000000,0.000000,0.000000,0.000000
3840,2015,6,9,24,0.000000,0.000000,0.000000,0.000000,0.000000,0.000000
3841,2015,6,10,1,0.000000,0.000000,0.000000,0.000000,0.000000,0.000000
3842,2015,6,10,2,0.000000,0.000000,0.000000,0.000000,0.000000,0.000000
3843,2015,6,10,3,0.000000,0.000000,0.000000,0.000000,0.000000,0.000000
3844,2015,6,10,4,0.000000,0.000000,0.000000,0.000000,0.000000,0.000000
3845,2015,6,10,5,0.000000,0.000000,0.000000,0.000000,0.000000,0.000000
3846,2015,6,10,6,0.000000,0.000000,0.000000,0.000000,0.000000,0.000000
3847,2015,6,10,7,0.000000,0.000000,0.000000,0.000000,0.000000,0.000000
3848,2015,6,10,8,0.000000,0.000000,0.000000,0.000000,3.200000,1.400000
3849,2015,6,10,9,0.000000,0.000000,0.000000,0.000000,21.600000,9.450000
3850,2015,6,10,10,0.000000,0.000000,0.000000,0.000000,36.800000,16.100000
3851,2015,6,10,11,0.000000,0.000000,0.000000,0.000000,49.600000,21.700000
3852,2015,6,10,12,0.000000,0.000000,0.000000,0.000000,57.600000,25.200000
3853,2015,6,10,13,0.000000,0.000000,0.000000,0.000000,61.600000,26.950000
3854,2015,6,10,14,0.000000,0.000000,0.000000,0.000000,60.800000,26.600000
3855,2015,6,10,15,0.000000,0.000000,0.000000,0.000000,54.400000,23.800000
3856,2015,6,10,16,0.000000,0.000000,0.000000,0.000000,43.200000,18.900000
3857,2015,6,10,17,0.000000,0.000000,0.000000,0.000000,29.600000,12.950000
3858,2015,6,10,18,0.000000,0.000000,0.000000,0.000000,12.800000,5.600000
3859,2015,6,10,19,0.000000,0.000000,0.000000,0.000000,0.000000,0.000000
3860,2015,6,10,20,0.000000,0.000000,0.000000,0.000000,0.000000,0.000000
3861,2015,6,10,21,0.000000,0.000000,0.000000,0.000000,0.000000,0.000000
3862,2015,6,10,22,0.000000,0.000000,0.000000,0.000000,0.000000,0.000000
3863,2015,6,10,23,0.000000,0.000000,0.000000,0.000000,0.000000,0.000000
3864,2015,6,10,24,0.000000,0.000000,0.000000,0.000000,0.000000,0.000000
3865,2015,6,11,1,0.000000,0.000000,0.000000,0.000000,0.000000,0.000000
3866,2015,6,11,2,0.000000,0.000000,0.000000,0.000000,0.000000,0.000000
3867,2015,6,11,3,0.000000,0.000000,0.000000,0.000000,0.000000,0.000000
3868,2015,6,11,4,0.000000,0.000000,0.000000,0.000000,0.000000,0.000000
3869,2015,6,11,5,0.000000,0.000000,0.000000,0.000000,0.000000,0.000000
3870,2015,6,11,6,0.000000,0.000000,0.000000,0.000000,0.000000,0.000000
3871,2015,6,11,7,0.000000,0.000000,0.000000,0.000000,0.000000,0.000000
3872,2015,6,11,8,0.000000,0.000000,0.000000,0.000000,3.200000,1.400000
3873,2015,6,11,9,0.000000,0.000000,0.000000,0.000000,21.600000,9.450000
3874,2015,6,11,10,0.000000,0.000000,0.000000,0.000000,36.800000,16.100000
3875,2015,6,11,11,0.000000,0.000000,0.000000,0.000000,49.600000,21.700000
3876,2015,6,11,12,0.000000,0.000000,0.000000,0.000000,57.600000,25.200000
3877,2015,6,11,13,0.000000,0.000000,0.000000,0.000000,61.600000,26.950000
3878,2015,6,11,14,0.000000,0.000000,0.000000,0.000000,60.800000,26.600000
3879,2015,6,11,15,0.000000,0.000000,0.000000,0.000000,54.400000,23.800000
3880,2015,6,11,16,0.000000,0.000000,0.000000,0.000000,43.200000,18.900000
3881,2015,6,11,17,0.000000,0.000000,0.000000,0.000000,29.600000,12.950000
3882,2015,6,11,18,0.000000,0.000000,0.000000,0.000000,12.800000,5.600000
3883,2015,6,11,19,0.000000,0.000000,0.000000,0.000000,0.000000,0.000000
3884,2015,6,11,20,0.000000,0.000000,0.000000,0.000000,0.000000,0.000000
3885,2015,6,11,21,0.000000,0.000000,0.000000,0.000000,0.000000,0.000000
3886,2015,6,11,22,0.000000,0.000000,0.000000,0.000000,0.000000,0.000000
3887,2015,6,11,23,0.000000,0.000000,0.000000,0.000000,0.000000,0.000000
3888,2015,6,11,24,0.000000,0.000000,0.000000,0.000000,0.000000,0.000000
3889,2015,6,12,1,0.000000,0.000000,0.000000,0.000000,0.000000,0.000000
3890,2015,6,12,2,0.000000,0.000000,0.000000,0.000000,0.000000,0.000000
3891,2015,6,12,3,0.000000,0.000000,0.000000,0.000000,0.000000,0.000000
3892,2015,6,12,4,0.000000,0.000000,0.000000,0.000000,0.000000,0.000000
3893,2015,6,12,5,0.000000,0.000000,0.000000,0.000000,0.000000,0.000000
3894,2015,6,12,6,0.000000,0.000000,0.000000,0.000000,0.000000,0.000000
3895,2015,6,12,7,0.000000,0.000000,0.000000,0.000000,0.000000,0.000000
3896,2015,6,12,8,0.000000,0.000000,0.000000,0.000000,3.200000,1.400000
3897,2015,6,12,9,0.000000,0.000000,0.000000,0.000000,21.600000,9.450000
3898,2015,6,12,10,0.000000,0.000000,0.000000,0.000000,36.800000,16.100000
3899,2015,6,12,11,0.000000,0.000000,0.000000,0.000000,49.600000,21.700000
3900,2015,6,12,12,0.000000,0.000000,0.000000,0.000000,57.600000,25.200000
3901,2015,6,12,13,0.000000,0.000000,0.000000,0.000000,61.600000,26.950000
3902,2015,6,12,14,0.000000,0.000000,0.000000,0.000000,60.800000,26.600000
3903,2015,6,12,15,0.000000,0.000000,0.000000,0.000000,54.400000,23.800000
3904,2015,6,12,16,0.000000,0.000000,0.000000,0.000000,43.200000,18.900000
3905,2015,6,12,17,0.000000,0.000000,0.000000,0.000000,29.600000,12.950000
3906,2015,6,12,18,0.000000,0.000000,0.000000,0.000000,12.800000,5.600000
3907,2015,6,12,19,0.000000,0.000000,0.000000,0.000000,0.000000,0.000000
3908,2015,6,12,20,0.000000,0.000000,0.000000,0.000000,0.000000,0.000000
3909,2015,6,12,21,0.000000,0.000000,0.000000,0.000000,0.000000,0.000000
3910,2015,6,12,22,0.000000,0.000000,0.000000,0.000000,0.000000,0.000000
3911,2015,6,12,23,0.000000,0.000000,0.000000,0.000000,0.000000,0.000000
3912,2015,6,12,24,0.000000,0.000000,0.000000,0.000000,0.000000,0.000000
3913,2015,6,13,1,0.000000,0.000000,0.000000,0.000000,0.000000,0.000000
3914,2015,6,13,2,0.000000,0.000000,0.000000,0.000000,0.000000,0.000000
3915,2015,6,13,3,0.000000,0.000000,0.000000,0.000000,0.000000,0.000000
3916,2015,6,13,4,0.000000,0.000000,0.000000,0.000000,0.000000,0.000000
3917,2015,6,13,5,0.000000,0.000000,0.000000,0.000000,0.000000,0.000000
3918,2015,6,13,6,0.000000,0.000000,0.000000,0.000000,0.000000,0.000000
3919,2015,6,13,7,0.000000,0.000000,0.000000,0.000000,0.000000,0.000000
3920,2015,6,13,8,0.000000,0.000000,0.000000,0.000000,3.200000,1.400000
3921,2015,6,13,9,0.000000,0.000000,0.000000,0.000000,21.600000,9.450000
3922,2015,6,13,10,0.000000,0.000000,0.000000,0.000000,36.800000,16.100000
3923,2015,6,13,11,0.000000,0.000000,0.000000,0.000000,49.600000,21.700000
3924,2015,6,13,12,0.000000,0.000000,0.000000,0.000000,57.600000,25.200000
3925,2015,6,13,13,0.000000,0.000000,0.000000,0.000000,61.600000,26.950000
3926,2015,6,13,14,0.000000,0.000000,0.000000,0.000000,60.800000,26.600000
3927,2015,6,13,15,0.000000,0.000000,0.000000,0.000000,54.400000,23.800000
3928,2015,6,13,16,0.000000,0.000000,0.000000,0.000000,43.200000,18.900000
3929,2015,6,13,17,0.000000,0.000000,0.000000,0.000000,29.600000,12.950000
3930,2015,6,13,18,0.000000,0.000000,0.000000,0.000000,12.800000,5.600000
3931,2015,6,13,19,0.000000,0.000000,0.000000,0.000000,0.000000,0.000000
3932,2015,6,13,20,0.000000,0.000000,0.000000,0.000000,0.000000,0.000000
3933,2015,6,13,21,0.000000,0.000000,0.000000,0.000000,0.000000,0.000000
3934,2015,6,13,22,0.000000,0.000000,0.000000,0.000000,0.000000,0.000000
3935,2015,6,13,23,0.000000,0.000000,0.000000,0.000000,0.000000,0.000000
3936,2015,6,13,24,0.000000,0.000000,0.000000,0.000000,0.000000,0.000000
3937,2015,6,14,1,0.000000,0.000000,0.000000,0.000000,0.000000,0.000000
3938,2015,6,14,2,0.000000,0.000000,0.000000,0.000000,0.000000,0.000000
3939,2015,6,14,3,0.000000,0.000000,0.000000,0.000000,0.000000,0.000000
3940,2015,6,14,4,0.000000,0.000000,0.000000,0.000000,0.000000,0.000000
3941,2015,6,14,5,0.000000,0.000000,0.000000,0.000000,0.000000,0.000000
3942,2015,6,14,6,0.000000,0.000000,0.000000,0.000000,0.000000,0.000000
3943,2015,6,14,7,0.000000,0.000000,0.000000,0.000000,0.000000,0.000000
3944,2015,6,14,8,0.000000,0.000000,0.000000,0.000000,3.200000,1.400000
3945,2015,6,14,9,0.000000,0.000000,0.000000,0.000000,21.600000,9.450000
3946,2015,6,14,10,0.000000,0.000000,0.000000,0.000000,36.800000,16.100000
3947,2015,6,14,11,0.000000,0.000000,0.000000,0.000000,49.600000,21.700000
3948,2015,6,14,12,0.000000,0.000000,0.000000,0.000000,57.600000,25.200000
3949,2015,6,14,13,0.000000,0.000000,0.000000,0.000000,61.600000,26.950000
3950,2015,6,14,14,0.000000,0.000000,0.000000,0.000000,60.800000,26.600000
3951,2015,6,14,15,0.000000,0.000000,0.000000,0.000000,54.400000,23.800000
3952,2015,6,14,16,0.000000,0.000000,0.000000,0.000000,43.200000,18.900000
3953,2015,6,14,17,0.000000,0.000000,0.000000,0.000000,29.600000,12.950000
3954,2015,6,14,18,0.000000,0.000000,0.000000,0.000000,12.800000,5.600000
3955,2015,6,14,19,0.000000,0.000000,0.000000,0.000000,0.000000,0.000000
3956,2015,6,14,20,0.000000,0.000000,0.000000,0.000000,0.000000,0.000000
3957,2015,6,14,21,0.000000,0.000000,0.000000,0.000000,0.000000,0.000000
3958,2015,6,14,22,0.000000,0.000000,0.000000,0.000000,0.000000,0.000000
3959,2015,6,14,23,0.000000,0.000000,0.000000,0.000000,0.000000,0.000000
3960,2015,6,14,24,0.000000,0.000000,0.000000,0.000000,0.000000,0.000000
3961,2015,6,15,1,0.000000,0.000000,0.000000,0.000000,0.000000,0.000000
3962,2015,6,15,2,0.000000,0.000000,0.000000,0.000000,0.000000,0.000000
3963,2015,6,15,3,0.000000,0.000000,0.000000,0.000000,0.000000,0.000000
3964,2015,6,15,4,0.000000,0.000000,0.000000,0.000000,0.000000,0.000000
3965,2015,6,15,5,0.000000,0.000000,0.000000,0.000000,0.000000,0.000000
3966,2015,6,15,6,0.000000,0.000000,0.000000,0.000000,0.000000,0.000000
3967,2015,6,15,7,0.000000,0.000000,0.000000,0.000000,0.000000,0.000000
3968,2015,6,15,8,0.000000,0.000000,0.000000,0.000000,3.200000,1.400000
3969,2015,6,15,9,0.000000,0.000000,0.000000,0.000000,21.600000,9.450000
3970,2015,6,15,10,0.000000,0.000000,0.000000,0.000000,36.800000,16.100000
3971,2015,6,15,11,0.000000,0.000000,0.000000,0.000000,49.600000,21.700000
3972,2015,6,15,12,0.000000,0.000000,0.000000,0.000000,57.600000,25.200000
3973,2015,6,15,13,0.000000,0.000000,0.000000,0.000000,61.600000,26.950000
3974,2015,6,15,14,0.000000,0.000000,0.000000,0.000000,60.800000,26.600000
3975,2015,6,15,15,0.000000,0.000000,0.000000,0.000000,54.400000,23.800000
3976,2015,6,15,16,0.000000,0.000000,0.000000,0.000000,43.200000,18.900000
3977,2015,6,15,17,0.000000,0.000000,0.000000,0.000000,29.600000,12.950000
3978,2015,6,15,18,0.000000,0.000000,0.000000,0.000000,12.800000,5.600000
3979,2015,6,15,19,0.000000,0.000000,0.000000,0.000000,0.000000,0.000000
3980,2015,6,15,20,0.000000,0.000000,0.000000,0.000000,0.000000,0.000000
3981,2015,6,15,21,0.000000,0.000000,0.000000,0.000000,0.000000,0.000000
3982,2015,6,15,22,0.000000,0.000000,0.000000,0.000000,0.000000,0.000000
3983,2015,6,15,23,0.000000,0.000000,0.000000,0.000000,0.000000,0.000000
3984,2015,6,15,24,0.000000,0.000000,0.000000,0.000000,0.000000,0.000000
3985,2015,6,16,1,0.000000,0.000000,0.000000,0.000000,0.000000,0.000000
3986,2015,6,16,2,0.000000,0.000000,0.000000,0.000000,0.000000,0.000000
3987,2015,6,16,3,0.000000,0.000000,0.000000,0.000000,0.000000,0.000000
3988,2015,6,16,4,0.000000,0.000000,0.000000,0.000000,0.000000,0.000000
3989,2015,6,16,5,0.000000,0.000000,0.000000,0.000000,0.000000,0.000000
3990,2015,6,16,6,0.000000,0.000000,0.000000,0.000000,0.000000,0.000000
3991,2015,6,16,7,0.000000,0.000000,0.000000,0.000000,0.000000,0.000000
3992,2015,6,16,8,0.000000,0.000000,0.000000,0.000000,3.200000,1.400000
3993,2015,6,16,9,0.000000,0.000000,0.000000,0.000000,21.600000,9.450000
3994,2015,6,16,10,0.000000,0.000000,0.000000,0.000000,36.800000,16.100000
3995,2015,6,16,11,0.000000,0.000000,0.000000,0.000000,49.600000,21.700000
3996,2015,6,16,12,0.000000,0.000000,0.000000,0.000000,57.600000,25.200000
3997,2015,6,16,13,0.000000,0.000000,0.000000,0.000000,61.600000,26.950000
3998,2015,6,16,14,0.000000,0.000000,0.000000,0.000000,60.800000,26.600000
3999,2015,6,16,15,0.000000,0.000000,0.000000,0.000000,54.400000,23.800000
4000,2015,6,16,16,0.000000,0.000000,0.000000,0.000000,43.200000,18.900000
4001,2015,6,16,17,0.000000,0.000000,0.000000,0.000000,29.600000,12.950000
4002,2015,6,16,18,0.000000,0.000000,0.000000,0.000000,12.800000,5.600000
4003,2015,6,16,19,0.000000,0.000000,0.000000,0.000000,0.000000,0.000000
4004,2015,6,16,20,0.000000,0.000000,0.000000,0.000000,0.000000,0.000000
4005,2015,6,16,21,0.000000,0.000000,0.000000,0.000000,0.000000,0.000000
4006,2015,6,16,22,0.000000,0.000000,0.000000,0.000000,0.000000,0.000000
4007,2015,6,16,23,0.000000,0.000000,0.000000,0.000000,0.000000,0.000000
4008,2015,6,16,24,0.000000,0.000000,0.000000,0.000000,0.000000,0.000000
4009,2015,6,17,1,0.000000,0.000000,0.000000,0.000000,0.000000,0.000000
4010,2015,6,17,2,0.000000,0.000000,0.000000,0.000000,0.000000,0.000000
4011,2015,6,17,3,0.000000,0.000000,0.000000,0.000000,0.000000,0.000000
4012,2015,6,17,4,0.000000,0.000000,0.000000,0.000000,0.000000,0.000000
4013,2015,6,17,5,0.000000,0.000000,0.000000,0.000000,0.000000,0.000000
4014,2015,6,17,6,0.000000,0.000000,0.000000,0.000000,0.000000,0.000000
4015,2015,6,17,7,0.000000,0.000000,0.000000,0.000000,0.000000,0.000000
4016,2015,6,17,8,0.000000,0.000000,0.000000,0.000000,3.200000,1.400000
4017,2015,6,17,9,0.000000,0.000000,0.000000,0.000000,21.600000,9.450000
4018,2015,6,17,10,0.000000,0.000000,0.000000,0.000000,36.800000,16.100000
4019,2015,6,17,11,0.000000,0.000000,0.000000,0.000000,49.600000,21.700000
4020,2015,6,17,12,0.000000,0.000000,0.000000,0.000000,57.600000,25.200000
4021,2015,6,17,13,0.000000,0.000000,0.000000,0.000000,61.600000,26.950000
4022,2015,6,17,14,0.000000,0.000000,0.000000,0.000000,60.800000,26.600000
4023,2015,6,17,15,0.000000,0.000000,0.000000,0.000000,54.400000,23.800000
4024,2015,6,17,16,0.000000,0.000000,0.000000,0.000000,43.200000,18.900000
4025,2015,6,17,17,0.000000,0.000000,0.000000,0.000000,29.600000,12.950000
4026,2015,6,17,18,0.000000,0.000000,0.000000,0.000000,12.800000,5.600000
4027,2015,6,17,19,0.000000,0.000000,0.000000,0.000000,0.000000,0.000000
4028,2015,6,17,20,0.000000,0.000000,0.000000,0.000000,0.000000,0.000000
4029,2015,6,17,21,0.000000,0.000000,0.000000,0.000000,0.000000,0.000000
4030,2015,6,17,22,0.000000,0.000000,0.000000,0.000000,0.000000,0.000000
4031,2015,6,17,23,0.000000,0.000000,0.000000,0.000000,0.000000,0.000000
4032,2015,6,17,24,0.000000,0.000000,0.000000,0.000000,0.000000,0.000000
4033,2015,6,18,1,0.000000,0.000000,0.000000,0.000000,0.000000,0.000000
4034,2015,6,18,2,0.000000,0.000000,0.000000,0.000000,0.000000,0.000000
4035,2015,6,18,3,0.000000,0.000000,0.000000,0.000000,0.000000,0.000000
4036,2015,6,18,4,0.000000,0.000000,0.000000,0.000000,0.000000,0.000000
4037,2015,6,18,5,0.000000,0.000000,0.000000,0.000000,0.000000,0.000000
4038,2015,6,18,6,0.000000,0.000000,0.000000,0.000000,0.000000,0.000000
4039,2015,6,18,7,0.000000,0.000000,0.000000,0.000000,0.000000,0.000000
4040,2015,6,18,8,0.000000,0.000000,0.000000,0.000000,3.200000,1.400000
4041,2015,6,18,9,0.000000,0.000000,0.000000,0.000000,21.600000,9.450000
4042,2015,6,18,10,0.000000,0.000000,0.000000,0.000000,36.800000,16.100000
4043,2015,6,18,11,0.000000,0.000000,0.000000,0.000000,49.600000,21.700000
4044,2015,6,18,12,0.000000,0.000000,0.000000,0.000000,57.600000,25.200000
4045,2015,6,18,13,0.000000,0.000000,0.000000,0.000000,61.600000,26.950000
4046,2015,6,18,14,0.000000,0.000000,0.000000,0.000000,60.800000,26.600000
4047,2015,6,18,15,0.000000,0.000000,0.000000,0.000000,54.400000,23.800000
4048,2015,6,18,16,0.000000,0.000000,0.000000,0.000000,43.200000,18.900000
4049,2015,6,18,17,0.000000,0.000000,0.000000,0.000000,29.600000,12.950000
4050,2015,6,18,18,0.000000,0.000000,0.000000,0.000000,12.800000,5.600000
4051,2015,6,18,19,0.000000,0.000000,0.000000,0.000000,0.000000,0.000000
4052,2015,6,18,20,0.000000,0.000000,0.000000,0.000000,0.000000,0.000000
4053,2015,6,18,21,0.000000,0.000000,0.000000,0.000000,0.000000,0.000000
4054,2015,6,18,22,0.000000,0.000000,0.000000,0.000000,0.000000,0.000000
4055,2015,6,18,23,0.000000,0.000000,0.000000,0.000000,0.000000,0.000000
4056,2015,6,18,24,0.000000,0.000000,0.000000,0.000000,0.000000,0.000000
4057,2015,6,19,1,0.000000,0.000000,0.000000,0.000000,0.000000,0.000000
4058,2015,6,19,2,0.000000,0.000000,0.000000,0.000000,0.000000,0.000000
4059,2015,6,19,3,0.000000,0.000000,0.000000,0.000000,0.000000,0.000000
4060,2015,6,19,4,0.000000,0.000000,0.000000,0.000000,0.000000,0.000000
4061,2015,6,19,5,0.000000,0.000000,0.000000,0.000000,0.000000,0.000000
4062,2015,6,19,6,0.000000,0.000000,0.000000,0.000000,0.000000,0.000000
4063,2015,6,19,7,0.000000,0.000000,0.000000,0.000000,0.000000,0.000000
4064,2015,6,19,8,0.000000,0.000000,0.000000,0.000000,3.200000,1.400000
4065,2015,6,19,9,0.000000,0.000000,0.000000,0.000000,21.600000,9.450000
4066,2015,6,19,10,0.000000,0.000000,0.000000,0.000000,36.800000,16.100000
4067,2015,6,19,11,0.000000,0.000000,0.000000,0.000000,49.600000,21.700000
4068,2015,6,19,12,0.000000,0.000000,0.000000,0.000000,57.600000,25.200000
4069,2015,6,19,13,0.000000,0.000000,0.000000,0.000000,61.600000,26.950000
4070,2015,6,19,14,0.000000,0.000000,0.000000,0.000000,60.800000,26.600000
4071,2015,6,19,15,0.000000,0.000000,0.000000,0.000000,54.400000,23.800000
4072,2015,6,19,16,0.000000,0.000000,0.000000,0.000000,43.200000,18.900000
4073,2015,6,19,17,0.000000,0.000000,0.000000,0.000000,29.600000,12.950000
4074,2015,6,19,18,0.000000,0.000000,0.000000,0.000000,12.800000,5.600000
4075,2015,6,19,19,0.000000,0.000000,0.000000,0.000000,0.000000,0.000000
4076,2015,6,19,20,0.000000,0.000000,0.000000,0.000000,0.000000,0.000000
4077,2015,6,19,21,0.000000,0.000000,0.000000,0.000000,0.000000,0.000000
4078,2015,6,19,22,0.000000,0.000000,0.000000,0.000000,0.000000,0.000000
4079,2015,6,19,23,0.000000,0.000000,0.000000,0.000000,0.000000,0.000000
4080,2015,6,19,24,0.000000,0.000000,0.000000,0.000000,0.000000,0.000000
4081,2015,6,20,1,0.000000,0.000000,0.000000,0.000000,0.000000,0.000000
4082,2015,6,20,2,0.000000,0.000000,0.000000,0.000000,0.000000,0.000000
4083,2015,6,20,3,0.000000,0.000000,0.000000,0.000000,0.000000,0.000000
4084,2015,6,20,4,0.000000,0.000000,0.000000,0.000000,0.000000,0.000000
4085,2015,6,20,5,0.000000,0.000000,0.000000,0.000000,0.000000,0.000000
4086,2015,6,20,6,0.000000,0.000000,0.000000,0.000000,0.000000,0.000000
4087,2015,6,20,7,0.000000,0.000000,0.000000,0.000000,0.000000,0.000000
4088,2015,6,20,8,0.000000,0.000000,0.000000,0.000000,3.200000,1.400000
4089,2015,6,20,9,0.000000,0.000000,0.000000,0.000000,21.600000,9.450000
4090,2015,6,20,10,0.000000,0.000000,0.000000,0.000000,36.800000,16.100000
4091,2015,6,20,11,0.000000,0.000000,0.000000,0.000000,49.600000,21.700000
4092,2015,6,20,12,0.000000,0.000000,0.000000,0.000000,57.600000,25.200000
4093,2015,6,20,13,0.000000,0.000000,0.000000,0.000000,61.600000,26.950000
4094,2015,6,20,14,0.000000,0.000000,0.000000,0.000000,60.800000,26.600000
4095,2015,6,20,15,0.000000,0.000000,0.000000,0.000000,54.400000,23.800000
4096,2015,6,20,16,0.000000,0.000000,0.000000,0.000000,43.200000,18.900000
4097,2015,6,20,17,0.000000,0.000000,0.000000,0.000000,29.600000,12.950000
4098,2015,6,20,18,0.000000,0.000000,0.000000,0.000000,12.800000,5.600000
4099,2015,6,20,19,0.000000,0.000000,0.000000,0.000000,0.000000,0.000000
4100,2015,6,20,20,0.000000,0.000000,0.000000,0.000000,0.000000,0.000000
4101,2015,6,20,21,0.000000,0.000000,0.000000,0.000000,0.000000,0.000000
4102,2015,6,20,22,0.000000,0.000000,0.000000,0.000000,0.000000,0.000000
4103,2015,6,20,23,0.000000,0.000000,0.000000,0.000000,0.000000,0.000000
4104,2015,6,20,24,0.000000,0.000000,0.000000,0.000000,0.000000,0.000000
4105,2015,6,21,1,0.000000,0.000000,0.000000,0.000000,0.000000,0.000000
4106,2015,6,21,2,0.000000,0.000000,0.000000,0.000000,0.000000,0.000000
4107,2015,6,21,3,0.000000,0.000000,0.000000,0.000000,0.000000,0.000000
4108,2015,6,21,4,0.000000,0.000000,0.000000,0.000000,0.000000,0.000000
4109,2015,6,21,5,0.000000,0.000000,0.000000,0.000000,0.000000,0.000000
4110,2015,6,21,6,0.000000,0.000000,0.000000,0.000000,0.000000,0.000000
4111,2015,6,21,7,0.000000,0.000000,0.000000,0.000000,0.000000,0.000000
4112,2015,6,21,8,0.000000,0.000000,0.000000,0.000000,3.200000,1.400000
4113,2015,6,21,9,0.000000,0.000000,0.000000,0.000000,21.600000,9.450000
4114,2015,6,21,10,0.000000,0.000000,0.000000,0.000000,36.800000,16.100000
4115,2015,6,21,11,0.000000,0.000000,0.000000,0.000000,49.600000,21.700000
4116,2015,6,21,12,0.000000,0.000000,0.000000,0.000000,57.600000,25.200000
4117,2015,6,21,13,0.000000,0.000000,0.000000,0.000000,61.600000,26.950000
4118,2015,6,21,14,0.000000,0.000000,0.000000,0.000000,60.800000,26.600000
4119,2015,6,21,15,0.000000,0.000000,0.000000,0.000000,54.400000,23.800000
4120,2015,6,21,16,0.000000,0.000000,0.000000,0.000000,43.200000,18.900000
4121,2015,6,21,17,0.000000,0.000000,0.000000,0.000000,29.600000,12.950000
4122,2015,6,21,18,0.000000,0.000000,0.000000,0.000000,12.800000,5.600000
4123,2015,6,21,19,0.000000,0.000000,0.000000,0.000000,0.000000,0.000000
4124,2015,6,21,20,0.000000,0.000000,0.000000,0.000000,0.000000,0.000000
4125,2015,6,21,21,0.000000,0.000000,0.000000,0.000000,0.000000,0.000000
4126,2015,6,21,22,0.000000,0.000000,0.000000,0.000000,0.000000,0.000000
4127,2015,6,21,23,0.000000,0.000000,0.000000,0.000000,0.000000,0.000000
4128,2015,6,21,24,0.000000,0.000000,0.000000,0.000000,0.000000,0.000000
4129,2015,6,22,1,0.000000,0.000000,0.000000,0.000000,0.000000,0.000000
4130,2015,6,22,2,0.000000,0.000000,0.000000,0.000000,0.000000,0.000000
4131,2015,6,22,3,0.000000,0.000000,0.000000,0.000000,0.000000,0.000000
4132,2015,6,22,4,0.000000,0.000000,0.000000,0.000000,0.000000,0.000000
4133,2015,6,22,5,0.000000,0.000000,0.000000,0.000000,0.000000,0.000000
4134,2015,6,22,6,0.000000,0.000000,0.000000,0.000000,0.000000,0.000000
4135,2015,6,22,7,0.000000,0.000000,0.000000,0.000000,0.000000,0.000000
4136,2015,6,22,8,0.000000,0.000000,0.000000,0.000000,3.200000,1.400000
4137,2015,6,22,9,0.000000,0.000000,0.000000,0.000000,21.600000,9.450000
4138,2015,6,22,10,0.000000,0.000000,0.000000,0.000000,36.800000,16.100000
4139,2015,6,22,11,0.000000,0.000000,0.000000,0.000000,49.600000,21.700000
4140,2015,6,22,12,0.000000,0.000000,0.000000,0.000000,57.600000,25.200000
4141,2015,6,22,13,0.000000,0.000000,0.000000,0.000000,61.600000,26.950000
4142,2015,6,22,14,0.000000,0.000000,0.000000,0.000000,60.800000,26.600000
4143,2015,6,22,15,0.000000,0.000000,0.000000,0.000000,54.400000,23.800000
4144,2015,6,22,16,0.000000,0.000000,0.000000,0.000000,43.200000,18.900000
4145,2015,6,22,17,0.000000,0.000000,0.000000,0.000000,29.600000,12.950000
4146,2015,6,22,18,0.000000,0.000000,0.000000,0.000000,12.800000,5.600000
4147,2015,6,22,19,0.000000,0.000000,0.000000,0.000000,0.000000,0.000000
4148,2015,6,22,20,0.000000,0.000000,0.000000,0.000000,0.000000,0.000000
4149,2015,6,22,21,0.000000,0.000000,0.000000,0.000000,0.000000,0.000000
4150,2015,6,22,22,0.000000,0.000000,0.000000,0.000000,0.000000,0.000000
4151,2015,6,22,23,0.000000,0.000000,0.000000,0.000000,0.000000,0.000000
4152,2015,6,22,24,0.000000,0.000000,0.000000,0.000000,0.000000,0.000000
4153,2015,6,23,1,0.000000,0.000000,0.000000,0.000000,0.000000,0.000000
4154,2015,6,23,2,0.000000,0.000000,0.000000,0.000000,0.000000,0.000000
4155,2015,6,23,3,0.000000,0.000000,0.000000,0.000000,0.000000,0.000000
4156,2015,6,23,4,0.000000,0.000000,0.000000,0.000000,0.000000,0.000000
4157,2015,6,23,5,0.000000,0.000000,0.000000,0.000000,0.000000,0.000000
4158,2015,6,23,6,0.000000,0.000000,0.000000,0.000000,0.000000,0.000000
4159,2015,6,23,7,0.000000,0.000000,0.000000,0.000000,0.000000,0.000000
4160,2015,6,23,8,0.000000,0.000000,0.000000,0.000000,3.200000,1.400000
4161,2015,6,23,9,0.000000,0.000000,0.000000,0.000000,21.600000,9.450000
4162,2015,6,23,10,0.000000,0.000000,0.000000,0.000000,36.800000,16.100000
4163,2015,6,23,11,0.000000,0.000000,0.000000,0.000000,49.600000,21.700000
4164,2015,6,23,12,0.000000,0.000000,0.000000,0.000000,57.600000,25.200000
4165,2015,6,23,13,0.000000,0.000000,0.000000,0.000000,61.600000,26.950000
4166,2015,6,23,14,0.000000,0.000000,0.000000,0.000000,60.800000,26.600000
4167,2015,6,23,15,0.000000,0.000000,0.000000,0.000000,54.400000,23.800000
4168,2015,6,23,16,0.000000,0.000000,0.000000,0.000000,43.200000,18.900000
4169,2015,6,23,17,0.000000,0.000000,0.000000,0.000000,29.600000,12.950000
4170,2015,6,23,18,0.000000,0.000000,0.000000,0.000000,12.800000,5.600000
4171,2015,6,23,19,0.000000,0.000000,0.000000,0.000000,0.000000,0.000000
4172,2015,6,23,20,0.000000,0.000000,0.000000,0.000000,0.000000,0.000000
4173,2015,6,23,21,0.000000,0.000000,0.000000,0.000000,0.000000,0.000000
4174,2015,6,23,22,0.000000,0.000000,0.000000,0.000000,0.000000,0.000000
4175,2015,6,23,23,0.000000,0.000000,0.000000,0.000000,0.000000,0.000000
4176,2015,6,23,24,0.000000,0.000000,0.000000,0.000000,0.000000,0.000000
4177,2015,6,24,1,0.000000,0.000000,0.000000,0.000000,0.000000,0.000000
4178,2015,6,24,2,0.000000,0.000000,0.000000,0.000000,0.000000,0.000000
4179,2015,6,24,3,0.000000,0.000000,0.000000,0.000000,0.000000,0.000000
4180,2015,6,24,4,0.000000,0.000000,0.000000,0.000000,0.000000,0.000000
4181,2015,6,24,5,0.000000,0.000000,0.000000,0.000000,0.000000,0.000000
4182,2015,6,24,6,0.000000,0.000000,0.000000,0.000000,0.000000,0.000000
4183,2015,6,24,7,0.000000,0.000000,0.000000,0.000000,0.000000,0.000000
4184,2015,6,24,8,0.000000,0.000000,0.000000,0.000000,3.200000,1.400000
4185,2015,6,24,9,0.000000,0.000000,0.000000,0.000000,21.600000,9.450000
4186,2015,6,24,10,0.000000,0.000000,0.000000,0.000000,36.800000,16.100000
4187,2015,6,24,11,0.000000,0.000000,0.000000,0.000000,49.600000,21.700000
4188,2015,6,24,12,0.000000,0.000000,0.000000,0.000000,57.600000,25.200000
4189,2015,6,24,13,0.000000,0.000000,0.000000,0.000000,61.600000,26.950000
4190,2015,6,24,14,0.000000,0.000000,0.000000,0.000000,60.800000,26.600000
4191,2015,6,24,15,0.000000,0.000000,0.000000,0.000000,54.400000,23.800000
4192,2015,6,24,16,0.000000,0.000000,0.000000,0.000000,43.200000,18.900000
4193,2015,6,24,17,0.000000,0.000000,0.000000,0.000000,29.600000,12.950000
4194,2015,6,24,18,0.000000,0.000000,0.000000,0.000000,12.800000,5.600000
4195,2015,6,24,19,0.000000,0.000000,0.000000,0.000000,0.000000,0.000000
4196,2015,6,24,20,0.000000,0.000000,0.000000,0.000000,0.000000,0.000000
4197,2015,6,24,21,0.000000,0.000000,0.000000,0.000000,0.000000,0.000000
4198,2015,6,24,22,0.000000,0.000000,0.000000,0.000000,0.000000,0.000000
4199,2015,6,24,23,0.000000,0.000000,0.000000,0.000000,0.000000,0.000000
4200,2015,6,24,24,0.000000,0.000000,0.000000,0.000000,0.000000,0.000000
4201,2015,6,25,1,0.000000,0.000000,0.000000,0.000000,0.000000,0.000000
4202,2015,6,25,2,0.000000,0.000000,0.000000,0.000000,0.000000,0.000000
4203,2015,6,25,3,0.000000,0.000000,0.000000,0.000000,0.000000,0.000000
4204,2015,6,25,4,0.000000,0.000000,0.000000,0.000000,0.000000,0.000000
4205,2015,6,25,5,0.000000,0.000000,0.000000,0.000000,0.000000,0.000000
4206,2015,6,25,6,0.000000,0.000000,0.000000,0.000000,0.000000,0.000000
4207,2015,6,25,7,0.000000,0.000000,0.000000,0.000000,0.000000,0.000000
4208,2015,6,25,8,0.000000,0.000000,0.000000,0.000000,3.200000,1.400000
4209,2015,6,25,9,0.000000,0.000000,0.000000,0.000000,21.600000,9.450000
4210,2015,6,25,10,0.000000,0.000000,0.000000,0.000000,36.800000,16.100000
4211,2015,6,25,11,0.000000,0.000000,0.000000,0.000000,49.600000,21.700000
4212,2015,6,25,12,0.000000,0.000000,0.000000,0.000000,57.600000,25.200000
4213,2015,6,25,13,0.000000,0.000000,0.000000,0.000000,61.600000,26.950000
4214,2015,6,25,14,0.000000,0.000000,0.000000,0.000000,60.800000,26.600000
4215,2015,6,25,15,0.000000,0.000000,0.000000,0.000000,54.400000,23.800000
4216,2015,6,25,16,0.000000,0.000000,0.000000,0.000000,43.200000,18.900000
4217,2015,6,25,17,0.000000,0.000000,0.000000,0.000000,29.600000,12.950000
4218,2015,6,25,18,0.000000,0.000000,0.000000,0.000000,12.800000,5.600000
4219,2015,6,25,19,0.000000,0.000000,0.000000,0.000000,0.000000,0.000000
4220,2015,6,25,20,0.000000,0.000000,0.000000,0.000000,0.000000,0.000000
4221,2015,6,25,21,0.000000,0.000000,0.000000,0.000000,0.000000,0.000000
4222,2015,6,25,22,0.000000,0.000000,0.000000,0.000000,0.000000,0.000000
4223,2015,6,25,23,0.000000,0.000000,0.000000,0.000000,0.000000,0.000000
4224,2015,6,25,24,0.000000,0.000000,0.000000,0.000000,0.000000,0.000000
4225,2015,6,26,1,0.000000,0.000000,0.000000,0.000000,0.000000,0.000000
4226,2015,6,26,2,0.000000,0.000000,0.000000,0.000000,0.000000,0.000000
4227,2015,6,26,3,0.000000,0.000000,0.000000,0.000000,0.000000,0.000000
4228,2015,6,26,4,0.000000,0.000000,0.000000,0.000000,0.000000,0.000000
4229,2015,6,26,5,0.000000,0.000000,0.000000,0.000000,0.000000,0.000000
4230,2015,6,26,6,0.000000,0.000000,0.000000,0.000000,0.000000,0.000000
4231,2015,6,26,7,0.000000,0.000000,0.000000,0.000000,0.000000,0.000000
4232,2015,6,26,8,0.000000,0.000000,0.000000,0.000000,3.200000,1.400000
4233,2015,6,26,9,0.000000,0.000000,0.000000,0.000000,21.600000,9.450000
4234,2015,6,26,10,0.000000,0.000000,0.000000,0.000000,36.800000,16.100000
4235,2015,6,26,11,0.000000,0.000000,0.000000,0.000000,49.600000,21.700000
4236,2015,6,26,12,0.000000,0.000000,0.000000,0.000000,57.600000,25.200000
4237,2015,6,26,13,0.000000,0.000000,0.000000,0.000000,61.600000,26.950000
4238,2015,6,26,14,0.000000,0.000000,0.000000,0.000000,60.800000,26.600000
4239,2015,6,26,15,0.000000,0.000000,0.000000,0.000000,54.400000,23.800000
4240,2015,6,26,16,0.000000,0.000000,0.000000,0.000000,43.200000,18.900000
4241,2015,6,26,17,0.000000,0.000000,0.000000,0.000000,29.600000,12.950000
4242,2015,6,26,18,0.000000,0.000000,0.000000,0.000000,12.800000,5.600000
4243,2015,6,26,19,0.000000,0.000000,0.000000,0.000000,0.000000,0.000000
4244,2015,6,26,20,0.000000,0.000000,0.000000,0.000000,0.000000,0.000000
4245,2015,6,26,21,0.000000,0.000000,0.000000,0.000000,0.000000,0.000000
4246,2015,6,26,22,0.000000,0.000000,0.000000,0.000000,0.000000,0.000000
4247,2015,6,26,23,0.000000,0.000000,0.000000,0.000000,0.000000,0.000000
4248,2015,6,26,24,0.000000,0.000000,0.000000,0.000000,0.000000,0.000000
4249,2015,6,27,1,0.000000,0.000000,0.000000,0.000000,0.000000,0.000000
4250,2015,6,27,2,0.000000,0.000000,0.000000,0.000000,0.000000,0.000000
4251,2015,6,27,3,0.000000,0.000000,0.000000,0.000000,0.000000,0.000000
4252,2015,6,27,4,0.000000,0.000000,0.000000,0.000000,0.000000,0.000000
4253,2015,6,27,5,0.000000,0.000000,0.000000,0.000000,0.000000,0.000000
4254,2015,6,27,6,0.000000,0.000000,0.000000,0.000000,0.000000,0.000000
4255,2015,6,27,7,0.000000,0.000000,0.000000,0.000000,0.000000,0.000000
4256,2015,6,27,8,0.000000,0.000000,0.000000,0.000000,3.200000,1.400000
4257,2015,6,27,9,0.000000,0.000000,0.000000,0.000000,21.600000,9.450000
4258,2015,6,27,10,0.000000,0.000000,0.000000,0.000000,36.800000,16.100000
4259,2015,6,27,11,0.000000,0.000000,0.000000,0.000000,49.600000,21.700000
4260,2015,6,27,12,0.000000,0.000000,0.000000,0.000000,57.600000,25.200000
4261,2015,6,27,13,0.000000,0.000000,0.000000,0.000000,61.600000,26.950000
4262,2015,6,27,14,0.000000,0.000000,0.000000,0.000000,60.800000,26.600000
4263,2015,6,27,15,0.000000,0.000000,0.000000,0.000000,54.400000,23.800000
4264,2015,6,27,16,0.000000,0.000000,0.000000,0.000000,43.200000,18.900000
4265,2015,6,27,17,0.000000,0.000000,0.000000,0.000000,29.600000,12.950000
4266,2015,6,27,18,0.000000,0.000000,0.000000,0.000000,12.800000,5.600000
4267,2015,6,27,19,0.000000,0.000000,0.000000,0.000000,0.000000,0.000000
4268,2015,6,27,20,0.000000,0.000000,0.000000,0.000000,0.000000,0.000000
4269,2015,6,27,21,0.000000,0.000000,0.000000,0.000000,0.000000,0.000000
4270,2015,6,27,22,0.000000,0.000000,0.000000,0.000000,0.000000,0.000000
4271,2015,6,27,23,0.000000,0.000000,0.000000,0.000000,0.000000,0.000000
4272,2015,6,27,24,0.000000,0.000000,0.000000,0.000000,0.000000,0.000000
4273,2015,6,28,1,0.000000,0.000000,0.000000,0.000000,0.000000,0.000000
4274,2015,6,28,2,0.000000,0.000000,0.000000,0.000000,0.000000,0.000000
4275,2015,6,28,3,0.000000,0.000000,0.000000,0.000000,0.000000,0.000000
4276,2015,6,28,4,0.000000,0.000000,0.000000,0.000000,0.000000,0.000000
4277,2015,6,28,5,0.000000,0.000000,0.000000,0.000000,0.000000,0.000000
4278,2015,6,28,6,0.000000,0.000000,0.000000,0.000000,0.000000,0.000000
4279,2015,6,28,7,0.000000,0.000000,0.000000,0.000000,0.000000,0.000000
4280,2015,6,28,8,0.000000,0.000000,0.000000,0.000000,3.200000,1.400000
4281,2015,6,28,9,0.000000,0.000000,0.000000,0.000000,21.600000,9.450000
4282,2015,6,28,10,0.000000,0.000000,0.000000,0.000000,36.800000,16.100000
4283,2015,6,28,11,0.000000,0.000000,0.000000,0.000000,49.600000,21.700000
4284,2015,6,28,12,0.000000,0.000000,0.000000,0.000000,57.600000,25.200000
4285,2015,6,28,13,0.000000,0.000000,0.000000,0.000000,61.600000,26.950000
4286,2015,6,28,14,0.000000,0.000000,0.000000,0.000000,60.800000,26.600000
4287,2015,6,28,15,0.000000,0.000000,0.000000,0.000000,54.400000,23.800000
4288,2015,6,28,16,0.000000,0.000000,0.000000,0.000000,43.200000,18.900000
4289,2015,6,28,17,0.000000,0.000000,0.000000,0.000000,29.600000,12.950000
4290,2015,6,28,18,0.000000,0.000000,0.000000,0.000000,12.800000,5.600000
4291,2015,6,28,19,0.000000,0.000000,0.000000,0.000000,0.000000,0.000000
4292,2015,6,28,20,0.000000,0.000000,0.000000,0.000000,0.000000,0.000000
4293,2015,6,28,21,0.000000,0.000000,0.000000,0.000000,0.000000,0.000000
4294,2015,6,28,22,0.000000,0.000000,0.000000,0.000000,0.000000,0.000000
4295,2015,6,28,23,0.000000,0.000000,0.000000,0.000000,0.000000,0.000000
4296,2015,6,28,24,0.000000,0.000000,0.000000,0.000000,0.000000,0.000000
4297,2015,6,29,1,0.000000,0.000000,0.000000,0.000000,0.000000,0.000000
4298,2015,6,29,2,0.000000,0.000000,0.000000,0.000000,0.000000,0.000000
4299,2015,6,29,3,0.000000,0.000000,0.000000,0.000000,0.000000,0.000000
4300,2015,6,29,4,0.000000,0.000000,0.000000,0.000000,0.000000,0.000000
4301,2015,6,29,5,0.000000,0.000000,0.000000,0.000000,0.000000,0.000000
4302,2015,6,29,6,0.000000,0.000000,0.000000,0.000000,0.000000,0.000000
4303,2015,6,29,7,0.000000,0.000000,0.000000,0.000000,0.000000,0.000000
4304,2015,6,29,8,0.000000,0.000000,0.000000,0.000000,3.200000,1.400000
4305,2015,6,29,9,0.000000,0.000000,0.000000,0.000000,21.600000,9.450000
4306,2015,6,29,10,0.000000,0.000000,0.000000,0.000000,36.800000,16.100000
4307,2015,6,29,11,0.000000,0.000000,0.000000,0.000000,49.600000,21.700000
4308,2015,6,29,12,0.000000,0.000000,0.000000,0.000000,57.600000,25.200000
4309,2015,6,29,13,0.000000,0.000000,0.000000,0.000000,61.600000,26.950000
4310,2015,6,29,14,0.000000,0.000000,0.000000,0.000000,60.800000,26.600000
4311,2015,6,29,15,0.000000,0.000000,0.000000,0.000000,54.400000,23.800000
4312,2015,6,29,16,0.000000,0.000000,0.000000,0.000000,43.200000,18.900000
4313,2015,6,29,17,0.000000,0.000000,0.000000,0.000000,29.600000,12.950000
4314,2015,6,29,18,0.000000,0.000000,0.000000,0.000000,12.800000,5.600000
4315,2015,6,29,19,0.000000,0.000000,0.000000,0.000000,0.000000,0.000000
4316,2015,6,29,20,0.000000,0.000000,0.000000,0.000000,0.000000,0.000000
4317,2015,6,29,21,0.000000,0.000000,0.000000,0.000000,0.000000,0.000000
4318,2015,6,29,22,0.000000,0.000000,0.000000,0.000000,0.000000,0.000000
4319,2015,6,29,23,0.000000,0.000000,0.000000,0.000000,0.000000,0.000000
4320,2015,6,29,24,0.000000,0.000000,0.000000,0.000000,0.000000,0.000000
4321,2015,6,30,1,0.000000,0.000000,0.000000,0.000000,0.000000,0.000000
4322,2015,6,30,2,0.000000,0.000000,0.000000,0.000000,0.000000,0.000000
4323,2015,6,30,3,0.000000,0.000000,0.000000,0.000000,0.000000,0.000000
4324,2015,6,30,4,0.000000,0.000000,0.000000,0.000000,0.000000,0.000000
4325,2015,6,30,5,0.000000,0.000000,0.000000,0.000000,0.000000,0.000000
4326,2015,6,30,6,0.000000,0.000000,0.000000,0.000000,0.000000,0.000000
4327,2015,6,30,7,0.000000,0.000000,0.000000,0.000000,0.000000,0.000000
4328,2015,6,30,8,0.000000,0.000000,0.000000,0.000000,3.200000,1.400000
4329,2015,6,30,9,0.000000,0.000000,0.000000,0.000000,21.600000,9.450000
4330,2015,6,30,10,0.000000,0.000000,0.000000,0.000000,36.800000,16.100000
4331,2015,6,30,11,0.000000,0.000000,0.000000,0.000000,49.600000,21.700000
4332,2015,6,30,12,0.000000,0.000000,0.000000,0.000000,57.600000,25.200000
4333,2015,6,30,13,0.000000,0.000000,0.000000,0.000000,61.600000,26.950000
4334,2015,6,30,14,0.000000,0.000000,0.000000,0.000000,60.800000,26.600000
4335,2015,6,30,15,0.000000,0.000000,0.000000,0.000000,54.400000,23.800000
4336,2015,6,30,16,0.000000,0.000000,0.000000,0.000000,43.200000,18.900000
4337,2015,6,30,17,0.000000,0.000000,0.000000,0.000000,29.600000,12.950000
4338,2015,6,30,18,0.000000,0.000000,0.000000,0.000000,12.800000,5.600000
4339,2015,6,30,19,0.000000,0.000000,0.000000,0.000000,0.000000,0.000000
4340,2015,6,30,20,0.000000,0.000000,0.000000,0.000000,0.000000,0.000000
4341,2015,6,30,21,0.000000,0.000000,0.000000,0.000000,0.000000,0.000000
4342,2015,6,30,22,0.000000,0.000000,0.000000,0.000000,0.000000,0.000000
4343,2015,6,30,23,0.000000,0.000000,0.000000,0.000000,0.000000,0.000000
4344,2015,6,30,24,0.000000,0.000000,0.000000,0.000000,0.000000,0.000000
4345,2015,7,1,1,0.000000,0.000000,0.000000,0.000000,0.000000,0.000000
4346,2015,7,1,2,0.000000,0.000000,0.000000,0.000000,0.000000,0.000000
4347,2015,7,1,3,0.000000,0.000000,0.000000,0.000000,0.000000,0.000000
4348,2015,7,1,4,0.000000,0.000000,0.000000,0.000000,0.000000,0.000000
4349,2015,7,1,5,0.000000,0.000000,0.000000,0.000000,0.000000,0.000000
4350,2015,7,1,6,0.000000,0.000000,0.000000,0.000000,0.000000,0.000000
4351,2015,7,1,7,0.000000,0.000000,0.000000,0.000000,0.000000,0.000000
4352,2015,7,1,8,0.000000,0.000000,0.000000,0.000000,4.000000,1.750000
4353,2015,7,1,9,0.000000,0.000000,0.000000,0.000000,22.400000,9.800000
4354,2015,7,1,10,0.000000,0.000000,0.000000,0.000000,39.200000,17.150000
4355,2015,7,1,11,0.000000,0.000000,0.000000,0.000000,52.800000,23.100000
4356,2015,7,1,12,0.000000,0.000000,0.000000,0.000000,62.400000,27.300000
4357,2015,7,1,13,0.000000,0.000000,0.000000,0.000000,66.400000,29.050000
4358,2015,7,1,14,0.000000,0.000000,0.000000,0.000000,65.600000,28.700000
4359,2015,7,1,15,0.000000,0.000000,0.000000,0.000000,60.000000,26.250000
4360,2015,7,1,16,0.000000,0.000000,0.000000,0.000000,48.800000,21.350000
4361,2015,7,1,17,0.000000,0.000000,0.000000,0.000000,33.600000,14.700000
4362,2015,7,1,18,0.000000,0.000000,0.000000,0.000000,16.800000,7.350000
4363,2015,7,1,19,0.000000,0.000000,0.000000,0.000000,0.000000,0.000000
4364,2015,7,1,20,0.000000,0.000000,0.000000,0.000000,0.000000,0.000000
4365,2015,7,1,21,0.000000,0.000000,0.000000,0.000000,0.000000,0.000000
4366,2015,7,1,22,0.000000,0.000000,0.000000,0.000000,0.000000,0.000000
4367,2015,7,1,23,0.000000,0.000000,0.000000,0.000000,0.000000,0.000000
4368,2015,7,1,24,0.000000,0.000000,0.000000,0.000000,0.000000,0.000000
4369,2015,7,2,1,0.000000,0.000000,0.000000,0.000000,0.000000,0.000000
4370,2015,7,2,2,0.000000,0.000000,0.000000,0.000000,0.000000,0.000000
4371,2015,7,2,3,0.000000,0.000000,0.000000,0.000000,0.000000,0.000000
4372,2015,7,2,4,0.000000,0.000000,0.000000,0.000000,0.000000,0.000000
4373,2015,7,2,5,0.000000,0.000000,0.000000,0.000000,0.000000,0.000000
4374,2015,7,2,6,0.000000,0.000000,0.000000,0.000000,0.000000,0.000000
4375,2015,7,2,7,0.000000,0.000000,0.000000,0.000000,0.000000,0.000000
4376,2015,7,2,8,0.000000,0.000000,0.000000,0.000000,4.000000,1.750000
4377,2015,7,2,9,0.000000,0.000000,0.000000,0.000000,22.400000,9.800000
4378,2015,7,2,10,0.000000,0.000000,0.000000,0.000000,39.200000,17.150000
4379,2015,7,2,11,0.000000,0.000000,0.000000,0.000000,52.800000,23.100000
4380,2015,7,2,12,0.000000,0.000000,0.000000,0.000000,62.400000,27.300000
4381,2015,7,2,13,0.000000,0.000000,0.000000,0.000000,66.400000,29.050000
4382,2015,7,2,14,0.000000,0.000000,0.000000,0.000000,65.600000,28.700000
4383,2015,7,2,15,0.000000,0.000000,0.000000,0.000000,60.000000,26.250000
4384,2015,7,2,16,0.000000,0.000000,0.000000,0.000000,48.800000,21.350000
4385,2015,7,2,17,0.000000,0.000000,0.000000,0.000000,33.600000,14.700000
4386,2015,7,2,18,0.000000,0.000000,0.000000,0.000000,16.800000,7.350000
4387,2015,7,2,19,0.000000,0.000000,0.000000,0.000000,0.000000,0.000000
4388,2015,7,2,20,0.000000,0.000000,0.000000,0.000000,0.000000,0.000000
4389,2015,7,2,21,0.000000,0.000000,0.000000,0.000000,0.000000,0.000000
4390,2015,7,2,22,0.000000,0.000000,0.000000,0.000000,0.000000,0.000000
4391,2015,7,2,23,0.000000,0.000000,0.000000,0.000000,0.000000,0.000000
4392,2015,7,2,24,0.000000,0.000000,0.000000,0.000000,0.000000,0.000000
4393,2015,7,3,1,0.000000,0.000000,0.000000,0.000000,0.000000,0.000000
4394,2015,7,3,2,0.000000,0.000000,0.000000,0.000000,0.000000,0.000000
4395,2015,7,3,3,0.000000,0.000000,0.000000,0.000000,0.000000,0.000000
4396,2015,7,3,4,0.000000,0.000000,0.000000,0.000000,0.000000,0.000000
4397,2015,7,3,5,0.000000,0.000000,0.000000,0.000000,0.000000,0.000000
4398,2015,7,3,6,0.000000,0.000000,0.000000,0.000000,0.000000,0.000000
4399,2015,7,3,7,0.000000,0.000000,0.000000,0.000000,0.000000,0.000000
4400,2015,7,3,8,0.000000,0.000000,0.000000,0.000000,4.000000,1.750000
4401,2015,7,3,9,0.000000,0.000000,0.000000,0.000000,22.400000,9.800000
4402,2015,7,3,10,0.000000,0.000000,0.000000,0.000000,39.200000,17.150000
4403,2015,7,3,11,0.000000,0.000000,0.000000,0.000000,52.800000,23.100000
4404,2015,7,3,12,0.000000,0.000000,0.000000,0.000000,62.400000,27.300000
4405,2015,7,3,13,0.000000,0.000000,0.000000,0.000000,66.400000,29.050000
4406,2015,7,3,14,0.000000,0.000000,0.000000,0.000000,65.600000,28.700000
4407,2015,7,3,15,0.000000,0.000000,0.000000,0.000000,60.000000,26.250000
4408,2015,7,3,16,0.000000,0.000000,0.000000,0.000000,48.800000,21.350000
4409,2015,7,3,17,0.000000,0.000000,0.000000,0.000000,33.600000,14.700000
4410,2015,7,3,18,0.000000,0.000000,0.000000,0.000000,16.800000,7.350000
4411,2015,7,3,19,0.000000,0.000000,0.000000,0.000000,0.000000,0.000000
4412,2015,7,3,20,0.000000,0.000000,0.000000,0.000000,0.000000,0.000000
4413,2015,7,3,21,0.000000,0.000000,0.000000,0.000000,0.000000,0.000000
4414,2015,7,3,22,0.000000,0.000000,0.000000,0.000000,0.000000,0.000000
4415,2015,7,3,23,0.000000,0.000000,0.000000,0.000000,0.000000,0.000000
4416,2015,7,3,24,0.000000,0.000000,0.000000,0.000000,0.000000,0.000000
4417,2015,7,4,1,0.000000,0.000000,0.000000,0.000000,0.000000,0.000000
4418,2015,7,4,2,0.000000,0.000000,0.000000,0.000000,0.000000,0.000000
4419,2015,7,4,3,0.000000,0.000000,0.000000,0.000000,0.000000,0.000000
4420,2015,7,4,4,0.000000,0.000000,0.000000,0.000000,0.000000,0.000000
4421,2015,7,4,5,0.000000,0.000000,0.000000,0.000000,0.000000,0.000000
4422,2015,7,4,6,0.000000,0.000000,0.000000,0.000000,0.000000,0.000000
4423,2015,7,4,7,0.000000,0.000000,0.000000,0.000000,0.000000,0.000000
4424,2015,7,4,8,0.000000,0.000000,0.000000,0.000000,4.000000,1.750000
4425,2015,7,4,9,0.000000,0.000000,0.000000,0.000000,22.400000,9.800000
4426,2015,7,4,10,0.000000,0.000000,0.000000,0.000000,39.200000,17.150000
4427,2015,7,4,11,0.000000,0.000000,0.000000,0.000000,52.800000,23.100000
4428,2015,7,4,12,0.000000,0.000000,0.000000,0.000000,62.400000,27.300000
4429,2015,7,4,13,0.000000,0.000000,0.000000,0.000000,66.400000,29.050000
4430,2015,7,4,14,0.000000,0.000000,0.000000,0.000000,65.600000,28.700000
4431,2015,7,4,15,0.000000,0.000000,0.000000,0.000000,60.000000,26.250000
4432,2015,7,4,16,0.000000,0.000000,0.000000,0.000000,48.800000,21.350000
4433,2015,7,4,17,0.000000,0.000000,0.000000,0.000000,33.600000,14.700000
4434,2015,7,4,18,0.000000,0.000000,0.000000,0.000000,16.800000,7.350000
4435,2015,7,4,19,0.000000,0.000000,0.000000,0.000000,0.000000,0.000000
4436,2015,7,4,20,0.000000,0.000000,0.000000,0.000000,0.000000,0.000000
4437,2015,7,4,21,0.000000,0.000000,0.000000,0.000000,0.000000,0.000000
4438,2015,7,4,22,0.000000,0.000000,0.000000,0.000000,0.000000,0.000000
4439,2015,7,4,23,0.000000,0.000000,0.000000,0.000000,0.000000,0.000000
4440,2015,7,4,24,0.000000,0.000000,0.000000,0.000000,0.000000,0.000000
4441,2015,7,5,1,0.000000,0.000000,0.000000,0.000000,0.000000,0.000000
4442,2015,7,5,2,0.000000,0.000000,0.000000,0.000000,0.000000,0.000000
4443,2015,7,5,3,0.000000,0.000000,0.000000,0.000000,0.000000,0.000000
4444,2015,7,5,4,0.000000,0.000000,0.000000,0.000000,0.000000,0.000000
4445,2015,7,5,5,0.000000,0.000000,0.000000,0.000000,0.000000,0.000000
4446,2015,7,5,6,0.000000,0.000000,0.000000,0.000000,0.000000,0.000000
4447,2015,7,5,7,0.000000,0.000000,0.000000,0.000000,0.000000,0.000000
4448,2015,7,5,8,0.000000,0.000000,0.000000,0.000000,4.000000,1.750000
4449,2015,7,5,9,0.000000,0.000000,0.000000,0.000000,22.400000,9.800000
4450,2015,7,5,10,0.000000,0.000000,0.000000,0.000000,39.200000,17.150000
4451,2015,7,5,11,0.000000,0.000000,0.000000,0.000000,52.800000,23.100000
4452,2015,7,5,12,0.000000,0.000000,0.000000,0.000000,62.400000,27.300000
4453,2015,7,5,13,0.000000,0.000000,0.000000,0.000000,66.400000,29.050000
4454,2015,7,5,14,0.000000,0.000000,0.000000,0.000000,65.600000,28.700000
4455,2015,7,5,15,0.000000,0.000000,0.000000,0.000000,60.000000,26.250000
4456,2015,7,5,16,0.000000,0.000000,0.000000,0.000000,48.800000,21.350000
4457,2015,7,5,17,0.000000,0.000000,0.000000,0.000000,33.600000,14.700000
4458,2015,7,5,18,0.000000,0.000000,0.000000,0.000000,16.800000,7.350000
4459,2015,7,5,19,0.000000,0.000000,0.000000,0.000000,0.000000,0.000000
4460,2015,7,5,20,0.000000,0.000000,0.000000,0.000000,0.000000,0.000000
4461,2015,7,5,21,0.000000,0.000000,0.000000,0.000000,0.000000,0.000000
4462,2015,7,5,22,0.000000,0.000000,0.000000,0.000000,0.000000,0.000000
4463,2015,7,5,23,0.000000,0.000000,0.000000,0.000000,0.000000,0.000000
4464,2015,7,5,24,0.000000,0.000000,0.000000,0.000000,0.000000,0.000000
4465,2015,7,6,1,0.000000,0.000000,0.000000,0.000000,0.000000,0.000000
4466,2015,7,6,2,0.000000,0.000000,0.000000,0.000000,0.000000,0.000000
4467,2015,7,6,3,0.000000,0.000000,0.000000,0.000000,0.000000,0.000000
4468,2015,7,6,4,0.000000,0.000000,0.000000,0.000000,0.000000,0.000000
4469,2015,7,6,5,0.000000,0.000000,0.000000,0.000000,0.000000,0.000000
4470,2015,7,6,6,0.000000,0.000000,0.000000,0.000000,0.000000,0.000000
4471,2015,7,6,7,0.000000,0.000000,0.000000,0.000000,0.000000,0.000000
4472,2015,7,6,8,0.000000,0.000000,0.000000,0.000000,4.000000,1.750000
4473,2015,7,6,9,0.000000,0.000000,0.000000,0.000000,22.400000,9.800000
4474,2015,7,6,10,0.000000,0.000000,0.000000,0.000000,39.200000,17.150000
4475,2015,7,6,11,0.000000,0.000000,0.000000,0.000000,52.800000,23.100000
4476,2015,7,6,12,0.000000,0.000000,0.000000,0.000000,62.400000,27.300000
4477,2015,7,6,13,0.000000,0.000000,0.000000,0.000000,66.400000,29.050000
4478,2015,7,6,14,0.000000,0.000000,0.000000,0.000000,65.600000,28.700000
4479,2015,7,6,15,0.000000,0.000000,0.000000,0.000000,60.000000,26.250000
4480,2015,7,6,16,0.000000,0.000000,0.000000,0.000000,48.800000,21.350000
4481,2015,7,6,17,0.000000,0.000000,0.000000,0.000000,33.600000,14.700000
4482,2015,7,6,18,0.000000,0.000000,0.000000,0.000000,16.800000,7.350000
4483,2015,7,6,19,0.000000,0.000000,0.000000,0.000000,0.000000,0.000000
4484,2015,7,6,20,0.000000,0.000000,0.000000,0.000000,0.000000,0.000000
4485,2015,7,6,21,0.000000,0.000000,0.000000,0.000000,0.000000,0.000000
4486,2015,7,6,22,0.000000,0.000000,0.000000,0.000000,0.000000,0.000000
4487,2015,7,6,23,0.000000,0.000000,0.000000,0.000000,0.000000,0.000000
4488,2015,7,6,24,0.000000,0.000000,0.000000,0.000000,0.000000,0.000000
4489,2015,7,7,1,0.000000,0.000000,0.000000,0.000000,0.000000,0.000000
4490,2015,7,7,2,0.000000,0.000000,0.000000,0.000000,0.000000,0.000000
4491,2015,7,7,3,0.000000,0.000000,0.000000,0.000000,0.000000,0.000000
4492,2015,7,7,4,0.000000,0.000000,0.000000,0.000000,0.000000,0.000000
4493,2015,7,7,5,0.000000,0.000000,0.000000,0.000000,0.000000,0.000000
4494,2015,7,7,6,0.000000,0.000000,0.000000,0.000000,0.000000,0.000000
4495,2015,7,7,7,0.000000,0.000000,0.000000,0.000000,0.000000,0.000000
4496,2015,7,7,8,0.000000,0.000000,0.000000,0.000000,4.000000,1.750000
4497,2015,7,7,9,0.000000,0.000000,0.000000,0.000000,22.400000,9.800000
4498,2015,7,7,10,0.000000,0.000000,0.000000,0.000000,39.200000,17.150000
4499,2015,7,7,11,0.000000,0.000000,0.000000,0.000000,52.800000,23.100000
4500,2015,7,7,12,0.000000,0.000000,0.000000,0.000000,62.400000,27.300000
4501,2015,7,7,13,0.000000,0.000000,0.000000,0.000000,66.400000,29.050000
4502,2015,7,7,14,0.000000,0.000000,0.000000,0.000000,65.600000,28.700000
4503,2015,7,7,15,0.000000,0.000000,0.000000,0.000000,60.000000,26.250000
4504,2015,7,7,16,0.000000,0.000000,0.000000,0.000000,48.800000,21.350000
4505,2015,7,7,17,0.000000,0.000000,0.000000,0.000000,33.600000,14.700000
4506,2015,7,7,18,0.000000,0.000000,0.000000,0.000000,16.800000,7.350000
4507,2015,7,7,19,0.000000,0.000000,0.000000,0.000000,0.000000,0.000000
4508,2015,7,7,20,0.000000,0.000000,0.000000,0.000000,0.000000,0.000000
4509,2015,7,7,21,0.000000,0.000000,0.000000,0.000000,0.000000,0.000000
4510,2015,7,7,22,0.000000,0.000000,0.000000,0.000000,0.000000,0.000000
4511,2015,7,7,23,0.000000,0.000000,0.000000,0.000000,0.000000,0.000000
4512,2015,7,7,24,0.000000,0.000000,0.000000,0.000000,0.000000,0.000000
4513,2015,7,8,1,0.000000,0.000000,0.000000,0.000000,0.000000,0.000000
4514,2015,7,8,2,0.000000,0.000000,0.000000,0.000000,0.000000,0.000000
4515,2015,7,8,3,0.000000,0.000000,0.000000,0.000000,0.000000,0.000000
4516,2015,7,8,4,0.000000,0.000000,0.000000,0.000000,0.000000,0.000000
4517,2015,7,8,5,0.000000,0.000000,0.000000,0.000000,0.000000,0.000000
4518,2015,7,8,6,0.000000,0.000000,0.000000,0.000000,0.000000,0.000000
4519,2015,7,8,7,0.000000,0.000000,0.000000,0.000000,0.000000,0.000000
4520,2015,7,8,8,0.000000,0.000000,0.000000,0.000000,4.000000,1.750000
4521,2015,7,8,9,0.000000,0.000000,0.000000,0.000000,22.400000,9.800000
4522,2015,7,8,10,0.000000,0.000000,0.000000,0.000000,39.200000,17.150000
4523,2015,7,8,11,0.000000,0.000000,0.000000,0.000000,52.800000,23.100000
4524,2015,7,8,12,0.000000,0.000000,0.000000,0.000000,62.400000,27.300000
4525,2015,7,8,13,0.000000,0.000000,0.000000,0.000000,66.400000,29.050000
4526,2015,7,8,14,0.000000,0.000000,0.000000,0.000000,65.600000,28.700000
4527,2015,7,8,15,0.000000,0.000000,0.000000,0.000000,60.000000,26.250000
4528,2015,7,8,16,0.000000,0.000000,0.000000,0.000000,48.800000,21.350000
4529,2015,7,8,17,0.000000,0.000000,0.000000,0.000000,33.600000,14.700000
4530,2015,7,8,18,0.000000,0.000000,0.000000,0.000000,16.800000,7.350000
4531,2015,7,8,19,0.000000,0.000000,0.000000,0.000000,0.000000,0.000000
4532,2015,7,8,20,0.000000,0.000000,0.000000,0.000000,0.000000,0.000000
4533,2015,7,8,21,0.000000,0.000000,0.000000,0.000000,0.000000,0.000000
4534,2015,7,8,22,0.000000,0.000000,0.000000,0.000000,0.000000,0.000000
4535,2015,7,8,23,0.000000,0.000000,0.000000,0.000000,0.000000,0.000000
4536,2015,7,8,24,0.000000,0.000000,0.000000,0.000000,0.000000,0.000000
4537,2015,7,9,1,0.000000,0.000000,0.000000,0.000000,0.000000,0.000000
4538,2015,7,9,2,0.000000,0.000000,0.000000,0.000000,0.000000,0.000000
4539,2015,7,9,3,0.000000,0.000000,0.000000,0.000000,0.000000,0.000000
4540,2015,7,9,4,0.000000,0.000000,0.000000,0.000000,0.000000,0.000000
4541,2015,7,9,5,0.000000,0.000000,0.000000,0.000000,0.000000,0.000000
4542,2015,7,9,6,0.000000,0.000000,0.000000,0.000000,0.000000,0.000000
4543,2015,7,9,7,0.000000,0.000000,0.000000,0.000000,0.000000,0.000000
4544,2015,7,9,8,0.000000,0.000000,0.000000,0.000000,4.000000,1.750000
4545,2015,7,9,9,0.000000,0.000000,0.000000,0.000000,22.400000,9.800000
4546,2015,7,9,10,0.000000,0.000000,0.000000,0.000000,39.200000,17.150000
4547,2015,7,9,11,0.000000,0.000000,0.000000,0.000000,52.800000,23.100000
4548,2015,7,9,12,0.000000,0.000000,0.000000,0.000000,62.400000,27.300000
4549,2015,7,9,13,0.000000,0.000000,0.000000,0.000000,66.400000,29.050000
4550,2015,7,9,14,0.000000,0.000000,0.000000,0.000000,65.600000,28.700000
4551,2015,7,9,15,0.000000,0.000000,0.000000,0.000000,60.000000,26.250000
4552,2015,7,9,16,0.000000,0.000000,0.000000,0.000000,48.800000,21.350000
4553,2015,7,9,17,0.000000,0.000000,0.000000,0.000000,33.600000,14.700000
4554,2015,7,9,18,0.000000,0.000000,0.000000,0.000000,16.800000,7.350000
4555,2015,7,9,19,0.000000,0.000000,0.000000,0.000000,0.000000,0.000000
4556,2015,7,9,20,0.000000,0.000000,0.000000,0.000000,0.000000,0.000000
4557,2015,7,9,21,0.000000,0.000000,0.000000,0.000000,0.000000,0.000000
4558,2015,7,9,22,0.000000,0.000000,0.000000,0.000000,0.000000,0.000000
4559,2015,7,9,23,0.000000,0.000000,0.000000,0.000000,0.000000,0.000000
4560,2015,7,9,24,0.000000,0.000000,0.000000,0.000000,0.000000,0.000000
4561,2015,7,10,1,0.000000,0.000000,0.000000,0.000000,0.000000,0.000000
4562,2015,7,10,2,0.000000,0.000000,0.000000,0.000000,0.000000,0.000000
4563,2015,7,10,3,0.000000,0.000000,0.000000,0.000000,0.000000,0.000000
4564,2015,7,10,4,0.000000,0.000000,0.000000,0.000000,0.000000,0.000000
4565,2015,7,10,5,0.000000,0.000000,0.000000,0.000000,0.000000,0.000000
4566,2015,7,10,6,0.000000,0.000000,0.000000,0.000000,0.000000,0.000000
4567,2015,7,10,7,0.000000,0.000000,0.000000,0.000000,0.000000,0.000000
4568,2015,7,10,8,0.000000,0.000000,0.000000,0.000000,4.000000,1.750000
4569,2015,7,10,9,0.000000,0.000000,0.000000,0.000000,22.400000,9.800000
4570,2015,7,10,10,0.000000,0.000000,0.000000,0.000000,39.200000,17.150000
4571,2015,7,10,11,0.000000,0.000000,0.000000,0.000000,52.800000,23.100000
4572,2015,7,10,12,0.000000,0.000000,0.000000,0.000000,62.400000,27.300000
4573,2015,7,10,13,0.000000,0.000000,0.000000,0.000000,66.400000,29.050000
4574,2015,7,10,14,0.000000,0.000000,0.000000,0.000000,65.600000,28.700000
4575,2015,7,10,15,0.000000,0.000000,0.000000,0.000000,60.000000,26.250000
4576,2015,7,10,16,0.000000,0.000000,0.000000,0.000000,48.800000,21.350000
4577,2015,7,10,17,0.000000,0.000000,0.000000,0.000000,33.600000,14.700000
4578,2015,7,10,18,0.000000,0.000000,0.000000,0.000000,16.800000,7.350000
4579,2015,7,10,19,0.000000,0.000000,0.000000,0.000000,0.000000,0.000000
4580,2015,7,10,20,0.000000,0.000000,0.000000,0.000000,0.000000,0.000000
4581,2015,7,10,21,0.000000,0.000000,0.000000,0.000000,0.000000,0.000000
4582,2015,7,10,22,0.000000,0.000000,0.000000,0.000000,0.000000,0.000000
4583,2015,7,10,23,0.000000,0.000000,0.000000,0.000000,0.000000,0.000000
4584,2015,7,10,24,0.000000,0.000000,0.000000,0.000000,0.000000,0.000000
4585,2015,7,11,1,0.000000,0.000000,0.000000,0.000000,0.000000,0.000000
4586,2015,7,11,2,0.000000,0.000000,0.000000,0.000000,0.000000,0.000000
4587,2015,7,11,3,0.000000,0.000000,0.000000,0.000000,0.000000,0.000000
4588,2015,7,11,4,0.000000,0.000000,0.000000,0.000000,0.000000,0.000000
4589,2015,7,11,5,0.000000,0.000000,0.000000,0.000000,0.000000,0.000000
4590,2015,7,11,6,0.000000,0.000000,0.000000,0.000000,0.000000,0.000000
4591,2015,7,11,7,0.000000,0.000000,0.000000,0.000000,0.000000,0.000000
4592,2015,7,11,8,0.000000,0.000000,0.000000,0.000000,4.000000,1.750000
4593,2015,7,11,9,0.000000,0.000000,0.000000,0.000000,22.400000,9.800000
4594,2015,7,11,10,0.000000,0.000000,0.000000,0.000000,39.200000,17.150000
4595,2015,7,11,11,0.000000,0.000000,0.000000,0.000000,52.800000,23.100000
4596,2015,7,11,12,0.000000,0.000000,0.000000,0.000000,62.400000,27.300000
4597,2015,7,11,13,0.000000,0.000000,0.000000,0.000000,66.400000,29.050000
4598,2015,7,11,14,0.000000,0.000000,0.000000,0.000000,65.600000,28.700000
4599,2015,7,11,15,0.000000,0.000000,0.000000,0.000000,60.000000,26.250000
4600,2015,7,11,16,0.000000,0.000000,0.000000,0.000000,48.800000,21.350000
4601,2015,7,11,17,0.000000,0.000000,0.000000,0.000000,33.600000,14.700000
4602,2015,7,11,18,0.000000,0.000000,0.000000,0.000000,16.800000,7.350000
4603,2015,7,11,19,0.000000,0.000000,0.000000,0.000000,0.000000,0.000000
4604,2015,7,11,20,0.000000,0.000000,0.000000,0.000000,0.000000,0.000000
4605,2015,7,11,21,0.000000,0.000000,0.000000,0.000000,0.000000,0.000000
4606,2015,7,11,22,0.000000,0.000000,0.000000,0.000000,0.000000,0.000000
4607,2015,7,11,23,0.000000,0.000000,0.000000,0.000000,0.000000,0.000000
4608,2015,7,11,24,0.000000,0.000000,0.000000,0.000000,0.000000,0.000000
4609,2015,7,12,1,0.000000,0.000000,0.000000,0.000000,0.000000,0.000000
4610,2015,7,12,2,0.000000,0.000000,0.000000,0.000000,0.000000,0.000000
4611,2015,7,12,3,0.000000,0.000000,0.000000,0.000000,0.000000,0.000000
4612,2015,7,12,4,0.000000,0.000000,0.000000,0.000000,0.000000,0.000000
4613,2015,7,12,5,0.000000,0.000000,0.000000,0.000000,0.000000,0.000000
4614,2015,7,12,6,0.000000,0.000000,0.000000,0.000000,0.000000,0.000000
4615,2015,7,12,7,0.000000,0.000000,0.000000,0.000000,0.000000,0.000000
4616,2015,7,12,8,0.000000,0.000000,0.000000,0.000000,4.000000,1.750000
4617,2015,7,12,9,0.000000,0.000000,0.000000,0.000000,22.400000,9.800000
4618,2015,7,12,10,0.000000,0.000000,0.000000,0.000000,39.200000,17.150000
4619,2015,7,12,11,0.000000,0.000000,0.000000,0.000000,52.800000,23.100000
4620,2015,7,12,12,0.000000,0.000000,0.000000,0.000000,62.400000,27.300000
4621,2015,7,12,13,0.000000,0.000000,0.000000,0.000000,66.400000,29.050000
4622,2015,7,12,14,0.000000,0.000000,0.000000,0.000000,65.600000,28.700000
4623,2015,7,12,15,0.000000,0.000000,0.000000,0.000000,60.000000,26.250000
4624,2015,7,12,16,0.000000,0.000000,0.000000,0.000000,48.800000,21.350000
4625,2015,7,12,17,0.000000,0.000000,0.000000,0.000000,33.600000,14.700000
4626,2015,7,12,18,0.000000,0.000000,0.000000,0.000000,16.800000,7.350000
4627,2015,7,12,19,0.000000,0.000000,0.000000,0.000000,0.000000,0.000000
4628,2015,7,12,20,0.000000,0.000000,0.000000,0.000000,0.000000,0.000000
4629,2015,7,12,21,0.000000,0.000000,0.000000,0.000000,0.000000,0.000000
4630,2015,7,12,22,0.000000,0.000000,0.000000,0.000000,0.000000,0.000000
4631,2015,7,12,23,0.000000,0.000000,0.000000,0.000000,0.000000,0.000000
4632,2015,7,12,24,0.000000,0.000000,0.000000,0.000000,0.000000,0.000000
4633,2015,7,13,1,0.000000,0.000000,0.000000,0.000000,0.000000,0.000000
4634,2015,7,13,2,0.000000,0.000000,0.000000,0.000000,0.000000,0.000000
4635,2015,7,13,3,0.000000,0.000000,0.000000,0.000000,0.000000,0.000000
4636,2015,7,13,4,0.000000,0.000000,0.000000,0.000000,0.000000,0.000000
4637,2015,7,13,5,0.000000,0.000000,0.000000,0.000000,0.000000,0.000000
4638,2015,7,13,6,0.000000,0.000000,0.000000,0.000000,0.000000,0.000000
4639,2015,7,13,7,0.000000,0.000000,0.000000,0.000000,0.000000,0.000000
4640,2015,7,13,8,0.000000,0.000000,0.000000,0.000000,4.000000,1.750000
4641,2015,7,13,9,0.000000,0.000000,0.000000,0.000000,22.400000,9.800000
4642,2015,7,13,10,0.000000,0.000000,0.000000,0.000000,39.200000,17.150000
4643,2015,7,13,11,0.000000,0.000000,0.000000,0.000000,52.800000,23.100000
4644,2015,7,13,12,0.000000,0.000000,0.000000,0.000000,62.400000,27.300000
4645,2015,7,13,13,0.000000,0.000000,0.000000,0.000000,66.400000,29.050000
4646,2015,7,13,14,0.000000,0.000000,0.000000,0.000000,65.600000,28.700000
4647,2015,7,13,15,0.000000,0.000000,0.000000,0.000000,60.000000,26.250000
4648,2015,7,13,16,0.000000,0.000000,0.000000,0.000000,48.800000,21.350000
4649,2015,7,13,17,0.000000,0.000000,0.000000,0.000000,33.600000,14.700000
4650,2015,7,13,18,0.000000,0.000000,0.000000,0.000000,16.800000,7.350000
4651,2015,7,13,19,0.000000,0.000000,0.000000,0.000000,0.000000,0.000000
4652,2015,7,13,20,0.000000,0.000000,0.000000,0.000000,0.000000,0.000000
4653,2015,7,13,21,0.000000,0.000000,0.000000,0.000000,0.000000,0.000000
4654,2015,7,13,22,0.000000,0.000000,0.000000,0.000000,0.000000,0.000000
4655,2015,7,13,23,0.000000,0.000000,0.000000,0.000000,0.000000,0.000000
4656,2015,7,13,24,0.000000,0.000000,0.000000,0.000000,0.000000,0.000000
4657,2015,7,14,1,0.000000,0.000000,0.000000,0.000000,0.000000,0.000000
4658,2015,7,14,2,0.000000,0.000000,0.000000,0.000000,0.000000,0.000000
4659,2015,7,14,3,0.000000,0.000000,0.000000,0.000000,0.000000,0.000000
4660,2015,7,14,4,0.000000,0.000000,0.000000,0.000000,0.000000,0.000000
4661,2015,7,14,5,0.000000,0.000000,0.000000,0.000000,0.000000,0.000000
4662,2015,7,14,6,0.000000,0.000000,0.000000,0.000000,0.000000,0.000000
4663,2015,7,14,7,0.000000,0.000000,0.000000,0.000000,0.000000,0.000000
4664,2015,7,14,8,0.000000,0.000000,0.000000,0.000000,4.000000,1.750000
4665,2015,7,14,9,0.000000,0.000000,0.000000,0.000000,22.400000,9.800000
4666,2015,7,14,10,0.000000,0.000000,0.000000,0.000000,39.200000,17.150000
4667,2015,7,14,11,0.000000,0.000000,0.000000,0.000000,52.800000,23.100000
4668,2015,7,14,12,0.000000,0.000000,0.000000,0.000000,62.400000,27.300000
4669,2015,7,14,13,0.000000,0.000000,0.000000,0.000000,66.400000,29.050000
4670,2015,7,14,14,0.000000,0.000000,0.000000,0.000000,65.600000,28.700000
4671,2015,7,14,15,0.000000,0.000000,0.000000,0.000000,60.000000,26.250000
4672,2015,7,14,16,0.000000,0.000000,0.000000,0.000000,48.800000,21.350000
4673,2015,7,14,17,0.000000,0.000000,0.000000,0.000000,33.600000,14.700000
4674,2015,7,14,18,0.000000,0.000000,0.000000,0.000000,16.800000,7.350000
4675,2015,7,14,19,0.000000,0.000000,0.000000,0.000000,0.000000,0.000000
4676,2015,7,14,20,0.000000,0.000000,0.000000,0.000000,0.000000,0.000000
4677,2015,7,14,21,0.000000,0.000000,0.000000,0.000000,0.000000,0.000000
4678,2015,7,14,22,0.000000,0.000000,0.000000,0.000000,0.000000,0.000000
4679,2015,7,14,23,0.000000,0.000000,0.000000,0.000000,0.000000,0.000000
4680,2015,7,14,24,0.000000,0.000000,0.000000,0.000000,0.000000,0.000000
4681,2015,7,15,1,0.000000,0.000000,0.000000,0.000000,0.000000,0.000000
4682,2015,7,15,2,0.000000,0.000000,0.000000,0.000000,0.000000,0.000000
4683,2015,7,15,3,0.000000,0.000000,0.000000,0.000000,0.000000,0.000000
4684,2015,7,15,4,0.000000,0.000000,0.000000,0.000000,0.000000,0.000000
4685,2015,7,15,5,0.000000,0.000000,0.000000,0.000000,0.000000,0.000000
4686,2015,7,15,6,0.000000,0.000000,0.000000,0.000000,0.000000,0.000000
4687,2015,7,15,7,0.000000,0.000000,0.000000,0.000000,0.000000,0.000000
4688,2015,7,15,8,0.000000,0.000000,0.000000,0.000000,4.000000,1.750000
4689,2015,7,15,9,0.000000,0.000000,0.000000,0.000000,22.400000,9.800000
4690,2015,7,15,10,0.000000,0.000000,0.000000,0.000000,39.200000,17.150000
4691,2015,7,15,11,0.000000,0.000000,0.000000,0.000000,52.800000,23.100000
4692,2015,7,15,12,0.000000,0.000000,0.000000,0.000000,62.400000,27.300000
4693,2015,7,15,13,0.000000,0.000000,0.000000,0.000000,66.400000,29.050000
4694,2015,7,15,14,0.000000,0.000000,0.000000,0.000000,65.600000,28.700000
4695,2015,7,15,15,0.000000,0.000000,0.000000,0.000000,60.000000,26.250000
4696,2015,7,15,16,0.000000,0.000000,0.000000,0.000000,48.800000,21.350000
4697,2015,7,15,17,0.000000,0.000000,0.000000,0.000000,33.600000,14.700000
4698,2015,7,15,18,0.000000,0.000000,0.000000,0.000000,16.800000,7.350000
4699,2015,7,15,19,0.000000,0.000000,0.000000,0.000000,0.000000,0.000000
4700,2015,7,15,20,0.000000,0.000000,0.000000,0.000000,0.000000,0.000000
4701,2015,7,15,21,0.000000,0.000000,0.000000,0.000000,0.000000,0.000000
4702,2015,7,15,22,0.000000,0.000000,0.000000,0.000000,0.000000,0.000000
4703,2015,7,15,23,0.000000,0.000000,0.000000,0.000000,0.000000,0.000000
4704,2015,7,15,24,0.000000,0.000000,0.000000,0.000000,0.000000,0.000000
4705,2015,7,16,1,0.000000,0.000000,0.000000,0.000000,0.000000,0.000000
4706,2015,7,16,2,0.000000,0.000000,0.000000,0.000000,0.000000,0.000000
4707,2015,7,16,3,0.000000,0.000000,0.000000,0.000000,0.000000,0.000000
4708,2015,7,16,4,0.000000,0.000000,0.000000,0.000000,0.000000,0.000000
4709,2015,7,16,5,0.000000,0.000000,0.000000,0.000000,0.000000,0.000000
4710,2015,7,16,6,0.000000,0.000000,0.000000,0.000000,0.000000,0.000000
4711,2015,7,16,7,0.000000,0.000000,0.000000,0.000000,0.000000,0.000000
4712,2015,7,16,8,0.000000,0.000000,0.000000,0.000000,4.000000,1.750000
4713,2015,7,16,9,0.000000,0.000000,0.000000,0.000000,22.400000,9.800000
4714,2015,7,16,10,0.000000,0.000000,0.000000,0.000000,39.200000,17.150000
4715,2015,7,16,11,0.000000,0.000000,0.000000,0.000000,52.800000,23.100000
4716,2015,7,16,12,0.000000,0.000000,0.000000,0.000000,62.400000,27.300000
4717,2015,7,16,13,0.000000,0.000000,0.000000,0.000000,66.400000,29.050000
4718,2015,7,16,14,0.000000,0.000000,0.000000,0.000000,65.600000,28.700000
4719,2015,7,16,15,0.000000,0.000000,0.000000,0.000000,60.000000,26.250000
4720,2015,7,16,16,0.000000,0.000000,0.000000,0.000000,48.800000,21.350000
4721,2015,7,16,17,0.000000,0.000000,0.000000,0.000000,33.600000,14.700000
4722,2015,7,16,18,0.000000,0.000000,0.000000,0.000000,16.800000,7.350000
4723,2015,7,16,19,0.000000,0.000000,0.000000,0.000000,0.000000,0.000000
4724,2015,7,16,20,0.000000,0.000000,0.000000,0.000000,0.000000,0.000000
4725,2015,7,16,21,0.000000,0.000000,0.000000,0.000000,0.000000,0.000000
4726,2015,7,16,22,0.000000,0.000000,0.000000,0.000000,0.000000,0.000000
4727,2015,7,16,23,0.000000,0.000000,0.000000,0.000000,0.000000,0.000000
4728,2015,7,16,24,0.000000,0.000000,0.000000,0.000000,0.000000,0.000000
4729,2015,7,17,1,0.000000,0.000000,0.000000,0.000000,0.000000,0.000000
4730,2015,7,17,2,0.000000,0.000000,0.000000,0.000000,0.000000,0.000000
4731,2015,7,17,3,0.000000,0.000000,0.000000,0.000000,0.000000,0.000000
4732,2015,7,17,4,0.000000,0.000000,0.000000,0.000000,0.000000,0.000000
4733,2015,7,17,5,0.000000,0.000000,0.000000,0.000000,0.000000,0.000000
4734,2015,7,17,6,0.000000,0.000000,0.000000,0.000000,0.000000,0.000000
4735,2015,7,17,7,0.000000,0.000000,0.000000,0.000000,0.000000,0.000000
4736,2015,7,17,8,0.000000,0.000000,0.000000,0.000000,4.000000,1.750000
4737,2015,7,17,9,0.000000,0.000000,0.000000,0.000000,22.400000,9.800000
4738,2015,7,17,10,0.000000,0.000000,0.000000,0.000000,39.200000,17.150000
4739,2015,7,17,11,0.000000,0.000000,0.000000,0.000000,52.800000,23.100000
4740,2015,7,17,12,0.000000,0.000000,0.000000,0.000000,62.400000,27.300000
4741,2015,7,17,13,0.000000,0.000000,0.000000,0.000000,66.400000,29.050000
4742,2015,7,17,14,0.000000,0.000000,0.000000,0.000000,65.600000,28.700000
4743,2015,7,17,15,0.000000,0.000000,0.000000,0.000000,60.000000,26.250000
4744,2015,7,17,16,0.000000,0.000000,0.000000,0.000000,48.800000,21.350000
4745,2015,7,17,17,0.000000,0.000000,0.000000,0.000000,33.600000,14.700000
4746,2015,7,17,18,0.000000,0.000000,0.000000,0.000000,16.800000,7.350000
4747,2015,7,17,19,0.000000,0.000000,0.000000,0.000000,0.000000,0.000000
4748,2015,7,17,20,0.000000,0.000000,0.000000,0.000000,0.000000,0.000000
4749,2015,7,17,21,0.000000,0.000000,0.000000,0.000000,0.000000,0.000000
4750,2015,7,17,22,0.000000,0.000000,0.000000,0.000000,0.000000,0.000000
4751,2015,7,17,23,0.000000,0.000000,0.000000,0.000000,0.000000,0.000000
4752,2015,7,17,24,0.000000,0.000000,0.000000,0.000000,0.000000,0.000000
4753,2015,7,18,1,0.000000,0.000000,0.000000,0.000000,0.000000,0.000000
4754,2015,7,18,2,0.000000,0.000000,0.000000,0.000000,0.000000,0.000000
4755,2015,7,18,3,0.000000,0.000000,0.000000,0.000000,0.000000,0.000000
4756,2015,7,18,4,0.000000,0.000000,0.000000,0.000000,0.000000,0.000000
4757,2015,7,18,5,0.000000,0.000000,0.000000,0.000000,0.000000,0.000000
4758,2015,7,18,6,0.000000,0.000000,0.000000,0.000000,0.000000,0.000000
4759,2015,7,18,7,0.000000,0.000000,0.000000,0.000000,0.000000,0.000000
4760,2015,7,18,8,0.000000,0.000000,0.000000,0.000000,4.000000,1.750000
4761,2015,7,18,9,0.000000,0.000000,0.000000,0.000000,22.400000,9.800000
4762,2015,7,18,10,0.000000,0.000000,0.000000,0.000000,39.200000,17.150000
4763,2015,7,18,11,0.000000,0.000000,0.000000,0.000000,52.800000,23.100000
4764,2015,7,18,12,0.000000,0.000000,0.000000,0.000000,62.400000,27.300000
4765,2015,7,18,13,0.000000,0.000000,0.000000,0.000000,66.400000,29.050000
4766,2015,7,18,14,0.000000,0.000000,0.000000,0.000000,65.600000,28.700000
4767,2015,7,18,15,0.000000,0.000000,0.000000,0.000000,60.000000,26.250000
4768,2015,7,18,16,0.000000,0.000000,0.000000,0.000000,48.800000,21.350000
4769,2015,7,18,17,0.000000,0.000000,0.000000,0.000000,33.600000,14.700000
4770,2015,7,18,18,0.000000,0.000000,0.000000,0.000000,16.800000,7.350000
4771,2015,7,18,19,0.000000,0.000000,0.000000,0.000000,0.000000,0.000000
4772,2015,7,18,20,0.000000,0.000000,0.000000,0.000000,0.000000,0.000000
4773,2015,7,18,21,0.000000,0.000000,0.000000,0.000000,0.000000,0.000000
4774,2015,7,18,22,0.000000,0.000000,0.000000,0.000000,0.000000,0.000000
4775,2015,7,18,23,0.000000,0.000000,0.000000,0.000000,0.000000,0.000000
4776,2015,7,18,24,0.000000,0.000000,0.000000,0.000000,0.000000,0.000000
4777,2015,7,19,1,0.000000,0.000000,0.000000,0.000000,0.000000,0.000000
4778,2015,7,19,2,0.000000,0.000000,0.000000,0.000000,0.000000,0.000000
4779,2015,7,19,3,0.000000,0.000000,0.000000,0.000000,0.000000,0.000000
4780,2015,7,19,4,0.000000,0.000000,0.000000,0.000000,0.000000,0.000000
4781,2015,7,19,5,0.000000,0.000000,0.000000,0.000000,0.000000,0.000000
4782,2015,7,19,6,0.000000,0.000000,0.000000,0.000000,0.000000,0.000000
4783,2015,7,19,7,0.000000,0.000000,0.000000,0.000000,0.000000,0.000000
4784,2015,7,19,8,0.000000,0.000000,0.000000,0.000000,4.000000,1.750000
4785,2015,7,19,9,0.000000,0.000000,0.000000,0.000000,22.400000,9.800000
4786,2015,7,19,10,0.000000,0.000000,0.000000,0.000000,39.200000,17.150000
4787,2015,7,19,11,0.000000,0.000000,0.000000,0.000000,52.800000,23.100000
4788,2015,7,19,12,0.000000,0.000000,0.000000,0.000000,62.400000,27.300000
4789,2015,7,19,13,0.000000,0.000000,0.000000,0.000000,66.400000,29.050000
4790,2015,7,19,14,0.000000,0.000000,0.000000,0.000000,65.600000,28.700000
4791,2015,7,19,15,0.000000,0.000000,0.000000,0.000000,60.000000,26.250000
4792,2015,7,19,16,0.000000,0.000000,0.000000,0.000000,48.800000,21.350000
4793,2015,7,19,17,0.000000,0.000000,0.000000,0.000000,33.600000,14.700000
4794,2015,7,19,18,0.000000,0.000000,0.000000,0.000000,16.800000,7.350000
4795,2015,7,19,19,0.000000,0.000000,0.000000,0.000000,0.000000,0.000000
4796,2015,7,19,20,0.000000,0.000000,0.000000,0.000000,0.000000,0.000000
4797,2015,7,19,21,0.000000,0.000000,0.000000,0.000000,0.000000,0.000000
4798,2015,7,19,22,0.000000,0.000000,0.000000,0.000000,0.000000,0.000000
4799,2015,7,19,23,0.000000,0.000000,0.000000,0.000000,0.000000,0.000000
4800,2015,7,19,24,0.000000,0.000000,0.000000,0.000000,0.000000,0.000000
4801,2015,7,20,1,0.000000,0.000000,0.000000,0.000000,0.000000,0.000000
4802,2015,7,20,2,0.000000,0.000000,0.000000,0.000000,0.000000,0.000000
4803,2015,7,20,3,0.000000,0.000000,0.000000,0.000000,0.000000,0.000000
4804,2015,7,20,4,0.000000,0.000000,0.000000,0.000000,0.000000,0.000000
4805,2015,7,20,5,0.000000,0.000000,0.000000,0.000000,0.000000,0.000000
4806,2015,7,20,6,0.000000,0.000000,0.000000,0.000000,0.000000,0.000000
4807,2015,7,20,7,0.000000,0.000000,0.000000,0.000000,0.000000,0.000000
4808,2015,7,20,8,0.000000,0.000000,0.000000,0.000000,4.000000,1.750000
4809,2015,7,20,9,0.000000,0.000000,0.000000,0.000000,22.400000,9.800000
4810,2015,7,20,10,0.000000,0.000000,0.000000,0.000000,39.200000,17.150000
4811,2015,7,20,11,0.000000,0.000000,0.000000,0.000000,52.800000,23.100000
4812,2015,7,20,12,0.000000,0.000000,0.000000,0.000000,62.400000,27.300000
4813,2015,7,20,13,0.000000,0.000000,0.000000,0.000000,66.400000,29.050000
4814,2015,7,20,14,0.000000,0.000000,0.000000,0.000000,65.600000,28.700000
4815,2015,7,20,15,0.000000,0.000000,0.000000,0.000000,60.000000,26.250000
4816,2015,7,20,16,0.000000,0.000000,0.000000,0.000000,48.800000,21.350000
4817,2015,7,20,17,0.000000,0.000000,0.000000,0.000000,33.600000,14.700000
4818,2015,7,20,18,0.000000,0.000000,0.000000,0.000000,16.800000,7.350000
4819,2015,7,20,19,0.000000,0.000000,0.000000,0.000000,0.000000,0.000000
4820,2015,7,20,20,0.000000,0.000000,0.000000,0.000000,0.000000,0.000000
4821,2015,7,20,21,0.000000,0.000000,0.000000,0.000000,0.000000,0.000000
4822,2015,7,20,22,0.000000,0.000000,0.000000,0.000000,0.000000,0.000000
4823,2015,7,20,23,0.000000,0.000000,0.000000,0.000000,0.000000,0.000000
4824,2015,7,20,24,0.000000,0.000000,0.000000,0.000000,0.000000,0.000000
4825,2015,7,21,1,0.000000,0.000000,0.000000,0.000000,0.000000,0.000000
4826,2015,7,21,2,0.000000,0.000000,0.000000,0.000000,0.000000,0.000000
4827,2015,7,21,3,0.000000,0.000000,0.000000,0.000000,0.000000,0.000000
4828,2015,7,21,4,0.000000,0.000000,0.000000,0.000000,0.000000,0.000000
4829,2015,7,21,5,0.000000,0.000000,0.000000,0.000000,0.000000,0.000000
4830,2015,7,21,6,0.000000,0.000000,0.000000,0.000000,0.000000,0.000000
4831,2015,7,21,7,0.000000,0.000000,0.000000,0.000000,0.000000,0.000000
4832,2015,7,21,8,0.000000,0.000000,0.000000,0.000000,4.000000,1.750000
4833,2015,7,21,9,0.000000,0.000000,0.000000,0.000000,22.400000,9.800000
4834,2015,7,21,10,0.000000,0.000000,0.000000,0.000000,39.200000,17.150000
4835,2015,7,21,11,0.000000,0.000000,0.000000,0.000000,52.800000,23.100000
4836,2015,7,21,12,0.000000,0.000000,0.000000,0.000000,62.400000,27.300000
4837,2015,7,21,13,0.000000,0.000000,0.000000,0.000000,66.400000,29.050000
4838,2015,7,21,14,0.000000,0.000000,0.000000,0.000000,65.600000,28.700000
4839,2015,7,21,15,0.000000,0.000000,0.000000,0.000000,60.000000,26.250000
4840,2015,7,21,16,0.000000,0.000000,0.000000,0.000000,48.800000,21.350000
4841,2015,7,21,17,0.000000,0.000000,0.000000,0.000000,33.600000,14.700000
4842,2015,7,21,18,0.000000,0.000000,0.000000,0.000000,16.800000,7.350000
4843,2015,7,21,19,0.000000,0.000000,0.000000,0.000000,0.000000,0.000000
4844,2015,7,21,20,0.000000,0.000000,0.000000,0.000000,0.000000,0.000000
4845,2015,7,21,21,0.000000,0.000000,0.000000,0.000000,0.000000,0.000000
4846,2015,7,21,22,0.000000,0.000000,0.000000,0.000000,0.000000,0.000000
4847,2015,7,21,23,0.000000,0.000000,0.000000,0.000000,0.000000,0.000000
4848,2015,7,21,24,0.000000,0.000000,0.000000,0.000000,0.000000,0.000000
4849,2015,7,22,1,0.000000,0.000000,0.000000,0.000000,0.000000,0.000000
4850,2015,7,22,2,0.000000,0.000000,0.000000,0.000000,0.000000,0.000000
4851,2015,7,22,3,0.000000,0.000000,0.000000,0.000000,0.000000,0.000000
4852,2015,7,22,4,0.000000,0.000000,0.000000,0.000000,0.000000,0.000000
4853,2015,7,22,5,0.000000,0.000000,0.000000,0.000000,0.000000,0.000000
4854,2015,7,22,6,0.000000,0.000000,0.000000,0.000000,0.000000,0.000000
4855,2015,7,22,7,0.000000,0.000000,0.000000,0.000000,0.000000,0.000000
4856,2015,7,22,8,0.000000,0.000000,0.000000,0.000000,4.000000,1.750000
4857,2015,7,22,9,0.000000,0.000000,0.000000,0.000000,22.400000,9.800000
4858,2015,7,22,10,0.000000,0.000000,0.000000,0.000000,39.200000,17.150000
4859,2015,7,22,11,0.000000,0.000000,0.000000,0.000000,52.800000,23.100000
4860,2015,7,22,12,0.000000,0.000000,0.000000,0.000000,62.400000,27.300000
4861,2015,7,22,13,0.000000,0.000000,0.000000,0.000000,66.400000,29.050000
4862,2015,7,22,14,0.000000,0.000000,0.000000,0.000000,65.600000,28.700000
4863,2015,7,22,15,0.000000,0.000000,0.000000,0.000000,60.000000,26.250000
4864,2015,7,22,16,0.000000,0.000000,0.000000,0.000000,48.800000,21.350000
4865,2015,7,22,17,0.000000,0.000000,0.000000,0.000000,33.600000,14.700000
4866,2015,7,22,18,0.000000,0.000000,0.000000,0.000000,16.800000,7.350000
4867,2015,7,22,19,0.000000,0.000000,0.000000,0.000000,0.000000,0.000000
4868,2015,7,22,20,0.000000,0.000000,0.000000,0.000000,0.000000,0.000000
4869,2015,7,22,21,0.000000,0.000000,0.000000,0.000000,0.000000,0.000000
4870,2015,7,22,22,0.000000,0.000000,0.000000,0.000000,0.000000,0.000000
4871,2015,7,22,23,0.000000,0.000000,0.000000,0.000000,0.000000,0.000000
4872,2015,7,22,24,0.000000,0.000000,0.000000,0.000000,0.000000,0.000000
4873,2015,7,23,1,0.000000,0.000000,0.000000,0.000000,0.000000,0.000000
4874,2015,7,23,2,0.000000,0.000000,0.000000,0.000000,0.000000,0.000000
4875,2015,7,23,3,0.000000,0.000000,0.000000,0.000000,0.000000,0.000000
4876,2015,7,23,4,0.000000,0.000000,0.000000,0.000000,0.000000,0.000000
4877,2015,7,23,5,0.000000,0.000000,0.000000,0.000000,0.000000,0.000000
4878,2015,7,23,6,0.000000,0.000000,0.000000,0.000000,0.000000,0.000000
4879,2015,7,23,7,0.000000,0.000000,0.000000,0.000000,0.000000,0.000000
4880,2015,7,23,8,0.000000,0.000000,0.000000,0.000000,4.000000,1.750000
4881,2015,7,23,9,0.000000,0.000000,0.000000,0.000000,22.400000,9.800000
4882,2015,7,23,10,0.000000,0.000000,0.000000,0.000000,39.200000,17.150000
4883,2015,7,23,11,0.000000,0.000000,0.000000,0.000000,52.800000,23.100000
4884,2015,7,23,12,0.000000,0.000000,0.000000,0.000000,62.400000,27.300000
4885,2015,7,23,13,0.000000,0.000000,0.000000,0.000000,66.400000,29.050000
4886,2015,7,23,14,0.000000,0.000000,0.000000,0.000000,65.600000,28.700000
4887,2015,7,23,15,0.000000,0.000000,0.000000,0.000000,60.000000,26.250000
4888,2015,7,23,16,0.000000,0.000000,0.000000,0.000000,48.800000,21.350000
4889,2015,7,23,17,0.000000,0.000000,0.000000,0.000000,33.600000,14.700000
4890,2015,7,23,18,0.000000,0.000000,0.000000,0.000000,16.800000,7.350000
4891,2015,7,23,19,0.000000,0.000000,0.000000,0.000000,0.000000,0.000000
4892,2015,7,23,20,0.000000,0.000000,0.000000,0.000000,0.000000,0.000000
4893,2015,7,23,21,0.000000,0.000000,0.000000,0.000000,0.000000,0.000000
4894,2015,7,23,22,0.000000,0.000000,0.000000,0.000000,0.000000,0.000000
4895,2015,7,23,23,0.000000,0.000000,0.000000,0.000000,0.000000,0.000000
4896,2015,7,23,24,0.000000,0.000000,0.000000,0.000000,0.000000,0.000000
4897,2015,7,24,1,0.000000,0.000000,0.000000,0.000000,0.000000,0.000000
4898,2015,7,24,2,0.000000,0.000000,0.000000,0.000000,0.000000,0.000000
4899,2015,7,24,3,0.000000,0.000000,0.000000,0.000000,0.000000,0.000000
4900,2015,7,24,4,0.000000,0.000000,0.000000,0.000000,0.000000,0.000000
4901,2015,7,24,5,0.000000,0.000000,0.000000,0.000000,0.000000,0.000000
4902,2015,7,24,6,0.000000,0.000000,0.000000,0.000000,0.000000,0.000000
4903,2015,7,24,7,0.000000,0.000000,0.000000,0.000000,0.000000,0.000000
4904,2015,7,24,8,0.000000,0.000000,0.000000,0.000000,4.000000,1.750000
4905,2015,7,24,9,0.000000,0.000000,0.000000,0.000000,22.400000,9.800000
4906,2015,7,24,10,0.000000,0.000000,0.000000,0.000000,39.200000,17.150000
4907,2015,7,24,11,0.000000,0.000000,0.000000,0.000000,52.800000,23.100000
4908,2015,7,24,12,0.000000,0.000000,0.000000,0.000000,62.400000,27.300000
4909,2015,7,24,13,0.000000,0.000000,0.000000,0.000000,66.400000,29.050000
4910,2015,7,24,14,0.000000,0.000000,0.000000,0.000000,65.600000,28.700000
4911,2015,7,24,15,0.000000,0.000000,0.000000,0.000000,60.000000,26.250000
4912,2015,7,24,16,0.000000,0.000000,0.000000,0.000000,48.800000,21.350000
4913,2015,7,24,17,0.000000,0.000000,0.000000,0.000000,33.600000,14.700000
4914,2015,7,24,18,0.000000,0.000000,0.000000,0.000000,16.800000,7.350000
4915,2015,7,24,19,0.000000,0.000000,0.000000,0.000000,0.000000,0.000000
4916,2015,7,24,20,0.000000,0.000000,0.000000,0.000000,0.000000,0.000000
4917,2015,7,24,21,0.000000,0.000000,0.000000,0.000000,0.000000,0.000000
4918,2015,7,24,22,0.000000,0.000000,0.000000,0.000000,0.000000,0.000000
4919,2015,7,24,23,0.000000,0.000000,0.000000,0.000000,0.000000,0.000000
4920,2015,7,24,24,0.000000,0.000000,0.000000,0.000000,0.000000,0.000000
4921,2015,7,25,1,0.000000,0.000000,0.000000,0.000000,0.000000,0.000000
4922,2015,7,25,2,0.000000,0.000000,0.000000,0.000000,0.000000,0.000000
4923,2015,7,25,3,0.000000,0.000000,0.000000,0.000000,0.000000,0.000000
4924,2015,7,25,4,0.000000,0.000000,0.000000,0.000000,0.000000,0.000000
4925,2015,7,25,5,0.000000,0.000000,0.000000,0.000000,0.000000,0.000000
4926,2015,7,25,6,0.000000,0.000000,0.000000,0.000000,0.000000,0.000000
4927,2015,7,25,7,0.000000,0.000000,0.000000,0.000000,0.000000,0.000000
4928,2015,7,25,8,0.000000,0.000000,0.000000,0.000000,4.000000,1.750000
4929,2015,7,25,9,0.000000,0.000000,0.000000,0.000000,22.400000,9.800000
4930,2015,7,25,10,0.000000,0.000000,0.000000,0.000000,39.200000,17.150000
4931,2015,7,25,11,0.000000,0.000000,0.000000,0.000000,52.800000,23.100000
4932,2015,7,25,12,0.000000,0.000000,0.000000,0.000000,62.400000,27.300000
4933,2015,7,25,13,0.000000,0.000000,0.000000,0.000000,66.400000,29.050000
4934,2015,7,25,14,0.000000,0.000000,0.000000,0.000000,65.600000,28.700000
4935,2015,7,25,15,0.000000,0.000000,0.000000,0.000000,60.000000,26.250000
4936,2015,7,25,16,0.000000,0.000000,0.000000,0.000000,48.800000,21.350000
4937,2015,7,25,17,0.000000,0.000000,0.000000,0.000000,33.600000,14.700000
4938,2015,7,25,18,0.000000,0.000000,0.000000,0.000000,16.800000,7.350000
4939,2015,7,25,19,0.000000,0.000000,0.000000,0.000000,0.000000,0.000000
4940,2015,7,25,20,0.000000,0.000000,0.000000,0.000000,0.000000,0.000000
4941,2015,7,25,21,0.000000,0.000000,0.000000,0.000000,0.000000,0.000000
4942,2015,7,25,22,0.000000,0.000000,0.000000,0.000000,0.000000,0.000000
4943,2015,7,25,23,0.000000,0.000000,0.000000,0.000000,0.000000,0.000000
4944,2015,7,25,24,0.000000,0.000000,0.000000,0.000000,0.000000,0.000000
4945,2015,7,26,1,0.000000,0.000000,0.000000,0.000000,0.000000,0.000000
4946,2015,7,26,2,0.000000,0.000000,0.000000,0.000000,0.000000,0.000000
4947,2015,7,26,3,0.000000,0.000000,0.000000,0.000000,0.000000,0.000000
4948,2015,7,26,4,0.000000,0.000000,0.000000,0.000000,0.000000,0.000000
4949,2015,7,26,5,0.000000,0.000000,0.000000,0.000000,0.000000,0.000000
4950,2015,7,26,6,0.000000,0.000000,0.000000,0.000000,0.000000,0.000000
4951,2015,7,26,7,0.000000,0.000000,0.000000,0.000000,0.000000,0.000000
4952,2015,7,26,8,0.000000,0.000000,0.000000,0.000000,4.000000,1.750000
4953,2015,7,26,9,0.000000,0.000000,0.000000,0.000000,22.400000,9.800000
4954,2015,7,26,10,0.000000,0.000000,0.000000,0.000000,39.200000,17.150000
4955,2015,7,26,11,0.000000,0.000000,0.000000,0.000000,52.800000,23.100000
4956,2015,7,26,12,0.000000,0.000000,0.000000,0.000000,62.400000,27.300000
4957,2015,7,26,13,0.000000,0.000000,0.000000,0.000000,66.400000,29.050000
4958,2015,7,26,14,0.000000,0.000000,0.000000,0.000000,65.600000,28.700000
4959,2015,7,26,15,0.000000,0.000000,0.000000,0.000000,60.000000,26.250000
4960,2015,7,26,16,0.000000,0.000000,0.000000,0.000000,48.800000,21.350000
4961,2015,7,26,17,0.000000,0.000000,0.000000,0.000000,33.600000,14.700000
4962,2015,7,26,18,0.000000,0.000000,0.000000,0.000000,16.800000,7.350000
4963,2015,7,26,19,0.000000,0.000000,0.000000,0.000000,0.000000,0.000000
4964,2015,7,26,20,0.000000,0.000000,0.000000,0.000000,0.000000,0.000000
4965,2015,7,26,21,0.000000,0.000000,0.000000,0.000000,0.000000,0.000000
4966,2015,7,26,22,0.000000,0.000000,0.000000,0.000000,0.000000,0.000000
4967,2015,7,26,23,0.000000,0.000000,0.000000,0.000000,0.000000,0.000000
4968,2015,7,26,24,0.000000,0.000000,0.000000,0.000000,0.000000,0.000000
4969,2015,7,27,1,0.000000,0.000000,0.000000,0.000000,0.000000,0.000000
4970,2015,7,27,2,0.000000,0.000000,0.000000,0.000000,0.000000,0.000000
4971,2015,7,27,3,0.000000,0.000000,0.000000,0.000000,0.000000,0.000000
4972,2015,7,27,4,0.000000,0.000000,0.000000,0.000000,0.000000,0.000000
4973,2015,7,27,5,0.000000,0.000000,0.000000,0.000000,0.000000,0.000000
4974,2015,7,27,6,0.000000,0.000000,0.000000,0.000000,0.000000,0.000000
4975,2015,7,27,7,0.000000,0.000000,0.000000,0.000000,0.000000,0.000000
4976,2015,7,27,8,0.000000,0.000000,0.000000,0.000000,4.000000,1.750000
4977,2015,7,27,9,0.000000,0.000000,0.000000,0.000000,22.400000,9.800000
4978,2015,7,27,10,0.000000,0.000000,0.000000,0.000000,39.200000,17.150000
4979,2015,7,27,11,0.000000,0.000000,0.000000,0.000000,52.800000,23.100000
4980,2015,7,27,12,0.000000,0.000000,0.000000,0.000000,62.400000,27.300000
4981,2015,7,27,13,0.000000,0.000000,0.000000,0.000000,66.400000,29.050000
4982,2015,7,27,14,0.000000,0.000000,0.000000,0.000000,65.600000,28.700000
4983,2015,7,27,15,0.000000,0.000000,0.000000,0.000000,60.000000,26.250000
4984,2015,7,27,16,0.000000,0.000000,0.000000,0.000000,48.800000,21.350000
4985,2015,7,27,17,0.000000,0.000000,0.000000,0.000000,33.600000,14.700000
4986,2015,7,27,18,0.000000,0.000000,0.000000,0.000000,16.800000,7.350000
4987,2015,7,27,19,0.000000,0.000000,0.000000,0.000000,0.000000,0.000000
4988,2015,7,27,20,0.000000,0.000000,0.000000,0.000000,0.000000,0.000000
4989,2015,7,27,21,0.000000,0.000000,0.000000,0.000000,0.000000,0.000000
4990,2015,7,27,22,0.000000,0.000000,0.000000,0.000000,0.000000,0.000000
4991,2015,7,27,23,0.000000,0.000000,0.000000,0.000000,0.000000,0.000000
4992,2015,7,27,24,0.000000,0.000000,0.000000,0.000000,0.000000,0.000000
4993,2015,7,28,1,0.000000,0.000000,0.000000,0.000000,0.000000,0.000000
4994,2015,7,28,2,0.000000,0.000000,0.000000,0.000000,0.000000,0.000000
4995,2015,7,28,3,0.000000,0.000000,0.000000,0.000000,0.000000,0.000000
4996,2015,7,28,4,0.000000,0.000000,0.000000,0.000000,0.000000,0.000000
4997,2015,7,28,5,0.000000,0.000000,0.000000,0.000000,0.000000,0.000000
4998,2015,7,28,6,0.000000,0.000000,0.000000,0.000000,0.000000,0.000000
4999,2015,7,28,7,0.000000,0.000000,0.000000,0.000000,0.000000,0.000000
5000,2015,7,28,8,0.000000,0.000000,0.000000,0.000000,4.000000,1.750000
5001,2015,7,28,9,0.000000,0.000000,0.000000,0.000000,22.400000,9.800000
5002,2015,7,28,10,0.000000,0.000000,0.000000,0.000000,39.200000,17.150000
5003,2015,7,28,11,0.000000,0.000000,0.000000,0.000000,52.800000,23.100000
5004,2015,7,28,12,0.000000,0.000000,0.000000,0.000000,62.400000,27.300000
5005,2015,7,28,13,0.000000,0.000000,0.000000,0.000000,66.400000,29.050000
5006,2015,7,28,14,0.000000,0.000000,0.000000,0.000000,65.600000,28.700000
5007,2015,7,28,15,0.000000,0.000000,0.000000,0.000000,60.000000,26.250000
5008,2015,7,28,16,0.000000,0.000000,0.000000,0.000000,48.800000,21.350000
5009,2015,7,28,17,0.000000,0.000000,0.000000,0.000000,33.600000,14.700000
5010,2015,7,28,18,0.000000,0.000000,0.000000,0.000000,16.800000,7.350000
5011,2015,7,28,19,0.000000,0.000000,0.000000,0.000000,0.000000,0.000000
5012,2015,7,28,20,0.000000,0.000000,0.000000,0.000000,0.000000,0.000000
5013,2015,7,28,21,0.000000,0.000000,0.000000,0.000000,0.000000,0.000000
5014,2015,7,28,22,0.000000,0.000000,0.000000,0.000000,0.000000,0.000000
5015,2015,7,28,23,0.000000,0.000000,0.000000,0.000000,0.000000,0.000000
5016,2015,7,28,24,0.000000,0.000000,0.000000,0.000000,0.000000,0.000000
5017,2015,7,29,1,0.000000,0.000000,0.000000,0.000000,0.000000,0.000000
5018,2015,7,29,2,0.000000,0.000000,0.000000,0.000000,0.000000,0.000000
5019,2015,7,29,3,0.000000,0.000000,0.000000,0.000000,0.000000,0.000000
5020,2015,7,29,4,0.000000,0.000000,0.000000,0.000000,0.000000,0.000000
5021,2015,7,29,5,0.000000,0.000000,0.000000,0.000000,0.000000,0.000000
5022,2015,7,29,6,0.000000,0.000000,0.000000,0.000000,0.000000,0.000000
5023,2015,7,29,7,0.000000,0.000000,0.000000,0.000000,0.000000,0.000000
5024,2015,7,29,8,0.000000,0.000000,0.000000,0.000000,4.000000,1.750000
5025,2015,7,29,9,0.000000,0.000000,0.000000,0.000000,22.400000,9.800000
5026,2015,7,29,10,0.000000,0.000000,0.000000,0.000000,39.200000,17.150000
5027,2015,7,29,11,0.000000,0.000000,0.000000,0.000000,52.800000,23.100000
5028,2015,7,29,12,0.000000,0.000000,0.000000,0.000000,62.400000,27.300000
5029,2015,7,29,13,0.000000,0.000000,0.000000,0.000000,66.400000,29.050000
5030,2015,7,29,14,0.000000,0.000000,0.000000,0.000000,65.600000,28.700000
5031,2015,7,29,15,0.000000,0.000000,0.000000,0.000000,60.000000,26.250000
5032,2015,7,29,16,0.000000,0.000000,0.000000,0.000000,48.800000,21.350000
5033,2015,7,29,17,0.000000,0.000000,0.000000,0.000000,33.600000,14.700000
5034,2015,7,29,18,0.000000,0.000000,0.000000,0.000000,16.800000,7.350000
5035,2015,7,29,19,0.000000,0.000000,0.000000,0.000000,0.000000,0.000000
5036,2015,7,29,20,0.000000,0.000000,0.000000,0.000000,0.000000,0.000000
5037,2015,7,29,21,0.000000,0.000000,0.000000,0.000000,0.000000,0.000000
5038,2015,7,29,22,0.000000,0.000000,0.000000,0.000000,0.000000,0.000000
5039,2015,7,29,23,0.000000,0.000000,0.000000,0.000000,0.000000,0.000000
5040,2015,7,29,24,0.000000,0.000000,0.000000,0.000000,0.000000,0.000000
5041,2015,7,30,1,0.000000,0.000000,0.000000,0.000000,0.000000,0.000000
5042,2015,7,30,2,0.000000,0.000000,0.000000,0.000000,0.000000,0.000000
5043,2015,7,30,3,0.000000,0.000000,0.000000,0.000000,0.000000,0.000000
5044,2015,7,30,4,0.000000,0.000000,0.000000,0.000000,0.000000,0.000000
5045,2015,7,30,5,0.000000,0.000000,0.000000,0.000000,0.000000,0.000000
5046,2015,7,30,6,0.000000,0.000000,0.000000,0.000000,0.000000,0.000000
5047,2015,7,30,7,0.000000,0.000000,0.000000,0.000000,0.000000,0.000000
5048,2015,7,30,8,0.000000,0.000000,0.000000,0.000000,4.000000,1.750000
5049,2015,7,30,9,0.000000,0.000000,0.000000,0.000000,22.400000,9.800000
5050,2015,7,30,10,0.000000,0.000000,0.000000,0.000000,39.200000,17.150000
5051,2015,7,30,11,0.000000,0.000000,0.000000,0.000000,52.800000,23.100000
5052,2015,7,30,12,0.000000,0.000000,0.000000,0.000000,62.400000,27.300000
5053,2015,7,30,13,0.000000,0.000000,0.000000,0.000000,66.400000,29.050000
5054,2015,7,30,14,0.000000,0.000000,0.000000,0.000000,65.600000,28.700000
5055,2015,7,30,15,0.000000,0.000000,0.000000,0.000000,60.000000,26.250000
5056,2015,7,30,16,0.000000,0.000000,0.000000,0.000000,48.800000,21.350000
5057,2015,7,30,17,0.000000,0.000000,0.000000,0.000000,33.600000,14.700000
5058,2015,7,30,18,0.000000,0.000000,0.000000,0.000000,16.800000,7.350000
5059,2015,7,30,19,0.000000,0.000000,0.000000,0.000000,0.000000,0.000000
5060,2015,7,30,20,0.000000,0.000000,0.000000,0.000000,0.000000,0.000000
5061,2015,7,30,21,0.000000,0.000000,0.000000,0.000000,0.000000,0.000000
5062,2015,7,30,22,0.000000,0.000000,0.000000,0.000000,0.000000,0.000000
5063,2015,7,30,23,0.000000,0.000000,0.000000,0.000000,0.000000,0.000000
5064,2015,7,30,24,0.000000,0.000000,0.000000,0.000000,0.000000,0.000000
5065,2015,7,31,1,0.000000,0.000000,0.000000,0.000000,0.000000,0.000000
5066,2015,7,31,2,0.000000,0.000000,0.000000,0.000000,0.000000,0.000000
5067,2015,7,31,3,0.000000,0.000000,0.000000,0.000000,0.000000,0.000000
5068,2015,7,31,4,0.000000,0.000000,0.000000,0.000000,0.000000,0.000000
5069,2015,7,31,5,0.000000,0.000000,0.000000,0.000000,0.000000,0.000000
5070,2015,7,31,6,0.000000,0.000000,0.000000,0.000000,0.000000,0.000000
5071,2015,7,31,7,0.000000,0.000000,0.000000,0.000000,0.000000,0.000000
5072,2015,7,31,8,0.000000,0.000000,0.000000,0.000000,4.000000,1.750000
5073,2015,7,31,9,0.000000,0.000000,0.000000,0.000000,22.400000,9.800000
5074,2015,7,31,10,0.000000,0.000000,0.000000,0.000000,39.200000,17.150000
5075,2015,7,31,11,0.000000,0.000000,0.000000,0.000000,52.800000,23.100000
5076,2015,7,31,12,0.000000,0.000000,0.000000,0.000000,62.400000,27.300000
5077,2015,7,31,13,0.000000,0.000000,0.000000,0.000000,66.400000,29.050000
5078,2015,7,31,14,0.000000,0.000000,0.000000,0.000000,65.600000,28.700000
5079,2015,7,31,15,0.000000,0.000000,0.000000,0.000000,60.000000,26.250000
5080,2015,7,31,16,0.000000,0.000000,0.000000,0.000000,48.800000,21.350000
5081,2015,7,31,17,0.000000,0.000000,0.000000,0.000000,33.600000,14.700000
5082,2015,7,31,18,0.000000,0.000000,0.000000,0.000000,16.800000,7.350000
5083,2015,7,31,19,0.000000,0.000000,0.000000,0.000000,0.000000,0.000000
5084,2015,7,31,20,0.000000,0.000000,0.000000,0.000000,0.000000,0.000000
5085,2015,7,31,21,0.000000,0.000000,0.000000,0.000000,0.000000,0.000000
5086,2015,7,31,22,0.000000,0.000000,0.000000,0.000000,0.000000,0.000000
5087,2015,7,31,23,0.000000,0.000000,0.000000,0.000000,0.000000,0.000000
5088,2015,7,31,24,0.000000,0.000000,0.000000,0.000000,0.000000,0.000000
5089,2015,8,1,1,0.000000,0.000000,0.000000,0.000000,0.000000,0.000000
5090,2015,8,1,2,0.000000,0.000000,0.000000,0.000000,0.000000,0.000000
5091,2015,8,1,3,0.000000,0.000000,0.000000,0.000000,0.000000,0.000000
5092,2015,8,1,4,0.000000,0.000000,0.000000,0.000000,0.000000,0.000000
5093,2015,8,1,5,0.000000,0.000000,0.000000,0.000000,0.000000,0.000000
5094,2015,8,1,6,0.000000,0.000000,0.000000,0.000000,0.000000,0.000000
5095,2015,8,1,7,0.000000,0.000000,0.000000,0.000000,0.000000,0.000000
5096,2015,8,1,8,0.000000,0.000000,0.000000,0.000000,8.800000,3.850000
5097,2015,8,1,9,0.000000,0.000000,0.000000,0.000000,29.600000,12.950000
5098,2015,8,1,10,0.000000,0.000000,0.000000,0.000000,46.400000,20.300000
5099,2015,8,1,11,0.000000,0.000000,0.000000,0.000000,60.800000,26.600000
5100,2015,8,1,12,0.000000,0.000000,0.000000,0.000000,69.600000,30.450000
5101,2015,8,1,13,0.000000,0.000000,0.000000,0.000000,74.400000,32.550000
5102,2015,8,1,14,0.000000,0.000000,0.000000,0.000000,72.800000,31.850000
5103,2015,8,1,15,0.000000,0.000000,0.000000,0.000000,66.400000,29.050000
5104,2015,8,1,16,0.000000,0.000000,0.000000,0.000000,54.400000,23.800000
5105,2015,8,1,17,0.000000,0.000000,0.000000,0.000000,39.200000,17.150000
5106,2015,8,1,18,0.000000,0.000000,0.000000,0.000000,20.800000,9.100000
5107,2015,8,1,19,0.000000,0.000000,0.000000,0.000000,0.800000,0.350000
5108,2015,8,1,20,0.000000,0.000000,0.000000,0.000000,0.000000,0.000000
5109,2015,8,1,21,0.000000,0.000000,0.000000,0.000000,0.000000,0.000000
5110,2015,8,1,22,0.000000,0.000000,0.000000,0.000000,0.000000,0.000000
5111,2015,8,1,23,0.000000,0.000000,0.000000,0.000000,0.000000,0.000000
5112,2015,8,1,24,0.000000,0.000000,0.000000,0.000000,0.000000,0.000000
5113,2015,8,2,1,0.000000,0.000000,0.000000,0.000000,0.000000,0.000000
5114,2015,8,2,2,0.000000,0.000000,0.000000,0.000000,0.000000,0.000000
5115,2015,8,2,3,0.000000,0.000000,0.000000,0.000000,0.000000,0.000000
5116,2015,8,2,4,0.000000,0.000000,0.000000,0.000000,0.000000,0.000000
5117,2015,8,2,5,0.000000,0.000000,0.000000,0.000000,0.000000,0.000000
5118,2015,8,2,6,0.000000,0.000000,0.000000,0.000000,0.000000,0.000000
5119,2015,8,2,7,0.000000,0.000000,0.000000,0.000000,0.000000,0.000000
5120,2015,8,2,8,0.000000,0.000000,0.000000,0.000000,8.800000,3.850000
5121,2015,8,2,9,0.000000,0.000000,0.000000,0.000000,29.600000,12.950000
5122,2015,8,2,10,0.000000,0.000000,0.000000,0.000000,46.400000,20.300000
5123,2015,8,2,11,0.000000,0.000000,0.000000,0.000000,60.800000,26.600000
5124,2015,8,2,12,0.000000,0.000000,0.000000,0.000000,69.600000,30.450000
5125,2015,8,2,13,0.000000,0.000000,0.000000,0.000000,74.400000,32.550000
5126,2015,8,2,14,0.000000,0.000000,0.000000,0.000000,72.800000,31.850000
5127,2015,8,2,15,0.000000,0.000000,0.000000,0.000000,66.400000,29.050000
5128,2015,8,2,16,0.000000,0.000000,0.000000,0.000000,54.400000,23.800000
5129,2015,8,2,17,0.000000,0.000000,0.000000,0.000000,39.200000,17.150000
5130,2015,8,2,18,0.000000,0.000000,0.000000,0.000000,20.800000,9.100000
5131,2015,8,2,19,0.000000,0.000000,0.000000,0.000000,0.800000,0.350000
5132,2015,8,2,20,0.000000,0.000000,0.000000,0.000000,0.000000,0.000000
5133,2015,8,2,21,0.000000,0.000000,0.000000,0.000000,0.000000,0.000000
5134,2015,8,2,22,0.000000,0.000000,0.000000,0.000000,0.000000,0.000000
5135,2015,8,2,23,0.000000,0.000000,0.000000,0.000000,0.000000,0.000000
5136,2015,8,2,24,0.000000,0.000000,0.000000,0.000000,0.000000,0.000000
5137,2015,8,3,1,0.000000,0.000000,0.000000,0.000000,0.000000,0.000000
5138,2015,8,3,2,0.000000,0.000000,0.000000,0.000000,0.000000,0.000000
5139,2015,8,3,3,0.000000,0.000000,0.000000,0.000000,0.000000,0.000000
5140,2015,8,3,4,0.000000,0.000000,0.000000,0.000000,0.000000,0.000000
5141,2015,8,3,5,0.000000,0.000000,0.000000,0.000000,0.000000,0.000000
5142,2015,8,3,6,0.000000,0.000000,0.000000,0.000000,0.000000,0.000000
5143,2015,8,3,7,0.000000,0.000000,0.000000,0.000000,0.000000,0.000000
5144,2015,8,3,8,0.000000,0.000000,0.000000,0.000000,8.800000,3.850000
5145,2015,8,3,9,0.000000,0.000000,0.000000,0.000000,29.600000,12.950000
5146,2015,8,3,10,0.000000,0.000000,0.000000,0.000000,46.400000,20.300000
5147,2015,8,3,11,0.000000,0.000000,0.000000,0.000000,60.800000,26.600000
5148,2015,8,3,12,0.000000,0.000000,0.000000,0.000000,69.600000,30.450000
5149,2015,8,3,13,0.000000,0.000000,0.000000,0.000000,74.400000,32.550000
5150,2015,8,3,14,0.000000,0.000000,0.000000,0.000000,72.800000,31.850000
5151,2015,8,3,15,0.000000,0.000000,0.000000,0.000000,66.400000,29.050000
5152,2015,8,3,16,0.000000,0.000000,0.000000,0.000000,54.400000,23.800000
5153,2015,8,3,17,0.000000,0.000000,0.000000,0.000000,39.200000,17.150000
5154,2015,8,3,18,0.000000,0.000000,0.000000,0.000000,20.800000,9.100000
5155,2015,8,3,19,0.000000,0.000000,0.000000,0.000000,0.800000,0.350000
5156,2015,8,3,20,0.000000,0.000000,0.000000,0.000000,0.000000,0.000000
5157,2015,8,3,21,0.000000,0.000000,0.000000,0.000000,0.000000,0.000000
5158,2015,8,3,22,0.000000,0.000000,0.000000,0.000000,0.000000,0.000000
5159,2015,8,3,23,0.000000,0.000000,0.000000,0.000000,0.000000,0.000000
5160,2015,8,3,24,0.000000,0.000000,0.000000,0.000000,0.000000,0.000000
5161,2015,8,4,1,0.000000,0.000000,0.000000,0.000000,0.000000,0.000000
5162,2015,8,4,2,0.000000,0.000000,0.000000,0.000000,0.000000,0.000000
5163,2015,8,4,3,0.000000,0.000000,0.000000,0.000000,0.000000,0.000000
5164,2015,8,4,4,0.000000,0.000000,0.000000,0.000000,0.000000,0.000000
5165,2015,8,4,5,0.000000,0.000000,0.000000,0.000000,0.000000,0.000000
5166,2015,8,4,6,0.000000,0.000000,0.000000,0.000000,0.000000,0.000000
5167,2015,8,4,7,0.000000,0.000000,0.000000,0.000000,0.000000,0.000000
5168,2015,8,4,8,0.000000,0.000000,0.000000,0.000000,8.800000,3.850000
5169,2015,8,4,9,0.000000,0.000000,0.000000,0.000000,29.600000,12.950000
5170,2015,8,4,10,0.000000,0.000000,0.000000,0.000000,46.400000,20.300000
5171,2015,8,4,11,0.000000,0.000000,0.000000,0.000000,60.800000,26.600000
5172,2015,8,4,12,0.000000,0.000000,0.000000,0.000000,69.600000,30.450000
5173,2015,8,4,13,0.000000,0.000000,0.000000,0.000000,74.400000,32.550000
5174,2015,8,4,14,0.000000,0.000000,0.000000,0.000000,72.800000,31.850000
5175,2015,8,4,15,0.000000,0.000000,0.000000,0.000000,66.400000,29.050000
5176,2015,8,4,16,0.000000,0.000000,0.000000,0.000000,54.400000,23.800000
5177,2015,8,4,17,0.000000,0.000000,0.000000,0.000000,39.200000,17.150000
5178,2015,8,4,18,0.000000,0.000000,0.000000,0.000000,20.800000,9.100000
5179,2015,8,4,19,0.000000,0.000000,0.000000,0.000000,0.800000,0.350000
5180,2015,8,4,20,0.000000,0.000000,0.000000,0.000000,0.000000,0.000000
5181,2015,8,4,21,0.000000,0.000000,0.000000,0.000000,0.000000,0.000000
5182,2015,8,4,22,0.000000,0.000000,0.000000,0.000000,0.000000,0.000000
5183,2015,8,4,23,0.000000,0.000000,0.000000,0.000000,0.000000,0.000000
5184,2015,8,4,24,0.000000,0.000000,0.000000,0.000000,0.000000,0.000000
5185,2015,8,5,1,0.000000,0.000000,0.000000,0.000000,0.000000,0.000000
5186,2015,8,5,2,0.000000,0.000000,0.000000,0.000000,0.000000,0.000000
5187,2015,8,5,3,0.000000,0.000000,0.000000,0.000000,0.000000,0.000000
5188,2015,8,5,4,0.000000,0.000000,0.000000,0.000000,0.000000,0.000000
5189,2015,8,5,5,0.000000,0.000000,0.000000,0.000000,0.000000,0.000000
5190,2015,8,5,6,0.000000,0.000000,0.000000,0.000000,0.000000,0.000000
5191,2015,8,5,7,0.000000,0.000000,0.000000,0.000000,0.000000,0.000000
5192,2015,8,5,8,0.000000,0.000000,0.000000,0.000000,8.800000,3.850000
5193,2015,8,5,9,0.000000,0.000000,0.000000,0.000000,29.600000,12.950000
5194,2015,8,5,10,0.000000,0.000000,0.000000,0.000000,46.400000,20.300000
5195,2015,8,5,11,0.000000,0.000000,0.000000,0.000000,60.800000,26.600000
5196,2015,8,5,12,0.000000,0.000000,0.000000,0.000000,69.600000,30.450000
5197,2015,8,5,13,0.000000,0.000000,0.000000,0.000000,74.400000,32.550000
5198,2015,8,5,14,0.000000,0.000000,0.000000,0.000000,72.800000,31.850000
5199,2015,8,5,15,0.000000,0.000000,0.000000,0.000000,66.400000,29.050000
5200,2015,8,5,16,0.000000,0.000000,0.000000,0.000000,54.400000,23.800000
5201,2015,8,5,17,0.000000,0.000000,0.000000,0.000000,39.200000,17.150000
5202,2015,8,5,18,0.000000,0.000000,0.000000,0.000000,20.800000,9.100000
5203,2015,8,5,19,0.000000,0.000000,0.000000,0.000000,0.800000,0.350000
5204,2015,8,5,20,0.000000,0.000000,0.000000,0.000000,0.000000,0.000000
5205,2015,8,5,21,0.000000,0.000000,0.000000,0.000000,0.000000,0.000000
5206,2015,8,5,22,0.000000,0.000000,0.000000,0.000000,0.000000,0.000000
5207,2015,8,5,23,0.000000,0.000000,0.000000,0.000000,0.000000,0.000000
5208,2015,8,5,24,0.000000,0.000000,0.000000,0.000000,0.000000,0.000000
5209,2015,8,6,1,0.000000,0.000000,0.000000,0.000000,0.000000,0.000000
5210,2015,8,6,2,0.000000,0.000000,0.000000,0.000000,0.000000,0.000000
5211,2015,8,6,3,0.000000,0.000000,0.000000,0.000000,0.000000,0.000000
5212,2015,8,6,4,0.000000,0.000000,0.000000,0.000000,0.000000,0.000000
5213,2015,8,6,5,0.000000,0.000000,0.000000,0.000000,0.000000,0.000000
5214,2015,8,6,6,0.000000,0.000000,0.000000,0.000000,0.000000,0.000000
5215,2015,8,6,7,0.000000,0.000000,0.000000,0.000000,0.000000,0.000000
5216,2015,8,6,8,0.000000,0.000000,0.000000,0.000000,8.800000,3.850000
5217,2015,8,6,9,0.000000,0.000000,0.000000,0.000000,29.600000,12.950000
5218,2015,8,6,10,0.000000,0.000000,0.000000,0.000000,46.400000,20.300000
5219,2015,8,6,11,0.000000,0.000000,0.000000,0.000000,60.800000,26.600000
5220,2015,8,6,12,0.000000,0.000000,0.000000,0.000000,69.600000,30.450000
5221,2015,8,6,13,0.000000,0.000000,0.000000,0.000000,74.400000,32.550000
5222,2015,8,6,14,0.000000,0.000000,0.000000,0.000000,72.800000,31.850000
5223,2015,8,6,15,0.000000,0.000000,0.000000,0.000000,66.400000,29.050000
5224,2015,8,6,16,0.000000,0.000000,0.000000,0.000000,54.400000,23.800000
5225,2015,8,6,17,0.000000,0.000000,0.000000,0.000000,39.200000,17.150000
5226,2015,8,6,18,0.000000,0.000000,0.000000,0.000000,20.800000,9.100000
5227,2015,8,6,19,0.000000,0.000000,0.000000,0.000000,0.800000,0.350000
5228,2015,8,6,20,0.000000,0.000000,0.000000,0.000000,0.000000,0.000000
5229,2015,8,6,21,0.000000,0.000000,0.000000,0.000000,0.000000,0.000000
5230,2015,8,6,22,0.000000,0.000000,0.000000,0.000000,0.000000,0.000000
5231,2015,8,6,23,0.000000,0.000000,0.000000,0.000000,0.000000,0.000000
5232,2015,8,6,24,0.000000,0.000000,0.000000,0.000000,0.000000,0.000000
5233,2015,8,7,1,0.000000,0.000000,0.000000,0.000000,0.000000,0.000000
5234,2015,8,7,2,0.000000,0.000000,0.000000,0.000000,0.000000,0.000000
5235,2015,8,7,3,0.000000,0.000000,0.000000,0.000000,0.000000,0.000000
5236,2015,8,7,4,0.000000,0.000000,0.000000,0.000000,0.000000,0.000000
5237,2015,8,7,5,0.000000,0.000000,0.000000,0.000000,0.000000,0.000000
5238,2015,8,7,6,0.000000,0.000000,0.000000,0.000000,0.000000,0.000000
5239,2015,8,7,7,0.000000,0.000000,0.000000,0.000000,0.000000,0.000000
5240,2015,8,7,8,0.000000,0.000000,0.000000,0.000000,8.800000,3.850000
5241,2015,8,7,9,0.000000,0.000000,0.000000,0.000000,29.600000,12.950000
5242,2015,8,7,10,0.000000,0.000000,0.000000,0.000000,46.400000,20.300000
5243,2015,8,7,11,0.000000,0.000000,0.000000,0.000000,60.800000,26.600000
5244,2015,8,7,12,0.000000,0.000000,0.000000,0.000000,69.600000,30.450000
5245,2015,8,7,13,0.000000,0.000000,0.000000,0.000000,74.400000,32.550000
5246,2015,8,7,14,0.000000,0.000000,0.000000,0.000000,72.800000,31.850000
5247,2015,8,7,15,0.000000,0.000000,0.000000,0.000000,66.400000,29.050000
5248,2015,8,7,16,0.000000,0.000000,0.000000,0.000000,54.400000,23.800000
5249,2015,8,7,17,0.000000,0.000000,0.000000,0.000000,39.200000,17.150000
5250,2015,8,7,18,0.000000,0.000000,0.000000,0.000000,20.800000,9.100000
5251,2015,8,7,19,0.000000,0.000000,0.000000,0.000000,0.800000,0.350000
5252,2015,8,7,20,0.000000,0.000000,0.000000,0.000000,0.000000,0.000000
5253,2015,8,7,21,0.000000,0.000000,0.000000,0.000000,0.000000,0.000000
5254,2015,8,7,22,0.000000,0.000000,0.000000,0.000000,0.000000,0.000000
5255,2015,8,7,23,0.000000,0.000000,0.000000,0.000000,0.000000,0.000000
5256,2015,8,7,24,0.000000,0.000000,0.000000,0.000000,0.000000,0.000000
5257,2015,8,8,1,0.000000,0.000000,0.000000,0.000000,0.000000,0.000000
5258,2015,8,8,2,0.000000,0.000000,0.000000,0.000000,0.000000,0.000000
5259,2015,8,8,3,0.000000,0.000000,0.000000,0.000000,0.000000,0.000000
5260,2015,8,8,4,0.000000,0.000000,0.000000,0.000000,0.000000,0.000000
5261,2015,8,8,5,0.000000,0.000000,0.000000,0.000000,0.000000,0.000000
5262,2015,8,8,6,0.000000,0.000000,0.000000,0.000000,0.000000,0.000000
5263,2015,8,8,7,0.000000,0.000000,0.000000,0.000000,0.000000,0.000000
5264,2015,8,8,8,0.000000,0.000000,0.000000,0.000000,8.800000,3.850000
5265,2015,8,8,9,0.000000,0.000000,0.000000,0.000000,29.600000,12.950000
5266,2015,8,8,10,0.000000,0.000000,0.000000,0.000000,46.400000,20.300000
5267,2015,8,8,11,0.000000,0.000000,0.000000,0.000000,60.800000,26.600000
5268,2015,8,8,12,0.000000,0.000000,0.000000,0.000000,69.600000,30.450000
5269,2015,8,8,13,0.000000,0.000000,0.000000,0.000000,74.400000,32.550000
5270,2015,8,8,14,0.000000,0.000000,0.000000,0.000000,72.800000,31.850000
5271,2015,8,8,15,0.000000,0.000000,0.000000,0.000000,66.400000,29.050000
5272,2015,8,8,16,0.000000,0.000000,0.000000,0.000000,54.400000,23.800000
5273,2015,8,8,17,0.000000,0.000000,0.000000,0.000000,39.200000,17.150000
5274,2015,8,8,18,0.000000,0.000000,0.000000,0.000000,20.800000,9.100000
5275,2015,8,8,19,0.000000,0.000000,0.000000,0.000000,0.800000,0.350000
5276,2015,8,8,20,0.000000,0.000000,0.000000,0.000000,0.000000,0.000000
5277,2015,8,8,21,0.000000,0.000000,0.000000,0.000000,0.000000,0.000000
5278,2015,8,8,22,0.000000,0.000000,0.000000,0.000000,0.000000,0.000000
5279,2015,8,8,23,0.000000,0.000000,0.000000,0.000000,0.000000,0.000000
5280,2015,8,8,24,0.000000,0.000000,0.000000,0.000000,0.000000,0.000000
5281,2015,8,9,1,0.000000,0.000000,0.000000,0.000000,0.000000,0.000000
5282,2015,8,9,2,0.000000,0.000000,0.000000,0.000000,0.000000,0.000000
5283,2015,8,9,3,0.000000,0.000000,0.000000,0.000000,0.000000,0.000000
5284,2015,8,9,4,0.000000,0.000000,0.000000,0.000000,0.000000,0.000000
5285,2015,8,9,5,0.000000,0.000000,0.000000,0.000000,0.000000,0.000000
5286,2015,8,9,6,0.000000,0.000000,0.000000,0.000000,0.000000,0.000000
5287,2015,8,9,7,0.000000,0.000000,0.000000,0.000000,0.000000,0.000000
5288,2015,8,9,8,0.000000,0.000000,0.000000,0.000000,8.800000,3.850000
5289,2015,8,9,9,0.000000,0.000000,0.000000,0.000000,29.600000,12.950000
5290,2015,8,9,10,0.000000,0.000000,0.000000,0.000000,46.400000,20.300000
5291,2015,8,9,11,0.000000,0.000000,0.000000,0.000000,60.800000,26.600000
5292,2015,8,9,12,0.000000,0.000000,0.000000,0.000000,69.600000,30.450000
5293,2015,8,9,13,0.000000,0.000000,0.000000,0.000000,74.400000,32.550000
5294,2015,8,9,14,0.000000,0.000000,0.000000,0.000000,72.800000,31.850000
5295,2015,8,9,15,0.000000,0.000000,0.000000,0.000000,66.400000,29.050000
5296,2015,8,9,16,0.000000,0.000000,0.000000,0.000000,54.400000,23.800000
5297,2015,8,9,17,0.000000,0.000000,0.000000,0.000000,39.200000,17.150000
5298,2015,8,9,18,0.000000,0.000000,0.000000,0.000000,20.800000,9.100000
5299,2015,8,9,19,0.000000,0.000000,0.000000,0.000000,0.800000,0.350000
5300,2015,8,9,20,0.000000,0.000000,0.000000,0.000000,0.000000,0.000000
5301,2015,8,9,21,0.000000,0.000000,0.000000,0.000000,0.000000,0.000000
5302,2015,8,9,22,0.000000,0.000000,0.000000,0.000000,0.000000,0.000000
5303,2015,8,9,23,0.000000,0.000000,0.000000,0.000000,0.000000,0.000000
5304,2015,8,9,24,0.000000,0.000000,0.000000,0.000000,0.000000,0.000000
5305,2015,8,10,1,0.000000,0.000000,0.000000,0.000000,0.000000,0.000000
5306,2015,8,10,2,0.000000,0.000000,0.000000,0.000000,0.000000,0.000000
5307,2015,8,10,3,0.000000,0.000000,0.000000,0.000000,0.000000,0.000000
5308,2015,8,10,4,0.000000,0.000000,0.000000,0.000000,0.000000,0.000000
5309,2015,8,10,5,0.000000,0.000000,0.000000,0.000000,0.000000,0.000000
5310,2015,8,10,6,0.000000,0.000000,0.000000,0.000000,0.000000,0.000000
5311,2015,8,10,7,0.000000,0.000000,0.000000,0.000000,0.000000,0.000000
5312,2015,8,10,8,0.000000,0.000000,0.000000,0.000000,8.800000,3.850000
5313,2015,8,10,9,0.000000,0.000000,0.000000,0.000000,29.600000,12.950000
5314,2015,8,10,10,0.000000,0.000000,0.000000,0.000000,46.400000,20.300000
5315,2015,8,10,11,0.000000,0.000000,0.000000,0.000000,60.800000,26.600000
5316,2015,8,10,12,0.000000,0.000000,0.000000,0.000000,69.600000,30.450000
5317,2015,8,10,13,0.000000,0.000000,0.000000,0.000000,74.400000,32.550000
5318,2015,8,10,14,0.000000,0.000000,0.000000,0.000000,72.800000,31.850000
5319,2015,8,10,15,0.000000,0.000000,0.000000,0.000000,66.400000,29.050000
5320,2015,8,10,16,0.000000,0.000000,0.000000,0.000000,54.400000,23.800000
5321,2015,8,10,17,0.000000,0.000000,0.000000,0.000000,39.200000,17.150000
5322,2015,8,10,18,0.000000,0.000000,0.000000,0.000000,20.800000,9.100000
5323,2015,8,10,19,0.000000,0.000000,0.000000,0.000000,0.800000,0.350000
5324,2015,8,10,20,0.000000,0.000000,0.000000,0.000000,0.000000,0.000000
5325,2015,8,10,21,0.000000,0.000000,0.000000,0.000000,0.000000,0.000000
5326,2015,8,10,22,0.000000,0.000000,0.000000,0.000000,0.000000,0.000000
5327,2015,8,10,23,0.000000,0.000000,0.000000,0.000000,0.000000,0.000000
5328,2015,8,10,24,0.000000,0.000000,0.000000,0.000000,0.000000,0.000000
5329,2015,8,11,1,0.000000,0.000000,0.000000,0.000000,0.000000,0.000000
5330,2015,8,11,2,0.000000,0.000000,0.000000,0.000000,0.000000,0.000000
5331,2015,8,11,3,0.000000,0.000000,0.000000,0.000000,0.000000,0.000000
5332,2015,8,11,4,0.000000,0.000000,0.000000,0.000000,0.000000,0.000000
5333,2015,8,11,5,0.000000,0.000000,0.000000,0.000000,0.000000,0.000000
5334,2015,8,11,6,0.000000,0.000000,0.000000,0.000000,0.000000,0.000000
5335,2015,8,11,7,0.000000,0.000000,0.000000,0.000000,0.000000,0.000000
5336,2015,8,11,8,0.000000,0.000000,0.000000,0.000000,8.800000,3.850000
5337,2015,8,11,9,0.000000,0.000000,0.000000,0.000000,29.600000,12.950000
5338,2015,8,11,10,0.000000,0.000000,0.000000,0.000000,46.400000,20.300000
5339,2015,8,11,11,0.000000,0.000000,0.000000,0.000000,60.800000,26.600000
5340,2015,8,11,12,0.000000,0.000000,0.000000,0.000000,69.600000,30.450000
5341,2015,8,11,13,0.000000,0.000000,0.000000,0.000000,74.400000,32.550000
5342,2015,8,11,14,0.000000,0.000000,0.000000,0.000000,72.800000,31.850000
5343,2015,8,11,15,0.000000,0.000000,0.000000,0.000000,66.400000,29.050000
5344,2015,8,11,16,0.000000,0.000000,0.000000,0.000000,54.400000,23.800000
5345,2015,8,11,17,0.000000,0.000000,0.000000,0.000000,39.200000,17.150000
5346,2015,8,11,18,0.000000,0.000000,0.000000,0.000000,20.800000,9.100000
5347,2015,8,11,19,0.000000,0.000000,0.000000,0.000000,0.800000,0.350000
5348,2015,8,11,20,0.000000,0.000000,0.000000,0.000000,0.000000,0.000000
5349,2015,8,11,21,0.000000,0.000000,0.000000,0.000000,0.000000,0.000000
5350,2015,8,11,22,0.000000,0.000000,0.000000,0.000000,0.000000,0.000000
5351,2015,8,11,23,0.000000,0.000000,0.000000,0.000000,0.000000,0.000000
5352,2015,8,11,24,0.000000,0.000000,0.000000,0.000000,0.000000,0.000000
5353,2015,8,12,1,0.000000,0.000000,0.000000,0.000000,0.000000,0.000000
5354,2015,8,12,2,0.000000,0.000000,0.000000,0.000000,0.000000,0.000000
5355,2015,8,12,3,0.000000,0.000000,0.000000,0.000000,0.000000,0.000000
5356,2015,8,12,4,0.000000,0.000000,0.000000,0.000000,0.000000,0.000000
5357,2015,8,12,5,0.000000,0.000000,0.000000,0.000000,0.000000,0.000000
5358,2015,8,12,6,0.000000,0.000000,0.000000,0.000000,0.000000,0.000000
5359,2015,8,12,7,0.000000,0.000000,0.000000,0.000000,0.000000,0.000000
5360,2015,8,12,8,0.000000,0.000000,0.000000,0.000000,8.800000,3.850000
5361,2015,8,12,9,0.000000,0.000000,0.000000,0.000000,29.600000,12.950000
5362,2015,8,12,10,0.000000,0.000000,0.000000,0.000000,46.400000,20.300000
5363,2015,8,12,11,0.000000,0.000000,0.000000,0.000000,60.800000,26.600000
5364,2015,8,12,12,0.000000,0.000000,0.000000,0.000000,69.600000,30.450000
5365,2015,8,12,13,0.000000,0.000000,0.000000,0.000000,74.400000,32.550000
5366,2015,8,12,14,0.000000,0.000000,0.000000,0.000000,72.800000,31.850000
5367,2015,8,12,15,0.000000,0.000000,0.000000,0.000000,66.400000,29.050000
5368,2015,8,12,16,0.000000,0.000000,0.000000,0.000000,54.400000,23.800000
5369,2015,8,12,17,0.000000,0.000000,0.000000,0.000000,39.200000,17.150000
5370,2015,8,12,18,0.000000,0.000000,0.000000,0.000000,20.800000,9.100000
5371,2015,8,12,19,0.000000,0.000000,0.000000,0.000000,0.800000,0.350000
5372,2015,8,12,20,0.000000,0.000000,0.000000,0.000000,0.000000,0.000000
5373,2015,8,12,21,0.000000,0.000000,0.000000,0.000000,0.000000,0.000000
5374,2015,8,12,22,0.000000,0.000000,0.000000,0.000000,0.000000,0.000000
5375,2015,8,12,23,0.000000,0.000000,0.000000,0.000000,0.000000,0.000000
5376,2015,8,12,24,0.000000,0.000000,0.000000,0.000000,0.000000,0.000000
5377,2015,8,13,1,0.000000,0.000000,0.000000,0.000000,0.000000,0.000000
5378,2015,8,13,2,0.000000,0.000000,0.000000,0.000000,0.000000,0.000000
5379,2015,8,13,3,0.000000,0.000000,0.000000,0.000000,0.000000,0.000000
5380,2015,8,13,4,0.000000,0.000000,0.000000,0.000000,0.000000,0.000000
5381,2015,8,13,5,0.000000,0.000000,0.000000,0.000000,0.000000,0.000000
5382,2015,8,13,6,0.000000,0.000000,0.000000,0.000000,0.000000,0.000000
5383,2015,8,13,7,0.000000,0.000000,0.000000,0.000000,0.000000,0.000000
5384,2015,8,13,8,0.000000,0.000000,0.000000,0.000000,8.800000,3.850000
5385,2015,8,13,9,0.000000,0.000000,0.000000,0.000000,29.600000,12.950000
5386,2015,8,13,10,0.000000,0.000000,0.000000,0.000000,46.400000,20.300000
5387,2015,8,13,11,0.000000,0.000000,0.000000,0.000000,60.800000,26.600000
5388,2015,8,13,12,0.000000,0.000000,0.000000,0.000000,69.600000,30.450000
5389,2015,8,13,13,0.000000,0.000000,0.000000,0.000000,74.400000,32.550000
5390,2015,8,13,14,0.000000,0.000000,0.000000,0.000000,72.800000,31.850000
5391,2015,8,13,15,0.000000,0.000000,0.000000,0.000000,66.400000,29.050000
5392,2015,8,13,16,0.000000,0.000000,0.000000,0.000000,54.400000,23.800000
5393,2015,8,13,17,0.000000,0.000000,0.000000,0.000000,39.200000,17.150000
5394,2015,8,13,18,0.000000,0.000000,0.000000,0.000000,20.800000,9.100000
5395,2015,8,13,19,0.000000,0.000000,0.000000,0.000000,0.800000,0.350000
5396,2015,8,13,20,0.000000,0.000000,0.000000,0.000000,0.000000,0.000000
5397,2015,8,13,21,0.000000,0.000000,0.000000,0.000000,0.000000,0.000000
5398,2015,8,13,22,0.000000,0.000000,0.000000,0.000000,0.000000,0.000000
5399,2015,8,13,23,0.000000,0.000000,0.000000,0.000000,0.000000,0.000000
5400,2015,8,13,24,0.000000,0.000000,0.000000,0.000000,0.000000,0.000000
5401,2015,8,14,1,0.000000,0.000000,0.000000,0.000000,0.000000,0.000000
5402,2015,8,14,2,0.000000,0.000000,0.000000,0.000000,0.000000,0.000000
5403,2015,8,14,3,0.000000,0.000000,0.000000,0.000000,0.000000,0.000000
5404,2015,8,14,4,0.000000,0.000000,0.000000,0.000000,0.000000,0.000000
5405,2015,8,14,5,0.000000,0.000000,0.000000,0.000000,0.000000,0.000000
5406,2015,8,14,6,0.000000,0.000000,0.000000,0.000000,0.000000,0.000000
5407,2015,8,14,7,0.000000,0.000000,0.000000,0.000000,0.000000,0.000000
5408,2015,8,14,8,0.000000,0.000000,0.000000,0.000000,8.800000,3.850000
5409,2015,8,14,9,0.000000,0.000000,0.000000,0.000000,29.600000,12.950000
5410,2015,8,14,10,0.000000,0.000000,0.000000,0.000000,46.400000,20.300000
5411,2015,8,14,11,0.000000,0.000000,0.000000,0.000000,60.800000,26.600000
5412,2015,8,14,12,0.000000,0.000000,0.000000,0.000000,69.600000,30.450000
5413,2015,8,14,13,0.000000,0.000000,0.000000,0.000000,74.400000,32.550000
5414,2015,8,14,14,0.000000,0.000000,0.000000,0.000000,72.800000,31.850000
5415,2015,8,14,15,0.000000,0.000000,0.000000,0.000000,66.400000,29.050000
5416,2015,8,14,16,0.000000,0.000000,0.000000,0.000000,54.400000,23.800000
5417,2015,8,14,17,0.000000,0.000000,0.000000,0.000000,39.200000,17.150000
5418,2015,8,14,18,0.000000,0.000000,0.000000,0.000000,20.800000,9.100000
5419,2015,8,14,19,0.000000,0.000000,0.000000,0.000000,0.800000,0.350000
5420,2015,8,14,20,0.000000,0.000000,0.000000,0.000000,0.000000,0.000000
5421,2015,8,14,21,0.000000,0.000000,0.000000,0.000000,0.000000,0.000000
5422,2015,8,14,22,0.000000,0.000000,0.000000,0.000000,0.000000,0.000000
5423,2015,8,14,23,0.000000,0.000000,0.000000,0.000000,0.000000,0.000000
5424,2015,8,14,24,0.000000,0.000000,0.000000,0.000000,0.000000,0.000000
5425,2015,8,15,1,0.000000,0.000000,0.000000,0.000000,0.000000,0.000000
5426,2015,8,15,2,0.000000,0.000000,0.000000,0.000000,0.000000,0.000000
5427,2015,8,15,3,0.000000,0.000000,0.000000,0.000000,0.000000,0.000000
5428,2015,8,15,4,0.000000,0.000000,0.000000,0.000000,0.000000,0.000000
5429,2015,8,15,5,0.000000,0.000000,0.000000,0.000000,0.000000,0.000000
5430,2015,8,15,6,0.000000,0.000000,0.000000,0.000000,0.000000,0.000000
5431,2015,8,15,7,0.000000,0.000000,0.000000,0.000000,0.000000,0.000000
5432,2015,8,15,8,0.000000,0.000000,0.000000,0.000000,8.800000,3.850000
5433,2015,8,15,9,0.000000,0.000000,0.000000,0.000000,29.600000,12.950000
5434,2015,8,15,10,0.000000,0.000000,0.000000,0.000000,46.400000,20.300000
5435,2015,8,15,11,0.000000,0.000000,0.000000,0.000000,60.800000,26.600000
5436,2015,8,15,12,0.000000,0.000000,0.000000,0.000000,69.600000,30.450000
5437,2015,8,15,13,0.000000,0.000000,0.000000,0.000000,74.400000,32.550000
5438,2015,8,15,14,0.000000,0.000000,0.000000,0.000000,72.800000,31.850000
5439,2015,8,15,15,0.000000,0.000000,0.000000,0.000000,66.400000,29.050000
5440,2015,8,15,16,0.000000,0.000000,0.000000,0.000000,54.400000,23.800000
5441,2015,8,15,17,0.000000,0.000000,0.000000,0.000000,39.200000,17.150000
5442,2015,8,15,18,0.000000,0.000000,0.000000,0.000000,20.800000,9.100000
5443,2015,8,15,19,0.000000,0.000000,0.000000,0.000000,0.800000,0.350000
5444,2015,8,15,20,0.000000,0.000000,0.000000,0.000000,0.000000,0.000000
5445,2015,8,15,21,0.000000,0.000000,0.000000,0.000000,0.000000,0.000000
5446,2015,8,15,22,0.000000,0.000000,0.000000,0.000000,0.000000,0.000000
5447,2015,8,15,23,0.000000,0.000000,0.000000,0.000000,0.000000,0.000000
5448,2015,8,15,24,0.000000,0.000000,0.000000,0.000000,0.000000,0.000000
5449,2015,8,16,1,0.000000,0.000000,0.000000,0.000000,0.000000,0.000000
5450,2015,8,16,2,0.000000,0.000000,0.000000,0.000000,0.000000,0.000000
5451,2015,8,16,3,0.000000,0.000000,0.000000,0.000000,0.000000,0.000000
5452,2015,8,16,4,0.000000,0.000000,0.000000,0.000000,0.000000,0.000000
5453,2015,8,16,5,0.000000,0.000000,0.000000,0.000000,0.000000,0.000000
5454,2015,8,16,6,0.000000,0.000000,0.000000,0.000000,0.000000,0.000000
5455,2015,8,16,7,0.000000,0.000000,0.000000,0.000000,0.000000,0.000000
5456,2015,8,16,8,0.000000,0.000000,0.000000,0.000000,8.800000,3.850000
5457,2015,8,16,9,0.000000,0.000000,0.000000,0.000000,29.600000,12.950000
5458,2015,8,16,10,0.000000,0.000000,0.000000,0.000000,46.400000,20.300000
5459,2015,8,16,11,0.000000,0.000000,0.000000,0.000000,60.800000,26.600000
5460,2015,8,16,12,0.000000,0.000000,0.000000,0.000000,69.600000,30.450000
5461,2015,8,16,13,0.000000,0.000000,0.000000,0.000000,74.400000,32.550000
5462,2015,8,16,14,0.000000,0.000000,0.000000,0.000000,72.800000,31.850000
5463,2015,8,16,15,0.000000,0.000000,0.000000,0.000000,66.400000,29.050000
5464,2015,8,16,16,0.000000,0.000000,0.000000,0.000000,54.400000,23.800000
5465,2015,8,16,17,0.000000,0.000000,0.000000,0.000000,39.200000,17.150000
5466,2015,8,16,18,0.000000,0.000000,0.000000,0.000000,20.800000,9.100000
5467,2015,8,16,19,0.000000,0.000000,0.000000,0.000000,0.800000,0.350000
5468,2015,8,16,20,0.000000,0.000000,0.000000,0.000000,0.000000,0.000000
5469,2015,8,16,21,0.000000,0.000000,0.000000,0.000000,0.000000,0.000000
5470,2015,8,16,22,0.000000,0.000000,0.000000,0.000000,0.000000,0.000000
5471,2015,8,16,23,0.000000,0.000000,0.000000,0.000000,0.000000,0.000000
5472,2015,8,16,24,0.000000,0.000000,0.000000,0.000000,0.000000,0.000000
5473,2015,8,17,1,0.000000,0.000000,0.000000,0.000000,0.000000,0.000000
5474,2015,8,17,2,0.000000,0.000000,0.000000,0.000000,0.000000,0.000000
5475,2015,8,17,3,0.000000,0.000000,0.000000,0.000000,0.000000,0.000000
5476,2015,8,17,4,0.000000,0.000000,0.000000,0.000000,0.000000,0.000000
5477,2015,8,17,5,0.000000,0.000000,0.000000,0.000000,0.000000,0.000000
5478,2015,8,17,6,0.000000,0.000000,0.000000,0.000000,0.000000,0.000000
5479,2015,8,17,7,0.000000,0.000000,0.000000,0.000000,0.000000,0.000000
5480,2015,8,17,8,0.000000,0.000000,0.000000,0.000000,8.800000,3.850000
5481,2015,8,17,9,0.000000,0.000000,0.000000,0.000000,29.600000,12.950000
5482,2015,8,17,10,0.000000,0.000000,0.000000,0.000000,46.400000,20.300000
5483,2015,8,17,11,0.000000,0.000000,0.000000,0.000000,60.800000,26.600000
5484,2015,8,17,12,0.000000,0.000000,0.000000,0.000000,69.600000,30.450000
5485,2015,8,17,13,0.000000,0.000000,0.000000,0.000000,74.400000,32.550000
5486,2015,8,17,14,0.000000,0.000000,0.000000,0.000000,72.800000,31.850000
5487,2015,8,17,15,0.000000,0.000000,0.000000,0.000000,66.400000,29.050000
5488,2015,8,17,16,0.000000,0.000000,0.000000,0.000000,54.400000,23.800000
5489,2015,8,17,17,0.000000,0.000000,0.000000,0.000000,39.200000,17.150000
5490,2015,8,17,18,0.000000,0.000000,0.000000,0.000000,20.800000,9.100000
5491,2015,8,17,19,0.000000,0.000000,0.000000,0.000000,0.800000,0.350000
5492,2015,8,17,20,0.000000,0.000000,0.000000,0.000000,0.000000,0.000000
5493,2015,8,17,21,0.000000,0.000000,0.000000,0.000000,0.000000,0.000000
5494,2015,8,17,22,0.000000,0.000000,0.000000,0.000000,0.000000,0.000000
5495,2015,8,17,23,0.000000,0.000000,0.000000,0.000000,0.000000,0.000000
5496,2015,8,17,24,0.000000,0.000000,0.000000,0.000000,0.000000,0.000000
5497,2015,8,18,1,0.000000,0.000000,0.000000,0.000000,0.000000,0.000000
5498,2015,8,18,2,0.000000,0.000000,0.000000,0.000000,0.000000,0.000000
5499,2015,8,18,3,0.000000,0.000000,0.000000,0.000000,0.000000,0.000000
5500,2015,8,18,4,0.000000,0.000000,0.000000,0.000000,0.000000,0.000000
5501,2015,8,18,5,0.000000,0.000000,0.000000,0.000000,0.000000,0.000000
5502,2015,8,18,6,0.000000,0.000000,0.000000,0.000000,0.000000,0.000000
5503,2015,8,18,7,0.000000,0.000000,0.000000,0.000000,0.000000,0.000000
5504,2015,8,18,8,0.000000,0.000000,0.000000,0.000000,8.800000,3.850000
5505,2015,8,18,9,0.000000,0.000000,0.000000,0.000000,29.600000,12.950000
5506,2015,8,18,10,0.000000,0.000000,0.000000,0.000000,46.400000,20.300000
5507,2015,8,18,11,0.000000,0.000000,0.000000,0.000000,60.800000,26.600000
5508,2015,8,18,12,0.000000,0.000000,0.000000,0.000000,69.600000,30.450000
5509,2015,8,18,13,0.000000,0.000000,0.000000,0.000000,74.400000,32.550000
5510,2015,8,18,14,0.000000,0.000000,0.000000,0.000000,72.800000,31.850000
5511,2015,8,18,15,0.000000,0.000000,0.000000,0.000000,66.400000,29.050000
5512,2015,8,18,16,0.000000,0.000000,0.000000,0.000000,54.400000,23.800000
5513,2015,8,18,17,0.000000,0.000000,0.000000,0.000000,39.200000,17.150000
5514,2015,8,18,18,0.000000,0.000000,0.000000,0.000000,20.800000,9.100000
5515,2015,8,18,19,0.000000,0.000000,0.000000,0.000000,0.800000,0.350000
5516,2015,8,18,20,0.000000,0.000000,0.000000,0.000000,0.000000,0.000000
5517,2015,8,18,21,0.000000,0.000000,0.000000,0.000000,0.000000,0.000000
5518,2015,8,18,22,0.000000,0.000000,0.000000,0.000000,0.000000,0.000000
5519,2015,8,18,23,0.000000,0.000000,0.000000,0.000000,0.000000,0.000000
5520,2015,8,18,24,0.000000,0.000000,0.000000,0.000000,0.000000,0.000000
5521,2015,8,19,1,0.000000,0.000000,0.000000,0.000000,0.000000,0.000000
5522,2015,8,19,2,0.000000,0.000000,0.000000,0.000000,0.000000,0.000000
5523,2015,8,19,3,0.000000,0.000000,0.000000,0.000000,0.000000,0.000000
5524,2015,8,19,4,0.000000,0.000000,0.000000,0.000000,0.000000,0.000000
5525,2015,8,19,5,0.000000,0.000000,0.000000,0.000000,0.000000,0.000000
5526,2015,8,19,6,0.000000,0.000000,0.000000,0.000000,0.000000,0.000000
5527,2015,8,19,7,0.000000,0.000000,0.000000,0.000000,0.000000,0.000000
5528,2015,8,19,8,0.000000,0.000000,0.000000,0.000000,8.800000,3.850000
5529,2015,8,19,9,0.000000,0.000000,0.000000,0.000000,29.600000,12.950000
5530,2015,8,19,10,0.000000,0.000000,0.000000,0.000000,46.400000,20.300000
5531,2015,8,19,11,0.000000,0.000000,0.000000,0.000000,60.800000,26.600000
5532,2015,8,19,12,0.000000,0.000000,0.000000,0.000000,69.600000,30.450000
5533,2015,8,19,13,0.000000,0.000000,0.000000,0.000000,74.400000,32.550000
5534,2015,8,19,14,0.000000,0.000000,0.000000,0.000000,72.800000,31.850000
5535,2015,8,19,15,0.000000,0.000000,0.000000,0.000000,66.400000,29.050000
5536,2015,8,19,16,0.000000,0.000000,0.000000,0.000000,54.400000,23.800000
5537,2015,8,19,17,0.000000,0.000000,0.000000,0.000000,39.200000,17.150000
5538,2015,8,19,18,0.000000,0.000000,0.000000,0.000000,20.800000,9.100000
5539,2015,8,19,19,0.000000,0.000000,0.000000,0.000000,0.800000,0.350000
5540,2015,8,19,20,0.000000,0.000000,0.000000,0.000000,0.000000,0.000000
5541,2015,8,19,21,0.000000,0.000000,0.000000,0.000000,0.000000,0.000000
5542,2015,8,19,22,0.000000,0.000000,0.000000,0.000000,0.000000,0.000000
5543,2015,8,19,23,0.000000,0.000000,0.000000,0.000000,0.000000,0.000000
5544,2015,8,19,24,0.000000,0.000000,0.000000,0.000000,0.000000,0.000000
5545,2015,8,20,1,0.000000,0.000000,0.000000,0.000000,0.000000,0.000000
5546,2015,8,20,2,0.000000,0.000000,0.000000,0.000000,0.000000,0.000000
5547,2015,8,20,3,0.000000,0.000000,0.000000,0.000000,0.000000,0.000000
5548,2015,8,20,4,0.000000,0.000000,0.000000,0.000000,0.000000,0.000000
5549,2015,8,20,5,0.000000,0.000000,0.000000,0.000000,0.000000,0.000000
5550,2015,8,20,6,0.000000,0.000000,0.000000,0.000000,0.000000,0.000000
5551,2015,8,20,7,0.000000,0.000000,0.000000,0.000000,0.000000,0.000000
5552,2015,8,20,8,0.000000,0.000000,0.000000,0.000000,8.800000,3.850000
5553,2015,8,20,9,0.000000,0.000000,0.000000,0.000000,29.600000,12.950000
5554,2015,8,20,10,0.000000,0.000000,0.000000,0.000000,46.400000,20.300000
5555,2015,8,20,11,0.000000,0.000000,0.000000,0.000000,60.800000,26.600000
5556,2015,8,20,12,0.000000,0.000000,0.000000,0.000000,69.600000,30.450000
5557,2015,8,20,13,0.000000,0.000000,0.000000,0.000000,74.400000,32.550000
5558,2015,8,20,14,0.000000,0.000000,0.000000,0.000000,72.800000,31.850000
5559,2015,8,20,15,0.000000,0.000000,0.000000,0.000000,66.400000,29.050000
5560,2015,8,20,16,0.000000,0.000000,0.000000,0.000000,54.400000,23.800000
5561,2015,8,20,17,0.000000,0.000000,0.000000,0.000000,39.200000,17.150000
5562,2015,8,20,18,0.000000,0.000000,0.000000,0.000000,20.800000,9.100000
5563,2015,8,20,19,0.000000,0.000000,0.000000,0.000000,0.800000,0.350000
5564,2015,8,20,20,0.000000,0.000000,0.000000,0.000000,0.000000,0.000000
5565,2015,8,20,21,0.000000,0.000000,0.000000,0.000000,0.000000,0.000000
5566,2015,8,20,22,0.000000,0.000000,0.000000,0.000000,0.000000,0.000000
5567,2015,8,20,23,0.000000,0.000000,0.000000,0.000000,0.000000,0.000000
5568,2015,8,20,24,0.000000,0.000000,0.000000,0.000000,0.000000,0.000000
5569,2015,8,21,1,0.000000,0.000000,0.000000,0.000000,0.000000,0.000000
5570,2015,8,21,2,0.000000,0.000000,0.000000,0.000000,0.000000,0.000000
5571,2015,8,21,3,0.000000,0.000000,0.000000,0.000000,0.000000,0.000000
5572,2015,8,21,4,0.000000,0.000000,0.000000,0.000000,0.000000,0.000000
5573,2015,8,21,5,0.000000,0.000000,0.000000,0.000000,0.000000,0.000000
5574,2015,8,21,6,0.000000,0.000000,0.000000,0.000000,0.000000,0.000000
5575,2015,8,21,7,0.000000,0.000000,0.000000,0.000000,0.000000,0.000000
5576,2015,8,21,8,0.000000,0.000000,0.000000,0.000000,8.800000,3.850000
5577,2015,8,21,9,0.000000,0.000000,0.000000,0.000000,29.600000,12.950000
5578,2015,8,21,10,0.000000,0.000000,0.000000,0.000000,46.400000,20.300000
5579,2015,8,21,11,0.000000,0.000000,0.000000,0.000000,60.800000,26.600000
5580,2015,8,21,12,0.000000,0.000000,0.000000,0.000000,69.600000,30.450000
5581,2015,8,21,13,0.000000,0.000000,0.000000,0.000000,74.400000,32.550000
5582,2015,8,21,14,0.000000,0.000000,0.000000,0.000000,72.800000,31.850000
5583,2015,8,21,15,0.000000,0.000000,0.000000,0.000000,66.400000,29.050000
5584,2015,8,21,16,0.000000,0.000000,0.000000,0.000000,54.400000,23.800000
5585,2015,8,21,17,0.000000,0.000000,0.000000,0.000000,39.200000,17.150000
5586,2015,8,21,18,0.000000,0.000000,0.000000,0.000000,20.800000,9.100000
5587,2015,8,21,19,0.000000,0.000000,0.000000,0.000000,0.800000,0.350000
5588,2015,8,21,20,0.000000,0.000000,0.000000,0.000000,0.000000,0.000000
5589,2015,8,21,21,0.000000,0.000000,0.000000,0.000000,0.000000,0.000000
5590,2015,8,21,22,0.000000,0.000000,0.000000,0.000000,0.000000,0.000000
5591,2015,8,21,23,0.000000,0.000000,0.000000,0.000000,0.000000,0.000000
5592,2015,8,21,24,0.000000,0.000000,0.000000,0.000000,0.000000,0.000000
5593,2015,8,22,1,0.000000,0.000000,0.000000,0.000000,0.000000,0.000000
5594,2015,8,22,2,0.000000,0.000000,0.000000,0.000000,0.000000,0.000000
5595,2015,8,22,3,0.000000,0.000000,0.000000,0.000000,0.000000,0.000000
5596,2015,8,22,4,0.000000,0.000000,0.000000,0.000000,0.000000,0.000000
5597,2015,8,22,5,0.000000,0.000000,0.000000,0.000000,0.000000,0.000000
5598,2015,8,22,6,0.000000,0.000000,0.000000,0.000000,0.000000,0.000000
5599,2015,8,22,7,0.000000,0.000000,0.000000,0.000000,0.000000,0.000000
5600,2015,8,22,8,0.000000,0.000000,0.000000,0.000000,8.800000,3.850000
5601,2015,8,22,9,0.000000,0.000000,0.000000,0.000000,29.600000,12.950000
5602,2015,8,22,10,0.000000,0.000000,0.000000,0.000000,46.400000,20.300000
5603,2015,8,22,11,0.000000,0.000000,0.000000,0.000000,60.800000,26.600000
5604,2015,8,22,12,0.000000,0.000000,0.000000,0.000000,69.600000,30.450000
5605,2015,8,22,13,0.000000,0.000000,0.000000,0.000000,74.400000,32.550000
5606,2015,8,22,14,0.000000,0.000000,0.000000,0.000000,72.800000,31.850000
5607,2015,8,22,15,0.000000,0.000000,0.000000,0.000000,66.400000,29.050000
5608,2015,8,22,16,0.000000,0.000000,0.000000,0.000000,54.400000,23.800000
5609,2015,8,22,17,0.000000,0.000000,0.000000,0.000000,39.200000,17.150000
5610,2015,8,22,18,0.000000,0.000000,0.000000,0.000000,20.800000,9.100000
5611,2015,8,22,19,0.000000,0.000000,0.000000,0.000000,0.800000,0.350000
5612,2015,8,22,20,0.000000,0.000000,0.000000,0.000000,0.000000,0.000000
5613,2015,8,22,21,0.000000,0.000000,0.000000,0.000000,0.000000,0.000000
5614,2015,8,22,22,0.000000,0.000000,0.000000,0.000000,0.000000,0.000000
5615,2015,8,22,23,0.000000,0.000000,0.000000,0.000000,0.000000,0.000000
5616,2015,8,22,24,0.000000,0.000000,0.000000,0.000000,0.000000,0.000000
5617,2015,8,23,1,0.000000,0.000000,0.000000,0.000000,0.000000,0.000000
5618,2015,8,23,2,0.000000,0.000000,0.000000,0.000000,0.000000,0.000000
5619,2015,8,23,3,0.000000,0.000000,0.000000,0.000000,0.000000,0.000000
5620,2015,8,23,4,0.000000,0.000000,0.000000,0.000000,0.000000,0.000000
5621,2015,8,23,5,0.000000,0.000000,0.000000,0.000000,0.000000,0.000000
5622,2015,8,23,6,0.000000,0.000000,0.000000,0.000000,0.000000,0.000000
5623,2015,8,23,7,0.000000,0.000000,0.000000,0.000000,0.000000,0.000000
5624,2015,8,23,8,0.000000,0.000000,0.000000,0.000000,8.800000,3.850000
5625,2015,8,23,9,0.000000,0.000000,0.000000,0.000000,29.600000,12.950000
5626,2015,8,23,10,0.000000,0.000000,0.000000,0.000000,46.400000,20.300000
5627,2015,8,23,11,0.000000,0.000000,0.000000,0.000000,60.800000,26.600000
5628,2015,8,23,12,0.000000,0.000000,0.000000,0.000000,69.600000,30.450000
5629,2015,8,23,13,0.000000,0.000000,0.000000,0.000000,74.400000,32.550000
5630,2015,8,23,14,0.000000,0.000000,0.000000,0.000000,72.800000,31.850000
5631,2015,8,23,15,0.000000,0.000000,0.000000,0.000000,66.400000,29.050000
5632,2015,8,23,16,0.000000,0.000000,0.000000,0.000000,54.400000,23.800000
5633,2015,8,23,17,0.000000,0.000000,0.000000,0.000000,39.200000,17.150000
5634,2015,8,23,18,0.000000,0.000000,0.000000,0.000000,20.800000,9.100000
5635,2015,8,23,19,0.000000,0.000000,0.000000,0.000000,0.800000,0.350000
5636,2015,8,23,20,0.000000,0.000000,0.000000,0.000000,0.000000,0.000000
5637,2015,8,23,21,0.000000,0.000000,0.000000,0.000000,0.000000,0.000000
5638,2015,8,23,22,0.000000,0.000000,0.000000,0.000000,0.000000,0.000000
5639,2015,8,23,23,0.000000,0.000000,0.000000,0.000000,0.000000,0.000000
5640,2015,8,23,24,0.000000,0.000000,0.000000,0.000000,0.000000,0.000000
5641,2015,8,24,1,0.000000,0.000000,0.000000,0.000000,0.000000,0.000000
5642,2015,8,24,2,0.000000,0.000000,0.000000,0.000000,0.000000,0.000000
5643,2015,8,24,3,0.000000,0.000000,0.000000,0.000000,0.000000,0.000000
5644,2015,8,24,4,0.000000,0.000000,0.000000,0.000000,0.000000,0.000000
5645,2015,8,24,5,0.000000,0.000000,0.000000,0.000000,0.000000,0.000000
5646,2015,8,24,6,0.000000,0.000000,0.000000,0.000000,0.000000,0.000000
5647,2015,8,24,7,0.000000,0.000000,0.000000,0.000000,0.000000,0.000000
5648,2015,8,24,8,0.000000,0.000000,0.000000,0.000000,8.800000,3.850000
5649,2015,8,24,9,0.000000,0.000000,0.000000,0.000000,29.600000,12.950000
5650,2015,8,24,10,0.000000,0.000000,0.000000,0.000000,46.400000,20.300000
5651,2015,8,24,11,0.000000,0.000000,0.000000,0.000000,60.800000,26.600000
5652,2015,8,24,12,0.000000,0.000000,0.000000,0.000000,69.600000,30.450000
5653,2015,8,24,13,0.000000,0.000000,0.000000,0.000000,74.400000,32.550000
5654,2015,8,24,14,0.000000,0.000000,0.000000,0.000000,72.800000,31.850000
5655,2015,8,24,15,0.000000,0.000000,0.000000,0.000000,66.400000,29.050000
5656,2015,8,24,16,0.000000,0.000000,0.000000,0.000000,54.400000,23.800000
5657,2015,8,24,17,0.000000,0.000000,0.000000,0.000000,39.200000,17.150000
5658,2015,8,24,18,0.000000,0.000000,0.000000,0.000000,20.800000,9.100000
5659,2015,8,24,19,0.000000,0.000000,0.000000,0.000000,0.800000,0.350000
5660,2015,8,24,20,0.000000,0.000000,0.000000,0.000000,0.000000,0.000000
5661,2015,8,24,21,0.000000,0.000000,0.000000,0.000000,0.000000,0.000000
5662,2015,8,24,22,0.000000,0.000000,0.000000,0.000000,0.000000,0.000000
5663,2015,8,24,23,0.000000,0.000000,0.000000,0.000000,0.000000,0.000000
5664,2015,8,24,24,0.000000,0.000000,0.000000,0.000000,0.000000,0.000000
5665,2015,8,25,1,0.000000,0.000000,0.000000,0.000000,0.000000,0.000000
5666,2015,8,25,2,0.000000,0.000000,0.000000,0.000000,0.000000,0.000000
5667,2015,8,25,3,0.000000,0.000000,0.000000,0.000000,0.000000,0.000000
5668,2015,8,25,4,0.000000,0.000000,0.000000,0.000000,0.000000,0.000000
5669,2015,8,25,5,0.000000,0.000000,0.000000,0.000000,0.000000,0.000000
5670,2015,8,25,6,0.000000,0.000000,0.000000,0.000000,0.000000,0.000000
5671,2015,8,25,7,0.000000,0.000000,0.000000,0.000000,0.000000,0.000000
5672,2015,8,25,8,0.000000,0.000000,0.000000,0.000000,8.800000,3.850000
5673,2015,8,25,9,0.000000,0.000000,0.000000,0.000000,29.600000,12.950000
5674,2015,8,25,10,0.000000,0.000000,0.000000,0.000000,46.400000,20.300000
5675,2015,8,25,11,0.000000,0.000000,0.000000,0.000000,60.800000,26.600000
5676,2015,8,25,12,0.000000,0.000000,0.000000,0.000000,69.600000,30.450000
5677,2015,8,25,13,0.000000,0.000000,0.000000,0.000000,74.400000,32.550000
5678,2015,8,25,14,0.000000,0.000000,0.000000,0.000000,72.800000,31.850000
5679,2015,8,25,15,0.000000,0.000000,0.000000,0.000000,66.400000,29.050000
5680,2015,8,25,16,0.000000,0.000000,0.000000,0.000000,54.400000,23.800000
5681,2015,8,25,17,0.000000,0.000000,0.000000,0.000000,39.200000,17.150000
5682,2015,8,25,18,0.000000,0.000000,0.000000,0.000000,20.800000,9.100000
5683,2015,8,25,19,0.000000,0.000000,0.000000,0.000000,0.800000,0.350000
5684,2015,8,25,20,0.000000,0.000000,0.000000,0.000000,0.000000,0.000000
5685,2015,8,25,21,0.000000,0.000000,0.000000,0.000000,0.000000,0.000000
5686,2015,8,25,22,0.000000,0.000000,0.000000,0.000000,0.000000,0.000000
5687,2015,8,25,23,0.000000,0.000000,0.000000,0.000000,0.000000,0.000000
5688,2015,8,25,24,0.000000,0.000000,0.000000,0.000000,0.000000,0.000000
5689,2015,8,26,1,0.000000,0.000000,0.000000,0.000000,0.000000,0.000000
5690,2015,8,26,2,0.000000,0.000000,0.000000,0.000000,0.000000,0.000000
5691,2015,8,26,3,0.000000,0.000000,0.000000,0.000000,0.000000,0.000000
5692,2015,8,26,4,0.000000,0.000000,0.000000,0.000000,0.000000,0.000000
5693,2015,8,26,5,0.000000,0.000000,0.000000,0.000000,0.000000,0.000000
5694,2015,8,26,6,0.000000,0.000000,0.000000,0.000000,0.000000,0.000000
5695,2015,8,26,7,0.000000,0.000000,0.000000,0.000000,0.000000,0.000000
5696,2015,8,26,8,0.000000,0.000000,0.000000,0.000000,8.800000,3.850000
5697,2015,8,26,9,0.000000,0.000000,0.000000,0.000000,29.600000,12.950000
5698,2015,8,26,10,0.000000,0.000000,0.000000,0.000000,46.400000,20.300000
5699,2015,8,26,11,0.000000,0.000000,0.000000,0.000000,60.800000,26.600000
5700,2015,8,26,12,0.000000,0.000000,0.000000,0.000000,69.600000,30.450000
5701,2015,8,26,13,0.000000,0.000000,0.000000,0.000000,74.400000,32.550000
5702,2015,8,26,14,0.000000,0.000000,0.000000,0.000000,72.800000,31.850000
5703,2015,8,26,15,0.000000,0.000000,0.000000,0.000000,66.400000,29.050000
5704,2015,8,26,16,0.000000,0.000000,0.000000,0.000000,54.400000,23.800000
5705,2015,8,26,17,0.000000,0.000000,0.000000,0.000000,39.200000,17.150000
5706,2015,8,26,18,0.000000,0.000000,0.000000,0.000000,20.800000,9.100000
5707,2015,8,26,19,0.000000,0.000000,0.000000,0.000000,0.800000,0.350000
5708,2015,8,26,20,0.000000,0.000000,0.000000,0.000000,0.000000,0.000000
5709,2015,8,26,21,0.000000,0.000000,0.000000,0.000000,0.000000,0.000000
5710,2015,8,26,22,0.000000,0.000000,0.000000,0.000000,0.000000,0.000000
5711,2015,8,26,23,0.000000,0.000000,0.000000,0.000000,0.000000,0.000000
5712,2015,8,26,24,0.000000,0.000000,0.000000,0.000000,0.000000,0.000000
5713,2015,8,27,1,0.000000,0.000000,0.000000,0.000000,0.000000,0.000000
5714,2015,8,27,2,0.000000,0.000000,0.000000,0.000000,0.000000,0.000000
5715,2015,8,27,3,0.000000,0.000000,0.000000,0.000000,0.000000,0.000000
5716,2015,8,27,4,0.000000,0.000000,0.000000,0.000000,0.000000,0.000000
5717,2015,8,27,5,0.000000,0.000000,0.000000,0.000000,0.000000,0.000000
5718,2015,8,27,6,0.000000,0.000000,0.000000,0.000000,0.000000,0.000000
5719,2015,8,27,7,0.000000,0.000000,0.000000,0.000000,0.000000,0.000000
5720,2015,8,27,8,0.000000,0.000000,0.000000,0.000000,8.800000,3.850000
5721,2015,8,27,9,0.000000,0.000000,0.000000,0.000000,29.600000,12.950000
5722,2015,8,27,10,0.000000,0.000000,0.000000,0.000000,46.400000,20.300000
5723,2015,8,27,11,0.000000,0.000000,0.000000,0.000000,60.800000,26.600000
5724,2015,8,27,12,0.000000,0.000000,0.000000,0.000000,69.600000,30.450000
5725,2015,8,27,13,0.000000,0.000000,0.000000,0.000000,74.400000,32.550000
5726,2015,8,27,14,0.000000,0.000000,0.000000,0.000000,72.800000,31.850000
5727,2015,8,27,15,0.000000,0.000000,0.000000,0.000000,66.400000,29.050000
5728,2015,8,27,16,0.000000,0.000000,0.000000,0.000000,54.400000,23.800000
5729,2015,8,27,17,0.000000,0.000000,0.000000,0.000000,39.200000,17.150000
5730,2015,8,27,18,0.000000,0.000000,0.000000,0.000000,20.800000,9.100000
5731,2015,8,27,19,0.000000,0.000000,0.000000,0.000000,0.800000,0.350000
5732,2015,8,27,20,0.000000,0.000000,0.000000,0.000000,0.000000,0.000000
5733,2015,8,27,21,0.000000,0.000000,0.000000,0.000000,0.000000,0.000000
5734,2015,8,27,22,0.000000,0.000000,0.000000,0.000000,0.000000,0.000000
5735,2015,8,27,23,0.000000,0.000000,0.000000,0.000000,0.000000,0.000000
5736,2015,8,27,24,0.000000,0.000000,0.000000,0.000000,0.000000,0.000000
5737,2015,8,28,1,0.000000,0.000000,0.000000,0.000000,0.000000,0.000000
5738,2015,8,28,2,0.000000,0.000000,0.000000,0.000000,0.000000,0.000000
5739,2015,8,28,3,0.000000,0.000000,0.000000,0.000000,0.000000,0.000000
5740,2015,8,28,4,0.000000,0.000000,0.000000,0.000000,0.000000,0.000000
5741,2015,8,28,5,0.000000,0.000000,0.000000,0.000000,0.000000,0.000000
5742,2015,8,28,6,0.000000,0.000000,0.000000,0.000000,0.000000,0.000000
5743,2015,8,28,7,0.000000,0.000000,0.000000,0.000000,0.000000,0.000000
5744,2015,8,28,8,0.000000,0.000000,0.000000,0.000000,8.800000,3.850000
5745,2015,8,28,9,0.000000,0.000000,0.000000,0.000000,29.600000,12.950000
5746,2015,8,28,10,0.000000,0.000000,0.000000,0.000000,46.400000,20.300000
5747,2015,8,28,11,0.000000,0.000000,0.000000,0.000000,60.800000,26.600000
5748,2015,8,28,12,0.000000,0.000000,0.000000,0.000000,69.600000,30.450000
5749,2015,8,28,13,0.000000,0.000000,0.000000,0.000000,74.400000,32.550000
5750,2015,8,28,14,0.000000,0.000000,0.000000,0.000000,72.800000,31.850000
5751,2015,8,28,15,0.000000,0.000000,0.000000,0.000000,66.400000,29.050000
5752,2015,8,28,16,0.000000,0.000000,0.000000,0.000000,54.400000,23.800000
5753,2015,8,28,17,0.000000,0.000000,0.000000,0.000000,39.200000,17.150000
5754,2015,8,28,18,0.000000,0.000000,0.000000,0.000000,20.800000,9.100000
5755,2015,8,28,19,0.000000,0.000000,0.000000,0.000000,0.800000,0.350000
5756,2015,8,28,20,0.000000,0.000000,0.000000,0.000000,0.000000,0.000000
5757,2015,8,28,21,0.000000,0.000000,0.000000,0.000000,0.000000,0.000000
5758,2015,8,28,22,0.000000,0.000000,0.000000,0.000000,0.000000,0.000000
5759,2015,8,28,23,0.000000,0.000000,0.000000,0.000000,0.000000,0.000000
5760,2015,8,28,24,0.000000,0.000000,0.000000,0.000000,0.000000,0.000000
5761,2015,8,29,1,0.000000,0.000000,0.000000,0.000000,0.000000,0.000000
5762,2015,8,29,2,0.000000,0.000000,0.000000,0.000000,0.000000,0.000000
5763,2015,8,29,3,0.000000,0.000000,0.000000,0.000000,0.000000,0.000000
5764,2015,8,29,4,0.000000,0.000000,0.000000,0.000000,0.000000,0.000000
5765,2015,8,29,5,0.000000,0.000000,0.000000,0.000000,0.000000,0.000000
5766,2015,8,29,6,0.000000,0.000000,0.000000,0.000000,0.000000,0.000000
5767,2015,8,29,7,0.000000,0.000000,0.000000,0.000000,0.000000,0.000000
5768,2015,8,29,8,0.000000,0.000000,0.000000,0.000000,8.800000,3.850000
5769,2015,8,29,9,0.000000,0.000000,0.000000,0.000000,29.600000,12.950000
5770,2015,8,29,10,0.000000,0.000000,0.000000,0.000000,46.400000,20.300000
5771,2015,8,29,11,0.000000,0.000000,0.000000,0.000000,60.800000,26.600000
5772,2015,8,29,12,0.000000,0.000000,0.000000,0.000000,69.600000,30.450000
5773,2015,8,29,13,0.000000,0.000000,0.000000,0.000000,74.400000,32.550000
5774,2015,8,29,14,0.000000,0.000000,0.000000,0.000000,72.800000,31.850000
5775,2015,8,29,15,0.000000,0.000000,0.000000,0.000000,66.400000,29.050000
5776,2015,8,29,16,0.000000,0.000000,0.000000,0.000000,54.400000,23.800000
5777,2015,8,29,17,0.000000,0.000000,0.000000,0.000000,39.200000,17.150000
5778,2015,8,29,18,0.000000,0.000000,0.000000,0.000000,20.800000,9.100000
5779,2015,8,29,19,0.000000,0.000000,0.000000,0.000000,0.800000,0.350000
5780,2015,8,29,20,0.000000,0.000000,0.000000,0.000000,0.000000,0.000000
5781,2015,8,29,21,0.000000,0.000000,0.000000,0.000000,0.000000,0.000000
5782,2015,8,29,22,0.000000,0.000000,0.000000,0.000000,0.000000,0.000000
5783,2015,8,29,23,0.000000,0.000000,0.000000,0.000000,0.000000,0.000000
5784,2015,8,29,24,0.000000,0.000000,0.000000,0.000000,0.000000,0.000000
5785,2015,8,30,1,0.000000,0.000000,0.000000,0.000000,0.000000,0.000000
5786,2015,8,30,2,0.000000,0.000000,0.000000,0.000000,0.000000,0.000000
5787,2015,8,30,3,0.000000,0.000000,0.000000,0.000000,0.000000,0.000000
5788,2015,8,30,4,0.000000,0.000000,0.000000,0.000000,0.000000,0.000000
5789,2015,8,30,5,0.000000,0.000000,0.000000,0.000000,0.000000,0.000000
5790,2015,8,30,6,0.000000,0.000000,0.000000,0.000000,0.000000,0.000000
5791,2015,8,30,7,0.000000,0.000000,0.000000,0.000000,0.000000,0.000000
5792,2015,8,30,8,0.000000,0.000000,0.000000,0.000000,8.800000,3.850000
5793,2015,8,30,9,0.000000,0.000000,0.000000,0.000000,29.600000,12.950000
5794,2015,8,30,10,0.000000,0.000000,0.000000,0.000000,46.400000,20.300000
5795,2015,8,30,11,0.000000,0.000000,0.000000,0.000000,60.800000,26.600000
5796,2015,8,30,12,0.000000,0.000000,0.000000,0.000000,69.600000,30.450000
5797,2015,8,30,13,0.000000,0.000000,0.000000,0.000000,74.400000,32.550000
5798,2015,8,30,14,0.000000,0.000000,0.000000,0.000000,72.800000,31.850000
5799,2015,8,30,15,0.000000,0.000000,0.000000,0.000000,66.400000,29.050000
5800,2015,8,30,16,0.000000,0.000000,0.000000,0.000000,54.400000,23.800000
5801,2015,8,30,17,0.000000,0.000000,0.000000,0.000000,39.200000,17.150000
5802,2015,8,30,18,0.000000,0.000000,0.000000,0.000000,20.800000,9.100000
5803,2015,8,30,19,0.000000,0.000000,0.000000,0.000000,0.800000,0.350000
5804,2015,8,30,20,0.000000,0.000000,0.000000,0.000000,0.000000,0.000000
5805,2015,8,30,21,0.000000,0.000000,0.000000,0.000000,0.000000,0.000000
5806,2015,8,30,22,0.000000,0.000000,0.000000,0.000000,0.000000,0.000000
5807,2015,8,30,23,0.000000,0.000000,0.000000,0.000000,0.000000,0.000000
5808,2015,8,30,24,0.000000,0.000000,0.000000,0.000000,0.000000,0.000000
5809,2015,8,31,1,0.000000,0.000000,0.000000,0.000000,0.000000,0.000000
5810,2015,8,31,2,0.000000,0.000000,0.000000,0.000000,0.000000,0.000000
5811,2015,8,31,3,0.000000,0.000000,0.000000,0.000000,0.000000,0.000000
5812,2015,8,31,4,0.000000,0.000000,0.000000,0.000000,0.000000,0.000000
5813,2015,8,31,5,0.000000,0.000000,0.000000,0.000000,0.000000,0.000000
5814,2015,8,31,6,0.000000,0.000000,0.000000,0.000000,0.000000,0.000000
5815,2015,8,31,7,0.000000,0.000000,0.000000,0.000000,0.000000,0.000000
5816,2015,8,31,8,0.000000,0.000000,0.000000,0.000000,8.800000,3.850000
5817,2015,8,31,9,0.000000,0.000000,0.000000,0.000000,29.600000,12.950000
5818,2015,8,31,10,0.000000,0.000000,0.000000,0.000000,46.400000,20.300000
5819,2015,8,31,11,0.000000,0.000000,0.000000,0.000000,60.800000,26.600000
5820,2015,8,31,12,0.000000,0.000000,0.000000,0.000000,69.600000,30.450000
5821,2015,8,31,13,0.000000,0.000000,0.000000,0.000000,74.400000,32.550000
5822,2015,8,31,14,0.000000,0.000000,0.000000,0.000000,72.800000,31.850000
5823,2015,8,31,15,0.000000,0.000000,0.000000,0.000000,66.400000,29.050000
5824,2015,8,31,16,0.000000,0.000000,0.000000,0.000000,54.400000,23.800000
5825,2015,8,31,17,0.000000,0.000000,0.000000,0.000000,39.200000,17.150000
5826,2015,8,31,18,0.000000,0.000000,0.000000,0.000000,20.800000,9.100000
5827,2015,8,31,19,0.000000,0.000000,0.000000,0.000000,0.800000,0.350000
5828,2015,8,31,20,0.000000,0.000000,0.000000,0.000000,0.000000,0.000000
5829,2015,8,31,21,0.000000,0.000000,0.000000,0.000000,0.000000,0.000000
5830,2015,8,31,22,0.000000,0.000000,0.000000,0.000000,0.000000,0.000000
5831,2015,8,31,23,0.000000,0.000000,0.000000,0.000000,0.000000,0.000000
5832,2015,8,31,24,0.000000,0.000000,0.000000,0.000000,0.000000,0.000000
5833,2015,9,1,1,0.000000,0.000000,0.000000,0.000000,0.000000,0.000000
5834,2015,9,1,2,0.000000,0.000000,0.000000,0.000000,0.000000,0.000000
5835,2015,9,1,3,0.000000,0.000000,0.000000,0.000000,0.000000,0.000000
5836,2015,9,1,4,0.000000,0.000000,0.000000,0.000000,0.000000,0.000000
5837,2015,9,1,5,0.000000,0.000000,0.000000,0.000000,0.000000,0.000000
5838,2015,9,1,6,0.000000,0.000000,0.000000,0.000000,0.000000,0.000000
5839,2015,9,1,7,0.000000,0.000000,0.000000,0.000000,0.000000,0.000000
5840,2015,9,1,8,0.000000,0.000000,0.000000,0.000000,18.400000,8.050000
5841,2015,9,1,9,0.000000,0.000000,0.000000,0.000000,36.800000,16.100000
5842,2015,9,1,10,0.000000,0.000000,0.000000,0.000000,52.000000,22.750000
5843,2015,9,1,11,0.000000,0.000000,0.000000,0.000000,64.000000,28.000000
5844,2015,9,1,12,0.000000,0.000000,0.000000,0.000000,72.800000,31.850000
5845,2015,9,1,13,0.000000,0.000000,0.000000,0.000000,76.000000,33.250000
5846,2015,9,1,14,0.000000,0.000000,0.000000,0.000000,73.600000,32.200000
5847,2015,9,1,15,0.000000,0.000000,0.000000,0.000000,66.400000,29.050000
5848,2015,9,1,16,0.000000,0.000000,0.000000,0.000000,54.400000,23.800000
5849,2015,9,1,17,0.000000,0.000000,0.000000,0.000000,39.200000,17.150000
5850,2015,9,1,18,0.000000,0.000000,0.000000,0.000000,21.600000,9.450000
5851,2015,9,1,19,0.000000,0.000000,0.000000,0.000000,3.200000,1.400000
5852,2015,9,1,20,0.000000,0.000000,0.000000,0.000000,0.000000,0.000000
5853,2015,9,1,21,0.000000,0.000000,0.000000,0.000000,0.000000,0.000000
5854,2015,9,1,22,0.000000,0.000000,0.000000,0.000000,0.000000,0.000000
5855,2015,9,1,23,0.000000,0.000000,0.000000,0.000000,0.000000,0.000000
5856,2015,9,1,24,0.000000,0.000000,0.000000,0.000000,0.000000,0.000000
5857,2015,9,2,1,0.000000,0.000000,0.000000,0.000000,0.000000,0.000000
5858,2015,9,2,2,0.000000,0.000000,0.000000,0.000000,0.000000,0.000000
5859,2015,9,2,3,0.000000,0.000000,0.000000,0.000000,0.000000,0.000000
5860,2015,9,2,4,0.000000,0.000000,0.000000,0.000000,0.000000,0.000000
5861,2015,9,2,5,0.000000,0.000000,0.000000,0.000000,0.000000,0.000000
5862,2015,9,2,6,0.000000,0.000000,0.000000,0.000000,0.000000,0.000000
5863,2015,9,2,7,0.000000,0.000000,0.000000,0.000000,0.000000,0.000000
5864,2015,9,2,8,0.000000,0.000000,0.000000,0.000000,18.400000,8.050000
5865,2015,9,2,9,0.000000,0.000000,0.000000,0.000000,36.800000,16.100000
5866,2015,9,2,10,0.000000,0.000000,0.000000,0.000000,52.000000,22.750000
5867,2015,9,2,11,0.000000,0.000000,0.000000,0.000000,64.000000,28.000000
5868,2015,9,2,12,0.000000,0.000000,0.000000,0.000000,72.800000,31.850000
5869,2015,9,2,13,0.000000,0.000000,0.000000,0.000000,76.000000,33.250000
5870,2015,9,2,14,0.000000,0.000000,0.000000,0.000000,73.600000,32.200000
5871,2015,9,2,15,0.000000,0.000000,0.000000,0.000000,66.400000,29.050000
5872,2015,9,2,16,0.000000,0.000000,0.000000,0.000000,54.400000,23.800000
5873,2015,9,2,17,0.000000,0.000000,0.000000,0.000000,39.200000,17.150000
5874,2015,9,2,18,0.000000,0.000000,0.000000,0.000000,21.600000,9.450000
5875,2015,9,2,19,0.000000,0.000000,0.000000,0.000000,3.200000,1.400000
5876,2015,9,2,20,0.000000,0.000000,0.000000,0.000000,0.000000,0.000000
5877,2015,9,2,21,0.000000,0.000000,0.000000,0.000000,0.000000,0.000000
5878,2015,9,2,22,0.000000,0.000000,0.000000,0.000000,0.000000,0.000000
5879,2015,9,2,23,0.000000,0.000000,0.000000,0.000000,0.000000,0.000000
5880,2015,9,2,24,0.000000,0.000000,0.000000,0.000000,0.000000,0.000000
5881,2015,9,3,1,0.000000,0.000000,0.000000,0.000000,0.000000,0.000000
5882,2015,9,3,2,0.000000,0.000000,0.000000,0.000000,0.000000,0.000000
5883,2015,9,3,3,0.000000,0.000000,0.000000,0.000000,0.000000,0.000000
5884,2015,9,3,4,0.000000,0.000000,0.000000,0.000000,0.000000,0.000000
5885,2015,9,3,5,0.000000,0.000000,0.000000,0.000000,0.000000,0.000000
5886,2015,9,3,6,0.000000,0.000000,0.000000,0.000000,0.000000,0.000000
5887,2015,9,3,7,0.000000,0.000000,0.000000,0.000000,0.000000,0.000000
5888,2015,9,3,8,0.000000,0.000000,0.000000,0.000000,18.400000,8.050000
5889,2015,9,3,9,0.000000,0.000000,0.000000,0.000000,36.800000,16.100000
5890,2015,9,3,10,0.000000,0.000000,0.000000,0.000000,52.000000,22.750000
5891,2015,9,3,11,0.000000,0.000000,0.000000,0.000000,64.000000,28.000000
5892,2015,9,3,12,0.000000,0.000000,0.000000,0.000000,72.800000,31.850000
5893,2015,9,3,13,0.000000,0.000000,0.000000,0.000000,76.000000,33.250000
5894,2015,9,3,14,0.000000,0.000000,0.000000,0.000000,73.600000,32.200000
5895,2015,9,3,15,0.000000,0.000000,0.000000,0.000000,66.400000,29.050000
5896,2015,9,3,16,0.000000,0.000000,0.000000,0.000000,54.400000,23.800000
5897,2015,9,3,17,0.000000,0.000000,0.000000,0.000000,39.200000,17.150000
5898,2015,9,3,18,0.000000,0.000000,0.000000,0.000000,21.600000,9.450000
5899,2015,9,3,19,0.000000,0.000000,0.000000,0.000000,3.200000,1.400000
5900,2015,9,3,20,0.000000,0.000000,0.000000,0.000000,0.000000,0.000000
5901,2015,9,3,21,0.000000,0.000000,0.000000,0.000000,0.000000,0.000000
5902,2015,9,3,22,0.000000,0.000000,0.000000,0.000000,0.000000,0.000000
5903,2015,9,3,23,0.000000,0.000000,0.000000,0.000000,0.000000,0.000000
5904,2015,9,3,24,0.000000,0.000000,0.000000,0.000000,0.000000,0.000000
5905,2015,9,4,1,0.000000,0.000000,0.000000,0.000000,0.000000,0.000000
5906,2015,9,4,2,0.000000,0.000000,0.000000,0.000000,0.000000,0.000000
5907,2015,9,4,3,0.000000,0.000000,0.000000,0.000000,0.000000,0.000000
5908,2015,9,4,4,0.000000,0.000000,0.000000,0.000000,0.000000,0.000000
5909,2015,9,4,5,0.000000,0.000000,0.000000,0.000000,0.000000,0.000000
5910,2015,9,4,6,0.000000,0.000000,0.000000,0.000000,0.000000,0.000000
5911,2015,9,4,7,0.000000,0.000000,0.000000,0.000000,0.000000,0.000000
5912,2015,9,4,8,0.000000,0.000000,0.000000,0.000000,18.400000,8.050000
5913,2015,9,4,9,0.000000,0.000000,0.000000,0.000000,36.800000,16.100000
5914,2015,9,4,10,0.000000,0.000000,0.000000,0.000000,52.000000,22.750000
5915,2015,9,4,11,0.000000,0.000000,0.000000,0.000000,64.000000,28.000000
5916,2015,9,4,12,0.000000,0.000000,0.000000,0.000000,72.800000,31.850000
5917,2015,9,4,13,0.000000,0.000000,0.000000,0.000000,76.000000,33.250000
5918,2015,9,4,14,0.000000,0.000000,0.000000,0.000000,73.600000,32.200000
5919,2015,9,4,15,0.000000,0.000000,0.000000,0.000000,66.400000,29.050000
5920,2015,9,4,16,0.000000,0.000000,0.000000,0.000000,54.400000,23.800000
5921,2015,9,4,17,0.000000,0.000000,0.000000,0.000000,39.200000,17.150000
5922,2015,9,4,18,0.000000,0.000000,0.000000,0.000000,21.600000,9.450000
5923,2015,9,4,19,0.000000,0.000000,0.000000,0.000000,3.200000,1.400000
5924,2015,9,4,20,0.000000,0.000000,0.000000,0.000000,0.000000,0.000000
5925,2015,9,4,21,0.000000,0.000000,0.000000,0.000000,0.000000,0.000000
5926,2015,9,4,22,0.000000,0.000000,0.000000,0.000000,0.000000,0.000000
5927,2015,9,4,23,0.000000,0.000000,0.000000,0.000000,0.000000,0.000000
5928,2015,9,4,24,0.000000,0.000000,0.000000,0.000000,0.000000,0.000000
5929,2015,9,5,1,0.000000,0.000000,0.000000,0.000000,0.000000,0.000000
5930,2015,9,5,2,0.000000,0.000000,0.000000,0.000000,0.000000,0.000000
5931,2015,9,5,3,0.000000,0.000000,0.000000,0.000000,0.000000,0.000000
5932,2015,9,5,4,0.000000,0.000000,0.000000,0.000000,0.000000,0.000000
5933,2015,9,5,5,0.000000,0.000000,0.000000,0.000000,0.000000,0.000000
5934,2015,9,5,6,0.000000,0.000000,0.000000,0.000000,0.000000,0.000000
5935,2015,9,5,7,0.000000,0.000000,0.000000,0.000000,0.000000,0.000000
5936,2015,9,5,8,0.000000,0.000000,0.000000,0.000000,18.400000,8.050000
5937,2015,9,5,9,0.000000,0.000000,0.000000,0.000000,36.800000,16.100000
5938,2015,9,5,10,0.000000,0.000000,0.000000,0.000000,52.000000,22.750000
5939,2015,9,5,11,0.000000,0.000000,0.000000,0.000000,64.000000,28.000000
5940,2015,9,5,12,0.000000,0.000000,0.000000,0.000000,72.800000,31.850000
5941,2015,9,5,13,0.000000,0.000000,0.000000,0.000000,76.000000,33.250000
5942,2015,9,5,14,0.000000,0.000000,0.000000,0.000000,73.600000,32.200000
5943,2015,9,5,15,0.000000,0.000000,0.000000,0.000000,66.400000,29.050000
5944,2015,9,5,16,0.000000,0.000000,0.000000,0.000000,54.400000,23.800000
5945,2015,9,5,17,0.000000,0.000000,0.000000,0.000000,39.200000,17.150000
5946,2015,9,5,18,0.000000,0.000000,0.000000,0.000000,21.600000,9.450000
5947,2015,9,5,19,0.000000,0.000000,0.000000,0.000000,3.200000,1.400000
5948,2015,9,5,20,0.000000,0.000000,0.000000,0.000000,0.000000,0.000000
5949,2015,9,5,21,0.000000,0.000000,0.000000,0.000000,0.000000,0.000000
5950,2015,9,5,22,0.000000,0.000000,0.000000,0.000000,0.000000,0.000000
5951,2015,9,5,23,0.000000,0.000000,0.000000,0.000000,0.000000,0.000000
5952,2015,9,5,24,0.000000,0.000000,0.000000,0.000000,0.000000,0.000000
5953,2015,9,6,1,0.000000,0.000000,0.000000,0.000000,0.000000,0.000000
5954,2015,9,6,2,0.000000,0.000000,0.000000,0.000000,0.000000,0.000000
5955,2015,9,6,3,0.000000,0.000000,0.000000,0.000000,0.000000,0.000000
5956,2015,9,6,4,0.000000,0.000000,0.000000,0.000000,0.000000,0.000000
5957,2015,9,6,5,0.000000,0.000000,0.000000,0.000000,0.000000,0.000000
5958,2015,9,6,6,0.000000,0.000000,0.000000,0.000000,0.000000,0.000000
5959,2015,9,6,7,0.000000,0.000000,0.000000,0.000000,0.000000,0.000000
5960,2015,9,6,8,0.000000,0.000000,0.000000,0.000000,18.400000,8.050000
5961,2015,9,6,9,0.000000,0.000000,0.000000,0.000000,36.800000,16.100000
5962,2015,9,6,10,0.000000,0.000000,0.000000,0.000000,52.000000,22.750000
5963,2015,9,6,11,0.000000,0.000000,0.000000,0.000000,64.000000,28.000000
5964,2015,9,6,12,0.000000,0.000000,0.000000,0.000000,72.800000,31.850000
5965,2015,9,6,13,0.000000,0.000000,0.000000,0.000000,76.000000,33.250000
5966,2015,9,6,14,0.000000,0.000000,0.000000,0.000000,73.600000,32.200000
5967,2015,9,6,15,0.000000,0.000000,0.000000,0.000000,66.400000,29.050000
5968,2015,9,6,16,0.000000,0.000000,0.000000,0.000000,54.400000,23.800000
5969,2015,9,6,17,0.000000,0.000000,0.000000,0.000000,39.200000,17.150000
5970,2015,9,6,18,0.000000,0.000000,0.000000,0.000000,21.600000,9.450000
5971,2015,9,6,19,0.000000,0.000000,0.000000,0.000000,3.200000,1.400000
5972,2015,9,6,20,0.000000,0.000000,0.000000,0.000000,0.000000,0.000000
5973,2015,9,6,21,0.000000,0.000000,0.000000,0.000000,0.000000,0.000000
5974,2015,9,6,22,0.000000,0.000000,0.000000,0.000000,0.000000,0.000000
5975,2015,9,6,23,0.000000,0.000000,0.000000,0.000000,0.000000,0.000000
5976,2015,9,6,24,0.000000,0.000000,0.000000,0.000000,0.000000,0.000000
5977,2015,9,7,1,0.000000,0.000000,0.000000,0.000000,0.000000,0.000000
5978,2015,9,7,2,0.000000,0.000000,0.000000,0.000000,0.000000,0.000000
5979,2015,9,7,3,0.000000,0.000000,0.000000,0.000000,0.000000,0.000000
5980,2015,9,7,4,0.000000,0.000000,0.000000,0.000000,0.000000,0.000000
5981,2015,9,7,5,0.000000,0.000000,0.000000,0.000000,0.000000,0.000000
5982,2015,9,7,6,0.000000,0.000000,0.000000,0.000000,0.000000,0.000000
5983,2015,9,7,7,0.000000,0.000000,0.000000,0.000000,0.000000,0.000000
5984,2015,9,7,8,0.000000,0.000000,0.000000,0.000000,18.400000,8.050000
5985,2015,9,7,9,0.000000,0.000000,0.000000,0.000000,36.800000,16.100000
5986,2015,9,7,10,0.000000,0.000000,0.000000,0.000000,52.000000,22.750000
5987,2015,9,7,11,0.000000,0.000000,0.000000,0.000000,64.000000,28.000000
5988,2015,9,7,12,0.000000,0.000000,0.000000,0.000000,72.800000,31.850000
5989,2015,9,7,13,0.000000,0.000000,0.000000,0.000000,76.000000,33.250000
5990,2015,9,7,14,0.000000,0.000000,0.000000,0.000000,73.600000,32.200000
5991,2015,9,7,15,0.000000,0.000000,0.000000,0.000000,66.400000,29.050000
5992,2015,9,7,16,0.000000,0.000000,0.000000,0.000000,54.400000,23.800000
5993,2015,9,7,17,0.000000,0.000000,0.000000,0.000000,39.200000,17.150000
5994,2015,9,7,18,0.000000,0.000000,0.000000,0.000000,21.600000,9.450000
5995,2015,9,7,19,0.000000,0.000000,0.000000,0.000000,3.200000,1.400000
5996,2015,9,7,20,0.000000,0.000000,0.000000,0.000000,0.000000,0.000000
5997,2015,9,7,21,0.000000,0.000000,0.000000,0.000000,0.000000,0.000000
5998,2015,9,7,22,0.000000,0.000000,0.000000,0.000000,0.000000,0.000000
5999,2015,9,7,23,0.000000,0.000000,0.000000,0.000000,0.000000,0.000000
6000,2015,9,7,24,0.000000,0.000000,0.000000,0.000000,0.000000,0.000000
6001,2015,9,8,1,0.000000,0.000000,0.000000,0.000000,0.000000,0.000000
6002,2015,9,8,2,0.000000,0.000000,0.000000,0.000000,0.000000,0.000000
6003,2015,9,8,3,0.000000,0.000000,0.000000,0.000000,0.000000,0.000000
6004,2015,9,8,4,0.000000,0.000000,0.000000,0.000000,0.000000,0.000000
6005,2015,9,8,5,0.000000,0.000000,0.000000,0.000000,0.000000,0.000000
6006,2015,9,8,6,0.000000,0.000000,0.000000,0.000000,0.000000,0.000000
6007,2015,9,8,7,0.000000,0.000000,0.000000,0.000000,0.000000,0.000000
6008,2015,9,8,8,0.000000,0.000000,0.000000,0.000000,18.400000,8.050000
6009,2015,9,8,9,0.000000,0.000000,0.000000,0.000000,36.800000,16.100000
6010,2015,9,8,10,0.000000,0.000000,0.000000,0.000000,52.000000,22.750000
6011,2015,9,8,11,0.000000,0.000000,0.000000,0.000000,64.000000,28.000000
6012,2015,9,8,12,0.000000,0.000000,0.000000,0.000000,72.800000,31.850000
6013,2015,9,8,13,0.000000,0.000000,0.000000,0.000000,76.000000,33.250000
6014,2015,9,8,14,0.000000,0.000000,0.000000,0.000000,73.600000,32.200000
6015,2015,9,8,15,0.000000,0.000000,0.000000,0.000000,66.400000,29.050000
6016,2015,9,8,16,0.000000,0.000000,0.000000,0.000000,54.400000,23.800000
6017,2015,9,8,17,0.000000,0.000000,0.000000,0.000000,39.200000,17.150000
6018,2015,9,8,18,0.000000,0.000000,0.000000,0.000000,21.600000,9.450000
6019,2015,9,8,19,0.000000,0.000000,0.000000,0.000000,3.200000,1.400000
6020,2015,9,8,20,0.000000,0.000000,0.000000,0.000000,0.000000,0.000000
6021,2015,9,8,21,0.000000,0.000000,0.000000,0.000000,0.000000,0.000000
6022,2015,9,8,22,0.000000,0.000000,0.000000,0.000000,0.000000,0.000000
6023,2015,9,8,23,0.000000,0.000000,0.000000,0.000000,0.000000,0.000000
6024,2015,9,8,24,0.000000,0.000000,0.000000,0.000000,0.000000,0.000000
6025,2015,9,9,1,0.000000,0.000000,0.000000,0.000000,0.000000,0.000000
6026,2015,9,9,2,0.000000,0.000000,0.000000,0.000000,0.000000,0.000000
6027,2015,9,9,3,0.000000,0.000000,0.000000,0.000000,0.000000,0.000000
6028,2015,9,9,4,0.000000,0.000000,0.000000,0.000000,0.000000,0.000000
6029,2015,9,9,5,0.000000,0.000000,0.000000,0.000000,0.000000,0.000000
6030,2015,9,9,6,0.000000,0.000000,0.000000,0.000000,0.000000,0.000000
6031,2015,9,9,7,0.000000,0.000000,0.000000,0.000000,0.000000,0.000000
6032,2015,9,9,8,0.000000,0.000000,0.000000,0.000000,18.400000,8.050000
6033,2015,9,9,9,0.000000,0.000000,0.000000,0.000000,36.800000,16.100000
6034,2015,9,9,10,0.000000,0.000000,0.000000,0.000000,52.000000,22.750000
6035,2015,9,9,11,0.000000,0.000000,0.000000,0.000000,64.000000,28.000000
6036,2015,9,9,12,0.000000,0.000000,0.000000,0.000000,72.800000,31.850000
6037,2015,9,9,13,0.000000,0.000000,0.000000,0.000000,76.000000,33.250000
6038,2015,9,9,14,0.000000,0.000000,0.000000,0.000000,73.600000,32.200000
6039,2015,9,9,15,0.000000,0.000000,0.000000,0.000000,66.400000,29.050000
6040,2015,9,9,16,0.000000,0.000000,0.000000,0.000000,54.400000,23.800000
6041,2015,9,9,17,0.000000,0.000000,0.000000,0.000000,39.200000,17.150000
6042,2015,9,9,18,0.000000,0.000000,0.000000,0.000000,21.600000,9.450000
6043,2015,9,9,19,0.000000,0.000000,0.000000,0.000000,3.200000,1.400000
6044,2015,9,9,20,0.000000,0.000000,0.000000,0.000000,0.000000,0.000000
6045,2015,9,9,21,0.000000,0.000000,0.000000,0.000000,0.000000,0.000000
6046,2015,9,9,22,0.000000,0.000000,0.000000,0.000000,0.000000,0.000000
6047,2015,9,9,23,0.000000,0.000000,0.000000,0.000000,0.000000,0.000000
6048,2015,9,9,24,0.000000,0.000000,0.000000,0.000000,0.000000,0.000000
6049,2015,9,10,1,0.000000,0.000000,0.000000,0.000000,0.000000,0.000000
6050,2015,9,10,2,0.000000,0.000000,0.000000,0.000000,0.000000,0.000000
6051,2015,9,10,3,0.000000,0.000000,0.000000,0.000000,0.000000,0.000000
6052,2015,9,10,4,0.000000,0.000000,0.000000,0.000000,0.000000,0.000000
6053,2015,9,10,5,0.000000,0.000000,0.000000,0.000000,0.000000,0.000000
6054,2015,9,10,6,0.000000,0.000000,0.000000,0.000000,0.000000,0.000000
6055,2015,9,10,7,0.000000,0.000000,0.000000,0.000000,0.000000,0.000000
6056,2015,9,10,8,0.000000,0.000000,0.000000,0.000000,18.400000,8.050000
6057,2015,9,10,9,0.000000,0.000000,0.000000,0.000000,36.800000,16.100000
6058,2015,9,10,10,0.000000,0.000000,0.000000,0.000000,52.000000,22.750000
6059,2015,9,10,11,0.000000,0.000000,0.000000,0.000000,64.000000,28.000000
6060,2015,9,10,12,0.000000,0.000000,0.000000,0.000000,72.800000,31.850000
6061,2015,9,10,13,0.000000,0.000000,0.000000,0.000000,76.000000,33.250000
6062,2015,9,10,14,0.000000,0.000000,0.000000,0.000000,73.600000,32.200000
6063,2015,9,10,15,0.000000,0.000000,0.000000,0.000000,66.400000,29.050000
6064,2015,9,10,16,0.000000,0.000000,0.000000,0.000000,54.400000,23.800000
6065,2015,9,10,17,0.000000,0.000000,0.000000,0.000000,39.200000,17.150000
6066,2015,9,10,18,0.000000,0.000000,0.000000,0.000000,21.600000,9.450000
6067,2015,9,10,19,0.000000,0.000000,0.000000,0.000000,3.200000,1.400000
6068,2015,9,10,20,0.000000,0.000000,0.000000,0.000000,0.000000,0.000000
6069,2015,9,10,21,0.000000,0.000000,0.000000,0.000000,0.000000,0.000000
6070,2015,9,10,22,0.000000,0.000000,0.000000,0.000000,0.000000,0.000000
6071,2015,9,10,23,0.000000,0.000000,0.000000,0.000000,0.000000,0.000000
6072,2015,9,10,24,0.000000,0.000000,0.000000,0.000000,0.000000,0.000000
6073,2015,9,11,1,0.000000,0.000000,0.000000,0.000000,0.000000,0.000000
6074,2015,9,11,2,0.000000,0.000000,0.000000,0.000000,0.000000,0.000000
6075,2015,9,11,3,0.000000,0.000000,0.000000,0.000000,0.000000,0.000000
6076,2015,9,11,4,0.000000,0.000000,0.000000,0.000000,0.000000,0.000000
6077,2015,9,11,5,0.000000,0.000000,0.000000,0.000000,0.000000,0.000000
6078,2015,9,11,6,0.000000,0.000000,0.000000,0.000000,0.000000,0.000000
6079,2015,9,11,7,0.000000,0.000000,0.000000,0.000000,0.000000,0.000000
6080,2015,9,11,8,0.000000,0.000000,0.000000,0.000000,18.400000,8.050000
6081,2015,9,11,9,0.000000,0.000000,0.000000,0.000000,36.800000,16.100000
6082,2015,9,11,10,0.000000,0.000000,0.000000,0.000000,52.000000,22.750000
6083,2015,9,11,11,0.000000,0.000000,0.000000,0.000000,64.000000,28.000000
6084,2015,9,11,12,0.000000,0.000000,0.000000,0.000000,72.800000,31.850000
6085,2015,9,11,13,0.000000,0.000000,0.000000,0.000000,76.000000,33.250000
6086,2015,9,11,14,0.000000,0.000000,0.000000,0.000000,73.600000,32.200000
6087,2015,9,11,15,0.000000,0.000000,0.000000,0.000000,66.400000,29.050000
6088,2015,9,11,16,0.000000,0.000000,0.000000,0.000000,54.400000,23.800000
6089,2015,9,11,17,0.000000,0.000000,0.000000,0.000000,39.200000,17.150000
6090,2015,9,11,18,0.000000,0.000000,0.000000,0.000000,21.600000,9.450000
6091,2015,9,11,19,0.000000,0.000000,0.000000,0.000000,3.200000,1.400000
6092,2015,9,11,20,0.000000,0.000000,0.000000,0.000000,0.000000,0.000000
6093,2015,9,11,21,0.000000,0.000000,0.000000,0.000000,0.000000,0.000000
6094,2015,9,11,22,0.000000,0.000000,0.000000,0.000000,0.000000,0.000000
6095,2015,9,11,23,0.000000,0.000000,0.000000,0.000000,0.000000,0.000000
6096,2015,9,11,24,0.000000,0.000000,0.000000,0.000000,0.000000,0.000000
6097,2015,9,12,1,0.000000,0.000000,0.000000,0.000000,0.000000,0.000000
6098,2015,9,12,2,0.000000,0.000000,0.000000,0.000000,0.000000,0.000000
6099,2015,9,12,3,0.000000,0.000000,0.000000,0.000000,0.000000,0.000000
6100,2015,9,12,4,0.000000,0.000000,0.000000,0.000000,0.000000,0.000000
6101,2015,9,12,5,0.000000,0.000000,0.000000,0.000000,0.000000,0.000000
6102,2015,9,12,6,0.000000,0.000000,0.000000,0.000000,0.000000,0.000000
6103,2015,9,12,7,0.000000,0.000000,0.000000,0.000000,0.000000,0.000000
6104,2015,9,12,8,0.000000,0.000000,0.000000,0.000000,18.400000,8.050000
6105,2015,9,12,9,0.000000,0.000000,0.000000,0.000000,36.800000,16.100000
6106,2015,9,12,10,0.000000,0.000000,0.000000,0.000000,52.000000,22.750000
6107,2015,9,12,11,0.000000,0.000000,0.000000,0.000000,64.000000,28.000000
6108,2015,9,12,12,0.000000,0.000000,0.000000,0.000000,72.800000,31.850000
6109,2015,9,12,13,0.000000,0.000000,0.000000,0.000000,76.000000,33.250000
6110,2015,9,12,14,0.000000,0.000000,0.000000,0.000000,73.600000,32.200000
6111,2015,9,12,15,0.000000,0.000000,0.000000,0.000000,66.400000,29.050000
6112,2015,9,12,16,0.000000,0.000000,0.000000,0.000000,54.400000,23.800000
6113,2015,9,12,17,0.000000,0.000000,0.000000,0.000000,39.200000,17.150000
6114,2015,9,12,18,0.000000,0.000000,0.000000,0.000000,21.600000,9.450000
6115,2015,9,12,19,0.000000,0.000000,0.000000,0.000000,3.200000,1.400000
6116,2015,9,12,20,0.000000,0.000000,0.000000,0.000000,0.000000,0.000000
6117,2015,9,12,21,0.000000,0.000000,0.000000,0.000000,0.000000,0.000000
6118,2015,9,12,22,0.000000,0.000000,0.000000,0.000000,0.000000,0.000000
6119,2015,9,12,23,0.000000,0.000000,0.000000,0.000000,0.000000,0.000000
6120,2015,9,12,24,0.000000,0.000000,0.000000,0.000000,0.000000,0.000000
6121,2015,9,13,1,0.000000,0.000000,0.000000,0.000000,0.000000,0.000000
6122,2015,9,13,2,0.000000,0.000000,0.000000,0.000000,0.000000,0.000000
6123,2015,9,13,3,0.000000,0.000000,0.000000,0.000000,0.000000,0.000000
6124,2015,9,13,4,0.000000,0.000000,0.000000,0.000000,0.000000,0.000000
6125,2015,9,13,5,0.000000,0.000000,0.000000,0.000000,0.000000,0.000000
6126,2015,9,13,6,0.000000,0.000000,0.000000,0.000000,0.000000,0.000000
6127,2015,9,13,7,0.000000,0.000000,0.000000,0.000000,0.000000,0.000000
6128,2015,9,13,8,0.000000,0.000000,0.000000,0.000000,18.400000,8.050000
6129,2015,9,13,9,0.000000,0.000000,0.000000,0.000000,36.800000,16.100000
6130,2015,9,13,10,0.000000,0.000000,0.000000,0.000000,52.000000,22.750000
6131,2015,9,13,11,0.000000,0.000000,0.000000,0.000000,64.000000,28.000000
6132,2015,9,13,12,0.000000,0.000000,0.000000,0.000000,72.800000,31.850000
6133,2015,9,13,13,0.000000,0.000000,0.000000,0.000000,76.000000,33.250000
6134,2015,9,13,14,0.000000,0.000000,0.000000,0.000000,73.600000,32.200000
6135,2015,9,13,15,0.000000,0.000000,0.000000,0.000000,66.400000,29.050000
6136,2015,9,13,16,0.000000,0.000000,0.000000,0.000000,54.400000,23.800000
6137,2015,9,13,17,0.000000,0.000000,0.000000,0.000000,39.200000,17.150000
6138,2015,9,13,18,0.000000,0.000000,0.000000,0.000000,21.600000,9.450000
6139,2015,9,13,19,0.000000,0.000000,0.000000,0.000000,3.200000,1.400000
6140,2015,9,13,20,0.000000,0.000000,0.000000,0.000000,0.000000,0.000000
6141,2015,9,13,21,0.000000,0.000000,0.000000,0.000000,0.000000,0.000000
6142,2015,9,13,22,0.000000,0.000000,0.000000,0.000000,0.000000,0.000000
6143,2015,9,13,23,0.000000,0.000000,0.000000,0.000000,0.000000,0.000000
6144,2015,9,13,24,0.000000,0.000000,0.000000,0.000000,0.000000,0.000000
6145,2015,9,14,1,0.000000,0.000000,0.000000,0.000000,0.000000,0.000000
6146,2015,9,14,2,0.000000,0.000000,0.000000,0.000000,0.000000,0.000000
6147,2015,9,14,3,0.000000,0.000000,0.000000,0.000000,0.000000,0.000000
6148,2015,9,14,4,0.000000,0.000000,0.000000,0.000000,0.000000,0.000000
6149,2015,9,14,5,0.000000,0.000000,0.000000,0.000000,0.000000,0.000000
6150,2015,9,14,6,0.000000,0.000000,0.000000,0.000000,0.000000,0.000000
6151,2015,9,14,7,0.000000,0.000000,0.000000,0.000000,0.000000,0.000000
6152,2015,9,14,8,0.000000,0.000000,0.000000,0.000000,18.400000,8.050000
6153,2015,9,14,9,0.000000,0.000000,0.000000,0.000000,36.800000,16.100000
6154,2015,9,14,10,0.000000,0.000000,0.000000,0.000000,52.000000,22.750000
6155,2015,9,14,11,0.000000,0.000000,0.000000,0.000000,64.000000,28.000000
6156,2015,9,14,12,0.000000,0.000000,0.000000,0.000000,72.800000,31.850000
6157,2015,9,14,13,0.000000,0.000000,0.000000,0.000000,76.000000,33.250000
6158,2015,9,14,14,0.000000,0.000000,0.000000,0.000000,73.600000,32.200000
6159,2015,9,14,15,0.000000,0.000000,0.000000,0.000000,66.400000,29.050000
6160,2015,9,14,16,0.000000,0.000000,0.000000,0.000000,54.400000,23.800000
6161,2015,9,14,17,0.000000,0.000000,0.000000,0.000000,39.200000,17.150000
6162,2015,9,14,18,0.000000,0.000000,0.000000,0.000000,21.600000,9.450000
6163,2015,9,14,19,0.000000,0.000000,0.000000,0.000000,3.200000,1.400000
6164,2015,9,14,20,0.000000,0.000000,0.000000,0.000000,0.000000,0.000000
6165,2015,9,14,21,0.000000,0.000000,0.000000,0.000000,0.000000,0.000000
6166,2015,9,14,22,0.000000,0.000000,0.000000,0.000000,0.000000,0.000000
6167,2015,9,14,23,0.000000,0.000000,0.000000,0.000000,0.000000,0.000000
6168,2015,9,14,24,0.000000,0.000000,0.000000,0.000000,0.000000,0.000000
6169,2015,9,15,1,0.000000,0.000000,0.000000,0.000000,0.000000,0.000000
6170,2015,9,15,2,0.000000,0.000000,0.000000,0.000000,0.000000,0.000000
6171,2015,9,15,3,0.000000,0.000000,0.000000,0.000000,0.000000,0.000000
6172,2015,9,15,4,0.000000,0.000000,0.000000,0.000000,0.000000,0.000000
6173,2015,9,15,5,0.000000,0.000000,0.000000,0.000000,0.000000,0.000000
6174,2015,9,15,6,0.000000,0.000000,0.000000,0.000000,0.000000,0.000000
6175,2015,9,15,7,0.000000,0.000000,0.000000,0.000000,0.000000,0.000000
6176,2015,9,15,8,0.000000,0.000000,0.000000,0.000000,18.400000,8.050000
6177,2015,9,15,9,0.000000,0.000000,0.000000,0.000000,36.800000,16.100000
6178,2015,9,15,10,0.000000,0.000000,0.000000,0.000000,52.000000,22.750000
6179,2015,9,15,11,0.000000,0.000000,0.000000,0.000000,64.000000,28.000000
6180,2015,9,15,12,0.000000,0.000000,0.000000,0.000000,72.800000,31.850000
6181,2015,9,15,13,0.000000,0.000000,0.000000,0.000000,76.000000,33.250000
6182,2015,9,15,14,0.000000,0.000000,0.000000,0.000000,73.600000,32.200000
6183,2015,9,15,15,0.000000,0.000000,0.000000,0.000000,66.400000,29.050000
6184,2015,9,15,16,0.000000,0.000000,0.000000,0.000000,54.400000,23.800000
6185,2015,9,15,17,0.000000,0.000000,0.000000,0.000000,39.200000,17.150000
6186,2015,9,15,18,0.000000,0.000000,0.000000,0.000000,21.600000,9.450000
6187,2015,9,15,19,0.000000,0.000000,0.000000,0.000000,3.200000,1.400000
6188,2015,9,15,20,0.000000,0.000000,0.000000,0.000000,0.000000,0.000000
6189,2015,9,15,21,0.000000,0.000000,0.000000,0.000000,0.000000,0.000000
6190,2015,9,15,22,0.000000,0.000000,0.000000,0.000000,0.000000,0.000000
6191,2015,9,15,23,0.000000,0.000000,0.000000,0.000000,0.000000,0.000000
6192,2015,9,15,24,0.000000,0.000000,0.000000,0.000000,0.000000,0.000000
6193,2015,9,16,1,0.000000,0.000000,0.000000,0.000000,0.000000,0.000000
6194,2015,9,16,2,0.000000,0.000000,0.000000,0.000000,0.000000,0.000000
6195,2015,9,16,3,0.000000,0.000000,0.000000,0.000000,0.000000,0.000000
6196,2015,9,16,4,0.000000,0.000000,0.000000,0.000000,0.000000,0.000000
6197,2015,9,16,5,0.000000,0.000000,0.000000,0.000000,0.000000,0.000000
6198,2015,9,16,6,0.000000,0.000000,0.000000,0.000000,0.000000,0.000000
6199,2015,9,16,7,0.000000,0.000000,0.000000,0.000000,0.000000,0.000000
6200,2015,9,16,8,0.000000,0.000000,0.000000,0.000000,18.400000,8.050000
6201,2015,9,16,9,0.000000,0.000000,0.000000,0.000000,36.800000,16.100000
6202,2015,9,16,10,0.000000,0.000000,0.000000,0.000000,52.000000,22.750000
6203,2015,9,16,11,0.000000,0.000000,0.000000,0.000000,64.000000,28.000000
6204,2015,9,16,12,0.000000,0.000000,0.000000,0.000000,72.800000,31.850000
6205,2015,9,16,13,0.000000,0.000000,0.000000,0.000000,76.000000,33.250000
6206,2015,9,16,14,0.000000,0.000000,0.000000,0.000000,73.600000,32.200000
6207,2015,9,16,15,0.000000,0.000000,0.000000,0.000000,66.400000,29.050000
6208,2015,9,16,16,0.000000,0.000000,0.000000,0.000000,54.400000,23.800000
6209,2015,9,16,17,0.000000,0.000000,0.000000,0.000000,39.200000,17.150000
6210,2015,9,16,18,0.000000,0.000000,0.000000,0.000000,21.600000,9.450000
6211,2015,9,16,19,0.000000,0.000000,0.000000,0.000000,3.200000,1.400000
6212,2015,9,16,20,0.000000,0.000000,0.000000,0.000000,0.000000,0.000000
6213,2015,9,16,21,0.000000,0.000000,0.000000,0.000000,0.000000,0.000000
6214,2015,9,16,22,0.000000,0.000000,0.000000,0.000000,0.000000,0.000000
6215,2015,9,16,23,0.000000,0.000000,0.000000,0.000000,0.000000,0.000000
6216,2015,9,16,24,0.000000,0.000000,0.000000,0.000000,0.000000,0.000000
6217,2015,9,17,1,0.000000,0.000000,0.000000,0.000000,0.000000,0.000000
6218,2015,9,17,2,0.000000,0.000000,0.000000,0.000000,0.000000,0.000000
6219,2015,9,17,3,0.000000,0.000000,0.000000,0.000000,0.000000,0.000000
6220,2015,9,17,4,0.000000,0.000000,0.000000,0.000000,0.000000,0.000000
6221,2015,9,17,5,0.000000,0.000000,0.000000,0.000000,0.000000,0.000000
6222,2015,9,17,6,0.000000,0.000000,0.000000,0.000000,0.000000,0.000000
6223,2015,9,17,7,0.000000,0.000000,0.000000,0.000000,0.000000,0.000000
6224,2015,9,17,8,0.000000,0.000000,0.000000,0.000000,18.400000,8.050000
6225,2015,9,17,9,0.000000,0.000000,0.000000,0.000000,36.800000,16.100000
6226,2015,9,17,10,0.000000,0.000000,0.000000,0.000000,52.000000,22.750000
6227,2015,9,17,11,0.000000,0.000000,0.000000,0.000000,64.000000,28.000000
6228,2015,9,17,12,0.000000,0.000000,0.000000,0.000000,72.800000,31.850000
6229,2015,9,17,13,0.000000,0.000000,0.000000,0.000000,76.000000,33.250000
6230,2015,9,17,14,0.000000,0.000000,0.000000,0.000000,73.600000,32.200000
6231,2015,9,17,15,0.000000,0.000000,0.000000,0.000000,66.400000,29.050000
6232,2015,9,17,16,0.000000,0.000000,0.000000,0.000000,54.400000,23.800000
6233,2015,9,17,17,0.000000,0.000000,0.000000,0.000000,39.200000,17.150000
6234,2015,9,17,18,0.000000,0.000000,0.000000,0.000000,21.600000,9.450000
6235,2015,9,17,19,0.000000,0.000000,0.000000,0.000000,3.200000,1.400000
6236,2015,9,17,20,0.000000,0.000000,0.000000,0.000000,0.000000,0.000000
6237,2015,9,17,21,0.000000,0.000000,0.000000,0.000000,0.000000,0.000000
6238,2015,9,17,22,0.000000,0.000000,0.000000,0.000000,0.000000,0.000000
6239,2015,9,17,23,0.000000,0.000000,0.000000,0.000000,0.000000,0.000000
6240,2015,9,17,24,0.000000,0.000000,0.000000,0.000000,0.000000,0.000000
6241,2015,9,18,1,0.000000,0.000000,0.000000,0.000000,0.000000,0.000000
6242,2015,9,18,2,0.000000,0.000000,0.000000,0.000000,0.000000,0.000000
6243,2015,9,18,3,0.000000,0.000000,0.000000,0.000000,0.000000,0.000000
6244,2015,9,18,4,0.000000,0.000000,0.000000,0.000000,0.000000,0.000000
6245,2015,9,18,5,0.000000,0.000000,0.000000,0.000000,0.000000,0.000000
6246,2015,9,18,6,0.000000,0.000000,0.000000,0.000000,0.000000,0.000000
6247,2015,9,18,7,0.000000,0.000000,0.000000,0.000000,0.000000,0.000000
6248,2015,9,18,8,0.000000,0.000000,0.000000,0.000000,18.400000,8.050000
6249,2015,9,18,9,0.000000,0.000000,0.000000,0.000000,36.800000,16.100000
6250,2015,9,18,10,0.000000,0.000000,0.000000,0.000000,52.000000,22.750000
6251,2015,9,18,11,0.000000,0.000000,0.000000,0.000000,64.000000,28.000000
6252,2015,9,18,12,0.000000,0.000000,0.000000,0.000000,72.800000,31.850000
6253,2015,9,18,13,0.000000,0.000000,0.000000,0.000000,76.000000,33.250000
6254,2015,9,18,14,0.000000,0.000000,0.000000,0.000000,73.600000,32.200000
6255,2015,9,18,15,0.000000,0.000000,0.000000,0.000000,66.400000,29.050000
6256,2015,9,18,16,0.000000,0.000000,0.000000,0.000000,54.400000,23.800000
6257,2015,9,18,17,0.000000,0.000000,0.000000,0.000000,39.200000,17.150000
6258,2015,9,18,18,0.000000,0.000000,0.000000,0.000000,21.600000,9.450000
6259,2015,9,18,19,0.000000,0.000000,0.000000,0.000000,3.200000,1.400000
6260,2015,9,18,20,0.000000,0.000000,0.000000,0.000000,0.000000,0.000000
6261,2015,9,18,21,0.000000,0.000000,0.000000,0.000000,0.000000,0.000000
6262,2015,9,18,22,0.000000,0.000000,0.000000,0.000000,0.000000,0.000000
6263,2015,9,18,23,0.000000,0.000000,0.000000,0.000000,0.000000,0.000000
6264,2015,9,18,24,0.000000,0.000000,0.000000,0.000000,0.000000,0.000000
6265,2015,9,19,1,0.000000,0.000000,0.000000,0.000000,0.000000,0.000000
6266,2015,9,19,2,0.000000,0.000000,0.000000,0.000000,0.000000,0.000000
6267,2015,9,19,3,0.000000,0.000000,0.000000,0.000000,0.000000,0.000000
6268,2015,9,19,4,0.000000,0.000000,0.000000,0.000000,0.000000,0.000000
6269,2015,9,19,5,0.000000,0.000000,0.000000,0.000000,0.000000,0.000000
6270,2015,9,19,6,0.000000,0.000000,0.000000,0.000000,0.000000,0.000000
6271,2015,9,19,7,0.000000,0.000000,0.000000,0.000000,0.000000,0.000000
6272,2015,9,19,8,0.000000,0.000000,0.000000,0.000000,18.400000,8.050000
6273,2015,9,19,9,0.000000,0.000000,0.000000,0.000000,36.800000,16.100000
6274,2015,9,19,10,0.000000,0.000000,0.000000,0.000000,52.000000,22.750000
6275,2015,9,19,11,0.000000,0.000000,0.000000,0.000000,64.000000,28.000000
6276,2015,9,19,12,0.000000,0.000000,0.000000,0.000000,72.800000,31.850000
6277,2015,9,19,13,0.000000,0.000000,0.000000,0.000000,76.000000,33.250000
6278,2015,9,19,14,0.000000,0.000000,0.000000,0.000000,73.600000,32.200000
6279,2015,9,19,15,0.000000,0.000000,0.000000,0.000000,66.400000,29.050000
6280,2015,9,19,16,0.000000,0.000000,0.000000,0.000000,54.400000,23.800000
6281,2015,9,19,17,0.000000,0.000000,0.000000,0.000000,39.200000,17.150000
6282,2015,9,19,18,0.000000,0.000000,0.000000,0.000000,21.600000,9.450000
6283,2015,9,19,19,0.000000,0.000000,0.000000,0.000000,3.200000,1.400000
6284,2015,9,19,20,0.000000,0.000000,0.000000,0.000000,0.000000,0.000000
6285,2015,9,19,21,0.000000,0.000000,0.000000,0.000000,0.000000,0.000000
6286,2015,9,19,22,0.000000,0.000000,0.000000,0.000000,0.000000,0.000000
6287,2015,9,19,23,0.000000,0.000000,0.000000,0.000000,0.000000,0.000000
6288,2015,9,19,24,0.000000,0.000000,0.000000,0.000000,0.000000,0.000000
6289,2015,9,20,1,0.000000,0.000000,0.000000,0.000000,0.000000,0.000000
6290,2015,9,20,2,0.000000,0.000000,0.000000,0.000000,0.000000,0.000000
6291,2015,9,20,3,0.000000,0.000000,0.000000,0.000000,0.000000,0.000000
6292,2015,9,20,4,0.000000,0.000000,0.000000,0.000000,0.000000,0.000000
6293,2015,9,20,5,0.000000,0.000000,0.000000,0.000000,0.000000,0.000000
6294,2015,9,20,6,0.000000,0.000000,0.000000,0.000000,0.000000,0.000000
6295,2015,9,20,7,0.000000,0.000000,0.000000,0.000000,0.000000,0.000000
6296,2015,9,20,8,0.000000,0.000000,0.000000,0.000000,18.400000,8.050000
6297,2015,9,20,9,0.000000,0.000000,0.000000,0.000000,36.800000,16.100000
6298,2015,9,20,10,0.000000,0.000000,0.000000,0.000000,52.000000,22.750000
6299,2015,9,20,11,0.000000,0.000000,0.000000,0.000000,64.000000,28.000000
6300,2015,9,20,12,0.000000,0.000000,0.000000,0.000000,72.800000,31.850000
6301,2015,9,20,13,0.000000,0.000000,0.000000,0.000000,76.000000,33.250000
6302,2015,9,20,14,0.000000,0.000000,0.000000,0.000000,73.600000,32.200000
6303,2015,9,20,15,0.000000,0.000000,0.000000,0.000000,66.400000,29.050000
6304,2015,9,20,16,0.000000,0.000000,0.000000,0.000000,54.400000,23.800000
6305,2015,9,20,17,0.000000,0.000000,0.000000,0.000000,39.200000,17.150000
6306,2015,9,20,18,0.000000,0.000000,0.000000,0.000000,21.600000,9.450000
6307,2015,9,20,19,0.000000,0.000000,0.000000,0.000000,3.200000,1.400000
6308,2015,9,20,20,0.000000,0.000000,0.000000,0.000000,0.000000,0.000000
6309,2015,9,20,21,0.000000,0.000000,0.000000,0.000000,0.000000,0.000000
6310,2015,9,20,22,0.000000,0.000000,0.000000,0.000000,0.000000,0.000000
6311,2015,9,20,23,0.000000,0.000000,0.000000,0.000000,0.000000,0.000000
6312,2015,9,20,24,0.000000,0.000000,0.000000,0.000000,0.000000,0.000000
6313,2015,9,21,1,0.000000,0.000000,0.000000,0.000000,0.000000,0.000000
6314,2015,9,21,2,0.000000,0.000000,0.000000,0.000000,0.000000,0.000000
6315,2015,9,21,3,0.000000,0.000000,0.000000,0.000000,0.000000,0.000000
6316,2015,9,21,4,0.000000,0.000000,0.000000,0.000000,0.000000,0.000000
6317,2015,9,21,5,0.000000,0.000000,0.000000,0.000000,0.000000,0.000000
6318,2015,9,21,6,0.000000,0.000000,0.000000,0.000000,0.000000,0.000000
6319,2015,9,21,7,0.000000,0.000000,0.000000,0.000000,0.000000,0.000000
6320,2015,9,21,8,0.000000,0.000000,0.000000,0.000000,18.400000,8.050000
6321,2015,9,21,9,0.000000,0.000000,0.000000,0.000000,36.800000,16.100000
6322,2015,9,21,10,0.000000,0.000000,0.000000,0.000000,52.000000,22.750000
6323,2015,9,21,11,0.000000,0.000000,0.000000,0.000000,64.000000,28.000000
6324,2015,9,21,12,0.000000,0.000000,0.000000,0.000000,72.800000,31.850000
6325,2015,9,21,13,0.000000,0.000000,0.000000,0.000000,76.000000,33.250000
6326,2015,9,21,14,0.000000,0.000000,0.000000,0.000000,73.600000,32.200000
6327,2015,9,21,15,0.000000,0.000000,0.000000,0.000000,66.400000,29.050000
6328,2015,9,21,16,0.000000,0.000000,0.000000,0.000000,54.400000,23.800000
6329,2015,9,21,17,0.000000,0.000000,0.000000,0.000000,39.200000,17.150000
6330,2015,9,21,18,0.000000,0.000000,0.000000,0.000000,21.600000,9.450000
6331,2015,9,21,19,0.000000,0.000000,0.000000,0.000000,3.200000,1.400000
6332,2015,9,21,20,0.000000,0.000000,0.000000,0.000000,0.000000,0.000000
6333,2015,9,21,21,0.000000,0.000000,0.000000,0.000000,0.000000,0.000000
6334,2015,9,21,22,0.000000,0.000000,0.000000,0.000000,0.000000,0.000000
6335,2015,9,21,23,0.000000,0.000000,0.000000,0.000000,0.000000,0.000000
6336,2015,9,21,24,0.000000,0.000000,0.000000,0.000000,0.000000,0.000000
6337,2015,9,22,1,0.000000,0.000000,0.000000,0.000000,0.000000,0.000000
6338,2015,9,22,2,0.000000,0.000000,0.000000,0.000000,0.000000,0.000000
6339,2015,9,22,3,0.000000,0.000000,0.000000,0.000000,0.000000,0.000000
6340,2015,9,22,4,0.000000,0.000000,0.000000,0.000000,0.000000,0.000000
6341,2015,9,22,5,0.000000,0.000000,0.000000,0.000000,0.000000,0.000000
6342,2015,9,22,6,0.000000,0.000000,0.000000,0.000000,0.000000,0.000000
6343,2015,9,22,7,0.000000,0.000000,0.000000,0.000000,0.000000,0.000000
6344,2015,9,22,8,0.000000,0.000000,0.000000,0.000000,18.400000,8.050000
6345,2015,9,22,9,0.000000,0.000000,0.000000,0.000000,36.800000,16.100000
6346,2015,9,22,10,0.000000,0.000000,0.000000,0.000000,52.000000,22.750000
6347,2015,9,22,11,0.000000,0.000000,0.000000,0.000000,64.000000,28.000000
6348,2015,9,22,12,0.000000,0.000000,0.000000,0.000000,72.800000,31.850000
6349,2015,9,22,13,0.000000,0.000000,0.000000,0.000000,76.000000,33.250000
6350,2015,9,22,14,0.000000,0.000000,0.000000,0.000000,73.600000,32.200000
6351,2015,9,22,15,0.000000,0.000000,0.000000,0.000000,66.400000,29.050000
6352,2015,9,22,16,0.000000,0.000000,0.000000,0.000000,54.400000,23.800000
6353,2015,9,22,17,0.000000,0.000000,0.000000,0.000000,39.200000,17.150000
6354,2015,9,22,18,0.000000,0.000000,0.000000,0.000000,21.600000,9.450000
6355,2015,9,22,19,0.000000,0.000000,0.000000,0.000000,3.200000,1.400000
6356,2015,9,22,20,0.000000,0.000000,0.000000,0.000000,0.000000,0.000000
6357,2015,9,22,21,0.000000,0.000000,0.000000,0.000000,0.000000,0.000000
6358,2015,9,22,22,0.000000,0.000000,0.000000,0.000000,0.000000,0.000000
6359,2015,9,22,23,0.000000,0.000000,0.000000,0.000000,0.000000,0.000000
6360,2015,9,22,24,0.000000,0.000000,0.000000,0.000000,0.000000,0.000000
6361,2015,9,23,1,0.000000,0.000000,0.000000,0.000000,0.000000,0.000000
6362,2015,9,23,2,0.000000,0.000000,0.000000,0.000000,0.000000,0.000000
6363,2015,9,23,3,0.000000,0.000000,0.000000,0.000000,0.000000,0.000000
6364,2015,9,23,4,0.000000,0.000000,0.000000,0.000000,0.000000,0.000000
6365,2015,9,23,5,0.000000,0.000000,0.000000,0.000000,0.000000,0.000000
6366,2015,9,23,6,0.000000,0.000000,0.000000,0.000000,0.000000,0.000000
6367,2015,9,23,7,0.000000,0.000000,0.000000,0.000000,0.000000,0.000000
6368,2015,9,23,8,0.000000,0.000000,0.000000,0.000000,18.400000,8.050000
6369,2015,9,23,9,0.000000,0.000000,0.000000,0.000000,36.800000,16.100000
6370,2015,9,23,10,0.000000,0.000000,0.000000,0.000000,52.000000,22.750000
6371,2015,9,23,11,0.000000,0.000000,0.000000,0.000000,64.000000,28.000000
6372,2015,9,23,12,0.000000,0.000000,0.000000,0.000000,72.800000,31.850000
6373,2015,9,23,13,0.000000,0.000000,0.000000,0.000000,76.000000,33.250000
6374,2015,9,23,14,0.000000,0.000000,0.000000,0.000000,73.600000,32.200000
6375,2015,9,23,15,0.000000,0.000000,0.000000,0.000000,66.400000,29.050000
6376,2015,9,23,16,0.000000,0.000000,0.000000,0.000000,54.400000,23.800000
6377,2015,9,23,17,0.000000,0.000000,0.000000,0.000000,39.200000,17.150000
6378,2015,9,23,18,0.000000,0.000000,0.000000,0.000000,21.600000,9.450000
6379,2015,9,23,19,0.000000,0.000000,0.000000,0.000000,3.200000,1.400000
6380,2015,9,23,20,0.000000,0.000000,0.000000,0.000000,0.000000,0.000000
6381,2015,9,23,21,0.000000,0.000000,0.000000,0.000000,0.000000,0.000000
6382,2015,9,23,22,0.000000,0.000000,0.000000,0.000000,0.000000,0.000000
6383,2015,9,23,23,0.000000,0.000000,0.000000,0.000000,0.000000,0.000000
6384,2015,9,23,24,0.000000,0.000000,0.000000,0.000000,0.000000,0.000000
6385,2015,9,24,1,0.000000,0.000000,0.000000,0.000000,0.000000,0.000000
6386,2015,9,24,2,0.000000,0.000000,0.000000,0.000000,0.000000,0.000000
6387,2015,9,24,3,0.000000,0.000000,0.000000,0.000000,0.000000,0.000000
6388,2015,9,24,4,0.000000,0.000000,0.000000,0.000000,0.000000,0.000000
6389,2015,9,24,5,0.000000,0.000000,0.000000,0.000000,0.000000,0.000000
6390,2015,9,24,6,0.000000,0.000000,0.000000,0.000000,0.000000,0.000000
6391,2015,9,24,7,0.000000,0.000000,0.000000,0.000000,0.000000,0.000000
6392,2015,9,24,8,0.000000,0.000000,0.000000,0.000000,18.400000,8.050000
6393,2015,9,24,9,0.000000,0.000000,0.000000,0.000000,36.800000,16.100000
6394,2015,9,24,10,0.000000,0.000000,0.000000,0.000000,52.000000,22.750000
6395,2015,9,24,11,0.000000,0.000000,0.000000,0.000000,64.000000,28.000000
6396,2015,9,24,12,0.000000,0.000000,0.000000,0.000000,72.800000,31.850000
6397,2015,9,24,13,0.000000,0.000000,0.000000,0.000000,76.000000,33.250000
6398,2015,9,24,14,0.000000,0.000000,0.000000,0.000000,73.600000,32.200000
6399,2015,9,24,15,0.000000,0.000000,0.000000,0.000000,66.400000,29.050000
6400,2015,9,24,16,0.000000,0.000000,0.000000,0.000000,54.400000,23.800000
6401,2015,9,24,17,0.000000,0.000000,0.000000,0.000000,39.200000,17.150000
6402,2015,9,24,18,0.000000,0.000000,0.000000,0.000000,21.600000,9.450000
6403,2015,9,24,19,0.000000,0.000000,0.000000,0.000000,3.200000,1.400000
6404,2015,9,24,20,0.000000,0.000000,0.000000,0.000000,0.000000,0.000000
6405,2015,9,24,21,0.000000,0.000000,0.000000,0.000000,0.000000,0.000000
6406,2015,9,24,22,0.000000,0.000000,0.000000,0.000000,0.000000,0.000000
6407,2015,9,24,23,0.000000,0.000000,0.000000,0.000000,0.000000,0.000000
6408,2015,9,24,24,0.000000,0.000000,0.000000,0.000000,0.000000,0.000000
6409,2015,9,25,1,0.000000,0.000000,0.000000,0.000000,0.000000,0.000000
6410,2015,9,25,2,0.000000,0.000000,0.000000,0.000000,0.000000,0.000000
6411,2015,9,25,3,0.000000,0.000000,0.000000,0.000000,0.000000,0.000000
6412,2015,9,25,4,0.000000,0.000000,0.000000,0.000000,0.000000,0.000000
6413,2015,9,25,5,0.000000,0.000000,0.000000,0.000000,0.000000,0.000000
6414,2015,9,25,6,0.000000,0.000000,0.000000,0.000000,0.000000,0.000000
6415,2015,9,25,7,0.000000,0.000000,0.000000,0.000000,0.000000,0.000000
6416,2015,9,25,8,0.000000,0.000000,0.000000,0.000000,18.400000,8.050000
6417,2015,9,25,9,0.000000,0.000000,0.000000,0.000000,36.800000,16.100000
6418,2015,9,25,10,0.000000,0.000000,0.000000,0.000000,52.000000,22.750000
6419,2015,9,25,11,0.000000,0.000000,0.000000,0.000000,64.000000,28.000000
6420,2015,9,25,12,0.000000,0.000000,0.000000,0.000000,72.800000,31.850000
6421,2015,9,25,13,0.000000,0.000000,0.000000,0.000000,76.000000,33.250000
6422,2015,9,25,14,0.000000,0.000000,0.000000,0.000000,73.600000,32.200000
6423,2015,9,25,15,0.000000,0.000000,0.000000,0.000000,66.400000,29.050000
6424,2015,9,25,16,0.000000,0.000000,0.000000,0.000000,54.400000,23.800000
6425,2015,9,25,17,0.000000,0.000000,0.000000,0.000000,39.200000,17.150000
6426,2015,9,25,18,0.000000,0.000000,0.000000,0.000000,21.600000,9.450000
6427,2015,9,25,19,0.000000,0.000000,0.000000,0.000000,3.200000,1.400000
6428,2015,9,25,20,0.000000,0.000000,0.000000,0.000000,0.000000,0.000000
6429,2015,9,25,21,0.000000,0.000000,0.000000,0.000000,0.000000,0.000000
6430,2015,9,25,22,0.000000,0.000000,0.000000,0.000000,0.000000,0.000000
6431,2015,9,25,23,0.000000,0.000000,0.000000,0.000000,0.000000,0.000000
6432,2015,9,25,24,0.000000,0.000000,0.000000,0.000000,0.000000,0.000000
6433,2015,9,26,1,0.000000,0.000000,0.000000,0.000000,0.000000,0.000000
6434,2015,9,26,2,0.000000,0.000000,0.000000,0.000000,0.000000,0.000000
6435,2015,9,26,3,0.000000,0.000000,0.000000,0.000000,0.000000,0.000000
6436,2015,9,26,4,0.000000,0.000000,0.000000,0.000000,0.000000,0.000000
6437,2015,9,26,5,0.000000,0.000000,0.000000,0.000000,0.000000,0.000000
6438,2015,9,26,6,0.000000,0.000000,0.000000,0.000000,0.000000,0.000000
6439,2015,9,26,7,0.000000,0.000000,0.000000,0.000000,0.000000,0.000000
6440,2015,9,26,8,0.000000,0.000000,0.000000,0.000000,18.400000,8.050000
6441,2015,9,26,9,0.000000,0.000000,0.000000,0.000000,36.800000,16.100000
6442,2015,9,26,10,0.000000,0.000000,0.000000,0.000000,52.000000,22.750000
6443,2015,9,26,11,0.000000,0.000000,0.000000,0.000000,64.000000,28.000000
6444,2015,9,26,12,0.000000,0.000000,0.000000,0.000000,72.800000,31.850000
6445,2015,9,26,13,0.000000,0.000000,0.000000,0.000000,76.000000,33.250000
6446,2015,9,26,14,0.000000,0.000000,0.000000,0.000000,73.600000,32.200000
6447,2015,9,26,15,0.000000,0.000000,0.000000,0.000000,66.400000,29.050000
6448,2015,9,26,16,0.000000,0.000000,0.000000,0.000000,54.400000,23.800000
6449,2015,9,26,17,0.000000,0.000000,0.000000,0.000000,39.200000,17.150000
6450,2015,9,26,18,0.000000,0.000000,0.000000,0.000000,21.600000,9.450000
6451,2015,9,26,19,0.000000,0.000000,0.000000,0.000000,3.200000,1.400000
6452,2015,9,26,20,0.000000,0.000000,0.000000,0.000000,0.000000,0.000000
6453,2015,9,26,21,0.000000,0.000000,0.000000,0.000000,0.000000,0.000000
6454,2015,9,26,22,0.000000,0.000000,0.000000,0.000000,0.000000,0.000000
6455,2015,9,26,23,0.000000,0.000000,0.000000,0.000000,0.000000,0.000000
6456,2015,9,26,24,0.000000,0.000000,0.000000,0.000000,0.000000,0.000000
6457,2015,9,27,1,0.000000,0.000000,0.000000,0.000000,0.000000,0.000000
6458,2015,9,27,2,0.000000,0.000000,0.000000,0.000000,0.000000,0.000000
6459,2015,9,27,3,0.000000,0.000000,0.000000,0.000000,0.000000,0.000000
6460,2015,9,27,4,0.000000,0.000000,0.000000,0.000000,0.000000,0.000000
6461,2015,9,27,5,0.000000,0.000000,0.000000,0.000000,0.000000,0.000000
6462,2015,9,27,6,0.000000,0.000000,0.000000,0.000000,0.000000,0.000000
6463,2015,9,27,7,0.000000,0.000000,0.000000,0.000000,0.000000,0.000000
6464,2015,9,27,8,0.000000,0.000000,0.000000,0.000000,18.400000,8.050000
6465,2015,9,27,9,0.000000,0.000000,0.000000,0.000000,36.800000,16.100000
6466,2015,9,27,10,0.000000,0.000000,0.000000,0.000000,52.000000,22.750000
6467,2015,9,27,11,0.000000,0.000000,0.000000,0.000000,64.000000,28.000000
6468,2015,9,27,12,0.000000,0.000000,0.000000,0.000000,72.800000,31.850000
6469,2015,9,27,13,0.000000,0.000000,0.000000,0.000000,76.000000,33.250000
6470,2015,9,27,14,0.000000,0.000000,0.000000,0.000000,73.600000,32.200000
6471,2015,9,27,15,0.000000,0.000000,0.000000,0.000000,66.400000,29.050000
6472,2015,9,27,16,0.000000,0.000000,0.000000,0.000000,54.400000,23.800000
6473,2015,9,27,17,0.000000,0.000000,0.000000,0.000000,39.200000,17.150000
6474,2015,9,27,18,0.000000,0.000000,0.000000,0.000000,21.600000,9.450000
6475,2015,9,27,19,0.000000,0.000000,0.000000,0.000000,3.200000,1.400000
6476,2015,9,27,20,0.000000,0.000000,0.000000,0.000000,0.000000,0.000000
6477,2015,9,27,21,0.000000,0.000000,0.000000,0.000000,0.000000,0.000000
6478,2015,9,27,22,0.000000,0.000000,0.000000,0.000000,0.000000,0.000000
6479,2015,9,27,23,0.000000,0.000000,0.000000,0.000000,0.000000,0.000000
6480,2015,9,27,24,0.000000,0.000000,0.000000,0.000000,0.000000,0.000000
6481,2015,9,28,1,0.000000,0.000000,0.000000,0.000000,0.000000,0.000000
6482,2015,9,28,2,0.000000,0.000000,0.000000,0.000000,0.000000,0.000000
6483,2015,9,28,3,0.000000,0.000000,0.000000,0.000000,0.000000,0.000000
6484,2015,9,28,4,0.000000,0.000000,0.000000,0.000000,0.000000,0.000000
6485,2015,9,28,5,0.000000,0.000000,0.000000,0.000000,0.000000,0.000000
6486,2015,9,28,6,0.000000,0.000000,0.000000,0.000000,0.000000,0.000000
6487,2015,9,28,7,0.000000,0.000000,0.000000,0.000000,0.000000,0.000000
6488,2015,9,28,8,0.000000,0.000000,0.000000,0.000000,18.400000,8.050000
6489,2015,9,28,9,0.000000,0.000000,0.000000,0.000000,36.800000,16.100000
6490,2015,9,28,10,0.000000,0.000000,0.000000,0.000000,52.000000,22.750000
6491,2015,9,28,11,0.000000,0.000000,0.000000,0.000000,64.000000,28.000000
6492,2015,9,28,12,0.000000,0.000000,0.000000,0.000000,72.800000,31.850000
6493,2015,9,28,13,0.000000,0.000000,0.000000,0.000000,76.000000,33.250000
6494,2015,9,28,14,0.000000,0.000000,0.000000,0.000000,73.600000,32.200000
6495,2015,9,28,15,0.000000,0.000000,0.000000,0.000000,66.400000,29.050000
6496,2015,9,28,16,0.000000,0.000000,0.000000,0.000000,54.400000,23.800000
6497,2015,9,28,17,0.000000,0.000000,0.000000,0.000000,39.200000,17.150000
6498,2015,9,28,18,0.000000,0.000000,0.000000,0.000000,21.600000,9.450000
6499,2015,9,28,19,0.000000,0.000000,0.000000,0.000000,3.200000,1.400000
6500,2015,9,28,20,0.000000,0.000000,0.000000,0.000000,0.000000,0.000000
6501,2015,9,28,21,0.000000,0.000000,0.000000,0.000000,0.000000,0.000000
6502,2015,9,28,22,0.000000,0.000000,0.000000,0.000000,0.000000,0.000000
6503,2015,9,28,23,0.000000,0.000000,0.000000,0.000000,0.000000,0.000000
6504,2015,9,28,24,0.000000,0.000000,0.000000,0.000000,0.000000,0.000000
6505,2015,9,29,1,0.000000,0.000000,0.000000,0.000000,0.000000,0.000000
6506,2015,9,29,2,0.000000,0.000000,0.000000,0.000000,0.000000,0.000000
6507,2015,9,29,3,0.000000,0.000000,0.000000,0.000000,0.000000,0.000000
6508,2015,9,29,4,0.000000,0.000000,0.000000,0.000000,0.000000,0.000000
6509,2015,9,29,5,0.000000,0.000000,0.000000,0.000000,0.000000,0.000000
6510,2015,9,29,6,0.000000,0.000000,0.000000,0.000000,0.000000,0.000000
6511,2015,9,29,7,0.000000,0.000000,0.000000,0.000000,0.000000,0.000000
6512,2015,9,29,8,0.000000,0.000000,0.000000,0.000000,18.400000,8.050000
6513,2015,9,29,9,0.000000,0.000000,0.000000,0.000000,36.800000,16.100000
6514,2015,9,29,10,0.000000,0.000000,0.000000,0.000000,52.000000,22.750000
6515,2015,9,29,11,0.000000,0.000000,0.000000,0.000000,64.000000,28.000000
6516,2015,9,29,12,0.000000,0.000000,0.000000,0.000000,72.800000,31.850000
6517,2015,9,29,13,0.000000,0.000000,0.000000,0.000000,76.000000,33.250000
6518,2015,9,29,14,0.000000,0.000000,0.000000,0.000000,73.600000,32.200000
6519,2015,9,29,15,0.000000,0.000000,0.000000,0.000000,66.400000,29.050000
6520,2015,9,29,16,0.000000,0.000000,0.000000,0.000000,54.400000,23.800000
6521,2015,9,29,17,0.000000,0.000000,0.000000,0.000000,39.200000,17.150000
6522,2015,9,29,18,0.000000,0.000000,0.000000,0.000000,21.600000,9.450000
6523,2015,9,29,19,0.000000,0.000000,0.000000,0.000000,3.200000,1.400000
6524,2015,9,29,20,0.000000,0.000000,0.000000,0.000000,0.000000,0.000000
6525,2015,9,29,21,0.000000,0.000000,0.000000,0.000000,0.000000,0.000000
6526,2015,9,29,22,0.000000,0.000000,0.000000,0.000000,0.000000,0.000000
6527,2015,9,29,23,0.000000,0.000000,0.000000,0.000000,0.000000,0.000000
6528,2015,9,29,24,0.000000,0.000000,0.000000,0.000000,0.000000,0.000000
6529,2015,9,30,1,0.000000,0.000000,0.000000,0.000000,0.000000,0.000000
6530,2015,9,30,2,0.000000,0.000000,0.000000,0.000000,0.000000,0.000000
6531,2015,9,30,3,0.000000,0.000000,0.000000,0.000000,0.000000,0.000000
6532,2015,9,30,4,0.000000,0.000000,0.000000,0.000000,0.000000,0.000000
6533,2015,9,30,5,0.000000,0.000000,0.000000,0.000000,0.000000,0.000000
6534,2015,9,30,6,0.000000,0.000000,0.000000,0.000000,0.000000,0.000000
6535,2015,9,30,7,0.000000,0.000000,0.000000,0.000000,0.000000,0.000000
6536,2015,9,30,8,0.000000,0.000000,0.000000,0.000000,18.400000,8.050000
6537,2015,9,30,9,0.000000,0.000000,0.000000,0.000000,36.800000,16.100000
6538,2015,9,30,10,0.000000,0.000000,0.000000,0.000000,52.000000,22.750000
6539,2015,9,30,11,0.000000,0.000000,0.000000,0.000000,64.000000,28.000000
6540,2015,9,30,12,0.000000,0.000000,0.000000,0.000000,72.800000,31.850000
6541,2015,9,30,13,0.000000,0.000000,0.000000,0.000000,76.000000,33.250000
6542,2015,9,30,14,0.000000,0.000000,0.000000,0.000000,73.600000,32.200000
6543,2015,9,30,15,0.000000,0.000000,0.000000,0.000000,66.400000,29.050000
6544,2015,9,30,16,0.000000,0.000000,0.000000,0.000000,54.400000,23.800000
6545,2015,9,30,17,0.000000,0.000000,0.000000,0.000000,39.200000,17.150000
6546,2015,9,30,18,0.000000,0.000000,0.000000,0.000000,21.600000,9.450000
6547,2015,9,30,19,0.000000,0.000000,0.000000,0.000000,3.200000,1.400000
6548,2015,9,30,20,0.000000,0.000000,0.000000,0.000000,0.000000,0.000000
6549,2015,9,30,21,0.000000,0.000000,0.000000,0.000000,0.000000,0.000000
6550,2015,9,30,22,0.000000,0.000000,0.000000,0.000000,0.000000,0.000000
6551,2015,9,30,23,0.000000,0.000000,0.000000,0.000000,0.000000,0.000000
6552,2015,9,30,24,0.000000,0.000000,0.000000,0.000000,0.000000,0.000000
6553,2015,10,1,1,0.000000,0.000000,0.000000,0.000000,0.000000,0.000000
6554,2015,10,1,2,0.000000,0.000000,0.000000,0.000000,0.000000,0.000000
6555,2015,10,1,3,0.000000,0.000000,0.000000,0.000000,0.000000,0.000000
6556,2015,10,1,4,0.000000,0.000000,0.000000,0.000000,0.000000,0.000000
6557,2015,10,1,5,0.000000,0.000000,0.000000,0.000000,0.000000,0.000000
6558,2015,10,1,6,0.000000,0.000000,0.000000,0.000000,0.000000,0.000000
6559,2015,10,1,7,0.000000,0.000000,0.000000,0.000000,4.800000,2.100000
6560,2015,10,1,8,0.000000,0.000000,0.000000,0.000000,22.400000,9.800000
6561,2015,10,1,9,0.000000,0.000000,0.000000,0.000000,38.400000,16.800000
6562,2015,10,1,10,0.000000,0.000000,0.000000,0.000000,52.000000,22.750000
6563,2015,10,1,11,0.000000,0.000000,0.000000,0.000000,62.400000,27.300000
6564,2015,10,1,12,0.000000,0.000000,0.000000,0.000000,68.000000,29.750000
6565,2015,10,1,13,0.000000,0.000000,0.000000,0.000000,70.400000,30.800000
6566,2015,10,1,14,0.000000,0.000000,0.000000,0.000000,68.000000,29.750000
6567,2015,10,1,15,0.000000,0.000000,0.000000,0.000000,60.800000,26.600000
6568,2015,10,1,16,0.000000,0.000000,0.000000,0.000000,51.200000,22.400000
6569,2015,10,1,17,0.000000,0.000000,0.000000,0.000000,36.800000,16.100000
6570,2015,10,1,18,0.000000,0.000000,0.000000,0.000000,20.800000,9.100000
6571,2015,10,1,19,0.000000,0.000000,0.000000,0.000000,4.800000,2.100000
6572,2015,10,1,20,0.000000,0.000000,0.000000,0.000000,0.000000,0.000000
6573,2015,10,1,21,0.000000,0.000000,0.000000,0.000000,0.000000,0.000000
6574,2015,10,1,22,0.000000,0.000000,0.000000,0.000000,0.000000,0.000000
6575,2015,10,1,23,0.000000,0.000000,0.000000,0.000000,0.000000,0.000000
6576,2015,10,1,24,0.000000,0.000000,0.000000,0.000000,0.000000,0.000000
6577,2015,10,2,1,0.000000,0.000000,0.000000,0.000000,0.000000,0.000000
6578,2015,10,2,2,0.000000,0.000000,0.000000,0.000000,0.000000,0.000000
6579,2015,10,2,3,0.000000,0.000000,0.000000,0.000000,0.000000,0.000000
6580,2015,10,2,4,0.000000,0.000000,0.000000,0.000000,0.000000,0.000000
6581,2015,10,2,5,0.000000,0.000000,0.000000,0.000000,0.000000,0.000000
6582,2015,10,2,6,0.000000,0.000000,0.000000,0.000000,0.000000,0.000000
6583,2015,10,2,7,0.000000,0.000000,0.000000,0.000000,4.800000,2.100000
6584,2015,10,2,8,0.000000,0.000000,0.000000,0.000000,22.400000,9.800000
6585,2015,10,2,9,0.000000,0.000000,0.000000,0.000000,38.400000,16.800000
6586,2015,10,2,10,0.000000,0.000000,0.000000,0.000000,52.000000,22.750000
6587,2015,10,2,11,0.000000,0.000000,0.000000,0.000000,62.400000,27.300000
6588,2015,10,2,12,0.000000,0.000000,0.000000,0.000000,68.000000,29.750000
6589,2015,10,2,13,0.000000,0.000000,0.000000,0.000000,70.400000,30.800000
6590,2015,10,2,14,0.000000,0.000000,0.000000,0.000000,68.000000,29.750000
6591,2015,10,2,15,0.000000,0.000000,0.000000,0.000000,60.800000,26.600000
6592,2015,10,2,16,0.000000,0.000000,0.000000,0.000000,51.200000,22.400000
6593,2015,10,2,17,0.000000,0.000000,0.000000,0.000000,36.800000,16.100000
6594,2015,10,2,18,0.000000,0.000000,0.000000,0.000000,20.800000,9.100000
6595,2015,10,2,19,0.000000,0.000000,0.000000,0.000000,4.800000,2.100000
6596,2015,10,2,20,0.000000,0.000000,0.000000,0.000000,0.000000,0.000000
6597,2015,10,2,21,0.000000,0.000000,0.000000,0.000000,0.000000,0.000000
6598,2015,10,2,22,0.000000,0.000000,0.000000,0.000000,0.000000,0.000000
6599,2015,10,2,23,0.000000,0.000000,0.000000,0.000000,0.000000,0.000000
6600,2015,10,2,24,0.000000,0.000000,0.000000,0.000000,0.000000,0.000000
6601,2015,10,3,1,0.000000,0.000000,0.000000,0.000000,0.000000,0.000000
6602,2015,10,3,2,0.000000,0.000000,0.000000,0.000000,0.000000,0.000000
6603,2015,10,3,3,0.000000,0.000000,0.000000,0.000000,0.000000,0.000000
6604,2015,10,3,4,0.000000,0.000000,0.000000,0.000000,0.000000,0.000000
6605,2015,10,3,5,0.000000,0.000000,0.000000,0.000000,0.000000,0.000000
6606,2015,10,3,6,0.000000,0.000000,0.000000,0.000000,0.000000,0.000000
6607,2015,10,3,7,0.000000,0.000000,0.000000,0.000000,4.800000,2.100000
6608,2015,10,3,8,0.000000,0.000000,0.000000,0.000000,22.400000,9.800000
6609,2015,10,3,9,0.000000,0.000000,0.000000,0.000000,38.400000,16.800000
6610,2015,10,3,10,0.000000,0.000000,0.000000,0.000000,52.000000,22.750000
6611,2015,10,3,11,0.000000,0.000000,0.000000,0.000000,62.400000,27.300000
6612,2015,10,3,12,0.000000,0.000000,0.000000,0.000000,68.000000,29.750000
6613,2015,10,3,13,0.000000,0.000000,0.000000,0.000000,70.400000,30.800000
6614,2015,10,3,14,0.000000,0.000000,0.000000,0.000000,68.000000,29.750000
6615,2015,10,3,15,0.000000,0.000000,0.000000,0.000000,60.800000,26.600000
6616,2015,10,3,16,0.000000,0.000000,0.000000,0.000000,51.200000,22.400000
6617,2015,10,3,17,0.000000,0.000000,0.000000,0.000000,36.800000,16.100000
6618,2015,10,3,18,0.000000,0.000000,0.000000,0.000000,20.800000,9.100000
6619,2015,10,3,19,0.000000,0.000000,0.000000,0.000000,4.800000,2.100000
6620,2015,10,3,20,0.000000,0.000000,0.000000,0.000000,0.000000,0.000000
6621,2015,10,3,21,0.000000,0.000000,0.000000,0.000000,0.000000,0.000000
6622,2015,10,3,22,0.000000,0.000000,0.000000,0.000000,0.000000,0.000000
6623,2015,10,3,23,0.000000,0.000000,0.000000,0.000000,0.000000,0.000000
6624,2015,10,3,24,0.000000,0.000000,0.000000,0.000000,0.000000,0.000000
6625,2015,10,4,1,0.000000,0.000000,0.000000,0.000000,0.000000,0.000000
6626,2015,10,4,2,0.000000,0.000000,0.000000,0.000000,0.000000,0.000000
6627,2015,10,4,3,0.000000,0.000000,0.000000,0.000000,0.000000,0.000000
6628,2015,10,4,4,0.000000,0.000000,0.000000,0.000000,0.000000,0.000000
6629,2015,10,4,5,0.000000,0.000000,0.000000,0.000000,0.000000,0.000000
6630,2015,10,4,6,0.000000,0.000000,0.000000,0.000000,0.000000,0.000000
6631,2015,10,4,7,0.000000,0.000000,0.000000,0.000000,4.800000,2.100000
6632,2015,10,4,8,0.000000,0.000000,0.000000,0.000000,22.400000,9.800000
6633,2015,10,4,9,0.000000,0.000000,0.000000,0.000000,38.400000,16.800000
6634,2015,10,4,10,0.000000,0.000000,0.000000,0.000000,52.000000,22.750000
6635,2015,10,4,11,0.000000,0.000000,0.000000,0.000000,62.400000,27.300000
6636,2015,10,4,12,0.000000,0.000000,0.000000,0.000000,68.000000,29.750000
6637,2015,10,4,13,0.000000,0.000000,0.000000,0.000000,70.400000,30.800000
6638,2015,10,4,14,0.000000,0.000000,0.000000,0.000000,68.000000,29.750000
6639,2015,10,4,15,0.000000,0.000000,0.000000,0.000000,60.800000,26.600000
6640,2015,10,4,16,0.000000,0.000000,0.000000,0.000000,51.200000,22.400000
6641,2015,10,4,17,0.000000,0.000000,0.000000,0.000000,36.800000,16.100000
6642,2015,10,4,18,0.000000,0.000000,0.000000,0.000000,20.800000,9.100000
6643,2015,10,4,19,0.000000,0.000000,0.000000,0.000000,4.800000,2.100000
6644,2015,10,4,20,0.000000,0.000000,0.000000,0.000000,0.000000,0.000000
6645,2015,10,4,21,0.000000,0.000000,0.000000,0.000000,0.000000,0.000000
6646,2015,10,4,22,0.000000,0.000000,0.000000,0.000000,0.000000,0.000000
6647,2015,10,4,23,0.000000,0.000000,0.000000,0.000000,0.000000,0.000000
6648,2015,10,4,24,0.000000,0.000000,0.000000,0.000000,0.000000,0.000000
6649,2015,10,5,1,0.000000,0.000000,0.000000,0.000000,0.000000,0.000000
6650,2015,10,5,2,0.000000,0.000000,0.000000,0.000000,0.000000,0.000000
6651,2015,10,5,3,0.000000,0.000000,0.000000,0.000000,0.000000,0.000000
6652,2015,10,5,4,0.000000,0.000000,0.000000,0.000000,0.000000,0.000000
6653,2015,10,5,5,0.000000,0.000000,0.000000,0.000000,0.000000,0.000000
6654,2015,10,5,6,0.000000,0.000000,0.000000,0.000000,0.000000,0.000000
6655,2015,10,5,7,0.000000,0.000000,0.000000,0.000000,4.800000,2.100000
6656,2015,10,5,8,0.000000,0.000000,0.000000,0.000000,22.400000,9.800000
6657,2015,10,5,9,0.000000,0.000000,0.000000,0.000000,38.400000,16.800000
6658,2015,10,5,10,0.000000,0.000000,0.000000,0.000000,52.000000,22.750000
6659,2015,10,5,11,0.000000,0.000000,0.000000,0.000000,62.400000,27.300000
6660,2015,10,5,12,0.000000,0.000000,0.000000,0.000000,68.000000,29.750000
6661,2015,10,5,13,0.000000,0.000000,0.000000,0.000000,70.400000,30.800000
6662,2015,10,5,14,0.000000,0.000000,0.000000,0.000000,68.000000,29.750000
6663,2015,10,5,15,0.000000,0.000000,0.000000,0.000000,60.800000,26.600000
6664,2015,10,5,16,0.000000,0.000000,0.000000,0.000000,51.200000,22.400000
6665,2015,10,5,17,0.000000,0.000000,0.000000,0.000000,36.800000,16.100000
6666,2015,10,5,18,0.000000,0.000000,0.000000,0.000000,20.800000,9.100000
6667,2015,10,5,19,0.000000,0.000000,0.000000,0.000000,4.800000,2.100000
6668,2015,10,5,20,0.000000,0.000000,0.000000,0.000000,0.000000,0.000000
6669,2015,10,5,21,0.000000,0.000000,0.000000,0.000000,0.000000,0.000000
6670,2015,10,5,22,0.000000,0.000000,0.000000,0.000000,0.000000,0.000000
6671,2015,10,5,23,0.000000,0.000000,0.000000,0.000000,0.000000,0.000000
6672,2015,10,5,24,0.000000,0.000000,0.000000,0.000000,0.000000,0.000000
6673,2015,10,6,1,0.000000,0.000000,0.000000,0.000000,0.000000,0.000000
6674,2015,10,6,2,0.000000,0.000000,0.000000,0.000000,0.000000,0.000000
6675,2015,10,6,3,0.000000,0.000000,0.000000,0.000000,0.000000,0.000000
6676,2015,10,6,4,0.000000,0.000000,0.000000,0.000000,0.000000,0.000000
6677,2015,10,6,5,0.000000,0.000000,0.000000,0.000000,0.000000,0.000000
6678,2015,10,6,6,0.000000,0.000000,0.000000,0.000000,0.000000,0.000000
6679,2015,10,6,7,0.000000,0.000000,0.000000,0.000000,4.800000,2.100000
6680,2015,10,6,8,0.000000,0.000000,0.000000,0.000000,22.400000,9.800000
6681,2015,10,6,9,0.000000,0.000000,0.000000,0.000000,38.400000,16.800000
6682,2015,10,6,10,0.000000,0.000000,0.000000,0.000000,52.000000,22.750000
6683,2015,10,6,11,0.000000,0.000000,0.000000,0.000000,62.400000,27.300000
6684,2015,10,6,12,0.000000,0.000000,0.000000,0.000000,68.000000,29.750000
6685,2015,10,6,13,0.000000,0.000000,0.000000,0.000000,70.400000,30.800000
6686,2015,10,6,14,0.000000,0.000000,0.000000,0.000000,68.000000,29.750000
6687,2015,10,6,15,0.000000,0.000000,0.000000,0.000000,60.800000,26.600000
6688,2015,10,6,16,0.000000,0.000000,0.000000,0.000000,51.200000,22.400000
6689,2015,10,6,17,0.000000,0.000000,0.000000,0.000000,36.800000,16.100000
6690,2015,10,6,18,0.000000,0.000000,0.000000,0.000000,20.800000,9.100000
6691,2015,10,6,19,0.000000,0.000000,0.000000,0.000000,4.800000,2.100000
6692,2015,10,6,20,0.000000,0.000000,0.000000,0.000000,0.000000,0.000000
6693,2015,10,6,21,0.000000,0.000000,0.000000,0.000000,0.000000,0.000000
6694,2015,10,6,22,0.000000,0.000000,0.000000,0.000000,0.000000,0.000000
6695,2015,10,6,23,0.000000,0.000000,0.000000,0.000000,0.000000,0.000000
6696,2015,10,6,24,0.000000,0.000000,0.000000,0.000000,0.000000,0.000000
6697,2015,10,7,1,0.000000,0.000000,0.000000,0.000000,0.000000,0.000000
6698,2015,10,7,2,0.000000,0.000000,0.000000,0.000000,0.000000,0.000000
6699,2015,10,7,3,0.000000,0.000000,0.000000,0.000000,0.000000,0.000000
6700,2015,10,7,4,0.000000,0.000000,0.000000,0.000000,0.000000,0.000000
6701,2015,10,7,5,0.000000,0.000000,0.000000,0.000000,0.000000,0.000000
6702,2015,10,7,6,0.000000,0.000000,0.000000,0.000000,0.000000,0.000000
6703,2015,10,7,7,0.000000,0.000000,0.000000,0.000000,4.800000,2.100000
6704,2015,10,7,8,0.000000,0.000000,0.000000,0.000000,22.400000,9.800000
6705,2015,10,7,9,0.000000,0.000000,0.000000,0.000000,38.400000,16.800000
6706,2015,10,7,10,0.000000,0.000000,0.000000,0.000000,52.000000,22.750000
6707,2015,10,7,11,0.000000,0.000000,0.000000,0.000000,62.400000,27.300000
6708,2015,10,7,12,0.000000,0.000000,0.000000,0.000000,68.000000,29.750000
6709,2015,10,7,13,0.000000,0.000000,0.000000,0.000000,70.400000,30.800000
6710,2015,10,7,14,0.000000,0.000000,0.000000,0.000000,68.000000,29.750000
6711,2015,10,7,15,0.000000,0.000000,0.000000,0.000000,60.800000,26.600000
6712,2015,10,7,16,0.000000,0.000000,0.000000,0.000000,51.200000,22.400000
6713,2015,10,7,17,0.000000,0.000000,0.000000,0.000000,36.800000,16.100000
6714,2015,10,7,18,0.000000,0.000000,0.000000,0.000000,20.800000,9.100000
6715,2015,10,7,19,0.000000,0.000000,0.000000,0.000000,4.800000,2.100000
6716,2015,10,7,20,0.000000,0.000000,0.000000,0.000000,0.000000,0.000000
6717,2015,10,7,21,0.000000,0.000000,0.000000,0.000000,0.000000,0.000000
6718,2015,10,7,22,0.000000,0.000000,0.000000,0.000000,0.000000,0.000000
6719,2015,10,7,23,0.000000,0.000000,0.000000,0.000000,0.000000,0.000000
6720,2015,10,7,24,0.000000,0.000000,0.000000,0.000000,0.000000,0.000000
6721,2015,10,8,1,0.000000,0.000000,0.000000,0.000000,0.000000,0.000000
6722,2015,10,8,2,0.000000,0.000000,0.000000,0.000000,0.000000,0.000000
6723,2015,10,8,3,0.000000,0.000000,0.000000,0.000000,0.000000,0.000000
6724,2015,10,8,4,0.000000,0.000000,0.000000,0.000000,0.000000,0.000000
6725,2015,10,8,5,0.000000,0.000000,0.000000,0.000000,0.000000,0.000000
6726,2015,10,8,6,0.000000,0.000000,0.000000,0.000000,0.000000,0.000000
6727,2015,10,8,7,0.000000,0.000000,0.000000,0.000000,4.800000,2.100000
6728,2015,10,8,8,0.000000,0.000000,0.000000,0.000000,22.400000,9.800000
6729,2015,10,8,9,0.000000,0.000000,0.000000,0.000000,38.400000,16.800000
6730,2015,10,8,10,0.000000,0.000000,0.000000,0.000000,52.000000,22.750000
6731,2015,10,8,11,0.000000,0.000000,0.000000,0.000000,62.400000,27.300000
6732,2015,10,8,12,0.000000,0.000000,0.000000,0.000000,68.000000,29.750000
6733,2015,10,8,13,0.000000,0.000000,0.000000,0.000000,70.400000,30.800000
6734,2015,10,8,14,0.000000,0.000000,0.000000,0.000000,68.000000,29.750000
6735,2015,10,8,15,0.000000,0.000000,0.000000,0.000000,60.800000,26.600000
6736,2015,10,8,16,0.000000,0.000000,0.000000,0.000000,51.200000,22.400000
6737,2015,10,8,17,0.000000,0.000000,0.000000,0.000000,36.800000,16.100000
6738,2015,10,8,18,0.000000,0.000000,0.000000,0.000000,20.800000,9.100000
6739,2015,10,8,19,0.000000,0.000000,0.000000,0.000000,4.800000,2.100000
6740,2015,10,8,20,0.000000,0.000000,0.000000,0.000000,0.000000,0.000000
6741,2015,10,8,21,0.000000,0.000000,0.000000,0.000000,0.000000,0.000000
6742,2015,10,8,22,0.000000,0.000000,0.000000,0.000000,0.000000,0.000000
6743,2015,10,8,23,0.000000,0.000000,0.000000,0.000000,0.000000,0.000000
6744,2015,10,8,24,0.000000,0.000000,0.000000,0.000000,0.000000,0.000000
6745,2015,10,9,1,0.000000,0.000000,0.000000,0.000000,0.000000,0.000000
6746,2015,10,9,2,0.000000,0.000000,0.000000,0.000000,0.000000,0.000000
6747,2015,10,9,3,0.000000,0.000000,0.000000,0.000000,0.000000,0.000000
6748,2015,10,9,4,0.000000,0.000000,0.000000,0.000000,0.000000,0.000000
6749,2015,10,9,5,0.000000,0.000000,0.000000,0.000000,0.000000,0.000000
6750,2015,10,9,6,0.000000,0.000000,0.000000,0.000000,0.000000,0.000000
6751,2015,10,9,7,0.000000,0.000000,0.000000,0.000000,4.800000,2.100000
6752,2015,10,9,8,0.000000,0.000000,0.000000,0.000000,22.400000,9.800000
6753,2015,10,9,9,0.000000,0.000000,0.000000,0.000000,38.400000,16.800000
6754,2015,10,9,10,0.000000,0.000000,0.000000,0.000000,52.000000,22.750000
6755,2015,10,9,11,0.000000,0.000000,0.000000,0.000000,62.400000,27.300000
6756,2015,10,9,12,0.000000,0.000000,0.000000,0.000000,68.000000,29.750000
6757,2015,10,9,13,0.000000,0.000000,0.000000,0.000000,70.400000,30.800000
6758,2015,10,9,14,0.000000,0.000000,0.000000,0.000000,68.000000,29.750000
6759,2015,10,9,15,0.000000,0.000000,0.000000,0.000000,60.800000,26.600000
6760,2015,10,9,16,0.000000,0.000000,0.000000,0.000000,51.200000,22.400000
6761,2015,10,9,17,0.000000,0.000000,0.000000,0.000000,36.800000,16.100000
6762,2015,10,9,18,0.000000,0.000000,0.000000,0.000000,20.800000,9.100000
6763,2015,10,9,19,0.000000,0.000000,0.000000,0.000000,4.800000,2.100000
6764,2015,10,9,20,0.000000,0.000000,0.000000,0.000000,0.000000,0.000000
6765,2015,10,9,21,0.000000,0.000000,0.000000,0.000000,0.000000,0.000000
6766,2015,10,9,22,0.000000,0.000000,0.000000,0.000000,0.000000,0.000000
6767,2015,10,9,23,0.000000,0.000000,0.000000,0.000000,0.000000,0.000000
6768,2015,10,9,24,0.000000,0.000000,0.000000,0.000000,0.000000,0.000000
6769,2015,10,10,1,0.000000,0.000000,0.000000,0.000000,0.000000,0.000000
6770,2015,10,10,2,0.000000,0.000000,0.000000,0.000000,0.000000,0.000000
6771,2015,10,10,3,0.000000,0.000000,0.000000,0.000000,0.000000,0.000000
6772,2015,10,10,4,0.000000,0.000000,0.000000,0.000000,0.000000,0.000000
6773,2015,10,10,5,0.000000,0.000000,0.000000,0.000000,0.000000,0.000000
6774,2015,10,10,6,0.000000,0.000000,0.000000,0.000000,0.000000,0.000000
6775,2015,10,10,7,0.000000,0.000000,0.000000,0.000000,4.800000,2.100000
6776,2015,10,10,8,0.000000,0.000000,0.000000,0.000000,22.400000,9.800000
6777,2015,10,10,9,0.000000,0.000000,0.000000,0.000000,38.400000,16.800000
6778,2015,10,10,10,0.000000,0.000000,0.000000,0.000000,52.000000,22.750000
6779,2015,10,10,11,0.000000,0.000000,0.000000,0.000000,62.400000,27.300000
6780,2015,10,10,12,0.000000,0.000000,0.000000,0.000000,68.000000,29.750000
6781,2015,10,10,13,0.000000,0.000000,0.000000,0.000000,70.400000,30.800000
6782,2015,10,10,14,0.000000,0.000000,0.000000,0.000000,68.000000,29.750000
6783,2015,10,10,15,0.000000,0.000000,0.000000,0.000000,60.800000,26.600000
6784,2015,10,10,16,0.000000,0.000000,0.000000,0.000000,51.200000,22.400000
6785,2015,10,10,17,0.000000,0.000000,0.000000,0.000000,36.800000,16.100000
6786,2015,10,10,18,0.000000,0.000000,0.000000,0.000000,20.800000,9.100000
6787,2015,10,10,19,0.000000,0.000000,0.000000,0.000000,4.800000,2.100000
6788,2015,10,10,20,0.000000,0.000000,0.000000,0.000000,0.000000,0.000000
6789,2015,10,10,21,0.000000,0.000000,0.000000,0.000000,0.000000,0.000000
6790,2015,10,10,22,0.000000,0.000000,0.000000,0.000000,0.000000,0.000000
6791,2015,10,10,23,0.000000,0.000000,0.000000,0.000000,0.000000,0.000000
6792,2015,10,10,24,0.000000,0.000000,0.000000,0.000000,0.000000,0.000000
6793,2015,10,11,1,0.000000,0.000000,0.000000,0.000000,0.000000,0.000000
6794,2015,10,11,2,0.000000,0.000000,0.000000,0.000000,0.000000,0.000000
6795,2015,10,11,3,0.000000,0.000000,0.000000,0.000000,0.000000,0.000000
6796,2015,10,11,4,0.000000,0.000000,0.000000,0.000000,0.000000,0.000000
6797,2015,10,11,5,0.000000,0.000000,0.000000,0.000000,0.000000,0.000000
6798,2015,10,11,6,0.000000,0.000000,0.000000,0.000000,0.000000,0.000000
6799,2015,10,11,7,0.000000,0.000000,0.000000,0.000000,4.800000,2.100000
6800,2015,10,11,8,0.000000,0.000000,0.000000,0.000000,22.400000,9.800000
6801,2015,10,11,9,0.000000,0.000000,0.000000,0.000000,38.400000,16.800000
6802,2015,10,11,10,0.000000,0.000000,0.000000,0.000000,52.000000,22.750000
6803,2015,10,11,11,0.000000,0.000000,0.000000,0.000000,62.400000,27.300000
6804,2015,10,11,12,0.000000,0.000000,0.000000,0.000000,68.000000,29.750000
6805,2015,10,11,13,0.000000,0.000000,0.000000,0.000000,70.400000,30.800000
6806,2015,10,11,14,0.000000,0.000000,0.000000,0.000000,68.000000,29.750000
6807,2015,10,11,15,0.000000,0.000000,0.000000,0.000000,60.800000,26.600000
6808,2015,10,11,16,0.000000,0.000000,0.000000,0.000000,51.200000,22.400000
6809,2015,10,11,17,0.000000,0.000000,0.000000,0.000000,36.800000,16.100000
6810,2015,10,11,18,0.000000,0.000000,0.000000,0.000000,20.800000,9.100000
6811,2015,10,11,19,0.000000,0.000000,0.000000,0.000000,4.800000,2.100000
6812,2015,10,11,20,0.000000,0.000000,0.000000,0.000000,0.000000,0.000000
6813,2015,10,11,21,0.000000,0.000000,0.000000,0.000000,0.000000,0.000000
6814,2015,10,11,22,0.000000,0.000000,0.000000,0.000000,0.000000,0.000000
6815,2015,10,11,23,0.000000,0.000000,0.000000,0.000000,0.000000,0.000000
6816,2015,10,11,24,0.000000,0.000000,0.000000,0.000000,0.000000,0.000000
6817,2015,10,12,1,0.000000,0.000000,0.000000,0.000000,0.000000,0.000000
6818,2015,10,12,2,0.000000,0.000000,0.000000,0.000000,0.000000,0.000000
6819,2015,10,12,3,0.000000,0.000000,0.000000,0.000000,0.000000,0.000000
6820,2015,10,12,4,0.000000,0.000000,0.000000,0.000000,0.000000,0.000000
6821,2015,10,12,5,0.000000,0.000000,0.000000,0.000000,0.000000,0.000000
6822,2015,10,12,6,0.000000,0.000000,0.000000,0.000000,0.000000,0.000000
6823,2015,10,12,7,0.000000,0.000000,0.000000,0.000000,4.800000,2.100000
6824,2015,10,12,8,0.000000,0.000000,0.000000,0.000000,22.400000,9.800000
6825,2015,10,12,9,0.000000,0.000000,0.000000,0.000000,38.400000,16.800000
6826,2015,10,12,10,0.000000,0.000000,0.000000,0.000000,52.000000,22.750000
6827,2015,10,12,11,0.000000,0.000000,0.000000,0.000000,62.400000,27.300000
6828,2015,10,12,12,0.000000,0.000000,0.000000,0.000000,68.000000,29.750000
6829,2015,10,12,13,0.000000,0.000000,0.000000,0.000000,70.400000,30.800000
6830,2015,10,12,14,0.000000,0.000000,0.000000,0.000000,68.000000,29.750000
6831,2015,10,12,15,0.000000,0.000000,0.000000,0.000000,60.800000,26.600000
6832,2015,10,12,16,0.000000,0.000000,0.000000,0.000000,51.200000,22.400000
6833,2015,10,12,17,0.000000,0.000000,0.000000,0.000000,36.800000,16.100000
6834,2015,10,12,18,0.000000,0.000000,0.000000,0.000000,20.800000,9.100000
6835,2015,10,12,19,0.000000,0.000000,0.000000,0.000000,4.800000,2.100000
6836,2015,10,12,20,0.000000,0.000000,0.000000,0.000000,0.000000,0.000000
6837,2015,10,12,21,0.000000,0.000000,0.000000,0.000000,0.000000,0.000000
6838,2015,10,12,22,0.000000,0.000000,0.000000,0.000000,0.000000,0.000000
6839,2015,10,12,23,0.000000,0.000000,0.000000,0.000000,0.000000,0.000000
6840,2015,10,12,24,0.000000,0.000000,0.000000,0.000000,0.000000,0.000000
6841,2015,10,13,1,0.000000,0.000000,0.000000,0.000000,0.000000,0.000000
6842,2015,10,13,2,0.000000,0.000000,0.000000,0.000000,0.000000,0.000000
6843,2015,10,13,3,0.000000,0.000000,0.000000,0.000000,0.000000,0.000000
6844,2015,10,13,4,0.000000,0.000000,0.000000,0.000000,0.000000,0.000000
6845,2015,10,13,5,0.000000,0.000000,0.000000,0.000000,0.000000,0.000000
6846,2015,10,13,6,0.000000,0.000000,0.000000,0.000000,0.000000,0.000000
6847,2015,10,13,7,0.000000,0.000000,0.000000,0.000000,4.800000,2.100000
6848,2015,10,13,8,0.000000,0.000000,0.000000,0.000000,22.400000,9.800000
6849,2015,10,13,9,0.000000,0.000000,0.000000,0.000000,38.400000,16.800000
6850,2015,10,13,10,0.000000,0.000000,0.000000,0.000000,52.000000,22.750000
6851,2015,10,13,11,0.000000,0.000000,0.000000,0.000000,62.400000,27.300000
6852,2015,10,13,12,0.000000,0.000000,0.000000,0.000000,68.000000,29.750000
6853,2015,10,13,13,0.000000,0.000000,0.000000,0.000000,70.400000,30.800000
6854,2015,10,13,14,0.000000,0.000000,0.000000,0.000000,68.000000,29.750000
6855,2015,10,13,15,0.000000,0.000000,0.000000,0.000000,60.800000,26.600000
6856,2015,10,13,16,0.000000,0.000000,0.000000,0.000000,51.200000,22.400000
6857,2015,10,13,17,0.000000,0.000000,0.000000,0.000000,36.800000,16.100000
6858,2015,10,13,18,0.000000,0.000000,0.000000,0.000000,20.800000,9.100000
6859,2015,10,13,19,0.000000,0.000000,0.000000,0.000000,4.800000,2.100000
6860,2015,10,13,20,0.000000,0.000000,0.000000,0.000000,0.000000,0.000000
6861,2015,10,13,21,0.000000,0.000000,0.000000,0.000000,0.000000,0.000000
6862,2015,10,13,22,0.000000,0.000000,0.000000,0.000000,0.000000,0.000000
6863,2015,10,13,23,0.000000,0.000000,0.000000,0.000000,0.000000,0.000000
6864,2015,10,13,24,0.000000,0.000000,0.000000,0.000000,0.000000,0.000000
6865,2015,10,14,1,0.000000,0.000000,0.000000,0.000000,0.000000,0.000000
6866,2015,10,14,2,0.000000,0.000000,0.000000,0.000000,0.000000,0.000000
6867,2015,10,14,3,0.000000,0.000000,0.000000,0.000000,0.000000,0.000000
6868,2015,10,14,4,0.000000,0.000000,0.000000,0.000000,0.000000,0.000000
6869,2015,10,14,5,0.000000,0.000000,0.000000,0.000000,0.000000,0.000000
6870,2015,10,14,6,0.000000,0.000000,0.000000,0.000000,0.000000,0.000000
6871,2015,10,14,7,0.000000,0.000000,0.000000,0.000000,4.800000,2.100000
6872,2015,10,14,8,0.000000,0.000000,0.000000,0.000000,22.400000,9.800000
6873,2015,10,14,9,0.000000,0.000000,0.000000,0.000000,38.400000,16.800000
6874,2015,10,14,10,0.000000,0.000000,0.000000,0.000000,52.000000,22.750000
6875,2015,10,14,11,0.000000,0.000000,0.000000,0.000000,62.400000,27.300000
6876,2015,10,14,12,0.000000,0.000000,0.000000,0.000000,68.000000,29.750000
6877,2015,10,14,13,0.000000,0.000000,0.000000,0.000000,70.400000,30.800000
6878,2015,10,14,14,0.000000,0.000000,0.000000,0.000000,68.000000,29.750000
6879,2015,10,14,15,0.000000,0.000000,0.000000,0.000000,60.800000,26.600000
6880,2015,10,14,16,0.000000,0.000000,0.000000,0.000000,51.200000,22.400000
6881,2015,10,14,17,0.000000,0.000000,0.000000,0.000000,36.800000,16.100000
6882,2015,10,14,18,0.000000,0.000000,0.000000,0.000000,20.800000,9.100000
6883,2015,10,14,19,0.000000,0.000000,0.000000,0.000000,4.800000,2.100000
6884,2015,10,14,20,0.000000,0.000000,0.000000,0.000000,0.000000,0.000000
6885,2015,10,14,21,0.000000,0.000000,0.000000,0.000000,0.000000,0.000000
6886,2015,10,14,22,0.000000,0.000000,0.000000,0.000000,0.000000,0.000000
6887,2015,10,14,23,0.000000,0.000000,0.000000,0.000000,0.000000,0.000000
6888,2015,10,14,24,0.000000,0.000000,0.000000,0.000000,0.000000,0.000000
6889,2015,10,15,1,0.000000,0.000000,0.000000,0.000000,0.000000,0.000000
6890,2015,10,15,2,0.000000,0.000000,0.000000,0.000000,0.000000,0.000000
6891,2015,10,15,3,0.000000,0.000000,0.000000,0.000000,0.000000,0.000000
6892,2015,10,15,4,0.000000,0.000000,0.000000,0.000000,0.000000,0.000000
6893,2015,10,15,5,0.000000,0.000000,0.000000,0.000000,0.000000,0.000000
6894,2015,10,15,6,0.000000,0.000000,0.000000,0.000000,0.000000,0.000000
6895,2015,10,15,7,0.000000,0.000000,0.000000,0.000000,4.800000,2.100000
6896,2015,10,15,8,0.000000,0.000000,0.000000,0.000000,22.400000,9.800000
6897,2015,10,15,9,0.000000,0.000000,0.000000,0.000000,38.400000,16.800000
6898,2015,10,15,10,0.000000,0.000000,0.000000,0.000000,52.000000,22.750000
6899,2015,10,15,11,0.000000,0.000000,0.000000,0.000000,62.400000,27.300000
6900,2015,10,15,12,0.000000,0.000000,0.000000,0.000000,68.000000,29.750000
6901,2015,10,15,13,0.000000,0.000000,0.000000,0.000000,70.400000,30.800000
6902,2015,10,15,14,0.000000,0.000000,0.000000,0.000000,68.000000,29.750000
6903,2015,10,15,15,0.000000,0.000000,0.000000,0.000000,60.800000,26.600000
6904,2015,10,15,16,0.000000,0.000000,0.000000,0.000000,51.200000,22.400000
6905,2015,10,15,17,0.000000,0.000000,0.000000,0.000000,36.800000,16.100000
6906,2015,10,15,18,0.000000,0.000000,0.000000,0.000000,20.800000,9.100000
6907,2015,10,15,19,0.000000,0.000000,0.000000,0.000000,4.800000,2.100000
6908,2015,10,15,20,0.000000,0.000000,0.000000,0.000000,0.000000,0.000000
6909,2015,10,15,21,0.000000,0.000000,0.000000,0.000000,0.000000,0.000000
6910,2015,10,15,22,0.000000,0.000000,0.000000,0.000000,0.000000,0.000000
6911,2015,10,15,23,0.000000,0.000000,0.000000,0.000000,0.000000,0.000000
6912,2015,10,15,24,0.000000,0.000000,0.000000,0.000000,0.000000,0.000000
6913,2015,10,16,1,0.000000,0.000000,0.000000,0.000000,0.000000,0.000000
6914,2015,10,16,2,0.000000,0.000000,0.000000,0.000000,0.000000,0.000000
6915,2015,10,16,3,0.000000,0.000000,0.000000,0.000000,0.000000,0.000000
6916,2015,10,16,4,0.000000,0.000000,0.000000,0.000000,0.000000,0.000000
6917,2015,10,16,5,0.000000,0.000000,0.000000,0.000000,0.000000,0.000000
6918,2015,10,16,6,0.000000,0.000000,0.000000,0.000000,0.000000,0.000000
6919,2015,10,16,7,0.000000,0.000000,0.000000,0.000000,4.800000,2.100000
6920,2015,10,16,8,0.000000,0.000000,0.000000,0.000000,22.400000,9.800000
6921,2015,10,16,9,0.000000,0.000000,0.000000,0.000000,38.400000,16.800000
6922,2015,10,16,10,0.000000,0.000000,0.000000,0.000000,52.000000,22.750000
6923,2015,10,16,11,0.000000,0.000000,0.000000,0.000000,62.400000,27.300000
6924,2015,10,16,12,0.000000,0.000000,0.000000,0.000000,68.000000,29.750000
6925,2015,10,16,13,0.000000,0.000000,0.000000,0.000000,70.400000,30.800000
6926,2015,10,16,14,0.000000,0.000000,0.000000,0.000000,68.000000,29.750000
6927,2015,10,16,15,0.000000,0.000000,0.000000,0.000000,60.800000,26.600000
6928,2015,10,16,16,0.000000,0.000000,0.000000,0.000000,51.200000,22.400000
6929,2015,10,16,17,0.000000,0.000000,0.000000,0.000000,36.800000,16.100000
6930,2015,10,16,18,0.000000,0.000000,0.000000,0.000000,20.800000,9.100000
6931,2015,10,16,19,0.000000,0.000000,0.000000,0.000000,4.800000,2.100000
6932,2015,10,16,20,0.000000,0.000000,0.000000,0.000000,0.000000,0.000000
6933,2015,10,16,21,0.000000,0.000000,0.000000,0.000000,0.000000,0.000000
6934,2015,10,16,22,0.000000,0.000000,0.000000,0.000000,0.000000,0.000000
6935,2015,10,16,23,0.000000,0.000000,0.000000,0.000000,0.000000,0.000000
6936,2015,10,16,24,0.000000,0.000000,0.000000,0.000000,0.000000,0.000000
6937,2015,10,17,1,0.000000,0.000000,0.000000,0.000000,0.000000,0.000000
6938,2015,10,17,2,0.000000,0.000000,0.000000,0.000000,0.000000,0.000000
6939,2015,10,17,3,0.000000,0.000000,0.000000,0.000000,0.000000,0.000000
6940,2015,10,17,4,0.000000,0.000000,0.000000,0.000000,0.000000,0.000000
6941,2015,10,17,5,0.000000,0.000000,0.000000,0.000000,0.000000,0.000000
6942,2015,10,17,6,0.000000,0.000000,0.000000,0.000000,0.000000,0.000000
6943,2015,10,17,7,0.000000,0.000000,0.000000,0.000000,4.800000,2.100000
6944,2015,10,17,8,0.000000,0.000000,0.000000,0.000000,22.400000,9.800000
6945,2015,10,17,9,0.000000,0.000000,0.000000,0.000000,38.400000,16.800000
6946,2015,10,17,10,0.000000,0.000000,0.000000,0.000000,52.000000,22.750000
6947,2015,10,17,11,0.000000,0.000000,0.000000,0.000000,62.400000,27.300000
6948,2015,10,17,12,0.000000,0.000000,0.000000,0.000000,68.000000,29.750000
6949,2015,10,17,13,0.000000,0.000000,0.000000,0.000000,70.400000,30.800000
6950,2015,10,17,14,0.000000,0.000000,0.000000,0.000000,68.000000,29.750000
6951,2015,10,17,15,0.000000,0.000000,0.000000,0.000000,60.800000,26.600000
6952,2015,10,17,16,0.000000,0.000000,0.000000,0.000000,51.200000,22.400000
6953,2015,10,17,17,0.000000,0.000000,0.000000,0.000000,36.800000,16.100000
6954,2015,10,17,18,0.000000,0.000000,0.000000,0.000000,20.800000,9.100000
6955,2015,10,17,19,0.000000,0.000000,0.000000,0.000000,4.800000,2.100000
6956,2015,10,17,20,0.000000,0.000000,0.000000,0.000000,0.000000,0.000000
6957,2015,10,17,21,0.000000,0.000000,0.000000,0.000000,0.000000,0.000000
6958,2015,10,17,22,0.000000,0.000000,0.000000,0.000000,0.000000,0.000000
6959,2015,10,17,23,0.000000,0.000000,0.000000,0.000000,0.000000,0.000000
6960,2015,10,17,24,0.000000,0.000000,0.000000,0.000000,0.000000,0.000000
6961,2015,10,18,1,0.000000,0.000000,0.000000,0.000000,0.000000,0.000000
6962,2015,10,18,2,0.000000,0.000000,0.000000,0.000000,0.000000,0.000000
6963,2015,10,18,3,0.000000,0.000000,0.000000,0.000000,0.000000,0.000000
6964,2015,10,18,4,0.000000,0.000000,0.000000,0.000000,0.000000,0.000000
6965,2015,10,18,5,0.000000,0.000000,0.000000,0.000000,0.000000,0.000000
6966,2015,10,18,6,0.000000,0.000000,0.000000,0.000000,0.000000,0.000000
6967,2015,10,18,7,0.000000,0.000000,0.000000,0.000000,4.800000,2.100000
6968,2015,10,18,8,0.000000,0.000000,0.000000,0.000000,22.400000,9.800000
6969,2015,10,18,9,0.000000,0.000000,0.000000,0.000000,38.400000,16.800000
6970,2015,10,18,10,0.000000,0.000000,0.000000,0.000000,52.000000,22.750000
6971,2015,10,18,11,0.000000,0.000000,0.000000,0.000000,62.400000,27.300000
6972,2015,10,18,12,0.000000,0.000000,0.000000,0.000000,68.000000,29.750000
6973,2015,10,18,13,0.000000,0.000000,0.000000,0.000000,70.400000,30.800000
6974,2015,10,18,14,0.000000,0.000000,0.000000,0.000000,68.000000,29.750000
6975,2015,10,18,15,0.000000,0.000000,0.000000,0.000000,60.800000,26.600000
6976,2015,10,18,16,0.000000,0.000000,0.000000,0.000000,51.200000,22.400000
6977,2015,10,18,17,0.000000,0.000000,0.000000,0.000000,36.800000,16.100000
6978,2015,10,18,18,0.000000,0.000000,0.000000,0.000000,20.800000,9.100000
6979,2015,10,18,19,0.000000,0.000000,0.000000,0.000000,4.800000,2.100000
6980,2015,10,18,20,0.000000,0.000000,0.000000,0.000000,0.000000,0.000000
6981,2015,10,18,21,0.000000,0.000000,0.000000,0.000000,0.000000,0.000000
6982,2015,10,18,22,0.000000,0.000000,0.000000,0.000000,0.000000,0.000000
6983,2015,10,18,23,0.000000,0.000000,0.000000,0.000000,0.000000,0.000000
6984,2015,10,18,24,0.000000,0.000000,0.000000,0.000000,0.000000,0.000000
6985,2015,10,19,1,0.000000,0.000000,0.000000,0.000000,0.000000,0.000000
6986,2015,10,19,2,0.000000,0.000000,0.000000,0.000000,0.000000,0.000000
6987,2015,10,19,3,0.000000,0.000000,0.000000,0.000000,0.000000,0.000000
6988,2015,10,19,4,0.000000,0.000000,0.000000,0.000000,0.000000,0.000000
6989,2015,10,19,5,0.000000,0.000000,0.000000,0.000000,0.000000,0.000000
6990,2015,10,19,6,0.000000,0.000000,0.000000,0.000000,0.000000,0.000000
6991,2015,10,19,7,0.000000,0.000000,0.000000,0.000000,4.800000,2.100000
6992,2015,10,19,8,0.000000,0.000000,0.000000,0.000000,22.400000,9.800000
6993,2015,10,19,9,0.000000,0.000000,0.000000,0.000000,38.400000,16.800000
6994,2015,10,19,10,0.000000,0.000000,0.000000,0.000000,52.000000,22.750000
6995,2015,10,19,11,0.000000,0.000000,0.000000,0.000000,62.400000,27.300000
6996,2015,10,19,12,0.000000,0.000000,0.000000,0.000000,68.000000,29.750000
6997,2015,10,19,13,0.000000,0.000000,0.000000,0.000000,70.400000,30.800000
6998,2015,10,19,14,0.000000,0.000000,0.000000,0.000000,68.000000,29.750000
6999,2015,10,19,15,0.000000,0.000000,0.000000,0.000000,60.800000,26.600000
7000,2015,10,19,16,0.000000,0.000000,0.000000,0.000000,51.200000,22.400000
7001,2015,10,19,17,0.000000,0.000000,0.000000,0.000000,36.800000,16.100000
7002,2015,10,19,18,0.000000,0.000000,0.000000,0.000000,20.800000,9.100000
7003,2015,10,19,19,0.000000,0.000000,0.000000,0.000000,4.800000,2.100000
7004,2015,10,19,20,0.000000,0.000000,0.000000,0.000000,0.000000,0.000000
7005,2015,10,19,21,0.000000,0.000000,0.000000,0.000000,0.000000,0.000000
7006,2015,10,19,22,0.000000,0.000000,0.000000,0.000000,0.000000,0.000000
7007,2015,10,19,23,0.000000,0.000000,0.000000,0.000000,0.000000,0.000000
7008,2015,10,19,24,0.000000,0.000000,0.000000,0.000000,0.000000,0.000000
7009,2015,10,20,1,0.000000,0.000000,0.000000,0.000000,0.000000,0.000000
7010,2015,10,20,2,0.000000,0.000000,0.000000,0.000000,0.000000,0.000000
7011,2015,10,20,3,0.000000,0.000000,0.000000,0.000000,0.000000,0.000000
7012,2015,10,20,4,0.000000,0.000000,0.000000,0.000000,0.000000,0.000000
7013,2015,10,20,5,0.000000,0.000000,0.000000,0.000000,0.000000,0.000000
7014,2015,10,20,6,0.000000,0.000000,0.000000,0.000000,0.000000,0.000000
7015,2015,10,20,7,0.000000,0.000000,0.000000,0.000000,4.800000,2.100000
7016,2015,10,20,8,0.000000,0.000000,0.000000,0.000000,22.400000,9.800000
7017,2015,10,20,9,0.000000,0.000000,0.000000,0.000000,38.400000,16.800000
7018,2015,10,20,10,0.000000,0.000000,0.000000,0.000000,52.000000,22.750000
7019,2015,10,20,11,0.000000,0.000000,0.000000,0.000000,62.400000,27.300000
7020,2015,10,20,12,0.000000,0.000000,0.000000,0.000000,68.000000,29.750000
7021,2015,10,20,13,0.000000,0.000000,0.000000,0.000000,70.400000,30.800000
7022,2015,10,20,14,0.000000,0.000000,0.000000,0.000000,68.000000,29.750000
7023,2015,10,20,15,0.000000,0.000000,0.000000,0.000000,60.800000,26.600000
7024,2015,10,20,16,0.000000,0.000000,0.000000,0.000000,51.200000,22.400000
7025,2015,10,20,17,0.000000,0.000000,0.000000,0.000000,36.800000,16.100000
7026,2015,10,20,18,0.000000,0.000000,0.000000,0.000000,20.800000,9.100000
7027,2015,10,20,19,0.000000,0.000000,0.000000,0.000000,4.800000,2.100000
7028,2015,10,20,20,0.000000,0.000000,0.000000,0.000000,0.000000,0.000000
7029,2015,10,20,21,0.000000,0.000000,0.000000,0.000000,0.000000,0.000000
7030,2015,10,20,22,0.000000,0.000000,0.000000,0.000000,0.000000,0.000000
7031,2015,10,20,23,0.000000,0.000000,0.000000,0.000000,0.000000,0.000000
7032,2015,10,20,24,0.000000,0.000000,0.000000,0.000000,0.000000,0.000000
7033,2015,10,21,1,0.000000,0.000000,0.000000,0.000000,0.000000,0.000000
7034,2015,10,21,2,0.000000,0.000000,0.000000,0.000000,0.000000,0.000000
7035,2015,10,21,3,0.000000,0.000000,0.000000,0.000000,0.000000,0.000000
7036,2015,10,21,4,0.000000,0.000000,0.000000,0.000000,0.000000,0.000000
7037,2015,10,21,5,0.000000,0.000000,0.000000,0.000000,0.000000,0.000000
7038,2015,10,21,6,0.000000,0.000000,0.000000,0.000000,0.000000,0.000000
7039,2015,10,21,7,0.000000,0.000000,0.000000,0.000000,4.800000,2.100000
7040,2015,10,21,8,0.000000,0.000000,0.000000,0.000000,22.400000,9.800000
7041,2015,10,21,9,0.000000,0.000000,0.000000,0.000000,38.400000,16.800000
7042,2015,10,21,10,0.000000,0.000000,0.000000,0.000000,52.000000,22.750000
7043,2015,10,21,11,0.000000,0.000000,0.000000,0.000000,62.400000,27.300000
7044,2015,10,21,12,0.000000,0.000000,0.000000,0.000000,68.000000,29.750000
7045,2015,10,21,13,0.000000,0.000000,0.000000,0.000000,70.400000,30.800000
7046,2015,10,21,14,0.000000,0.000000,0.000000,0.000000,68.000000,29.750000
7047,2015,10,21,15,0.000000,0.000000,0.000000,0.000000,60.800000,26.600000
7048,2015,10,21,16,0.000000,0.000000,0.000000,0.000000,51.200000,22.400000
7049,2015,10,21,17,0.000000,0.000000,0.000000,0.000000,36.800000,16.100000
7050,2015,10,21,18,0.000000,0.000000,0.000000,0.000000,20.800000,9.100000
7051,2015,10,21,19,0.000000,0.000000,0.000000,0.000000,4.800000,2.100000
7052,2015,10,21,20,0.000000,0.000000,0.000000,0.000000,0.000000,0.000000
7053,2015,10,21,21,0.000000,0.000000,0.000000,0.000000,0.000000,0.000000
7054,2015,10,21,22,0.000000,0.000000,0.000000,0.000000,0.000000,0.000000
7055,2015,10,21,23,0.000000,0.000000,0.000000,0.000000,0.000000,0.000000
7056,2015,10,21,24,0.000000,0.000000,0.000000,0.000000,0.000000,0.000000
7057,2015,10,22,1,0.000000,0.000000,0.000000,0.000000,0.000000,0.000000
7058,2015,10,22,2,0.000000,0.000000,0.000000,0.000000,0.000000,0.000000
7059,2015,10,22,3,0.000000,0.000000,0.000000,0.000000,0.000000,0.000000
7060,2015,10,22,4,0.000000,0.000000,0.000000,0.000000,0.000000,0.000000
7061,2015,10,22,5,0.000000,0.000000,0.000000,0.000000,0.000000,0.000000
7062,2015,10,22,6,0.000000,0.000000,0.000000,0.000000,0.000000,0.000000
7063,2015,10,22,7,0.000000,0.000000,0.000000,0.000000,4.800000,2.100000
7064,2015,10,22,8,0.000000,0.000000,0.000000,0.000000,22.400000,9.800000
7065,2015,10,22,9,0.000000,0.000000,0.000000,0.000000,38.400000,16.800000
7066,2015,10,22,10,0.000000,0.000000,0.000000,0.000000,52.000000,22.750000
7067,2015,10,22,11,0.000000,0.000000,0.000000,0.000000,62.400000,27.300000
7068,2015,10,22,12,0.000000,0.000000,0.000000,0.000000,68.000000,29.750000
7069,2015,10,22,13,0.000000,0.000000,0.000000,0.000000,70.400000,30.800000
7070,2015,10,22,14,0.000000,0.000000,0.000000,0.000000,68.000000,29.750000
7071,2015,10,22,15,0.000000,0.000000,0.000000,0.000000,60.800000,26.600000
7072,2015,10,22,16,0.000000,0.000000,0.000000,0.000000,51.200000,22.400000
7073,2015,10,22,17,0.000000,0.000000,0.000000,0.000000,36.800000,16.100000
7074,2015,10,22,18,0.000000,0.000000,0.000000,0.000000,20.800000,9.100000
7075,2015,10,22,19,0.000000,0.000000,0.000000,0.000000,4.800000,2.100000
7076,2015,10,22,20,0.000000,0.000000,0.000000,0.000000,0.000000,0.000000
7077,2015,10,22,21,0.000000,0.000000,0.000000,0.000000,0.000000,0.000000
7078,2015,10,22,22,0.000000,0.000000,0.000000,0.000000,0.000000,0.000000
7079,2015,10,22,23,0.000000,0.000000,0.000000,0.000000,0.000000,0.000000
7080,2015,10,22,24,0.000000,0.000000,0.000000,0.000000,0.000000,0.000000
7081,2015,10,23,1,0.000000,0.000000,0.000000,0.000000,0.000000,0.000000
7082,2015,10,23,2,0.000000,0.000000,0.000000,0.000000,0.000000,0.000000
7083,2015,10,23,3,0.000000,0.000000,0.000000,0.000000,0.000000,0.000000
7084,2015,10,23,4,0.000000,0.000000,0.000000,0.000000,0.000000,0.000000
7085,2015,10,23,5,0.000000,0.000000,0.000000,0.000000,0.000000,0.000000
7086,2015,10,23,6,0.000000,0.000000,0.000000,0.000000,0.000000,0.000000
7087,2015,10,23,7,0.000000,0.000000,0.000000,0.000000,4.800000,2.100000
7088,2015,10,23,8,0.000000,0.000000,0.000000,0.000000,22.400000,9.800000
7089,2015,10,23,9,0.000000,0.000000,0.000000,0.000000,38.400000,16.800000
7090,2015,10,23,10,0.000000,0.000000,0.000000,0.000000,52.000000,22.750000
7091,2015,10,23,11,0.000000,0.000000,0.000000,0.000000,62.400000,27.300000
7092,2015,10,23,12,0.000000,0.000000,0.000000,0.000000,68.000000,29.750000
7093,2015,10,23,13,0.000000,0.000000,0.000000,0.000000,70.400000,30.800000
7094,2015,10,23,14,0.000000,0.000000,0.000000,0.000000,68.000000,29.750000
7095,2015,10,23,15,0.000000,0.000000,0.000000,0.000000,60.800000,26.600000
7096,2015,10,23,16,0.000000,0.000000,0.000000,0.000000,51.200000,22.400000
7097,2015,10,23,17,0.000000,0.000000,0.000000,0.000000,36.800000,16.100000
7098,2015,10,23,18,0.000000,0.000000,0.000000,0.000000,20.800000,9.100000
7099,2015,10,23,19,0.000000,0.000000,0.000000,0.000000,4.800000,2.100000
7100,2015,10,23,20,0.000000,0.000000,0.000000,0.000000,0.000000,0.000000
7101,2015,10,23,21,0.000000,0.000000,0.000000,0.000000,0.000000,0.000000
7102,2015,10,23,22,0.000000,0.000000,0.000000,0.000000,0.000000,0.000000
7103,2015,10,23,23,0.000000,0.000000,0.000000,0.000000,0.000000,0.000000
7104,2015,10,23,24,0.000000,0.000000,0.000000,0.000000,0.000000,0.000000
7105,2015,10,24,1,0.000000,0.000000,0.000000,0.000000,0.000000,0.000000
7106,2015,10,24,2,0.000000,0.000000,0.000000,0.000000,0.000000,0.000000
7107,2015,10,24,3,0.000000,0.000000,0.000000,0.000000,0.000000,0.000000
7108,2015,10,24,4,0.000000,0.000000,0.000000,0.000000,0.000000,0.000000
7109,2015,10,24,5,0.000000,0.000000,0.000000,0.000000,0.000000,0.000000
7110,2015,10,24,6,0.000000,0.000000,0.000000,0.000000,0.000000,0.000000
7111,2015,10,24,7,0.000000,0.000000,0.000000,0.000000,4.800000,2.100000
7112,2015,10,24,8,0.000000,0.000000,0.000000,0.000000,22.400000,9.800000
7113,2015,10,24,9,0.000000,0.000000,0.000000,0.000000,38.400000,16.800000
7114,2015,10,24,10,0.000000,0.000000,0.000000,0.000000,52.000000,22.750000
7115,2015,10,24,11,0.000000,0.000000,0.000000,0.000000,62.400000,27.300000
7116,2015,10,24,12,0.000000,0.000000,0.000000,0.000000,68.000000,29.750000
7117,2015,10,24,13,0.000000,0.000000,0.000000,0.000000,70.400000,30.800000
7118,2015,10,24,14,0.000000,0.000000,0.000000,0.000000,68.000000,29.750000
7119,2015,10,24,15,0.000000,0.000000,0.000000,0.000000,60.800000,26.600000
7120,2015,10,24,16,0.000000,0.000000,0.000000,0.000000,51.200000,22.400000
7121,2015,10,24,17,0.000000,0.000000,0.000000,0.000000,36.800000,16.100000
7122,2015,10,24,18,0.000000,0.000000,0.000000,0.000000,20.800000,9.100000
7123,2015,10,24,19,0.000000,0.000000,0.000000,0.000000,4.800000,2.100000
7124,2015,10,24,20,0.000000,0.000000,0.000000,0.000000,0.000000,0.000000
7125,2015,10,24,21,0.000000,0.000000,0.000000,0.000000,0.000000,0.000000
7126,2015,10,24,22,0.000000,0.000000,0.000000,0.000000,0.000000,0.000000
7127,2015,10,24,23,0.000000,0.000000,0.000000,0.000000,0.000000,0.000000
7128,2015,10,24,24,0.000000,0.000000,0.000000,0.000000,0.000000,0.000000
7129,2015,10,25,1,0.000000,0.000000,0.000000,0.000000,0.000000,0.000000
7130,2015,10,25,2,0.000000,0.000000,0.000000,0.000000,0.000000,0.000000
7131,2015,10,25,3,0.000000,0.000000,0.000000,0.000000,0.000000,0.000000
7132,2015,10,25,4,0.000000,0.000000,0.000000,0.000000,0.000000,0.000000
7133,2015,10,25,5,0.000000,0.000000,0.000000,0.000000,0.000000,0.000000
7134,2015,10,25,6,0.000000,0.000000,0.000000,0.000000,0.000000,0.000000
7135,2015,10,25,7,0.000000,0.000000,0.000000,0.000000,4.800000,2.100000
7136,2015,10,25,8,0.000000,0.000000,0.000000,0.000000,22.400000,9.800000
7137,2015,10,25,9,0.000000,0.000000,0.000000,0.000000,38.400000,16.800000
7138,2015,10,25,10,0.000000,0.000000,0.000000,0.000000,52.000000,22.750000
7139,2015,10,25,11,0.000000,0.000000,0.000000,0.000000,62.400000,27.300000
7140,2015,10,25,12,0.000000,0.000000,0.000000,0.000000,68.000000,29.750000
7141,2015,10,25,13,0.000000,0.000000,0.000000,0.000000,70.400000,30.800000
7142,2015,10,25,14,0.000000,0.000000,0.000000,0.000000,68.000000,29.750000
7143,2015,10,25,15,0.000000,0.000000,0.000000,0.000000,60.800000,26.600000
7144,2015,10,25,16,0.000000,0.000000,0.000000,0.000000,51.200000,22.400000
7145,2015,10,25,17,0.000000,0.000000,0.000000,0.000000,36.800000,16.100000
7146,2015,10,25,18,0.000000,0.000000,0.000000,0.000000,20.800000,9.100000
7147,2015,10,25,19,0.000000,0.000000,0.000000,0.000000,4.800000,2.100000
7148,2015,10,25,20,0.000000,0.000000,0.000000,0.000000,0.000000,0.000000
7149,2015,10,25,21,0.000000,0.000000,0.000000,0.000000,0.000000,0.000000
7150,2015,10,25,22,0.000000,0.000000,0.000000,0.000000,0.000000,0.000000
7151,2015,10,25,23,0.000000,0.000000,0.000000,0.000000,0.000000,0.000000
7152,2015,10,25,24,0.000000,0.000000,0.000000,0.000000,0.000000,0.000000
7153,2015,10,26,1,0.000000,0.000000,0.000000,0.000000,0.000000,0.000000
7154,2015,10,26,2,0.000000,0.000000,0.000000,0.000000,0.000000,0.000000
7155,2015,10,26,3,0.000000,0.000000,0.000000,0.000000,0.000000,0.000000
7156,2015,10,26,4,0.000000,0.000000,0.000000,0.000000,0.000000,0.000000
7157,2015,10,26,5,0.000000,0.000000,0.000000,0.000000,0.000000,0.000000
7158,2015,10,26,6,0.000000,0.000000,0.000000,0.000000,0.000000,0.000000
7159,2015,10,26,7,0.000000,0.000000,0.000000,0.000000,4.800000,2.100000
7160,2015,10,26,8,0.000000,0.000000,0.000000,0.000000,22.400000,9.800000
7161,2015,10,26,9,0.000000,0.000000,0.000000,0.000000,38.400000,16.800000
7162,2015,10,26,10,0.000000,0.000000,0.000000,0.000000,52.000000,22.750000
7163,2015,10,26,11,0.000000,0.000000,0.000000,0.000000,62.400000,27.300000
7164,2015,10,26,12,0.000000,0.000000,0.000000,0.000000,68.000000,29.750000
7165,2015,10,26,13,0.000000,0.000000,0.000000,0.000000,70.400000,30.800000
7166,2015,10,26,14,0.000000,0.000000,0.000000,0.000000,68.000000,29.750000
7167,2015,10,26,15,0.000000,0.000000,0.000000,0.000000,60.800000,26.600000
7168,2015,10,26,16,0.000000,0.000000,0.000000,0.000000,51.200000,22.400000
7169,2015,10,26,17,0.000000,0.000000,0.000000,0.000000,36.800000,16.100000
7170,2015,10,26,18,0.000000,0.000000,0.000000,0.000000,20.800000,9.100000
7171,2015,10,26,19,0.000000,0.000000,0.000000,0.000000,4.800000,2.100000
7172,2015,10,26,20,0.000000,0.000000,0.000000,0.000000,0.000000,0.000000
7173,2015,10,26,21,0.000000,0.000000,0.000000,0.000000,0.000000,0.000000
7174,2015,10,26,22,0.000000,0.000000,0.000000,0.000000,0.000000,0.000000
7175,2015,10,26,23,0.000000,0.000000,0.000000,0.000000,0.000000,0.000000
7176,2015,10,26,24,0.000000,0.000000,0.000000,0.000000,0.000000,0.000000
7177,2015,10,27,1,0.000000,0.000000,0.000000,0.000000,0.000000,0.000000
7178,2015,10,27,2,0.000000,0.000000,0.000000,0.000000,0.000000,0.000000
7179,2015,10,27,3,0.000000,0.000000,0.000000,0.000000,0.000000,0.000000
7180,2015,10,27,4,0.000000,0.000000,0.000000,0.000000,0.000000,0.000000
7181,2015,10,27,5,0.000000,0.000000,0.000000,0.000000,0.000000,0.000000
7182,2015,10,27,6,0.000000,0.000000,0.000000,0.000000,0.000000,0.000000
7183,2015,10,27,7,0.000000,0.000000,0.000000,0.000000,4.800000,2.100000
7184,2015,10,27,8,0.000000,0.000000,0.000000,0.000000,22.400000,9.800000
7185,2015,10,27,9,0.000000,0.000000,0.000000,0.000000,38.400000,16.800000
7186,2015,10,27,10,0.000000,0.000000,0.000000,0.000000,52.000000,22.750000
7187,2015,10,27,11,0.000000,0.000000,0.000000,0.000000,62.400000,27.300000
7188,2015,10,27,12,0.000000,0.000000,0.000000,0.000000,68.000000,29.750000
7189,2015,10,27,13,0.000000,0.000000,0.000000,0.000000,70.400000,30.800000
7190,2015,10,27,14,0.000000,0.000000,0.000000,0.000000,68.000000,29.750000
7191,2015,10,27,15,0.000000,0.000000,0.000000,0.000000,60.800000,26.600000
7192,2015,10,27,16,0.000000,0.000000,0.000000,0.000000,51.200000,22.400000
7193,2015,10,27,17,0.000000,0.000000,0.000000,0.000000,36.800000,16.100000
7194,2015,10,27,18,0.000000,0.000000,0.000000,0.000000,20.800000,9.100000
7195,2015,10,27,19,0.000000,0.000000,0.000000,0.000000,4.800000,2.100000
7196,2015,10,27,20,0.000000,0.000000,0.000000,0.000000,0.000000,0.000000
7197,2015,10,27,21,0.000000,0.000000,0.000000,0.000000,0.000000,0.000000
7198,2015,10,27,22,0.000000,0.000000,0.000000,0.000000,0.000000,0.000000
7199,2015,10,27,23,0.000000,0.000000,0.000000,0.000000,0.000000,0.000000
7200,2015,10,27,24,0.000000,0.000000,0.000000,0.000000,0.000000,0.000000
7201,2015,10,28,1,0.000000,0.000000,0.000000,0.000000,0.000000,0.000000
7202,2015,10,28,2,0.000000,0.000000,0.000000,0.000000,0.000000,0.000000
7203,2015,10,28,3,0.000000,0.000000,0.000000,0.000000,0.000000,0.000000
7204,2015,10,28,4,0.000000,0.000000,0.000000,0.000000,0.000000,0.000000
7205,2015,10,28,5,0.000000,0.000000,0.000000,0.000000,0.000000,0.000000
7206,2015,10,28,6,0.000000,0.000000,0.000000,0.000000,0.000000,0.000000
7207,2015,10,28,7,0.000000,0.000000,0.000000,0.000000,4.800000,2.100000
7208,2015,10,28,8,0.000000,0.000000,0.000000,0.000000,22.400000,9.800000
7209,2015,10,28,9,0.000000,0.000000,0.000000,0.000000,38.400000,16.800000
7210,2015,10,28,10,0.000000,0.000000,0.000000,0.000000,52.000000,22.750000
7211,2015,10,28,11,0.000000,0.000000,0.000000,0.000000,62.400000,27.300000
7212,2015,10,28,12,0.000000,0.000000,0.000000,0.000000,68.000000,29.750000
7213,2015,10,28,13,0.000000,0.000000,0.000000,0.000000,70.400000,30.800000
7214,2015,10,28,14,0.000000,0.000000,0.000000,0.000000,68.000000,29.750000
7215,2015,10,28,15,0.000000,0.000000,0.000000,0.000000,60.800000,26.600000
7216,2015,10,28,16,0.000000,0.000000,0.000000,0.000000,51.200000,22.400000
7217,2015,10,28,17,0.000000,0.000000,0.000000,0.000000,36.800000,16.100000
7218,2015,10,28,18,0.000000,0.000000,0.000000,0.000000,20.800000,9.100000
7219,2015,10,28,19,0.000000,0.000000,0.000000,0.000000,4.800000,2.100000
7220,2015,10,28,20,0.000000,0.000000,0.000000,0.000000,0.000000,0.000000
7221,2015,10,28,21,0.000000,0.000000,0.000000,0.000000,0.000000,0.000000
7222,2015,10,28,22,0.000000,0.000000,0.000000,0.000000,0.000000,0.000000
7223,2015,10,28,23,0.000000,0.000000,0.000000,0.000000,0.000000,0.000000
7224,2015,10,28,24,0.000000,0.000000,0.000000,0.000000,0.000000,0.000000
7225,2015,10,29,1,0.000000,0.000000,0.000000,0.000000,0.000000,0.000000
7226,2015,10,29,2,0.000000,0.000000,0.000000,0.000000,0.000000,0.000000
7227,2015,10,29,3,0.000000,0.000000,0.000000,0.000000,0.000000,0.000000
7228,2015,10,29,4,0.000000,0.000000,0.000000,0.000000,0.000000,0.000000
7229,2015,10,29,5,0.000000,0.000000,0.000000,0.000000,0.000000,0.000000
7230,2015,10,29,6,0.000000,0.000000,0.000000,0.000000,0.000000,0.000000
7231,2015,10,29,7,0.000000,0.000000,0.000000,0.000000,4.800000,2.100000
7232,2015,10,29,8,0.000000,0.000000,0.000000,0.000000,22.400000,9.800000
7233,2015,10,29,9,0.000000,0.000000,0.000000,0.000000,38.400000,16.800000
7234,2015,10,29,10,0.000000,0.000000,0.000000,0.000000,52.000000,22.750000
7235,2015,10,29,11,0.000000,0.000000,0.000000,0.000000,62.400000,27.300000
7236,2015,10,29,12,0.000000,0.000000,0.000000,0.000000,68.000000,29.750000
7237,2015,10,29,13,0.000000,0.000000,0.000000,0.000000,70.400000,30.800000
7238,2015,10,29,14,0.000000,0.000000,0.000000,0.000000,68.000000,29.750000
7239,2015,10,29,15,0.000000,0.000000,0.000000,0.000000,60.800000,26.600000
7240,2015,10,29,16,0.000000,0.000000,0.000000,0.000000,51.200000,22.400000
7241,2015,10,29,17,0.000000,0.000000,0.000000,0.000000,36.800000,16.100000
7242,2015,10,29,18,0.000000,0.000000,0.000000,0.000000,20.800000,9.100000
7243,2015,10,29,19,0.000000,0.000000,0.000000,0.000000,4.800000,2.100000
7244,2015,10,29,20,0.000000,0.000000,0.000000,0.000000,0.000000,0.000000
7245,2015,10,29,21,0.000000,0.000000,0.000000,0.000000,0.000000,0.000000
7246,2015,10,29,22,0.000000,0.000000,0.000000,0.000000,0.000000,0.000000
7247,2015,10,29,23,0.000000,0.000000,0.000000,0.000000,0.000000,0.000000
7248,2015,10,29,24,0.000000,0.000000,0.000000,0.000000,0.000000,0.000000
7249,2015,10,30,1,0.000000,0.000000,0.000000,0.000000,0.000000,0.000000
7250,2015,10,30,2,0.000000,0.000000,0.000000,0.000000,0.000000,0.000000
7251,2015,10,30,3,0.000000,0.000000,0.000000,0.000000,0.000000,0.000000
7252,2015,10,30,4,0.000000,0.000000,0.000000,0.000000,0.000000,0.000000
7253,2015,10,30,5,0.000000,0.000000,0.000000,0.000000,0.000000,0.000000
7254,2015,10,30,6,0.000000,0.000000,0.000000,0.000000,0.000000,0.000000
7255,2015,10,30,7,0.000000,0.000000,0.000000,0.000000,4.800000,2.100000
7256,2015,10,30,8,0.000000,0.000000,0.000000,0.000000,22.400000,9.800000
7257,2015,10,30,9,0.000000,0.000000,0.000000,0.000000,38.400000,16.800000
7258,2015,10,30,10,0.000000,0.000000,0.000000,0.000000,52.000000,22.750000
7259,2015,10,30,11,0.000000,0.000000,0.000000,0.000000,62.400000,27.300000
7260,2015,10,30,12,0.000000,0.000000,0.000000,0.000000,68.000000,29.750000
7261,2015,10,30,13,0.000000,0.000000,0.000000,0.000000,70.400000,30.800000
7262,2015,10,30,14,0.000000,0.000000,0.000000,0.000000,68.000000,29.750000
7263,2015,10,30,15,0.000000,0.000000,0.000000,0.000000,60.800000,26.600000
7264,2015,10,30,16,0.000000,0.000000,0.000000,0.000000,51.200000,22.400000
7265,2015,10,30,17,0.000000,0.000000,0.000000,0.000000,36.800000,16.100000
7266,2015,10,30,18,0.000000,0.000000,0.000000,0.000000,20.800000,9.100000
7267,2015,10,30,19,0.000000,0.000000,0.000000,0.000000,4.800000,2.100000
7268,2015,10,30,20,0.000000,0.000000,0.000000,0.000000,0.000000,0.000000
7269,2015,10,30,21,0.000000,0.000000,0.000000,0.000000,0.000000,0.000000
7270,2015,10,30,22,0.000000,0.000000,0.000000,0.000000,0.000000,0.000000
7271,2015,10,30,23,0.000000,0.000000,0.000000,0.000000,0.000000,0.000000
7272,2015,10,30,24,0.000000,0.000000,0.000000,0.000000,0.000000,0.000000
7273,2015,10,31,1,0.000000,0.000000,0.000000,0.000000,0.000000,0.000000
7274,2015,10,31,2,0.000000,0.000000,0.000000,0.000000,0.000000,0.000000
7275,2015,10,31,3,0.000000,0.000000,0.000000,0.000000,0.000000,0.000000
7276,2015,10,31,4,0.000000,0.000000,0.000000,0.000000,0.000000,0.000000
7277,2015,10,31,5,0.000000,0.000000,0.000000,0.000000,0.000000,0.000000
7278,2015,10,31,6,0.000000,0.000000,0.000000,0.000000,0.000000,0.000000
7279,2015,10,31,7,0.000000,0.000000,0.000000,0.000000,4.800000,2.100000
7280,2015,10,31,8,0.000000,0.000000,0.000000,0.000000,22.400000,9.800000
7281,2015,10,31,9,0.000000,0.000000,0.000000,0.000000,38.400000,16.800000
7282,2015,10,31,10,0.000000,0.000000,0.000000,0.000000,52.000000,22.750000
7283,2015,10,31,11,0.000000,0.000000,0.000000,0.000000,62.400000,27.300000
7284,2015,10,31,12,0.000000,0.000000,0.000000,0.000000,68.000000,29.750000
7285,2015,10,31,13,0.000000,0.000000,0.000000,0.000000,70.400000,30.800000
7286,2015,10,31,14,0.000000,0.000000,0.000000,0.000000,68.000000,29.750000
7287,2015,10,31,15,0.000000,0.000000,0.000000,0.000000,60.800000,26.600000
7288,2015,10,31,16,0.000000,0.000000,0.000000,0.000000,51.200000,22.400000
7289,2015,10,31,17,0.000000,0.000000,0.000000,0.000000,36.800000,16.100000
7290,2015,10,31,18,0.000000,0.000000,0.000000,0.000000,20.800000,9.100000
7291,2015,10,31,19,0.000000,0.000000,0.000000,0.000000,4.800000,2.100000
7292,2015,10,31,20,0.000000,0.000000,0.000000,0.000000,0.000000,0.000000
7293,2015,10,31,21,0.000000,0.000000,0.000000,0.000000,0.000000,0.000000
7294,2015,10,31,22,0.000000,0.000000,0.000000,0.000000,0.000000,0.000000
7295,2015,10,31,23,0.000000,0.000000,0.000000,0.000000,0.000000,0.000000
7296,2015,10,31,24,0.000000,0.000000,0.000000,0.000000,0.000000,0.000000
7297,2015,11,1,1,0.000000,0.000000,0.000000,0.000000,0.000000,0.000000
7298,2015,11,1,2,0.000000,0.000000,0.000000,0.000000,0.000000,0.000000
7299,2015,11,1,3,0.000000,0.000000,0.000000,0.000000,0.000000,0.000000
7300,2015,11,1,4,0.000000,0.000000,0.000000,0.000000,0.000000,0.000000
7301,2015,11,1,5,0.000000,0.000000,0.000000,0.000000,0.000000,0.000000
7302,2015,11,1,6,0.000000,0.000000,0.000000,0.000000,0.000000,0.000000
7303,2015,11,1,7,0.000000,0.000000,0.000000,0.000000,8.000000,3.500000
7304,2015,11,1,8,0.000000,0.000000,0.000000,0.000000,24.000000,10.500000
7305,2015,11,1,9,0.000000,0.000000,0.000000,0.000000,38.400000,16.800000
7306,2015,11,1,10,0.000000,0.000000,0.000000,0.000000,51.200000,22.400000
7307,2015,11,1,11,0.000000,0.000000,0.000000,0.000000,61.600000,26.950000
7308,2015,11,1,12,0.000000,0.000000,0.000000,0.000000,67.200000,29.400000
7309,2015,11,1,13,0.000000,0.000000,0.000000,0.000000,69.600000,30.450000
7310,2015,11,1,14,0.000000,0.000000,0.000000,0.000000,67.200000,29.400000
7311,2015,11,1,15,0.000000,0.000000,0.000000,0.000000,60.800000,26.600000
7312,2015,11,1,16,0.000000,0.000000,0.000000,0.000000,51.200000,22.400000
7313,2015,11,1,17,0.000000,0.000000,0.000000,0.000000,37.600000,16.450000
7314,2015,11,1,18,0.000000,0.000000,0.000000,0.000000,24.000000,10.500000
7315,2015,11,1,19,0.000000,0.000000,0.000000,0.000000,7.200000,3.150000
7316,2015,11,1,20,0.000000,0.000000,0.000000,0.000000,0.000000,0.000000
7317,2015,11,1,21,0.000000,0.000000,0.000000,0.000000,0.000000,0.000000
7318,2015,11,1,22,0.000000,0.000000,0.000000,0.000000,0.000000,0.000000
7319,2015,11,1,23,0.000000,0.000000,0.000000,0.000000,0.000000,0.000000
7320,2015,11,1,24,0.000000,0.000000,0.000000,0.000000,0.000000,0.000000
7321,2015,11,2,1,0.000000,0.000000,0.000000,0.000000,0.000000,0.000000
7322,2015,11,2,2,0.000000,0.000000,0.000000,0.000000,0.000000,0.000000
7323,2015,11,2,3,0.000000,0.000000,0.000000,0.000000,0.000000,0.000000
7324,2015,11,2,4,0.000000,0.000000,0.000000,0.000000,0.000000,0.000000
7325,2015,11,2,5,0.000000,0.000000,0.000000,0.000000,0.000000,0.000000
7326,2015,11,2,6,0.000000,0.000000,0.000000,0.000000,0.000000,0.000000
7327,2015,11,2,7,0.000000,0.000000,0.000000,0.000000,8.000000,3.500000
7328,2015,11,2,8,0.000000,0.000000,0.000000,0.000000,24.000000,10.500000
7329,2015,11,2,9,0.000000,0.000000,0.000000,0.000000,38.400000,16.800000
7330,2015,11,2,10,0.000000,0.000000,0.000000,0.000000,51.200000,22.400000
7331,2015,11,2,11,0.000000,0.000000,0.000000,0.000000,61.600000,26.950000
7332,2015,11,2,12,0.000000,0.000000,0.000000,0.000000,67.200000,29.400000
7333,2015,11,2,13,0.000000,0.000000,0.000000,0.000000,69.600000,30.450000
7334,2015,11,2,14,0.000000,0.000000,0.000000,0.000000,67.200000,29.400000
7335,2015,11,2,15,0.000000,0.000000,0.000000,0.000000,60.800000,26.600000
7336,2015,11,2,16,0.000000,0.000000,0.000000,0.000000,51.200000,22.400000
7337,2015,11,2,17,0.000000,0.000000,0.000000,0.000000,37.600000,16.450000
7338,2015,11,2,18,0.000000,0.000000,0.000000,0.000000,24.000000,10.500000
7339,2015,11,2,19,0.000000,0.000000,0.000000,0.000000,7.200000,3.150000
7340,2015,11,2,20,0.000000,0.000000,0.000000,0.000000,0.000000,0.000000
7341,2015,11,2,21,0.000000,0.000000,0.000000,0.000000,0.000000,0.000000
7342,2015,11,2,22,0.000000,0.000000,0.000000,0.000000,0.000000,0.000000
7343,2015,11,2,23,0.000000,0.000000,0.000000,0.000000,0.000000,0.000000
7344,2015,11,2,24,0.000000,0.000000,0.000000,0.000000,0.000000,0.000000
7345,2015,11,3,1,0.000000,0.000000,0.000000,0.000000,0.000000,0.000000
7346,2015,11,3,2,0.000000,0.000000,0.000000,0.000000,0.000000,0.000000
7347,2015,11,3,3,0.000000,0.000000,0.000000,0.000000,0.000000,0.000000
7348,2015,11,3,4,0.000000,0.000000,0.000000,0.000000,0.000000,0.000000
7349,2015,11,3,5,0.000000,0.000000,0.000000,0.000000,0.000000,0.000000
7350,2015,11,3,6,0.000000,0.000000,0.000000,0.000000,0.000000,0.000000
7351,2015,11,3,7,0.000000,0.000000,0.000000,0.000000,8.000000,3.500000
7352,2015,11,3,8,0.000000,0.000000,0.000000,0.000000,24.000000,10.500000
7353,2015,11,3,9,0.000000,0.000000,0.000000,0.000000,38.400000,16.800000
7354,2015,11,3,10,0.000000,0.000000,0.000000,0.000000,51.200000,22.400000
7355,2015,11,3,11,0.000000,0.000000,0.000000,0.000000,61.600000,26.950000
7356,2015,11,3,12,0.000000,0.000000,0.000000,0.000000,67.200000,29.400000
7357,2015,11,3,13,0.000000,0.000000,0.000000,0.000000,69.600000,30.450000
7358,2015,11,3,14,0.000000,0.000000,0.000000,0.000000,67.200000,29.400000
7359,2015,11,3,15,0.000000,0.000000,0.000000,0.000000,60.800000,26.600000
7360,2015,11,3,16,0.000000,0.000000,0.000000,0.000000,51.200000,22.400000
7361,2015,11,3,17,0.000000,0.000000,0.000000,0.000000,37.600000,16.450000
7362,2015,11,3,18,0.000000,0.000000,0.000000,0.000000,24.000000,10.500000
7363,2015,11,3,19,0.000000,0.000000,0.000000,0.000000,7.200000,3.150000
7364,2015,11,3,20,0.000000,0.000000,0.000000,0.000000,0.000000,0.000000
7365,2015,11,3,21,0.000000,0.000000,0.000000,0.000000,0.000000,0.000000
7366,2015,11,3,22,0.000000,0.000000,0.000000,0.000000,0.000000,0.000000
7367,2015,11,3,23,0.000000,0.000000,0.000000,0.000000,0.000000,0.000000
7368,2015,11,3,24,0.000000,0.000000,0.000000,0.000000,0.000000,0.000000
7369,2015,11,4,1,0.000000,0.000000,0.000000,0.000000,0.000000,0.000000
7370,2015,11,4,2,0.000000,0.000000,0.000000,0.000000,0.000000,0.000000
7371,2015,11,4,3,0.000000,0.000000,0.000000,0.000000,0.000000,0.000000
7372,2015,11,4,4,0.000000,0.000000,0.000000,0.000000,0.000000,0.000000
7373,2015,11,4,5,0.000000,0.000000,0.000000,0.000000,0.000000,0.000000
7374,2015,11,4,6,0.000000,0.000000,0.000000,0.000000,0.000000,0.000000
7375,2015,11,4,7,0.000000,0.000000,0.000000,0.000000,8.000000,3.500000
7376,2015,11,4,8,0.000000,0.000000,0.000000,0.000000,24.000000,10.500000
7377,2015,11,4,9,0.000000,0.000000,0.000000,0.000000,38.400000,16.800000
7378,2015,11,4,10,0.000000,0.000000,0.000000,0.000000,51.200000,22.400000
7379,2015,11,4,11,0.000000,0.000000,0.000000,0.000000,61.600000,26.950000
7380,2015,11,4,12,0.000000,0.000000,0.000000,0.000000,67.200000,29.400000
7381,2015,11,4,13,0.000000,0.000000,0.000000,0.000000,69.600000,30.450000
7382,2015,11,4,14,0.000000,0.000000,0.000000,0.000000,67.200000,29.400000
7383,2015,11,4,15,0.000000,0.000000,0.000000,0.000000,60.800000,26.600000
7384,2015,11,4,16,0.000000,0.000000,0.000000,0.000000,51.200000,22.400000
7385,2015,11,4,17,0.000000,0.000000,0.000000,0.000000,37.600000,16.450000
7386,2015,11,4,18,0.000000,0.000000,0.000000,0.000000,24.000000,10.500000
7387,2015,11,4,19,0.000000,0.000000,0.000000,0.000000,7.200000,3.150000
7388,2015,11,4,20,0.000000,0.000000,0.000000,0.000000,0.000000,0.000000
7389,2015,11,4,21,0.000000,0.000000,0.000000,0.000000,0.000000,0.000000
7390,2015,11,4,22,0.000000,0.000000,0.000000,0.000000,0.000000,0.000000
7391,2015,11,4,23,0.000000,0.000000,0.000000,0.000000,0.000000,0.000000
7392,2015,11,4,24,0.000000,0.000000,0.000000,0.000000,0.000000,0.000000
7393,2015,11,5,1,0.000000,0.000000,0.000000,0.000000,0.000000,0.000000
7394,2015,11,5,2,0.000000,0.000000,0.000000,0.000000,0.000000,0.000000
7395,2015,11,5,3,0.000000,0.000000,0.000000,0.000000,0.000000,0.000000
7396,2015,11,5,4,0.000000,0.000000,0.000000,0.000000,0.000000,0.000000
7397,2015,11,5,5,0.000000,0.000000,0.000000,0.000000,0.000000,0.000000
7398,2015,11,5,6,0.000000,0.000000,0.000000,0.000000,0.000000,0.000000
7399,2015,11,5,7,0.000000,0.000000,0.000000,0.000000,8.000000,3.500000
7400,2015,11,5,8,0.000000,0.000000,0.000000,0.000000,24.000000,10.500000
7401,2015,11,5,9,0.000000,0.000000,0.000000,0.000000,38.400000,16.800000
7402,2015,11,5,10,0.000000,0.000000,0.000000,0.000000,51.200000,22.400000
7403,2015,11,5,11,0.000000,0.000000,0.000000,0.000000,61.600000,26.950000
7404,2015,11,5,12,0.000000,0.000000,0.000000,0.000000,67.200000,29.400000
7405,2015,11,5,13,0.000000,0.000000,0.000000,0.000000,69.600000,30.450000
7406,2015,11,5,14,0.000000,0.000000,0.000000,0.000000,67.200000,29.400000
7407,2015,11,5,15,0.000000,0.000000,0.000000,0.000000,60.800000,26.600000
7408,2015,11,5,16,0.000000,0.000000,0.000000,0.000000,51.200000,22.400000
7409,2015,11,5,17,0.000000,0.000000,0.000000,0.000000,37.600000,16.450000
7410,2015,11,5,18,0.000000,0.000000,0.000000,0.000000,24.000000,10.500000
7411,2015,11,5,19,0.000000,0.000000,0.000000,0.000000,7.200000,3.150000
7412,2015,11,5,20,0.000000,0.000000,0.000000,0.000000,0.000000,0.000000
7413,2015,11,5,21,0.000000,0.000000,0.000000,0.000000,0.000000,0.000000
7414,2015,11,5,22,0.000000,0.000000,0.000000,0.000000,0.000000,0.000000
7415,2015,11,5,23,0.000000,0.000000,0.000000,0.000000,0.000000,0.000000
7416,2015,11,5,24,0.000000,0.000000,0.000000,0.000000,0.000000,0.000000
7417,2015,11,6,1,0.000000,0.000000,0.000000,0.000000,0.000000,0.000000
7418,2015,11,6,2,0.000000,0.000000,0.000000,0.000000,0.000000,0.000000
7419,2015,11,6,3,0.000000,0.000000,0.000000,0.000000,0.000000,0.000000
7420,2015,11,6,4,0.000000,0.000000,0.000000,0.000000,0.000000,0.000000
7421,2015,11,6,5,0.000000,0.000000,0.000000,0.000000,0.000000,0.000000
7422,2015,11,6,6,0.000000,0.000000,0.000000,0.000000,0.000000,0.000000
7423,2015,11,6,7,0.000000,0.000000,0.000000,0.000000,8.000000,3.500000
7424,2015,11,6,8,0.000000,0.000000,0.000000,0.000000,24.000000,10.500000
7425,2015,11,6,9,0.000000,0.000000,0.000000,0.000000,38.400000,16.800000
7426,2015,11,6,10,0.000000,0.000000,0.000000,0.000000,51.200000,22.400000
7427,2015,11,6,11,0.000000,0.000000,0.000000,0.000000,61.600000,26.950000
7428,2015,11,6,12,0.000000,0.000000,0.000000,0.000000,67.200000,29.400000
7429,2015,11,6,13,0.000000,0.000000,0.000000,0.000000,69.600000,30.450000
7430,2015,11,6,14,0.000000,0.000000,0.000000,0.000000,67.200000,29.400000
7431,2015,11,6,15,0.000000,0.000000,0.000000,0.000000,60.800000,26.600000
7432,2015,11,6,16,0.000000,0.000000,0.000000,0.000000,51.200000,22.400000
7433,2015,11,6,17,0.000000,0.000000,0.000000,0.000000,37.600000,16.450000
7434,2015,11,6,18,0.000000,0.000000,0.000000,0.000000,24.000000,10.500000
7435,2015,11,6,19,0.000000,0.000000,0.000000,0.000000,7.200000,3.150000
7436,2015,11,6,20,0.000000,0.000000,0.000000,0.000000,0.000000,0.000000
7437,2015,11,6,21,0.000000,0.000000,0.000000,0.000000,0.000000,0.000000
7438,2015,11,6,22,0.000000,0.000000,0.000000,0.000000,0.000000,0.000000
7439,2015,11,6,23,0.000000,0.000000,0.000000,0.000000,0.000000,0.000000
7440,2015,11,6,24,0.000000,0.000000,0.000000,0.000000,0.000000,0.000000
7441,2015,11,7,1,0.000000,0.000000,0.000000,0.000000,0.000000,0.000000
7442,2015,11,7,2,0.000000,0.000000,0.000000,0.000000,0.000000,0.000000
7443,2015,11,7,3,0.000000,0.000000,0.000000,0.000000,0.000000,0.000000
7444,2015,11,7,4,0.000000,0.000000,0.000000,0.000000,0.000000,0.000000
7445,2015,11,7,5,0.000000,0.000000,0.000000,0.000000,0.000000,0.000000
7446,2015,11,7,6,0.000000,0.000000,0.000000,0.000000,0.000000,0.000000
7447,2015,11,7,7,0.000000,0.000000,0.000000,0.000000,8.000000,3.500000
7448,2015,11,7,8,0.000000,0.000000,0.000000,0.000000,24.000000,10.500000
7449,2015,11,7,9,0.000000,0.000000,0.000000,0.000000,38.400000,16.800000
7450,2015,11,7,10,0.000000,0.000000,0.000000,0.000000,51.200000,22.400000
7451,2015,11,7,11,0.000000,0.000000,0.000000,0.000000,61.600000,26.950000
7452,2015,11,7,12,0.000000,0.000000,0.000000,0.000000,67.200000,29.400000
7453,2015,11,7,13,0.000000,0.000000,0.000000,0.000000,69.600000,30.450000
7454,2015,11,7,14,0.000000,0.000000,0.000000,0.000000,67.200000,29.400000
7455,2015,11,7,15,0.000000,0.000000,0.000000,0.000000,60.800000,26.600000
7456,2015,11,7,16,0.000000,0.000000,0.000000,0.000000,51.200000,22.400000
7457,2015,11,7,17,0.000000,0.000000,0.000000,0.000000,37.600000,16.450000
7458,2015,11,7,18,0.000000,0.000000,0.000000,0.000000,24.000000,10.500000
7459,2015,11,7,19,0.000000,0.000000,0.000000,0.000000,7.200000,3.150000
7460,2015,11,7,20,0.000000,0.000000,0.000000,0.000000,0.000000,0.000000
7461,2015,11,7,21,0.000000,0.000000,0.000000,0.000000,0.000000,0.000000
7462,2015,11,7,22,0.000000,0.000000,0.000000,0.000000,0.000000,0.000000
7463,2015,11,7,23,0.000000,0.000000,0.000000,0.000000,0.000000,0.000000
7464,2015,11,7,24,0.000000,0.000000,0.000000,0.000000,0.000000,0.000000
7465,2015,11,8,1,0.000000,0.000000,0.000000,0.000000,0.000000,0.000000
7466,2015,11,8,2,0.000000,0.000000,0.000000,0.000000,0.000000,0.000000
7467,2015,11,8,3,0.000000,0.000000,0.000000,0.000000,0.000000,0.000000
7468,2015,11,8,4,0.000000,0.000000,0.000000,0.000000,0.000000,0.000000
7469,2015,11,8,5,0.000000,0.000000,0.000000,0.000000,0.000000,0.000000
7470,2015,11,8,6,0.000000,0.000000,0.000000,0.000000,0.000000,0.000000
7471,2015,11,8,7,0.000000,0.000000,0.000000,0.000000,8.000000,3.500000
7472,2015,11,8,8,0.000000,0.000000,0.000000,0.000000,24.000000,10.500000
7473,2015,11,8,9,0.000000,0.000000,0.000000,0.000000,38.400000,16.800000
7474,2015,11,8,10,0.000000,0.000000,0.000000,0.000000,51.200000,22.400000
7475,2015,11,8,11,0.000000,0.000000,0.000000,0.000000,61.600000,26.950000
7476,2015,11,8,12,0.000000,0.000000,0.000000,0.000000,67.200000,29.400000
7477,2015,11,8,13,0.000000,0.000000,0.000000,0.000000,69.600000,30.450000
7478,2015,11,8,14,0.000000,0.000000,0.000000,0.000000,67.200000,29.400000
7479,2015,11,8,15,0.000000,0.000000,0.000000,0.000000,60.800000,26.600000
7480,2015,11,8,16,0.000000,0.000000,0.000000,0.000000,51.200000,22.400000
7481,2015,11,8,17,0.000000,0.000000,0.000000,0.000000,37.600000,16.450000
7482,2015,11,8,18,0.000000,0.000000,0.000000,0.000000,24.000000,10.500000
7483,2015,11,8,19,0.000000,0.000000,0.000000,0.000000,7.200000,3.150000
7484,2015,11,8,20,0.000000,0.000000,0.000000,0.000000,0.000000,0.000000
7485,2015,11,8,21,0.000000,0.000000,0.000000,0.000000,0.000000,0.000000
7486,2015,11,8,22,0.000000,0.000000,0.000000,0.000000,0.000000,0.000000
7487,2015,11,8,23,0.000000,0.000000,0.000000,0.000000,0.000000,0.000000
7488,2015,11,8,24,0.000000,0.000000,0.000000,0.000000,0.000000,0.000000
7489,2015,11,9,1,0.000000,0.000000,0.000000,0.000000,0.000000,0.000000
7490,2015,11,9,2,0.000000,0.000000,0.000000,0.000000,0.000000,0.000000
7491,2015,11,9,3,0.000000,0.000000,0.000000,0.000000,0.000000,0.000000
7492,2015,11,9,4,0.000000,0.000000,0.000000,0.000000,0.000000,0.000000
7493,2015,11,9,5,0.000000,0.000000,0.000000,0.000000,0.000000,0.000000
7494,2015,11,9,6,0.000000,0.000000,0.000000,0.000000,0.000000,0.000000
7495,2015,11,9,7,0.000000,0.000000,0.000000,0.000000,8.000000,3.500000
7496,2015,11,9,8,0.000000,0.000000,0.000000,0.000000,24.000000,10.500000
7497,2015,11,9,9,0.000000,0.000000,0.000000,0.000000,38.400000,16.800000
7498,2015,11,9,10,0.000000,0.000000,0.000000,0.000000,51.200000,22.400000
7499,2015,11,9,11,0.000000,0.000000,0.000000,0.000000,61.600000,26.950000
7500,2015,11,9,12,0.000000,0.000000,0.000000,0.000000,67.200000,29.400000
7501,2015,11,9,13,0.000000,0.000000,0.000000,0.000000,69.600000,30.450000
7502,2015,11,9,14,0.000000,0.000000,0.000000,0.000000,67.200000,29.400000
7503,2015,11,9,15,0.000000,0.000000,0.000000,0.000000,60.800000,26.600000
7504,2015,11,9,16,0.000000,0.000000,0.000000,0.000000,51.200000,22.400000
7505,2015,11,9,17,0.000000,0.000000,0.000000,0.000000,37.600000,16.450000
7506,2015,11,9,18,0.000000,0.000000,0.000000,0.000000,24.000000,10.500000
7507,2015,11,9,19,0.000000,0.000000,0.000000,0.000000,7.200000,3.150000
7508,2015,11,9,20,0.000000,0.000000,0.000000,0.000000,0.000000,0.000000
7509,2015,11,9,21,0.000000,0.000000,0.000000,0.000000,0.000000,0.000000
7510,2015,11,9,22,0.000000,0.000000,0.000000,0.000000,0.000000,0.000000
7511,2015,11,9,23,0.000000,0.000000,0.000000,0.000000,0.000000,0.000000
7512,2015,11,9,24,0.000000,0.000000,0.000000,0.000000,0.000000,0.000000
7513,2015,11,10,1,0.000000,0.000000,0.000000,0.000000,0.000000,0.000000
7514,2015,11,10,2,0.000000,0.000000,0.000000,0.000000,0.000000,0.000000
7515,2015,11,10,3,0.000000,0.000000,0.000000,0.000000,0.000000,0.000000
7516,2015,11,10,4,0.000000,0.000000,0.000000,0.000000,0.000000,0.000000
7517,2015,11,10,5,0.000000,0.000000,0.000000,0.000000,0.000000,0.000000
7518,2015,11,10,6,0.000000,0.000000,0.000000,0.000000,0.000000,0.000000
7519,2015,11,10,7,0.000000,0.000000,0.000000,0.000000,8.000000,3.500000
7520,2015,11,10,8,0.000000,0.000000,0.000000,0.000000,24.000000,10.500000
7521,2015,11,10,9,0.000000,0.000000,0.000000,0.000000,38.400000,16.800000
7522,2015,11,10,10,0.000000,0.000000,0.000000,0.000000,51.200000,22.400000
7523,2015,11,10,11,0.000000,0.000000,0.000000,0.000000,61.600000,26.950000
7524,2015,11,10,12,0.000000,0.000000,0.000000,0.000000,67.200000,29.400000
7525,2015,11,10,13,0.000000,0.000000,0.000000,0.000000,69.600000,30.450000
7526,2015,11,10,14,0.000000,0.000000,0.000000,0.000000,67.200000,29.400000
7527,2015,11,10,15,0.000000,0.000000,0.000000,0.000000,60.800000,26.600000
7528,2015,11,10,16,0.000000,0.000000,0.000000,0.000000,51.200000,22.400000
7529,2015,11,10,17,0.000000,0.000000,0.000000,0.000000,37.600000,16.450000
7530,2015,11,10,18,0.000000,0.000000,0.000000,0.000000,24.000000,10.500000
7531,2015,11,10,19,0.000000,0.000000,0.000000,0.000000,7.200000,3.150000
7532,2015,11,10,20,0.000000,0.000000,0.000000,0.000000,0.000000,0.000000
7533,2015,11,10,21,0.000000,0.000000,0.000000,0.000000,0.000000,0.000000
7534,2015,11,10,22,0.000000,0.000000,0.000000,0.000000,0.000000,0.000000
7535,2015,11,10,23,0.000000,0.000000,0.000000,0.000000,0.000000,0.000000
7536,2015,11,10,24,0.000000,0.000000,0.000000,0.000000,0.000000,0.000000
7537,2015,11,11,1,0.000000,0.000000,0.000000,0.000000,0.000000,0.000000
7538,2015,11,11,2,0.000000,0.000000,0.000000,0.000000,0.000000,0.000000
7539,2015,11,11,3,0.000000,0.000000,0.000000,0.000000,0.000000,0.000000
7540,2015,11,11,4,0.000000,0.000000,0.000000,0.000000,0.000000,0.000000
7541,2015,11,11,5,0.000000,0.000000,0.000000,0.000000,0.000000,0.000000
7542,2015,11,11,6,0.000000,0.000000,0.000000,0.000000,0.000000,0.000000
7543,2015,11,11,7,0.000000,0.000000,0.000000,0.000000,8.000000,3.500000
7544,2015,11,11,8,0.000000,0.000000,0.000000,0.000000,24.000000,10.500000
7545,2015,11,11,9,0.000000,0.000000,0.000000,0.000000,38.400000,16.800000
7546,2015,11,11,10,0.000000,0.000000,0.000000,0.000000,51.200000,22.400000
7547,2015,11,11,11,0.000000,0.000000,0.000000,0.000000,61.600000,26.950000
7548,2015,11,11,12,0.000000,0.000000,0.000000,0.000000,67.200000,29.400000
7549,2015,11,11,13,0.000000,0.000000,0.000000,0.000000,69.600000,30.450000
7550,2015,11,11,14,0.000000,0.000000,0.000000,0.000000,67.200000,29.400000
7551,2015,11,11,15,0.000000,0.000000,0.000000,0.000000,60.800000,26.600000
7552,2015,11,11,16,0.000000,0.000000,0.000000,0.000000,51.200000,22.400000
7553,2015,11,11,17,0.000000,0.000000,0.000000,0.000000,37.600000,16.450000
7554,2015,11,11,18,0.000000,0.000000,0.000000,0.000000,24.000000,10.500000
7555,2015,11,11,19,0.000000,0.000000,0.000000,0.000000,7.200000,3.150000
7556,2015,11,11,20,0.000000,0.000000,0.000000,0.000000,0.000000,0.000000
7557,2015,11,11,21,0.000000,0.000000,0.000000,0.000000,0.000000,0.000000
7558,2015,11,11,22,0.000000,0.000000,0.000000,0.000000,0.000000,0.000000
7559,2015,11,11,23,0.000000,0.000000,0.000000,0.000000,0.000000,0.000000
7560,2015,11,11,24,0.000000,0.000000,0.000000,0.000000,0.000000,0.000000
7561,2015,11,12,1,0.000000,0.000000,0.000000,0.000000,0.000000,0.000000
7562,2015,11,12,2,0.000000,0.000000,0.000000,0.000000,0.000000,0.000000
7563,2015,11,12,3,0.000000,0.000000,0.000000,0.000000,0.000000,0.000000
7564,2015,11,12,4,0.000000,0.000000,0.000000,0.000000,0.000000,0.000000
7565,2015,11,12,5,0.000000,0.000000,0.000000,0.000000,0.000000,0.000000
7566,2015,11,12,6,0.000000,0.000000,0.000000,0.000000,0.000000,0.000000
7567,2015,11,12,7,0.000000,0.000000,0.000000,0.000000,8.000000,3.500000
7568,2015,11,12,8,0.000000,0.000000,0.000000,0.000000,24.000000,10.500000
7569,2015,11,12,9,0.000000,0.000000,0.000000,0.000000,38.400000,16.800000
7570,2015,11,12,10,0.000000,0.000000,0.000000,0.000000,51.200000,22.400000
7571,2015,11,12,11,0.000000,0.000000,0.000000,0.000000,61.600000,26.950000
7572,2015,11,12,12,0.000000,0.000000,0.000000,0.000000,67.200000,29.400000
7573,2015,11,12,13,0.000000,0.000000,0.000000,0.000000,69.600000,30.450000
7574,2015,11,12,14,0.000000,0.000000,0.000000,0.000000,67.200000,29.400000
7575,2015,11,12,15,0.000000,0.000000,0.000000,0.000000,60.800000,26.600000
7576,2015,11,12,16,0.000000,0.000000,0.000000,0.000000,51.200000,22.400000
7577,2015,11,12,17,0.000000,0.000000,0.000000,0.000000,37.600000,16.450000
7578,2015,11,12,18,0.000000,0.000000,0.000000,0.000000,24.000000,10.500000
7579,2015,11,12,19,0.000000,0.000000,0.000000,0.000000,7.200000,3.150000
7580,2015,11,12,20,0.000000,0.000000,0.000000,0.000000,0.000000,0.000000
7581,2015,11,12,21,0.000000,0.000000,0.000000,0.000000,0.000000,0.000000
7582,2015,11,12,22,0.000000,0.000000,0.000000,0.000000,0.000000,0.000000
7583,2015,11,12,23,0.000000,0.000000,0.000000,0.000000,0.000000,0.000000
7584,2015,11,12,24,0.000000,0.000000,0.000000,0.000000,0.000000,0.000000
7585,2015,11,13,1,0.000000,0.000000,0.000000,0.000000,0.000000,0.000000
7586,2015,11,13,2,0.000000,0.000000,0.000000,0.000000,0.000000,0.000000
7587,2015,11,13,3,0.000000,0.000000,0.000000,0.000000,0.000000,0.000000
7588,2015,11,13,4,0.000000,0.000000,0.000000,0.000000,0.000000,0.000000
7589,2015,11,13,5,0.000000,0.000000,0.000000,0.000000,0.000000,0.000000
7590,2015,11,13,6,0.000000,0.000000,0.000000,0.000000,0.000000,0.000000
7591,2015,11,13,7,0.000000,0.000000,0.000000,0.000000,8.000000,3.500000
7592,2015,11,13,8,0.000000,0.000000,0.000000,0.000000,24.000000,10.500000
7593,2015,11,13,9,0.000000,0.000000,0.000000,0.000000,38.400000,16.800000
7594,2015,11,13,10,0.000000,0.000000,0.000000,0.000000,51.200000,22.400000
7595,2015,11,13,11,0.000000,0.000000,0.000000,0.000000,61.600000,26.950000
7596,2015,11,13,12,0.000000,0.000000,0.000000,0.000000,67.200000,29.400000
7597,2015,11,13,13,0.000000,0.000000,0.000000,0.000000,69.600000,30.450000
7598,2015,11,13,14,0.000000,0.000000,0.000000,0.000000,67.200000,29.400000
7599,2015,11,13,15,0.000000,0.000000,0.000000,0.000000,60.800000,26.600000
7600,2015,11,13,16,0.000000,0.000000,0.000000,0.000000,51.200000,22.400000
7601,2015,11,13,17,0.000000,0.000000,0.000000,0.000000,37.600000,16.450000
7602,2015,11,13,18,0.000000,0.000000,0.000000,0.000000,24.000000,10.500000
7603,2015,11,13,19,0.000000,0.000000,0.000000,0.000000,7.200000,3.150000
7604,2015,11,13,20,0.000000,0.000000,0.000000,0.000000,0.000000,0.000000
7605,2015,11,13,21,0.000000,0.000000,0.000000,0.000000,0.000000,0.000000
7606,2015,11,13,22,0.000000,0.000000,0.000000,0.000000,0.000000,0.000000
7607,2015,11,13,23,0.000000,0.000000,0.000000,0.000000,0.000000,0.000000
7608,2015,11,13,24,0.000000,0.000000,0.000000,0.000000,0.000000,0.000000
7609,2015,11,14,1,0.000000,0.000000,0.000000,0.000000,0.000000,0.000000
7610,2015,11,14,2,0.000000,0.000000,0.000000,0.000000,0.000000,0.000000
7611,2015,11,14,3,0.000000,0.000000,0.000000,0.000000,0.000000,0.000000
7612,2015,11,14,4,0.000000,0.000000,0.000000,0.000000,0.000000,0.000000
7613,2015,11,14,5,0.000000,0.000000,0.000000,0.000000,0.000000,0.000000
7614,2015,11,14,6,0.000000,0.000000,0.000000,0.000000,0.000000,0.000000
7615,2015,11,14,7,0.000000,0.000000,0.000000,0.000000,8.000000,3.500000
7616,2015,11,14,8,0.000000,0.000000,0.000000,0.000000,24.000000,10.500000
7617,2015,11,14,9,0.000000,0.000000,0.000000,0.000000,38.400000,16.800000
7618,2015,11,14,10,0.000000,0.000000,0.000000,0.000000,51.200000,22.400000
7619,2015,11,14,11,0.000000,0.000000,0.000000,0.000000,61.600000,26.950000
7620,2015,11,14,12,0.000000,0.000000,0.000000,0.000000,67.200000,29.400000
7621,2015,11,14,13,0.000000,0.000000,0.000000,0.000000,69.600000,30.450000
7622,2015,11,14,14,0.000000,0.000000,0.000000,0.000000,67.200000,29.400000
7623,2015,11,14,15,0.000000,0.000000,0.000000,0.000000,60.800000,26.600000
7624,2015,11,14,16,0.000000,0.000000,0.000000,0.000000,51.200000,22.400000
7625,2015,11,14,17,0.000000,0.000000,0.000000,0.000000,37.600000,16.450000
7626,2015,11,14,18,0.000000,0.000000,0.000000,0.000000,24.000000,10.500000
7627,2015,11,14,19,0.000000,0.000000,0.000000,0.000000,7.200000,3.150000
7628,2015,11,14,20,0.000000,0.000000,0.000000,0.000000,0.000000,0.000000
7629,2015,11,14,21,0.000000,0.000000,0.000000,0.000000,0.000000,0.000000
7630,2015,11,14,22,0.000000,0.000000,0.000000,0.000000,0.000000,0.000000
7631,2015,11,14,23,0.000000,0.000000,0.000000,0.000000,0.000000,0.000000
7632,2015,11,14,24,0.000000,0.000000,0.000000,0.000000,0.000000,0.000000
7633,2015,11,15,1,0.000000,0.000000,0.000000,0.000000,0.000000,0.000000
7634,2015,11,15,2,0.000000,0.000000,0.000000,0.000000,0.000000,0.000000
7635,2015,11,15,3,0.000000,0.000000,0.000000,0.000000,0.000000,0.000000
7636,2015,11,15,4,0.000000,0.000000,0.000000,0.000000,0.000000,0.000000
7637,2015,11,15,5,0.000000,0.000000,0.000000,0.000000,0.000000,0.000000
7638,2015,11,15,6,0.000000,0.000000,0.000000,0.000000,0.000000,0.000000
7639,2015,11,15,7,0.000000,0.000000,0.000000,0.000000,8.000000,3.500000
7640,2015,11,15,8,0.000000,0.000000,0.000000,0.000000,24.000000,10.500000
7641,2015,11,15,9,0.000000,0.000000,0.000000,0.000000,38.400000,16.800000
7642,2015,11,15,10,0.000000,0.000000,0.000000,0.000000,51.200000,22.400000
7643,2015,11,15,11,0.000000,0.000000,0.000000,0.000000,61.600000,26.950000
7644,2015,11,15,12,0.000000,0.000000,0.000000,0.000000,67.200000,29.400000
7645,2015,11,15,13,0.000000,0.000000,0.000000,0.000000,69.600000,30.450000
7646,2015,11,15,14,0.000000,0.000000,0.000000,0.000000,67.200000,29.400000
7647,2015,11,15,15,0.000000,0.000000,0.000000,0.000000,60.800000,26.600000
7648,2015,11,15,16,0.000000,0.000000,0.000000,0.000000,51.200000,22.400000
7649,2015,11,15,17,0.000000,0.000000,0.000000,0.000000,37.600000,16.450000
7650,2015,11,15,18,0.000000,0.000000,0.000000,0.000000,24.000000,10.500000
7651,2015,11,15,19,0.000000,0.000000,0.000000,0.000000,7.200000,3.150000
7652,2015,11,15,20,0.000000,0.000000,0.000000,0.000000,0.000000,0.000000
7653,2015,11,15,21,0.000000,0.000000,0.000000,0.000000,0.000000,0.000000
7654,2015,11,15,22,0.000000,0.000000,0.000000,0.000000,0.000000,0.000000
7655,2015,11,15,23,0.000000,0.000000,0.000000,0.000000,0.000000,0.000000
7656,2015,11,15,24,0.000000,0.000000,0.000000,0.000000,0.000000,0.000000
7657,2015,11,16,1,0.000000,0.000000,0.000000,0.000000,0.000000,0.000000
7658,2015,11,16,2,0.000000,0.000000,0.000000,0.000000,0.000000,0.000000
7659,2015,11,16,3,0.000000,0.000000,0.000000,0.000000,0.000000,0.000000
7660,2015,11,16,4,0.000000,0.000000,0.000000,0.000000,0.000000,0.000000
7661,2015,11,16,5,0.000000,0.000000,0.000000,0.000000,0.000000,0.000000
7662,2015,11,16,6,0.000000,0.000000,0.000000,0.000000,0.000000,0.000000
7663,2015,11,16,7,0.000000,0.000000,0.000000,0.000000,8.000000,3.500000
7664,2015,11,16,8,0.000000,0.000000,0.000000,0.000000,24.000000,10.500000
7665,2015,11,16,9,0.000000,0.000000,0.000000,0.000000,38.400000,16.800000
7666,2015,11,16,10,0.000000,0.000000,0.000000,0.000000,51.200000,22.400000
7667,2015,11,16,11,0.000000,0.000000,0.000000,0.000000,61.600000,26.950000
7668,2015,11,16,12,0.000000,0.000000,0.000000,0.000000,67.200000,29.400000
7669,2015,11,16,13,0.000000,0.000000,0.000000,0.000000,69.600000,30.450000
7670,2015,11,16,14,0.000000,0.000000,0.000000,0.000000,67.200000,29.400000
7671,2015,11,16,15,0.000000,0.000000,0.000000,0.000000,60.800000,26.600000
7672,2015,11,16,16,0.000000,0.000000,0.000000,0.000000,51.200000,22.400000
7673,2015,11,16,17,0.000000,0.000000,0.000000,0.000000,37.600000,16.450000
7674,2015,11,16,18,0.000000,0.000000,0.000000,0.000000,24.000000,10.500000
7675,2015,11,16,19,0.000000,0.000000,0.000000,0.000000,7.200000,3.150000
7676,2015,11,16,20,0.000000,0.000000,0.000000,0.000000,0.000000,0.000000
7677,2015,11,16,21,0.000000,0.000000,0.000000,0.000000,0.000000,0.000000
7678,2015,11,16,22,0.000000,0.000000,0.000000,0.000000,0.000000,0.000000
7679,2015,11,16,23,0.000000,0.000000,0.000000,0.000000,0.000000,0.000000
7680,2015,11,16,24,0.000000,0.000000,0.000000,0.000000,0.000000,0.000000
7681,2015,11,17,1,0.000000,0.000000,0.000000,0.000000,0.000000,0.000000
7682,2015,11,17,2,0.000000,0.000000,0.000000,0.000000,0.000000,0.000000
7683,2015,11,17,3,0.000000,0.000000,0.000000,0.000000,0.000000,0.000000
7684,2015,11,17,4,0.000000,0.000000,0.000000,0.000000,0.000000,0.000000
7685,2015,11,17,5,0.000000,0.000000,0.000000,0.000000,0.000000,0.000000
7686,2015,11,17,6,0.000000,0.000000,0.000000,0.000000,0.000000,0.000000
7687,2015,11,17,7,0.000000,0.000000,0.000000,0.000000,8.000000,3.500000
7688,2015,11,17,8,0.000000,0.000000,0.000000,0.000000,24.000000,10.500000
7689,2015,11,17,9,0.000000,0.000000,0.000000,0.000000,38.400000,16.800000
7690,2015,11,17,10,0.000000,0.000000,0.000000,0.000000,51.200000,22.400000
7691,2015,11,17,11,0.000000,0.000000,0.000000,0.000000,61.600000,26.950000
7692,2015,11,17,12,0.000000,0.000000,0.000000,0.000000,67.200000,29.400000
7693,2015,11,17,13,0.000000,0.000000,0.000000,0.000000,69.600000,30.450000
7694,2015,11,17,14,0.000000,0.000000,0.000000,0.000000,67.200000,29.400000
7695,2015,11,17,15,0.000000,0.000000,0.000000,0.000000,60.800000,26.600000
7696,2015,11,17,16,0.000000,0.000000,0.000000,0.000000,51.200000,22.400000
7697,2015,11,17,17,0.000000,0.000000,0.000000,0.000000,37.600000,16.450000
7698,2015,11,17,18,0.000000,0.000000,0.000000,0.000000,24.000000,10.500000
7699,2015,11,17,19,0.000000,0.000000,0.000000,0.000000,7.200000,3.150000
7700,2015,11,17,20,0.000000,0.000000,0.000000,0.000000,0.000000,0.000000
7701,2015,11,17,21,0.000000,0.000000,0.000000,0.000000,0.000000,0.000000
7702,2015,11,17,22,0.000000,0.000000,0.000000,0.000000,0.000000,0.000000
7703,2015,11,17,23,0.000000,0.000000,0.000000,0.000000,0.000000,0.000000
7704,2015,11,17,24,0.000000,0.000000,0.000000,0.000000,0.000000,0.000000
7705,2015,11,18,1,0.000000,0.000000,0.000000,0.000000,0.000000,0.000000
7706,2015,11,18,2,0.000000,0.000000,0.000000,0.000000,0.000000,0.000000
7707,2015,11,18,3,0.000000,0.000000,0.000000,0.000000,0.000000,0.000000
7708,2015,11,18,4,0.000000,0.000000,0.000000,0.000000,0.000000,0.000000
7709,2015,11,18,5,0.000000,0.000000,0.000000,0.000000,0.000000,0.000000
7710,2015,11,18,6,0.000000,0.000000,0.000000,0.000000,0.000000,0.000000
7711,2015,11,18,7,0.000000,0.000000,0.000000,0.000000,8.000000,3.500000
7712,2015,11,18,8,0.000000,0.000000,0.000000,0.000000,24.000000,10.500000
7713,2015,11,18,9,0.000000,0.000000,0.000000,0.000000,38.400000,16.800000
7714,2015,11,18,10,0.000000,0.000000,0.000000,0.000000,51.200000,22.400000
7715,2015,11,18,11,0.000000,0.000000,0.000000,0.000000,61.600000,26.950000
7716,2015,11,18,12,0.000000,0.000000,0.000000,0.000000,67.200000,29.400000
7717,2015,11,18,13,0.000000,0.000000,0.000000,0.000000,69.600000,30.450000
7718,2015,11,18,14,0.000000,0.000000,0.000000,0.000000,67.200000,29.400000
7719,2015,11,18,15,0.000000,0.000000,0.000000,0.000000,60.800000,26.600000
7720,2015,11,18,16,0.000000,0.000000,0.000000,0.000000,51.200000,22.400000
7721,2015,11,18,17,0.000000,0.000000,0.000000,0.000000,37.600000,16.450000
7722,2015,11,18,18,0.000000,0.000000,0.000000,0.000000,24.000000,10.500000
7723,2015,11,18,19,0.000000,0.000000,0.000000,0.000000,7.200000,3.150000
7724,2015,11,18,20,0.000000,0.000000,0.000000,0.000000,0.000000,0.000000
7725,2015,11,18,21,0.000000,0.000000,0.000000,0.000000,0.000000,0.000000
7726,2015,11,18,22,0.000000,0.000000,0.000000,0.000000,0.000000,0.000000
7727,2015,11,18,23,0.000000,0.000000,0.000000,0.000000,0.000000,0.000000
7728,2015,11,18,24,0.000000,0.000000,0.000000,0.000000,0.000000,0.000000
7729,2015,11,19,1,0.000000,0.000000,0.000000,0.000000,0.000000,0.000000
7730,2015,11,19,2,0.000000,0.000000,0.000000,0.000000,0.000000,0.000000
7731,2015,11,19,3,0.000000,0.000000,0.000000,0.000000,0.000000,0.000000
7732,2015,11,19,4,0.000000,0.000000,0.000000,0.000000,0.000000,0.000000
7733,2015,11,19,5,0.000000,0.000000,0.000000,0.000000,0.000000,0.000000
7734,2015,11,19,6,0.000000,0.000000,0.000000,0.000000,0.000000,0.000000
7735,2015,11,19,7,0.000000,0.000000,0.000000,0.000000,8.000000,3.500000
7736,2015,11,19,8,0.000000,0.000000,0.000000,0.000000,24.000000,10.500000
7737,2015,11,19,9,0.000000,0.000000,0.000000,0.000000,38.400000,16.800000
7738,2015,11,19,10,0.000000,0.000000,0.000000,0.000000,51.200000,22.400000
7739,2015,11,19,11,0.000000,0.000000,0.000000,0.000000,61.600000,26.950000
7740,2015,11,19,12,0.000000,0.000000,0.000000,0.000000,67.200000,29.400000
7741,2015,11,19,13,0.000000,0.000000,0.000000,0.000000,69.600000,30.450000
7742,2015,11,19,14,0.000000,0.000000,0.000000,0.000000,67.200000,29.400000
7743,2015,11,19,15,0.000000,0.000000,0.000000,0.000000,60.800000,26.600000
7744,2015,11,19,16,0.000000,0.000000,0.000000,0.000000,51.200000,22.400000
7745,2015,11,19,17,0.000000,0.000000,0.000000,0.000000,37.600000,16.450000
7746,2015,11,19,18,0.000000,0.000000,0.000000,0.000000,24.000000,10.500000
7747,2015,11,19,19,0.000000,0.000000,0.000000,0.000000,7.200000,3.150000
7748,2015,11,19,20,0.000000,0.000000,0.000000,0.000000,0.000000,0.000000
7749,2015,11,19,21,0.000000,0.000000,0.000000,0.000000,0.000000,0.000000
7750,2015,11,19,22,0.000000,0.000000,0.000000,0.000000,0.000000,0.000000
7751,2015,11,19,23,0.000000,0.000000,0.000000,0.000000,0.000000,0.000000
7752,2015,11,19,24,0.000000,0.000000,0.000000,0.000000,0.000000,0.000000
7753,2015,11,20,1,0.000000,0.000000,0.000000,0.000000,0.000000,0.000000
7754,2015,11,20,2,0.000000,0.000000,0.000000,0.000000,0.000000,0.000000
7755,2015,11,20,3,0.000000,0.000000,0.000000,0.000000,0.000000,0.000000
7756,2015,11,20,4,0.000000,0.000000,0.000000,0.000000,0.000000,0.000000
7757,2015,11,20,5,0.000000,0.000000,0.000000,0.000000,0.000000,0.000000
7758,2015,11,20,6,0.000000,0.000000,0.000000,0.000000,0.000000,0.000000
7759,2015,11,20,7,0.000000,0.000000,0.000000,0.000000,8.000000,3.500000
7760,2015,11,20,8,0.000000,0.000000,0.000000,0.000000,24.000000,10.500000
7761,2015,11,20,9,0.000000,0.000000,0.000000,0.000000,38.400000,16.800000
7762,2015,11,20,10,0.000000,0.000000,0.000000,0.000000,51.200000,22.400000
7763,2015,11,20,11,0.000000,0.000000,0.000000,0.000000,61.600000,26.950000
7764,2015,11,20,12,0.000000,0.000000,0.000000,0.000000,67.200000,29.400000
7765,2015,11,20,13,0.000000,0.000000,0.000000,0.000000,69.600000,30.450000
7766,2015,11,20,14,0.000000,0.000000,0.000000,0.000000,67.200000,29.400000
7767,2015,11,20,15,0.000000,0.000000,0.000000,0.000000,60.800000,26.600000
7768,2015,11,20,16,0.000000,0.000000,0.000000,0.000000,51.200000,22.400000
7769,2015,11,20,17,0.000000,0.000000,0.000000,0.000000,37.600000,16.450000
7770,2015,11,20,18,0.000000,0.000000,0.000000,0.000000,24.000000,10.500000
7771,2015,11,20,19,0.000000,0.000000,0.000000,0.000000,7.200000,3.150000
7772,2015,11,20,20,0.000000,0.000000,0.000000,0.000000,0.000000,0.000000
7773,2015,11,20,21,0.000000,0.000000,0.000000,0.000000,0.000000,0.000000
7774,2015,11,20,22,0.000000,0.000000,0.000000,0.000000,0.000000,0.000000
7775,2015,11,20,23,0.000000,0.000000,0.000000,0.000000,0.000000,0.000000
7776,2015,11,20,24,0.000000,0.000000,0.000000,0.000000,0.000000,0.000000
7777,2015,11,21,1,0.000000,0.000000,0.000000,0.000000,0.000000,0.000000
7778,2015,11,21,2,0.000000,0.000000,0.000000,0.000000,0.000000,0.000000
7779,2015,11,21,3,0.000000,0.000000,0.000000,0.000000,0.000000,0.000000
7780,2015,11,21,4,0.000000,0.000000,0.000000,0.000000,0.000000,0.000000
7781,2015,11,21,5,0.000000,0.000000,0.000000,0.000000,0.000000,0.000000
7782,2015,11,21,6,0.000000,0.000000,0.000000,0.000000,0.000000,0.000000
7783,2015,11,21,7,0.000000,0.000000,0.000000,0.000000,8.000000,3.500000
7784,2015,11,21,8,0.000000,0.000000,0.000000,0.000000,24.000000,10.500000
7785,2015,11,21,9,0.000000,0.000000,0.000000,0.000000,38.400000,16.800000
7786,2015,11,21,10,0.000000,0.000000,0.000000,0.000000,51.200000,22.400000
7787,2015,11,21,11,0.000000,0.000000,0.000000,0.000000,61.600000,26.950000
7788,2015,11,21,12,0.000000,0.000000,0.000000,0.000000,67.200000,29.400000
7789,2015,11,21,13,0.000000,0.000000,0.000000,0.000000,69.600000,30.450000
7790,2015,11,21,14,0.000000,0.000000,0.000000,0.000000,67.200000,29.400000
7791,2015,11,21,15,0.000000,0.000000,0.000000,0.000000,60.800000,26.600000
7792,2015,11,21,16,0.000000,0.000000,0.000000,0.000000,51.200000,22.400000
7793,2015,11,21,17,0.000000,0.000000,0.000000,0.000000,37.600000,16.450000
7794,2015,11,21,18,0.000000,0.000000,0.000000,0.000000,24.000000,10.500000
7795,2015,11,21,19,0.000000,0.000000,0.000000,0.000000,7.200000,3.150000
7796,2015,11,21,20,0.000000,0.000000,0.000000,0.000000,0.000000,0.000000
7797,2015,11,21,21,0.000000,0.000000,0.000000,0.000000,0.000000,0.000000
7798,2015,11,21,22,0.000000,0.000000,0.000000,0.000000,0.000000,0.000000
7799,2015,11,21,23,0.000000,0.000000,0.000000,0.000000,0.000000,0.000000
7800,2015,11,21,24,0.000000,0.000000,0.000000,0.000000,0.000000,0.000000
7801,2015,11,22,1,0.000000,0.000000,0.000000,0.000000,0.000000,0.000000
7802,2015,11,22,2,0.000000,0.000000,0.000000,0.000000,0.000000,0.000000
7803,2015,11,22,3,0.000000,0.000000,0.000000,0.000000,0.000000,0.000000
7804,2015,11,22,4,0.000000,0.000000,0.000000,0.000000,0.000000,0.000000
7805,2015,11,22,5,0.000000,0.000000,0.000000,0.000000,0.000000,0.000000
7806,2015,11,22,6,0.000000,0.000000,0.000000,0.000000,0.000000,0.000000
7807,2015,11,22,7,0.000000,0.000000,0.000000,0.000000,8.000000,3.500000
7808,2015,11,22,8,0.000000,0.000000,0.000000,0.000000,24.000000,10.500000
7809,2015,11,22,9,0.000000,0.000000,0.000000,0.000000,38.400000,16.800000
7810,2015,11,22,10,0.000000,0.000000,0.000000,0.000000,51.200000,22.400000
7811,2015,11,22,11,0.000000,0.000000,0.000000,0.000000,61.600000,26.950000
7812,2015,11,22,12,0.000000,0.000000,0.000000,0.000000,67.200000,29.400000
7813,2015,11,22,13,0.000000,0.000000,0.000000,0.000000,69.600000,30.450000
7814,2015,11,22,14,0.000000,0.000000,0.000000,0.000000,67.200000,29.400000
7815,2015,11,22,15,0.000000,0.000000,0.000000,0.000000,60.800000,26.600000
7816,2015,11,22,16,0.000000,0.000000,0.000000,0.000000,51.200000,22.400000
7817,2015,11,22,17,0.000000,0.000000,0.000000,0.000000,37.600000,16.450000
7818,2015,11,22,18,0.000000,0.000000,0.000000,0.000000,24.000000,10.500000
7819,2015,11,22,19,0.000000,0.000000,0.000000,0.000000,7.200000,3.150000
7820,2015,11,22,20,0.000000,0.000000,0.000000,0.000000,0.000000,0.000000
7821,2015,11,22,21,0.000000,0.000000,0.000000,0.000000,0.000000,0.000000
7822,2015,11,22,22,0.000000,0.000000,0.000000,0.000000,0.000000,0.000000
7823,2015,11,22,23,0.000000,0.000000,0.000000,0.000000,0.000000,0.000000
7824,2015,11,22,24,0.000000,0.000000,0.000000,0.000000,0.000000,0.000000
7825,2015,11,23,1,0.000000,0.000000,0.000000,0.000000,0.000000,0.000000
7826,2015,11,23,2,0.000000,0.000000,0.000000,0.000000,0.000000,0.000000
7827,2015,11,23,3,0.000000,0.000000,0.000000,0.000000,0.000000,0.000000
7828,2015,11,23,4,0.000000,0.000000,0.000000,0.000000,0.000000,0.000000
7829,2015,11,23,5,0.000000,0.000000,0.000000,0.000000,0.000000,0.000000
7830,2015,11,23,6,0.000000,0.000000,0.000000,0.000000,0.000000,0.000000
7831,2015,11,23,7,0.000000,0.000000,0.000000,0.000000,8.000000,3.500000
7832,2015,11,23,8,0.000000,0.000000,0.000000,0.000000,24.000000,10.500000
7833,2015,11,23,9,0.000000,0.000000,0.000000,0.000000,38.400000,16.800000
7834,2015,11,23,10,0.000000,0.000000,0.000000,0.000000,51.200000,22.400000
7835,2015,11,23,11,0.000000,0.000000,0.000000,0.000000,61.600000,26.950000
7836,2015,11,23,12,0.000000,0.000000,0.000000,0.000000,67.200000,29.400000
7837,2015,11,23,13,0.000000,0.000000,0.000000,0.000000,69.600000,30.450000
7838,2015,11,23,14,0.000000,0.000000,0.000000,0.000000,67.200000,29.400000
7839,2015,11,23,15,0.000000,0.000000,0.000000,0.000000,60.800000,26.600000
7840,2015,11,23,16,0.000000,0.000000,0.000000,0.000000,51.200000,22.400000
7841,2015,11,23,17,0.000000,0.000000,0.000000,0.000000,37.600000,16.450000
7842,2015,11,23,18,0.000000,0.000000,0.000000,0.000000,24.000000,10.500000
7843,2015,11,23,19,0.000000,0.000000,0.000000,0.000000,7.200000,3.150000
7844,2015,11,23,20,0.000000,0.000000,0.000000,0.000000,0.000000,0.000000
7845,2015,11,23,21,0.000000,0.000000,0.000000,0.000000,0.000000,0.000000
7846,2015,11,23,22,0.000000,0.000000,0.000000,0.000000,0.000000,0.000000
7847,2015,11,23,23,0.000000,0.000000,0.000000,0.000000,0.000000,0.000000
7848,2015,11,23,24,0.000000,0.000000,0.000000,0.000000,0.000000,0.000000
7849,2015,11,24,1,0.000000,0.000000,0.000000,0.000000,0.000000,0.000000
7850,2015,11,24,2,0.000000,0.000000,0.000000,0.000000,0.000000,0.000000
7851,2015,11,24,3,0.000000,0.000000,0.000000,0.000000,0.000000,0.000000
7852,2015,11,24,4,0.000000,0.000000,0.000000,0.000000,0.000000,0.000000
7853,2015,11,24,5,0.000000,0.000000,0.000000,0.000000,0.000000,0.000000
7854,2015,11,24,6,0.000000,0.000000,0.000000,0.000000,0.000000,0.000000
7855,2015,11,24,7,0.000000,0.000000,0.000000,0.000000,8.000000,3.500000
7856,2015,11,24,8,0.000000,0.000000,0.000000,0.000000,24.000000,10.500000
7857,2015,11,24,9,0.000000,0.000000,0.000000,0.000000,38.400000,16.800000
7858,2015,11,24,10,0.000000,0.000000,0.000000,0.000000,51.200000,22.400000
7859,2015,11,24,11,0.000000,0.000000,0.000000,0.000000,61.600000,26.950000
7860,2015,11,24,12,0.000000,0.000000,0.000000,0.000000,67.200000,29.400000
7861,2015,11,24,13,0.000000,0.000000,0.000000,0.000000,69.600000,30.450000
7862,2015,11,24,14,0.000000,0.000000,0.000000,0.000000,67.200000,29.400000
7863,2015,11,24,15,0.000000,0.000000,0.000000,0.000000,60.800000,26.600000
7864,2015,11,24,16,0.000000,0.000000,0.000000,0.000000,51.200000,22.400000
7865,2015,11,24,17,0.000000,0.000000,0.000000,0.000000,37.600000,16.450000
7866,2015,11,24,18,0.000000,0.000000,0.000000,0.000000,24.000000,10.500000
7867,2015,11,24,19,0.000000,0.000000,0.000000,0.000000,7.200000,3.150000
7868,2015,11,24,20,0.000000,0.000000,0.000000,0.000000,0.000000,0.000000
7869,2015,11,24,21,0.000000,0.000000,0.000000,0.000000,0.000000,0.000000
7870,2015,11,24,22,0.000000,0.000000,0.000000,0.000000,0.000000,0.000000
7871,2015,11,24,23,0.000000,0.000000,0.000000,0.000000,0.000000,0.000000
7872,2015,11,24,24,0.000000,0.000000,0.000000,0.000000,0.000000,0.000000
7873,2015,11,25,1,0.000000,0.000000,0.000000,0.000000,0.000000,0.000000
7874,2015,11,25,2,0.000000,0.000000,0.000000,0.000000,0.000000,0.000000
7875,2015,11,25,3,0.000000,0.000000,0.000000,0.000000,0.000000,0.000000
7876,2015,11,25,4,0.000000,0.000000,0.000000,0.000000,0.000000,0.000000
7877,2015,11,25,5,0.000000,0.000000,0.000000,0.000000,0.000000,0.000000
7878,2015,11,25,6,0.000000,0.000000,0.000000,0.000000,0.000000,0.000000
7879,2015,11,25,7,0.000000,0.000000,0.000000,0.000000,8.000000,3.500000
7880,2015,11,25,8,0.000000,0.000000,0.000000,0.000000,24.000000,10.500000
7881,2015,11,25,9,0.000000,0.000000,0.000000,0.000000,38.400000,16.800000
7882,2015,11,25,10,0.000000,0.000000,0.000000,0.000000,51.200000,22.400000
7883,2015,11,25,11,0.000000,0.000000,0.000000,0.000000,61.600000,26.950000
7884,2015,11,25,12,0.000000,0.000000,0.000000,0.000000,67.200000,29.400000
7885,2015,11,25,13,0.000000,0.000000,0.000000,0.000000,69.600000,30.450000
7886,2015,11,25,14,0.000000,0.000000,0.000000,0.000000,67.200000,29.400000
7887,2015,11,25,15,0.000000,0.000000,0.000000,0.000000,60.800000,26.600000
7888,2015,11,25,16,0.000000,0.000000,0.000000,0.000000,51.200000,22.400000
7889,2015,11,25,17,0.000000,0.000000,0.000000,0.000000,37.600000,16.450000
7890,2015,11,25,18,0.000000,0.000000,0.000000,0.000000,24.000000,10.500000
7891,2015,11,25,19,0.000000,0.000000,0.000000,0.000000,7.200000,3.150000
7892,2015,11,25,20,0.000000,0.000000,0.000000,0.000000,0.000000,0.000000
7893,2015,11,25,21,0.000000,0.000000,0.000000,0.000000,0.000000,0.000000
7894,2015,11,25,22,0.000000,0.000000,0.000000,0.000000,0.000000,0.000000
7895,2015,11,25,23,0.000000,0.000000,0.000000,0.000000,0.000000,0.000000
7896,2015,11,25,24,0.000000,0.000000,0.000000,0.000000,0.000000,0.000000
7897,2015,11,26,1,0.000000,0.000000,0.000000,0.000000,0.000000,0.000000
7898,2015,11,26,2,0.000000,0.000000,0.000000,0.000000,0.000000,0.000000
7899,2015,11,26,3,0.000000,0.000000,0.000000,0.000000,0.000000,0.000000
7900,2015,11,26,4,0.000000,0.000000,0.000000,0.000000,0.000000,0.000000
7901,2015,11,26,5,0.000000,0.000000,0.000000,0.000000,0.000000,0.000000
7902,2015,11,26,6,0.000000,0.000000,0.000000,0.000000,0.000000,0.000000
7903,2015,11,26,7,0.000000,0.000000,0.000000,0.000000,8.000000,3.500000
7904,2015,11,26,8,0.000000,0.000000,0.000000,0.000000,24.000000,10.500000
7905,2015,11,26,9,0.000000,0.000000,0.000000,0.000000,38.400000,16.800000
7906,2015,11,26,10,0.000000,0.000000,0.000000,0.000000,51.200000,22.400000
7907,2015,11,26,11,0.000000,0.000000,0.000000,0.000000,61.600000,26.950000
7908,2015,11,26,12,0.000000,0.000000,0.000000,0.000000,67.200000,29.400000
7909,2015,11,26,13,0.000000,0.000000,0.000000,0.000000,69.600000,30.450000
7910,2015,11,26,14,0.000000,0.000000,0.000000,0.000000,67.200000,29.400000
7911,2015,11,26,15,0.000000,0.000000,0.000000,0.000000,60.800000,26.600000
7912,2015,11,26,16,0.000000,0.000000,0.000000,0.000000,51.200000,22.400000
7913,2015,11,26,17,0.000000,0.000000,0.000000,0.000000,37.600000,16.450000
7914,2015,11,26,18,0.000000,0.000000,0.000000,0.000000,24.000000,10.500000
7915,2015,11,26,19,0.000000,0.000000,0.000000,0.000000,7.200000,3.150000
7916,2015,11,26,20,0.000000,0.000000,0.000000,0.000000,0.000000,0.000000
7917,2015,11,26,21,0.000000,0.000000,0.000000,0.000000,0.000000,0.000000
7918,2015,11,26,22,0.000000,0.000000,0.000000,0.000000,0.000000,0.000000
7919,2015,11,26,23,0.000000,0.000000,0.000000,0.000000,0.000000,0.000000
7920,2015,11,26,24,0.000000,0.000000,0.000000,0.000000,0.000000,0.000000
7921,2015,11,27,1,0.000000,0.000000,0.000000,0.000000,0.000000,0.000000
7922,2015,11,27,2,0.000000,0.000000,0.000000,0.000000,0.000000,0.000000
7923,2015,11,27,3,0.000000,0.000000,0.000000,0.000000,0.000000,0.000000
7924,2015,11,27,4,0.000000,0.000000,0.000000,0.000000,0.000000,0.000000
7925,2015,11,27,5,0.000000,0.000000,0.000000,0.000000,0.000000,0.000000
7926,2015,11,27,6,0.000000,0.000000,0.000000,0.000000,0.000000,0.000000
7927,2015,11,27,7,0.000000,0.000000,0.000000,0.000000,8.000000,3.500000
7928,2015,11,27,8,0.000000,0.000000,0.000000,0.000000,24.000000,10.500000
7929,2015,11,27,9,0.000000,0.000000,0.000000,0.000000,38.400000,16.800000
7930,2015,11,27,10,0.000000,0.000000,0.000000,0.000000,51.200000,22.400000
7931,2015,11,27,11,0.000000,0.000000,0.000000,0.000000,61.600000,26.950000
7932,2015,11,27,12,0.000000,0.000000,0.000000,0.000000,67.200000,29.400000
7933,2015,11,27,13,0.000000,0.000000,0.000000,0.000000,69.600000,30.450000
7934,2015,11,27,14,0.000000,0.000000,0.000000,0.000000,67.200000,29.400000
7935,2015,11,27,15,0.000000,0.000000,0.000000,0.000000,60.800000,26.600000
7936,2015,11,27,16,0.000000,0.000000,0.000000,0.000000,51.200000,22.400000
7937,2015,11,27,17,0.000000,0.000000,0.000000,0.000000,37.600000,16.450000
7938,2015,11,27,18,0.000000,0.000000,0.000000,0.000000,24.000000,10.500000
7939,2015,11,27,19,0.000000,0.000000,0.000000,0.000000,7.200000,3.150000
7940,2015,11,27,20,0.000000,0.000000,0.000000,0.000000,0.000000,0.000000
7941,2015,11,27,21,0.000000,0.000000,0.000000,0.000000,0.000000,0.000000
7942,2015,11,27,22,0.000000,0.000000,0.000000,0.000000,0.000000,0.000000
7943,2015,11,27,23,0.000000,0.000000,0.000000,0.000000,0.000000,0.000000
7944,2015,11,27,24,0.000000,0.000000,0.000000,0.000000,0.000000,0.000000
7945,2015,11,28,1,0.000000,0.000000,0.000000,0.000000,0.000000,0.000000
7946,2015,11,28,2,0.000000,0.000000,0.000000,0.000000,0.000000,0.000000
7947,2015,11,28,3,0.000000,0.000000,0.000000,0.000000,0.000000,0.000000
7948,2015,11,28,4,0.000000,0.000000,0.000000,0.000000,0.000000,0.000000
7949,2015,11,28,5,0.000000,0.000000,0.000000,0.000000,0.000000,0.000000
7950,2015,11,28,6,0.000000,0.000000,0.000000,0.000000,0.000000,0.000000
7951,2015,11,28,7,0.000000,0.000000,0.000000,0.000000,8.000000,3.500000
7952,2015,11,28,8,0.000000,0.000000,0.000000,0.000000,24.000000,10.500000
7953,2015,11,28,9,0.000000,0.000000,0.000000,0.000000,38.400000,16.800000
7954,2015,11,28,10,0.000000,0.000000,0.000000,0.000000,51.200000,22.400000
7955,2015,11,28,11,0.000000,0.000000,0.000000,0.000000,61.600000,26.950000
7956,2015,11,28,12,0.000000,0.000000,0.000000,0.000000,67.200000,29.400000
7957,2015,11,28,13,0.000000,0.000000,0.000000,0.000000,69.600000,30.450000
7958,2015,11,28,14,0.000000,0.000000,0.000000,0.000000,67.200000,29.400000
7959,2015,11,28,15,0.000000,0.000000,0.000000,0.000000,60.800000,26.600000
7960,2015,11,28,16,0.000000,0.000000,0.000000,0.000000,51.200000,22.400000
7961,2015,11,28,17,0.000000,0.000000,0.000000,0.000000,37.600000,16.450000
7962,2015,11,28,18,0.000000,0.000000,0.000000,0.000000,24.000000,10.500000
7963,2015,11,28,19,0.000000,0.000000,0.000000,0.000000,7.200000,3.150000
7964,2015,11,28,20,0.000000,0.000000,0.000000,0.000000,0.000000,0.000000
7965,2015,11,28,21,0.000000,0.000000,0.000000,0.000000,0.000000,0.000000
7966,2015,11,28,22,0.000000,0.000000,0.000000,0.000000,0.000000,0.000000
7967,2015,11,28,23,0.000000,0.000000,0.000000,0.000000,0.000000,0.000000
7968,2015,11,28,24,0.000000,0.000000,0.000000,0.000000,0.000000,0.000000
7969,2015,11,29,1,0.000000,0.000000,0.000000,0.000000,0.000000,0.000000
7970,2015,11,29,2,0.000000,0.000000,0.000000,0.000000,0.000000,0.000000
7971,2015,11,29,3,0.000000,0.000000,0.000000,0.000000,0.000000,0.000000
7972,2015,11,29,4,0.000000,0.000000,0.000000,0.000000,0.000000,0.000000
7973,2015,11,29,5,0.000000,0.000000,0.000000,0.000000,0.000000,0.000000
7974,2015,11,29,6,0.000000,0.000000,0.000000,0.000000,0.000000,0.000000
7975,2015,11,29,7,0.000000,0.000000,0.000000,0.000000,8.000000,3.500000
7976,2015,11,29,8,0.000000,0.000000,0.000000,0.000000,24.000000,10.500000
7977,2015,11,29,9,0.000000,0.000000,0.000000,0.000000,38.400000,16.800000
7978,2015,11,29,10,0.000000,0.000000,0.000000,0.000000,51.200000,22.400000
7979,2015,11,29,11,0.000000,0.000000,0.000000,0.000000,61.600000,26.950000
7980,2015,11,29,12,0.000000,0.000000,0.000000,0.000000,67.200000,29.400000
7981,2015,11,29,13,0.000000,0.000000,0.000000,0.000000,69.600000,30.450000
7982,2015,11,29,14,0.000000,0.000000,0.000000,0.000000,67.200000,29.400000
7983,2015,11,29,15,0.000000,0.000000,0.000000,0.000000,60.800000,26.600000
7984,2015,11,29,16,0.000000,0.000000,0.000000,0.000000,51.200000,22.400000
7985,2015,11,29,17,0.000000,0.000000,0.000000,0.000000,37.600000,16.450000
7986,2015,11,29,18,0.000000,0.000000,0.000000,0.000000,24.000000,10.500000
7987,2015,11,29,19,0.000000,0.000000,0.000000,0.000000,7.200000,3.150000
7988,2015,11,29,20,0.000000,0.000000,0.000000,0.000000,0.000000,0.000000
7989,2015,11,29,21,0.000000,0.000000,0.000000,0.000000,0.000000,0.000000
7990,2015,11,29,22,0.000000,0.000000,0.000000,0.000000,0.000000,0.000000
7991,2015,11,29,23,0.000000,0.000000,0.000000,0.000000,0.000000,0.000000
7992,2015,11,29,24,0.000000,0.000000,0.000000,0.000000,0.000000,0.000000
7993,2015,11,30,1,0.000000,0.000000,0.000000,0.000000,0.000000,0.000000
7994,2015,11,30,2,0.000000,0.000000,0.000000,0.000000,0.000000,0.000000
7995,2015,11,30,3,0.000000,0.000000,0.000000,0.000000,0.000000,0.000000
7996,2015,11,30,4,0.000000,0.000000,0.000000,0.000000,0.000000,0.000000
7997,2015,11,30,5,0.000000,0.000000,0.000000,0.000000,0.000000,0.000000
7998,2015,11,30,6,0.000000,0.000000,0.000000,0.000000,0.000000,0.000000
7999,2015,11,30,7,0.000000,0.000000,0.000000,0.000000,8.000000,3.500000
8000,2015,11,30,8,0.000000,0.000000,0.000000,0.000000,24.000000,10.500000
8001,2015,11,30,9,0.000000,0.000000,0.000000,0.000000,38.400000,16.800000
8002,2015,11,30,10,0.000000,0.000000,0.000000,0.000000,51.200000,22.400000
8003,2015,11,30,11,0.000000,0.000000,0.000000,0.000000,61.600000,26.950000
8004,2015,11,30,12,0.000000,0.000000,0.000000,0.000000,67.200000,29.400000
8005,2015,11,30,13,0.000000,0.000000,0.000000,0.000000,69.600000,30.450000
8006,2015,11,30,14,0.000000,0.000000,0.000000,0.000000,67.200000,29.400000
8007,2015,11,30,15,0.000000,0.000000,0.000000,0.000000,60.800000,26.600000
8008,2015,11,30,16,0.000000,0.000000,0.000000,0.000000,51.200000,22.400000
8009,2015,11,30,17,0.000000,0.000000,0.000000,0.000000,37.600000,16.450000
8010,2015,11,30,18,0.000000,0.000000,0.000000,0.000000,24.000000,10.500000
8011,2015,11,30,19,0.000000,0.000000,0.000000,0.000000,7.200000,3.150000
8012,2015,11,30,20,0.000000,0.000000,0.000000,0.000000,0.000000,0.000000
8013,2015,11,30,21,0.000000,0.000000,0.000000,0.000000,0.000000,0.000000
8014,2015,11,30,22,0.000000,0.000000,0.000000,0.000000,0.000000,0.000000
8015,2015,11,30,23,0.000000,0.000000,0.000000,0.000000,0.000000,0.000000
8016,2015,11,30,24,0.000000,0.000000,0.000000,0.000000,0.000000,0.000000
8017,2015,12,1,1,0.000000,0.000000,0.000000,0.000000,0.000000,0.000000
8018,2015,12,1,2,0.000000,0.000000,0.000000,0.000000,0.000000,0.000000
8019,2015,12,1,3,0.000000,0.000000,0.000000,0.000000,0.000000,0.000000
8020,2015,12,1,4,0.000000,0.000000,0.000000,0.000000,0.000000,0.000000
8021,2015,12,1,5,0.000000,0.000000,0.000000,0.000000,0.000000,0.000000
8022,2015,12,1,6,0.000000,0.000000,0.000000,0.000000,6.400000,2.800000
8023,2015,12,1,7,0.000000,0.000000,0.000000,0.000000,22.400000,9.800000
8024,2015,12,1,8,0.000000,0.000000,0.000000,0.000000,36.000000,15.750000
8025,2015,12,1,9,0.000000,0.000000,0.000000,0.000000,48.800000,21.350000
8026,2015,12,1,10,0.000000,0.000000,0.000000,0.000000,59.200000,25.900000
8027,2015,12,1,11,0.000000,0.000000,0.000000,0.000000,65.600000,28.700000
8028,2015,12,1,12,0.000000,0.000000,0.000000,0.000000,68.000000,29.750000
8029,2015,12,1,13,0.000000,0.000000,0.000000,0.000000,68.000000,29.750000
8030,2015,12,1,14,0.000000,0.000000,0.000000,0.000000,61.600000,26.950000
8031,2015,12,1,15,0.000000,0.000000,0.000000,0.000000,52.800000,23.100000
8032,2015,12,1,16,0.000000,0.000000,0.000000,0.000000,40.800000,17.850000
8033,2015,12,1,17,0.000000,0.000000,0.000000,0.000000,26.400000,11.550000
8034,2015,12,1,18,0.000000,0.000000,0.000000,0.000000,12.000000,5.250000
8035,2015,12,1,19,0.000000,0.000000,0.000000,0.000000,0.000000,0.000000
8036,2015,12,1,20,0.000000,0.000000,0.000000,0.000000,0.000000,0.000000
8037,2015,12,1,21,0.000000,0.000000,0.000000,0.000000,0.000000,0.000000
8038,2015,12,1,22,0.000000,0.000000,0.000000,0.000000,0.000000,0.000000
8039,2015,12,1,23,0.000000,0.000000,0.000000,0.000000,0.000000,0.000000
8040,2015,12,1,24,0.000000,0.000000,0.000000,0.000000,0.000000,0.000000
8041,2015,12,2,1,0.000000,0.000000,0.000000,0.000000,0.000000,0.000000
8042,2015,12,2,2,0.000000,0.000000,0.000000,0.000000,0.000000,0.000000
8043,2015,12,2,3,0.000000,0.000000,0.000000,0.000000,0.000000,0.000000
8044,2015,12,2,4,0.000000,0.000000,0.000000,0.000000,0.000000,0.000000
8045,2015,12,2,5,0.000000,0.000000,0.000000,0.000000,0.000000,0.000000
8046,2015,12,2,6,0.000000,0.000000,0.000000,0.000000,6.400000,2.800000
8047,2015,12,2,7,0.000000,0.000000,0.000000,0.000000,22.400000,9.800000
8048,2015,12,2,8,0.000000,0.000000,0.000000,0.000000,36.000000,15.750000
8049,2015,12,2,9,0.000000,0.000000,0.000000,0.000000,48.800000,21.350000
8050,2015,12,2,10,0.000000,0.000000,0.000000,0.000000,59.200000,25.900000
8051,2015,12,2,11,0.000000,0.000000,0.000000,0.000000,65.600000,28.700000
8052,2015,12,2,12,0.000000,0.000000,0.000000,0.000000,68.000000,29.750000
8053,2015,12,2,13,0.000000,0.000000,0.000000,0.000000,68.000000,29.750000
8054,2015,12,2,14,0.000000,0.000000,0.000000,0.000000,61.600000,26.950000
8055,2015,12,2,15,0.000000,0.000000,0.000000,0.000000,52.800000,23.100000
8056,2015,12,2,16,0.000000,0.000000,0.000000,0.000000,40.800000,17.850000
8057,2015,12,2,17,0.000000,0.000000,0.000000,0.000000,26.400000,11.550000
8058,2015,12,2,18,0.000000,0.000000,0.000000,0.000000,12.000000,5.250000
8059,2015,12,2,19,0.000000,0.000000,0.000000,0.000000,0.000000,0.000000
8060,2015,12,2,20,0.000000,0.000000,0.000000,0.000000,0.000000,0.000000
8061,2015,12,2,21,0.000000,0.000000,0.000000,0.000000,0.000000,0.000000
8062,2015,12,2,22,0.000000,0.000000,0.000000,0.000000,0.000000,0.000000
8063,2015,12,2,23,0.000000,0.000000,0.000000,0.000000,0.000000,0.000000
8064,2015,12,2,24,0.000000,0.000000,0.000000,0.000000,0.000000,0.000000
8065,2015,12,3,1,0.000000,0.000000,0.000000,0.000000,0.000000,0.000000
8066,2015,12,3,2,0.000000,0.000000,0.000000,0.000000,0.000000,0.000000
8067,2015,12,3,3,0.000000,0.000000,0.000000,0.000000,0.000000,0.000000
8068,2015,12,3,4,0.000000,0.000000,0.000000,0.000000,0.000000,0.000000
8069,2015,12,3,5,0.000000,0.000000,0.000000,0.000000,0.000000,0.000000
8070,2015,12,3,6,0.000000,0.000000,0.000000,0.000000,6.400000,2.800000
8071,2015,12,3,7,0.000000,0.000000,0.000000,0.000000,22.400000,9.800000
8072,2015,12,3,8,0.000000,0.000000,0.000000,0.000000,36.000000,15.750000
8073,2015,12,3,9,0.000000,0.000000,0.000000,0.000000,48.800000,21.350000
8074,2015,12,3,10,0.000000,0.000000,0.000000,0.000000,59.200000,25.900000
8075,2015,12,3,11,0.000000,0.000000,0.000000,0.000000,65.600000,28.700000
8076,2015,12,3,12,0.000000,0.000000,0.000000,0.000000,68.000000,29.750000
8077,2015,12,3,13,0.000000,0.000000,0.000000,0.000000,68.000000,29.750000
8078,2015,12,3,14,0.000000,0.000000,0.000000,0.000000,61.600000,26.950000
8079,2015,12,3,15,0.000000,0.000000,0.000000,0.000000,52.800000,23.100000
8080,2015,12,3,16,0.000000,0.000000,0.000000,0.000000,40.800000,17.850000
8081,2015,12,3,17,0.000000,0.000000,0.000000,0.000000,26.400000,11.550000
8082,2015,12,3,18,0.000000,0.000000,0.000000,0.000000,12.000000,5.250000
8083,2015,12,3,19,0.000000,0.000000,0.000000,0.000000,0.000000,0.000000
8084,2015,12,3,20,0.000000,0.000000,0.000000,0.000000,0.000000,0.000000
8085,2015,12,3,21,0.000000,0.000000,0.000000,0.000000,0.000000,0.000000
8086,2015,12,3,22,0.000000,0.000000,0.000000,0.000000,0.000000,0.000000
8087,2015,12,3,23,0.000000,0.000000,0.000000,0.000000,0.000000,0.000000
8088,2015,12,3,24,0.000000,0.000000,0.000000,0.000000,0.000000,0.000000
8089,2015,12,4,1,0.000000,0.000000,0.000000,0.000000,0.000000,0.000000
8090,2015,12,4,2,0.000000,0.000000,0.000000,0.000000,0.000000,0.000000
8091,2015,12,4,3,0.000000,0.000000,0.000000,0.000000,0.000000,0.000000
8092,2015,12,4,4,0.000000,0.000000,0.000000,0.000000,0.000000,0.000000
8093,2015,12,4,5,0.000000,0.000000,0.000000,0.000000,0.000000,0.000000
8094,2015,12,4,6,0.000000,0.000000,0.000000,0.000000,6.400000,2.800000
8095,2015,12,4,7,0.000000,0.000000,0.000000,0.000000,22.400000,9.800000
8096,2015,12,4,8,0.000000,0.000000,0.000000,0.000000,36.000000,15.750000
8097,2015,12,4,9,0.000000,0.000000,0.000000,0.000000,48.800000,21.350000
8098,2015,12,4,10,0.000000,0.000000,0.000000,0.000000,59.200000,25.900000
8099,2015,12,4,11,0.000000,0.000000,0.000000,0.000000,65.600000,28.700000
8100,2015,12,4,12,0.000000,0.000000,0.000000,0.000000,68.000000,29.750000
8101,2015,12,4,13,0.000000,0.000000,0.000000,0.000000,68.000000,29.750000
8102,2015,12,4,14,0.000000,0.000000,0.000000,0.000000,61.600000,26.950000
8103,2015,12,4,15,0.000000,0.000000,0.000000,0.000000,52.800000,23.100000
8104,2015,12,4,16,0.000000,0.000000,0.000000,0.000000,40.800000,17.850000
8105,2015,12,4,17,0.000000,0.000000,0.000000,0.000000,26.400000,11.550000
8106,2015,12,4,18,0.000000,0.000000,0.000000,0.000000,12.000000,5.250000
8107,2015,12,4,19,0.000000,0.000000,0.000000,0.000000,0.000000,0.000000
8108,2015,12,4,20,0.000000,0.000000,0.000000,0.000000,0.000000,0.000000
8109,2015,12,4,21,0.000000,0.000000,0.000000,0.000000,0.000000,0.000000
8110,2015,12,4,22,0.000000,0.000000,0.000000,0.000000,0.000000,0.000000
8111,2015,12,4,23,0.000000,0.000000,0.000000,0.000000,0.000000,0.000000
8112,2015,12,4,24,0.000000,0.000000,0.000000,0.000000,0.000000,0.000000
8113,2015,12,5,1,0.000000,0.000000,0.000000,0.000000,0.000000,0.000000
8114,2015,12,5,2,0.000000,0.000000,0.000000,0.000000,0.000000,0.000000
8115,2015,12,5,3,0.000000,0.000000,0.000000,0.000000,0.000000,0.000000
8116,2015,12,5,4,0.000000,0.000000,0.000000,0.000000,0.000000,0.000000
8117,2015,12,5,5,0.000000,0.000000,0.000000,0.000000,0.000000,0.000000
8118,2015,12,5,6,0.000000,0.000000,0.000000,0.000000,6.400000,2.800000
8119,2015,12,5,7,0.000000,0.000000,0.000000,0.000000,22.400000,9.800000
8120,2015,12,5,8,0.000000,0.000000,0.000000,0.000000,36.000000,15.750000
8121,2015,12,5,9,0.000000,0.000000,0.000000,0.000000,48.800000,21.350000
8122,2015,12,5,10,0.000000,0.000000,0.000000,0.000000,59.200000,25.900000
8123,2015,12,5,11,0.000000,0.000000,0.000000,0.000000,65.600000,28.700000
8124,2015,12,5,12,0.000000,0.000000,0.000000,0.000000,68.000000,29.750000
8125,2015,12,5,13,0.000000,0.000000,0.000000,0.000000,68.000000,29.750000
8126,2015,12,5,14,0.000000,0.000000,0.000000,0.000000,61.600000,26.950000
8127,2015,12,5,15,0.000000,0.000000,0.000000,0.000000,52.800000,23.100000
8128,2015,12,5,16,0.000000,0.000000,0.000000,0.000000,40.800000,17.850000
8129,2015,12,5,17,0.000000,0.000000,0.000000,0.000000,26.400000,11.550000
8130,2015,12,5,18,0.000000,0.000000,0.000000,0.000000,12.000000,5.250000
8131,2015,12,5,19,0.000000,0.000000,0.000000,0.000000,0.000000,0.000000
8132,2015,12,5,20,0.000000,0.000000,0.000000,0.000000,0.000000,0.000000
8133,2015,12,5,21,0.000000,0.000000,0.000000,0.000000,0.000000,0.000000
8134,2015,12,5,22,0.000000,0.000000,0.000000,0.000000,0.000000,0.000000
8135,2015,12,5,23,0.000000,0.000000,0.000000,0.000000,0.000000,0.000000
8136,2015,12,5,24,0.000000,0.000000,0.000000,0.000000,0.000000,0.000000
8137,2015,12,6,1,0.000000,0.000000,0.000000,0.000000,0.000000,0.000000
8138,2015,12,6,2,0.000000,0.000000,0.000000,0.000000,0.000000,0.000000
8139,2015,12,6,3,0.000000,0.000000,0.000000,0.000000,0.000000,0.000000
8140,2015,12,6,4,0.000000,0.000000,0.000000,0.000000,0.000000,0.000000
8141,2015,12,6,5,0.000000,0.000000,0.000000,0.000000,0.000000,0.000000
8142,2015,12,6,6,0.000000,0.000000,0.000000,0.000000,6.400000,2.800000
8143,2015,12,6,7,0.000000,0.000000,0.000000,0.000000,22.400000,9.800000
8144,2015,12,6,8,0.000000,0.000000,0.000000,0.000000,36.000000,15.750000
8145,2015,12,6,9,0.000000,0.000000,0.000000,0.000000,48.800000,21.350000
8146,2015,12,6,10,0.000000,0.000000,0.000000,0.000000,59.200000,25.900000
8147,2015,12,6,11,0.000000,0.000000,0.000000,0.000000,65.600000,28.700000
8148,2015,12,6,12,0.000000,0.000000,0.000000,0.000000,68.000000,29.750000
8149,2015,12,6,13,0.000000,0.000000,0.000000,0.000000,68.000000,29.750000
8150,2015,12,6,14,0.000000,0.000000,0.000000,0.000000,61.600000,26.950000
8151,2015,12,6,15,0.000000,0.000000,0.000000,0.000000,52.800000,23.100000
8152,2015,12,6,16,0.000000,0.000000,0.000000,0.000000,40.800000,17.850000
8153,2015,12,6,17,0.000000,0.000000,0.000000,0.000000,26.400000,11.550000
8154,2015,12,6,18,0.000000,0.000000,0.000000,0.000000,12.000000,5.250000
8155,2015,12,6,19,0.000000,0.000000,0.000000,0.000000,0.000000,0.000000
8156,2015,12,6,20,0.000000,0.000000,0.000000,0.000000,0.000000,0.000000
8157,2015,12,6,21,0.000000,0.000000,0.000000,0.000000,0.000000,0.000000
8158,2015,12,6,22,0.000000,0.000000,0.000000,0.000000,0.000000,0.000000
8159,2015,12,6,23,0.000000,0.000000,0.000000,0.000000,0.000000,0.000000
8160,2015,12,6,24,0.000000,0.000000,0.000000,0.000000,0.000000,0.000000
8161,2015,12,7,1,0.000000,0.000000,0.000000,0.000000,0.000000,0.000000
8162,2015,12,7,2,0.000000,0.000000,0.000000,0.000000,0.000000,0.000000
8163,2015,12,7,3,0.000000,0.000000,0.000000,0.000000,0.000000,0.000000
8164,2015,12,7,4,0.000000,0.000000,0.000000,0.000000,0.000000,0.000000
8165,2015,12,7,5,0.000000,0.000000,0.000000,0.000000,0.000000,0.000000
8166,2015,12,7,6,0.000000,0.000000,0.000000,0.000000,6.400000,2.800000
8167,2015,12,7,7,0.000000,0.000000,0.000000,0.000000,22.400000,9.800000
8168,2015,12,7,8,0.000000,0.000000,0.000000,0.000000,36.000000,15.750000
8169,2015,12,7,9,0.000000,0.000000,0.000000,0.000000,48.800000,21.350000
8170,2015,12,7,10,0.000000,0.000000,0.000000,0.000000,59.200000,25.900000
8171,2015,12,7,11,0.000000,0.000000,0.000000,0.000000,65.600000,28.700000
8172,2015,12,7,12,0.000000,0.000000,0.000000,0.000000,68.000000,29.750000
8173,2015,12,7,13,0.000000,0.000000,0.000000,0.000000,68.000000,29.750000
8174,2015,12,7,14,0.000000,0.000000,0.000000,0.000000,61.600000,26.950000
8175,2015,12,7,15,0.000000,0.000000,0.000000,0.000000,52.800000,23.100000
8176,2015,12,7,16,0.000000,0.000000,0.000000,0.000000,40.800000,17.850000
8177,2015,12,7,17,0.000000,0.000000,0.000000,0.000000,26.400000,11.550000
8178,2015,12,7,18,0.000000,0.000000,0.000000,0.000000,12.000000,5.250000
8179,2015,12,7,19,0.000000,0.000000,0.000000,0.000000,0.000000,0.000000
8180,2015,12,7,20,0.000000,0.000000,0.000000,0.000000,0.000000,0.000000
8181,2015,12,7,21,0.000000,0.000000,0.000000,0.000000,0.000000,0.000000
8182,2015,12,7,22,0.000000,0.000000,0.000000,0.000000,0.000000,0.000000
8183,2015,12,7,23,0.000000,0.000000,0.000000,0.000000,0.000000,0.000000
8184,2015,12,7,24,0.000000,0.000000,0.000000,0.000000,0.000000,0.000000
8185,2015,12,8,1,0.000000,0.000000,0.000000,0.000000,0.000000,0.000000
8186,2015,12,8,2,0.000000,0.000000,0.000000,0.000000,0.000000,0.000000
8187,2015,12,8,3,0.000000,0.000000,0.000000,0.000000,0.000000,0.000000
8188,2015,12,8,4,0.000000,0.000000,0.000000,0.000000,0.000000,0.000000
8189,2015,12,8,5,0.000000,0.000000,0.000000,0.000000,0.000000,0.000000
8190,2015,12,8,6,0.000000,0.000000,0.000000,0.000000,6.400000,2.800000
8191,2015,12,8,7,0.000000,0.000000,0.000000,0.000000,22.400000,9.800000
8192,2015,12,8,8,0.000000,0.000000,0.000000,0.000000,36.000000,15.750000
8193,2015,12,8,9,0.000000,0.000000,0.000000,0.000000,48.800000,21.350000
8194,2015,12,8,10,0.000000,0.000000,0.000000,0.000000,59.200000,25.900000
8195,2015,12,8,11,0.000000,0.000000,0.000000,0.000000,65.600000,28.700000
8196,2015,12,8,12,0.000000,0.000000,0.000000,0.000000,68.000000,29.750000
8197,2015,12,8,13,0.000000,0.000000,0.000000,0.000000,68.000000,29.750000
8198,2015,12,8,14,0.000000,0.000000,0.000000,0.000000,61.600000,26.950000
8199,2015,12,8,15,0.000000,0.000000,0.000000,0.000000,52.800000,23.100000
8200,2015,12,8,16,0.000000,0.000000,0.000000,0.000000,40.800000,17.850000
8201,2015,12,8,17,0.000000,0.000000,0.000000,0.000000,26.400000,11.550000
8202,2015,12,8,18,0.000000,0.000000,0.000000,0.000000,12.000000,5.250000
8203,2015,12,8,19,0.000000,0.000000,0.000000,0.000000,0.000000,0.000000
8204,2015,12,8,20,0.000000,0.000000,0.000000,0.000000,0.000000,0.000000
8205,2015,12,8,21,0.000000,0.000000,0.000000,0.000000,0.000000,0.000000
8206,2015,12,8,22,0.000000,0.000000,0.000000,0.000000,0.000000,0.000000
8207,2015,12,8,23,0.000000,0.000000,0.000000,0.000000,0.000000,0.000000
8208,2015,12,8,24,0.000000,0.000000,0.000000,0.000000,0.000000,0.000000
8209,2015,12,9,1,0.000000,0.000000,0.000000,0.000000,0.000000,0.000000
8210,2015,12,9,2,0.000000,0.000000,0.000000,0.000000,0.000000,0.000000
8211,2015,12,9,3,0.000000,0.000000,0.000000,0.000000,0.000000,0.000000
8212,2015,12,9,4,0.000000,0.000000,0.000000,0.000000,0.000000,0.000000
8213,2015,12,9,5,0.000000,0.000000,0.000000,0.000000,0.000000,0.000000
8214,2015,12,9,6,0.000000,0.000000,0.000000,0.000000,6.400000,2.800000
8215,2015,12,9,7,0.000000,0.000000,0.000000,0.000000,22.400000,9.800000
8216,2015,12,9,8,0.000000,0.000000,0.000000,0.000000,36.000000,15.750000
8217,2015,12,9,9,0.000000,0.000000,0.000000,0.000000,48.800000,21.350000
8218,2015,12,9,10,0.000000,0.000000,0.000000,0.000000,59.200000,25.900000
8219,2015,12,9,11,0.000000,0.000000,0.000000,0.000000,65.600000,28.700000
8220,2015,12,9,12,0.000000,0.000000,0.000000,0.000000,68.000000,29.750000
8221,2015,12,9,13,0.000000,0.000000,0.000000,0.000000,68.000000,29.750000
8222,2015,12,9,14,0.000000,0.000000,0.000000,0.000000,61.600000,26.950000
8223,2015,12,9,15,0.000000,0.000000,0.000000,0.000000,52.800000,23.100000
8224,2015,12,9,16,0.000000,0.000000,0.000000,0.000000,40.800000,17.850000
8225,2015,12,9,17,0.000000,0.000000,0.000000,0.000000,26.400000,11.550000
8226,2015,12,9,18,0.000000,0.000000,0.000000,0.000000,12.000000,5.250000
8227,2015,12,9,19,0.000000,0.000000,0.000000,0.000000,0.000000,0.000000
8228,2015,12,9,20,0.000000,0.000000,0.000000,0.000000,0.000000,0.000000
8229,2015,12,9,21,0.000000,0.000000,0.000000,0.000000,0.000000,0.000000
8230,2015,12,9,22,0.000000,0.000000,0.000000,0.000000,0.000000,0.000000
8231,2015,12,9,23,0.000000,0.000000,0.000000,0.000000,0.000000,0.000000
8232,2015,12,9,24,0.000000,0.000000,0.000000,0.000000,0.000000,0.000000
8233,2015,12,10,1,0.000000,0.000000,0.000000,0.000000,0.000000,0.000000
8234,2015,12,10,2,0.000000,0.000000,0.000000,0.000000,0.000000,0.000000
8235,2015,12,10,3,0.000000,0.000000,0.000000,0.000000,0.000000,0.000000
8236,2015,12,10,4,0.000000,0.000000,0.000000,0.000000,0.000000,0.000000
8237,2015,12,10,5,0.000000,0.000000,0.000000,0.000000,0.000000,0.000000
8238,2015,12,10,6,0.000000,0.000000,0.000000,0.000000,6.400000,2.800000
8239,2015,12,10,7,0.000000,0.000000,0.000000,0.000000,22.400000,9.800000
8240,2015,12,10,8,0.000000,0.000000,0.000000,0.000000,36.000000,15.750000
8241,2015,12,10,9,0.000000,0.000000,0.000000,0.000000,48.800000,21.350000
8242,2015,12,10,10,0.000000,0.000000,0.000000,0.000000,59.200000,25.900000
8243,2015,12,10,11,0.000000,0.000000,0.000000,0.000000,65.600000,28.700000
8244,2015,12,10,12,0.000000,0.000000,0.000000,0.000000,68.000000,29.750000
8245,2015,12,10,13,0.000000,0.000000,0.000000,0.000000,68.000000,29.750000
8246,2015,12,10,14,0.000000,0.000000,0.000000,0.000000,61.600000,26.950000
8247,2015,12,10,15,0.000000,0.000000,0.000000,0.000000,52.800000,23.100000
8248,2015,12,10,16,0.000000,0.000000,0.000000,0.000000,40.800000,17.850000
8249,2015,12,10,17,0.000000,0.000000,0.000000,0.000000,26.400000,11.550000
8250,2015,12,10,18,0.000000,0.000000,0.000000,0.000000,12.000000,5.250000
8251,2015,12,10,19,0.000000,0.000000,0.000000,0.000000,0.000000,0.000000
8252,2015,12,10,20,0.000000,0.000000,0.000000,0.000000,0.000000,0.000000
8253,2015,12,10,21,0.000000,0.000000,0.000000,0.000000,0.000000,0.000000
8254,2015,12,10,22,0.000000,0.000000,0.000000,0.000000,0.000000,0.000000
8255,2015,12,10,23,0.000000,0.000000,0.000000,0.000000,0.000000,0.000000
8256,2015,12,10,24,0.000000,0.000000,0.000000,0.000000,0.000000,0.000000
8257,2015,12,11,1,0.000000,0.000000,0.000000,0.000000,0.000000,0.000000
8258,2015,12,11,2,0.000000,0.000000,0.000000,0.000000,0.000000,0.000000
8259,2015,12,11,3,0.000000,0.000000,0.000000,0.000000,0.000000,0.000000
8260,2015,12,11,4,0.000000,0.000000,0.000000,0.000000,0.000000,0.000000
8261,2015,12,11,5,0.000000,0.000000,0.000000,0.000000,0.000000,0.000000
8262,2015,12,11,6,0.000000,0.000000,0.000000,0.000000,6.400000,2.800000
8263,2015,12,11,7,0.000000,0.000000,0.000000,0.000000,22.400000,9.800000
8264,2015,12,11,8,0.000000,0.000000,0.000000,0.000000,36.000000,15.750000
8265,2015,12,11,9,0.000000,0.000000,0.000000,0.000000,48.800000,21.350000
8266,2015,12,11,10,0.000000,0.000000,0.000000,0.000000,59.200000,25.900000
8267,2015,12,11,11,0.000000,0.000000,0.000000,0.000000,65.600000,28.700000
8268,2015,12,11,12,0.000000,0.000000,0.000000,0.000000,68.000000,29.750000
8269,2015,12,11,13,0.000000,0.000000,0.000000,0.000000,68.000000,29.750000
8270,2015,12,11,14,0.000000,0.000000,0.000000,0.000000,61.600000,26.950000
8271,2015,12,11,15,0.000000,0.000000,0.000000,0.000000,52.800000,23.100000
8272,2015,12,11,16,0.000000,0.000000,0.000000,0.000000,40.800000,17.850000
8273,2015,12,11,17,0.000000,0.000000,0.000000,0.000000,26.400000,11.550000
8274,2015,12,11,18,0.000000,0.000000,0.000000,0.000000,12.000000,5.250000
8275,2015,12,11,19,0.000000,0.000000,0.000000,0.000000,0.000000,0.000000
8276,2015,12,11,20,0.000000,0.000000,0.000000,0.000000,0.000000,0.000000
8277,2015,12,11,21,0.000000,0.000000,0.000000,0.000000,0.000000,0.000000
8278,2015,12,11,22,0.000000,0.000000,0.000000,0.000000,0.000000,0.000000
8279,2015,12,11,23,0.000000,0.000000,0.000000,0.000000,0.000000,0.000000
8280,2015,12,11,24,0.000000,0.000000,0.000000,0.000000,0.000000,0.000000
8281,2015,12,12,1,0.000000,0.000000,0.000000,0.000000,0.000000,0.000000
8282,2015,12,12,2,0.000000,0.000000,0.000000,0.000000,0.000000,0.000000
8283,2015,12,12,3,0.000000,0.000000,0.000000,0.000000,0.000000,0.000000
8284,2015,12,12,4,0.000000,0.000000,0.000000,0.000000,0.000000,0.000000
8285,2015,12,12,5,0.000000,0.000000,0.000000,0.000000,0.000000,0.000000
8286,2015,12,12,6,0.000000,0.000000,0.000000,0.000000,6.400000,2.800000
8287,2015,12,12,7,0.000000,0.000000,0.000000,0.000000,22.400000,9.800000
8288,2015,12,12,8,0.000000,0.000000,0.000000,0.000000,36.000000,15.750000
8289,2015,12,12,9,0.000000,0.000000,0.000000,0.000000,48.800000,21.350000
8290,2015,12,12,10,0.000000,0.000000,0.000000,0.000000,59.200000,25.900000
8291,2015,12,12,11,0.000000,0.000000,0.000000,0.000000,65.600000,28.700000
8292,2015,12,12,12,0.000000,0.000000,0.000000,0.000000,68.000000,29.750000
8293,2015,12,12,13,0.000000,0.000000,0.000000,0.000000,68.000000,29.750000
8294,2015,12,12,14,0.000000,0.000000,0.000000,0.000000,61.600000,26.950000
8295,2015,12,12,15,0.000000,0.000000,0.000000,0.000000,52.800000,23.100000
8296,2015,12,12,16,0.000000,0.000000,0.000000,0.000000,40.800000,17.850000
8297,2015,12,12,17,0.000000,0.000000,0.000000,0.000000,26.400000,11.550000
8298,2015,12,12,18,0.000000,0.000000,0.000000,0.000000,12.000000,5.250000
8299,2015,12,12,19,0.000000,0.000000,0.000000,0.000000,0.000000,0.000000
8300,2015,12,12,20,0.000000,0.000000,0.000000,0.000000,0.000000,0.000000
8301,2015,12,12,21,0.000000,0.000000,0.000000,0.000000,0.000000,0.000000
8302,2015,12,12,22,0.000000,0.000000,0.000000,0.000000,0.000000,0.000000
8303,2015,12,12,23,0.000000,0.000000,0.000000,0.000000,0.000000,0.000000
8304,2015,12,12,24,0.000000,0.000000,0.000000,0.000000,0.000000,0.000000
8305,2015,12,13,1,0.000000,0.000000,0.000000,0.000000,0.000000,0.000000
8306,2015,12,13,2,0.000000,0.000000,0.000000,0.000000,0.000000,0.000000
8307,2015,12,13,3,0.000000,0.000000,0.000000,0.000000,0.000000,0.000000
8308,2015,12,13,4,0.000000,0.000000,0.000000,0.000000,0.000000,0.000000
8309,2015,12,13,5,0.000000,0.000000,0.000000,0.000000,0.000000,0.000000
8310,2015,12,13,6,0.000000,0.000000,0.000000,0.000000,6.400000,2.800000
8311,2015,12,13,7,0.000000,0.000000,0.000000,0.000000,22.400000,9.800000
8312,2015,12,13,8,0.000000,0.000000,0.000000,0.000000,36.000000,15.750000
8313,2015,12,13,9,0.000000,0.000000,0.000000,0.000000,48.800000,21.350000
8314,2015,12,13,10,0.000000,0.000000,0.000000,0.000000,59.200000,25.900000
8315,2015,12,13,11,0.000000,0.000000,0.000000,0.000000,65.600000,28.700000
8316,2015,12,13,12,0.000000,0.000000,0.000000,0.000000,68.000000,29.750000
8317,2015,12,13,13,0.000000,0.000000,0.000000,0.000000,68.000000,29.750000
8318,2015,12,13,14,0.000000,0.000000,0.000000,0.000000,61.600000,26.950000
8319,2015,12,13,15,0.000000,0.000000,0.000000,0.000000,52.800000,23.100000
8320,2015,12,13,16,0.000000,0.000000,0.000000,0.000000,40.800000,17.850000
8321,2015,12,13,17,0.000000,0.000000,0.000000,0.000000,26.400000,11.550000
8322,2015,12,13,18,0.000000,0.000000,0.000000,0.000000,12.000000,5.250000
8323,2015,12,13,19,0.000000,0.000000,0.000000,0.000000,0.000000,0.000000
8324,2015,12,13,20,0.000000,0.000000,0.000000,0.000000,0.000000,0.000000
8325,2015,12,13,21,0.000000,0.000000,0.000000,0.000000,0.000000,0.000000
8326,2015,12,13,22,0.000000,0.000000,0.000000,0.000000,0.000000,0.000000
8327,2015,12,13,23,0.000000,0.000000,0.000000,0.000000,0.000000,0.000000
8328,2015,12,13,24,0.000000,0.000000,0.000000,0.000000,0.000000,0.000000
8329,2015,12,14,1,0.000000,0.000000,0.000000,0.000000,0.000000,0.000000
8330,2015,12,14,2,0.000000,0.000000,0.000000,0.000000,0.000000,0.000000
8331,2015,12,14,3,0.000000,0.000000,0.000000,0.000000,0.000000,0.000000
8332,2015,12,14,4,0.000000,0.000000,0.000000,0.000000,0.000000,0.000000
8333,2015,12,14,5,0.000000,0.000000,0.000000,0.000000,0.000000,0.000000
8334,2015,12,14,6,0.000000,0.000000,0.000000,0.000000,6.400000,2.800000
8335,2015,12,14,7,0.000000,0.000000,0.000000,0.000000,22.400000,9.800000
8336,2015,12,14,8,0.000000,0.000000,0.000000,0.000000,36.000000,15.750000
8337,2015,12,14,9,0.000000,0.000000,0.000000,0.000000,48.800000,21.350000
8338,2015,12,14,10,0.000000,0.000000,0.000000,0.000000,59.200000,25.900000
8339,2015,12,14,11,0.000000,0.000000,0.000000,0.000000,65.600000,28.700000
8340,2015,12,14,12,0.000000,0.000000,0.000000,0.000000,68.000000,29.750000
8341,2015,12,14,13,0.000000,0.000000,0.000000,0.000000,68.000000,29.750000
8342,2015,12,14,14,0.000000,0.000000,0.000000,0.000000,61.600000,26.950000
8343,2015,12,14,15,0.000000,0.000000,0.000000,0.000000,52.800000,23.100000
8344,2015,12,14,16,0.000000,0.000000,0.000000,0.000000,40.800000,17.850000
8345,2015,12,14,17,0.000000,0.000000,0.000000,0.000000,26.400000,11.550000
8346,2015,12,14,18,0.000000,0.000000,0.000000,0.000000,12.000000,5.250000
8347,2015,12,14,19,0.000000,0.000000,0.000000,0.000000,0.000000,0.000000
8348,2015,12,14,20,0.000000,0.000000,0.000000,0.000000,0.000000,0.000000
8349,2015,12,14,21,0.000000,0.000000,0.000000,0.000000,0.000000,0.000000
8350,2015,12,14,22,0.000000,0.000000,0.000000,0.000000,0.000000,0.000000
8351,2015,12,14,23,0.000000,0.000000,0.000000,0.000000,0.000000,0.000000
8352,2015,12,14,24,0.000000,0.000000,0.000000,0.000000,0.000000,0.000000
8353,2015,12,15,1,0.000000,0.000000,0.000000,0.000000,0.000000,0.000000
8354,2015,12,15,2,0.000000,0.000000,0.000000,0.000000,0.000000,0.000000
8355,2015,12,15,3,0.000000,0.000000,0.000000,0.000000,0.000000,0.000000
8356,2015,12,15,4,0.000000,0.000000,0.000000,0.000000,0.000000,0.000000
8357,2015,12,15,5,0.000000,0.000000,0.000000,0.000000,0.000000,0.000000
8358,2015,12,15,6,0.000000,0.000000,0.000000,0.000000,6.400000,2.800000
8359,2015,12,15,7,0.000000,0.000000,0.000000,0.000000,22.400000,9.800000
8360,2015,12,15,8,0.000000,0.000000,0.000000,0.000000,36.000000,15.750000
8361,2015,12,15,9,0.000000,0.000000,0.000000,0.000000,48.800000,21.350000
8362,2015,12,15,10,0.000000,0.000000,0.000000,0.000000,59.200000,25.900000
8363,2015,12,15,11,0.000000,0.000000,0.000000,0.000000,65.600000,28.700000
8364,2015,12,15,12,0.000000,0.000000,0.000000,0.000000,68.000000,29.750000
8365,2015,12,15,13,0.000000,0.000000,0.000000,0.000000,68.000000,29.750000
8366,2015,12,15,14,0.000000,0.000000,0.000000,0.000000,61.600000,26.950000
8367,2015,12,15,15,0.000000,0.000000,0.000000,0.000000,52.800000,23.100000
8368,2015,12,15,16,0.000000,0.000000,0.000000,0.000000,40.800000,17.850000
8369,2015,12,15,17,0.000000,0.000000,0.000000,0.000000,26.400000,11.550000
8370,2015,12,15,18,0.000000,0.000000,0.000000,0.000000,12.000000,5.250000
8371,2015,12,15,19,0.000000,0.000000,0.000000,0.000000,0.000000,0.000000
8372,2015,12,15,20,0.000000,0.000000,0.000000,0.000000,0.000000,0.000000
8373,2015,12,15,21,0.000000,0.000000,0.000000,0.000000,0.000000,0.000000
8374,2015,12,15,22,0.000000,0.000000,0.000000,0.000000,0.000000,0.000000
8375,2015,12,15,23,0.000000,0.000000,0.000000,0.000000,0.000000,0.000000
8376,2015,12,15,24,0.000000,0.000000,0.000000,0.000000,0.000000,0.000000
8377,2015,12,16,1,0.000000,0.000000,0.000000,0.000000,0.000000,0.000000
8378,2015,12,16,2,0.000000,0.000000,0.000000,0.000000,0.000000,0.000000
8379,2015,12,16,3,0.000000,0.000000,0.000000,0.000000,0.000000,0.000000
8380,2015,12,16,4,0.000000,0.000000,0.000000,0.000000,0.000000,0.000000
8381,2015,12,16,5,0.000000,0.000000,0.000000,0.000000,0.000000,0.000000
8382,2015,12,16,6,0.000000,0.000000,0.000000,0.000000,6.400000,2.800000
8383,2015,12,16,7,0.000000,0.000000,0.000000,0.000000,22.400000,9.800000
8384,2015,12,16,8,0.000000,0.000000,0.000000,0.000000,36.000000,15.750000
8385,2015,12,16,9,0.000000,0.000000,0.000000,0.000000,48.800000,21.350000
8386,2015,12,16,10,0.000000,0.000000,0.000000,0.000000,59.200000,25.900000
8387,2015,12,16,11,0.000000,0.000000,0.000000,0.000000,65.600000,28.700000
8388,2015,12,16,12,0.000000,0.000000,0.000000,0.000000,68.000000,29.750000
8389,2015,12,16,13,0.000000,0.000000,0.000000,0.000000,68.000000,29.750000
8390,2015,12,16,14,0.000000,0.000000,0.000000,0.000000,61.600000,26.950000
8391,2015,12,16,15,0.000000,0.000000,0.000000,0.000000,52.800000,23.100000
8392,2015,12,16,16,0.000000,0.000000,0.000000,0.000000,40.800000,17.850000
8393,2015,12,16,17,0.000000,0.000000,0.000000,0.000000,26.400000,11.550000
8394,2015,12,16,18,0.000000,0.000000,0.000000,0.000000,12.000000,5.250000
8395,2015,12,16,19,0.000000,0.000000,0.000000,0.000000,0.000000,0.000000
8396,2015,12,16,20,0.000000,0.000000,0.000000,0.000000,0.000000,0.000000
8397,2015,12,16,21,0.000000,0.000000,0.000000,0.000000,0.000000,0.000000
8398,2015,12,16,22,0.000000,0.000000,0.000000,0.000000,0.000000,0.000000
8399,2015,12,16,23,0.000000,0.000000,0.000000,0.000000,0.000000,0.000000
8400,2015,12,16,24,0.000000,0.000000,0.000000,0.000000,0.000000,0.000000
8401,2015,12,17,1,0.000000,0.000000,0.000000,0.000000,0.000000,0.000000
8402,2015,12,17,2,0.000000,0.000000,0.000000,0.000000,0.000000,0.000000
8403,2015,12,17,3,0.000000,0.000000,0.000000,0.000000,0.000000,0.000000
8404,2015,12,17,4,0.000000,0.000000,0.000000,0.000000,0.000000,0.000000
8405,2015,12,17,5,0.000000,0.000000,0.000000,0.000000,0.000000,0.000000
8406,2015,12,17,6,0.000000,0.000000,0.000000,0.000000,6.400000,2.800000
8407,2015,12,17,7,0.000000,0.000000,0.000000,0.000000,22.400000,9.800000
8408,2015,12,17,8,0.000000,0.000000,0.000000,0.000000,36.000000,15.750000
8409,2015,12,17,9,0.000000,0.000000,0.000000,0.000000,48.800000,21.350000
8410,2015,12,17,10,0.000000,0.000000,0.000000,0.000000,59.200000,25.900000
8411,2015,12,17,11,0.000000,0.000000,0.000000,0.000000,65.600000,28.700000
8412,2015,12,17,12,0.000000,0.000000,0.000000,0.000000,68.000000,29.750000
8413,2015,12,17,13,0.000000,0.000000,0.000000,0.000000,68.000000,29.750000
8414,2015,12,17,14,0.000000,0.000000,0.000000,0.000000,61.600000,26.950000
8415,2015,12,17,15,0.000000,0.000000,0.000000,0.000000,52.800000,23.100000
8416,2015,12,17,16,0.000000,0.000000,0.000000,0.000000,40.800000,17.850000
8417,2015,12,17,17,0.000000,0.000000,0.000000,0.000000,26.400000,11.550000
8418,2015,12,17,18,0.000000,0.000000,0.000000,0.000000,12.000000,5.250000
8419,2015,12,17,19,0.000000,0.000000,0.000000,0.000000,0.000000,0.000000
8420,2015,12,17,20,0.000000,0.000000,0.000000,0.000000,0.000000,0.000000
8421,2015,12,17,21,0.000000,0.000000,0.000000,0.000000,0.000000,0.000000
8422,2015,12,17,22,0.000000,0.000000,0.000000,0.000000,0.000000,0.000000
8423,2015,12,17,23,0.000000,0.000000,0.000000,0.000000,0.000000,0.000000
8424,2015,12,17,24,0.000000,0.000000,0.000000,0.000000,0.000000,0.000000
8425,2015,12,18,1,0.000000,0.000000,0.000000,0.000000,0.000000,0.000000
8426,2015,12,18,2,0.000000,0.000000,0.000000,0.000000,0.000000,0.000000
8427,2015,12,18,3,0.000000,0.000000,0.000000,0.000000,0.000000,0.000000
8428,2015,12,18,4,0.000000,0.000000,0.000000,0.000000,0.000000,0.000000
8429,2015,12,18,5,0.000000,0.000000,0.000000,0.000000,0.000000,0.000000
8430,2015,12,18,6,0.000000,0.000000,0.000000,0.000000,6.400000,2.800000
8431,2015,12,18,7,0.000000,0.000000,0.000000,0.000000,22.400000,9.800000
8432,2015,12,18,8,0.000000,0.000000,0.000000,0.000000,36.000000,15.750000
8433,2015,12,18,9,0.000000,0.000000,0.000000,0.000000,48.800000,21.350000
8434,2015,12,18,10,0.000000,0.000000,0.000000,0.000000,59.200000,25.900000
8435,2015,12,18,11,0.000000,0.000000,0.000000,0.000000,65.600000,28.700000
8436,2015,12,18,12,0.000000,0.000000,0.000000,0.000000,68.000000,29.750000
8437,2015,12,18,13,0.000000,0.000000,0.000000,0.000000,68.000000,29.750000
8438,2015,12,18,14,0.000000,0.000000,0.000000,0.000000,61.600000,26.950000
8439,2015,12,18,15,0.000000,0.000000,0.000000,0.000000,52.800000,23.100000
8440,2015,12,18,16,0.000000,0.000000,0.000000,0.000000,40.800000,17.850000
8441,2015,12,18,17,0.000000,0.000000,0.000000,0.000000,26.400000,11.550000
8442,2015,12,18,18,0.000000,0.000000,0.000000,0.000000,12.000000,5.250000
8443,2015,12,18,19,0.000000,0.000000,0.000000,0.000000,0.000000,0.000000
8444,2015,12,18,20,0.000000,0.000000,0.000000,0.000000,0.000000,0.000000
8445,2015,12,18,21,0.000000,0.000000,0.000000,0.000000,0.000000,0.000000
8446,2015,12,18,22,0.000000,0.000000,0.000000,0.000000,0.000000,0.000000
8447,2015,12,18,23,0.000000,0.000000,0.000000,0.000000,0.000000,0.000000
8448,2015,12,18,24,0.000000,0.000000,0.000000,0.000000,0.000000,0.000000
8449,2015,12,19,1,0.000000,0.000000,0.000000,0.000000,0.000000,0.000000
8450,2015,12,19,2,0.000000,0.000000,0.000000,0.000000,0.000000,0.000000
8451,2015,12,19,3,0.000000,0.000000,0.000000,0.000000,0.000000,0.000000
8452,2015,12,19,4,0.000000,0.000000,0.000000,0.000000,0.000000,0.000000
8453,2015,12,19,5,0.000000,0.000000,0.000000,0.000000,0.000000,0.000000
8454,2015,12,19,6,0.000000,0.000000,0.000000,0.000000,6.400000,2.800000
8455,2015,12,19,7,0.000000,0.000000,0.000000,0.000000,22.400000,9.800000
8456,2015,12,19,8,0.000000,0.000000,0.000000,0.000000,36.000000,15.750000
8457,2015,12,19,9,0.000000,0.000000,0.000000,0.000000,48.800000,21.350000
8458,2015,12,19,10,0.000000,0.000000,0.000000,0.000000,59.200000,25.900000
8459,2015,12,19,11,0.000000,0.000000,0.000000,0.000000,65.600000,28.700000
8460,2015,12,19,12,0.000000,0.000000,0.000000,0.000000,68.000000,29.750000
8461,2015,12,19,13,0.000000,0.000000,0.000000,0.000000,68.000000,29.750000
8462,2015,12,19,14,0.000000,0.000000,0.000000,0.000000,61.600000,26.950000
8463,2015,12,19,15,0.000000,0.000000,0.000000,0.000000,52.800000,23.100000
8464,2015,12,19,16,0.000000,0.000000,0.000000,0.000000,40.800000,17.850000
8465,2015,12,19,17,0.000000,0.000000,0.000000,0.000000,26.400000,11.550000
8466,2015,12,19,18,0.000000,0.000000,0.000000,0.000000,12.000000,5.250000
8467,2015,12,19,19,0.000000,0.000000,0.000000,0.000000,0.000000,0.000000
8468,2015,12,19,20,0.000000,0.000000,0.000000,0.000000,0.000000,0.000000
8469,2015,12,19,21,0.000000,0.000000,0.000000,0.000000,0.000000,0.000000
8470,2015,12,19,22,0.000000,0.000000,0.000000,0.000000,0.000000,0.000000
8471,2015,12,19,23,0.000000,0.000000,0.000000,0.000000,0.000000,0.000000
8472,2015,12,19,24,0.000000,0.000000,0.000000,0.000000,0.000000,0.000000
8473,2015,12,20,1,0.000000,0.000000,0.000000,0.000000,0.000000,0.000000
8474,2015,12,20,2,0.000000,0.000000,0.000000,0.000000,0.000000,0.000000
8475,2015,12,20,3,0.000000,0.000000,0.000000,0.000000,0.000000,0.000000
8476,2015,12,20,4,0.000000,0.000000,0.000000,0.000000,0.000000,0.000000
8477,2015,12,20,5,0.000000,0.000000,0.000000,0.000000,0.000000,0.000000
8478,2015,12,20,6,0.000000,0.000000,0.000000,0.000000,6.400000,2.800000
8479,2015,12,20,7,0.000000,0.000000,0.000000,0.000000,22.400000,9.800000
8480,2015,12,20,8,0.000000,0.000000,0.000000,0.000000,36.000000,15.750000
8481,2015,12,20,9,0.000000,0.000000,0.000000,0.000000,48.800000,21.350000
8482,2015,12,20,10,0.000000,0.000000,0.000000,0.000000,59.200000,25.900000
8483,2015,12,20,11,0.000000,0.000000,0.000000,0.000000,65.600000,28.700000
8484,2015,12,20,12,0.000000,0.000000,0.000000,0.000000,68.000000,29.750000
8485,2015,12,20,13,0.000000,0.000000,0.000000,0.000000,68.000000,29.750000
8486,2015,12,20,14,0.000000,0.000000,0.000000,0.000000,61.600000,26.950000
8487,2015,12,20,15,0.000000,0.000000,0.000000,0.000000,52.800000,23.100000
8488,2015,12,20,16,0.000000,0.000000,0.000000,0.000000,40.800000,17.850000
8489,2015,12,20,17,0.000000,0.000000,0.000000,0.000000,26.400000,11.550000
8490,2015,12,20,18,0.000000,0.000000,0.000000,0.000000,12.000000,5.250000
8491,2015,12,20,19,0.000000,0.000000,0.000000,0.000000,0.000000,0.000000
8492,2015,12,20,20,0.000000,0.000000,0.000000,0.000000,0.000000,0.000000
8493,2015,12,20,21,0.000000,0.000000,0.000000,0.000000,0.000000,0.000000
8494,2015,12,20,22,0.000000,0.000000,0.000000,0.000000,0.000000,0.000000
8495,2015,12,20,23,0.000000,0.000000,0.000000,0.000000,0.000000,0.000000
8496,2015,12,20,24,0.000000,0.000000,0.000000,0.000000,0.000000,0.000000
8497,2015,12,21,1,0.000000,0.000000,0.000000,0.000000,0.000000,0.000000
8498,2015,12,21,2,0.000000,0.000000,0.000000,0.000000,0.000000,0.000000
8499,2015,12,21,3,0.000000,0.000000,0.000000,0.000000,0.000000,0.000000
8500,2015,12,21,4,0.000000,0.000000,0.000000,0.000000,0.000000,0.000000
8501,2015,12,21,5,0.000000,0.000000,0.000000,0.000000,0.000000,0.000000
8502,2015,12,21,6,0.000000,0.000000,0.000000,0.000000,6.400000,2.800000
8503,2015,12,21,7,0.000000,0.000000,0.000000,0.000000,22.400000,9.800000
8504,2015,12,21,8,0.000000,0.000000,0.000000,0.000000,36.000000,15.750000
8505,2015,12,21,9,0.000000,0.000000,0.000000,0.000000,48.800000,21.350000
8506,2015,12,21,10,0.000000,0.000000,0.000000,0.000000,59.200000,25.900000
8507,2015,12,21,11,0.000000,0.000000,0.000000,0.000000,65.600000,28.700000
8508,2015,12,21,12,0.000000,0.000000,0.000000,0.000000,68.000000,29.750000
8509,2015,12,21,13,0.000000,0.000000,0.000000,0.000000,68.000000,29.750000
8510,2015,12,21,14,0.000000,0.000000,0.000000,0.000000,61.600000,26.950000
8511,2015,12,21,15,0.000000,0.000000,0.000000,0.000000,52.800000,23.100000
8512,2015,12,21,16,0.000000,0.000000,0.000000,0.000000,40.800000,17.850000
8513,2015,12,21,17,0.000000,0.000000,0.000000,0.000000,26.400000,11.550000
8514,2015,12,21,18,0.000000,0.000000,0.000000,0.000000,12.000000,5.250000
8515,2015,12,21,19,0.000000,0.000000,0.000000,0.000000,0.000000,0.000000
8516,2015,12,21,20,0.000000,0.000000,0.000000,0.000000,0.000000,0.000000
8517,2015,12,21,21,0.000000,0.000000,0.000000,0.000000,0.000000,0.000000
8518,2015,12,21,22,0.000000,0.000000,0.000000,0.000000,0.000000,0.000000
8519,2015,12,21,23,0.000000,0.000000,0.000000,0.000000,0.000000,0.000000
8520,2015,12,21,24,0.000000,0.000000,0.000000,0.000000,0.000000,0.000000
8521,2015,12,22,1,0.000000,0.000000,0.000000,0.000000,0.000000,0.000000
8522,2015,12,22,2,0.000000,0.000000,0.000000,0.000000,0.000000,0.000000
8523,2015,12,22,3,0.000000,0.000000,0.000000,0.000000,0.000000,0.000000
8524,2015,12,22,4,0.000000,0.000000,0.000000,0.000000,0.000000,0.000000
8525,2015,12,22,5,0.000000,0.000000,0.000000,0.000000,0.000000,0.000000
8526,2015,12,22,6,0.000000,0.000000,0.000000,0.000000,6.400000,2.800000
8527,2015,12,22,7,0.000000,0.000000,0.000000,0.000000,22.400000,9.800000
8528,2015,12,22,8,0.000000,0.000000,0.000000,0.000000,36.000000,15.750000
8529,2015,12,22,9,0.000000,0.000000,0.000000,0.000000,48.800000,21.350000
8530,2015,12,22,10,0.000000,0.000000,0.000000,0.000000,59.200000,25.900000
8531,2015,12,22,11,0.000000,0.000000,0.000000,0.000000,65.600000,28.700000
8532,2015,12,22,12,0.000000,0.000000,0.000000,0.000000,68.000000,29.750000
8533,2015,12,22,13,0.000000,0.000000,0.000000,0.000000,68.000000,29.750000
8534,2015,12,22,14,0.000000,0.000000,0.000000,0.000000,61.600000,26.950000
8535,2015,12,22,15,0.000000,0.000000,0.000000,0.000000,52.800000,23.100000
8536,2015,12,22,16,0.000000,0.000000,0.000000,0.000000,40.800000,17.850000
8537,2015,12,22,17,0.000000,0.000000,0.000000,0.000000,26.400000,11.550000
8538,2015,12,22,18,0.000000,0.000000,0.000000,0.000000,12.000000,5.250000
8539,2015,12,22,19,0.000000,0.000000,0.000000,0.000000,0.000000,0.000000
8540,2015,12,22,20,0.000000,0.000000,0.000000,0.000000,0.000000,0.000000
8541,2015,12,22,21,0.000000,0.000000,0.000000,0.000000,0.000000,0.000000
8542,2015,12,22,22,0.000000,0.000000,0.000000,0.000000,0.000000,0.000000
8543,2015,12,22,23,0.000000,0.000000,0.000000,0.000000,0.000000,0.000000
8544,2015,12,22,24,0.000000,0.000000,0.000000,0.000000,0.000000,0.000000
8545,2015,12,23,1,0.000000,0.000000,0.000000,0.000000,0.000000,0.000000
8546,2015,12,23,2,0.000000,0.000000,0.000000,0.000000,0.000000,0.000000
8547,2015,12,23,3,0.000000,0.000000,0.000000,0.000000,0.000000,0.000000
8548,2015,12,23,4,0.000000,0.000000,0.000000,0.000000,0.000000,0.000000
8549,2015,12,23,5,0.000000,0.000000,0.000000,0.000000,0.000000,0.000000
8550,2015,12,23,6,0.000000,0.000000,0.000000,0.000000,6.400000,2.800000
8551,2015,12,23,7,0.000000,0.000000,0.000000,0.000000,22.400000,9.800000
8552,2015,12,23,8,0.000000,0.000000,0.000000,0.000000,36.000000,15.750000
8553,2015,12,23,9,0.000000,0.000000,0.000000,0.000000,48.800000,21.350000
8554,2015,12,23,10,0.000000,0.000000,0.000000,0.000000,59.200000,25.900000
8555,2015,12,23,11,0.000000,0.000000,0.000000,0.000000,65.600000,28.700000
8556,2015,12,23,12,0.000000,0.000000,0.000000,0.000000,68.000000,29.750000
8557,2015,12,23,13,0.000000,0.000000,0.000000,0.000000,68.000000,29.750000
8558,2015,12,23,14,0.000000,0.000000,0.000000,0.000000,61.600000,26.950000
8559,2015,12,23,15,0.000000,0.000000,0.000000,0.000000,52.800000,23.100000
8560,2015,12,23,16,0.000000,0.000000,0.000000,0.000000,40.800000,17.850000
8561,2015,12,23,17,0.000000,0.000000,0.000000,0.000000,26.400000,11.550000
8562,2015,12,23,18,0.000000,0.000000,0.000000,0.000000,12.000000,5.250000
8563,2015,12,23,19,0.000000,0.000000,0.000000,0.000000,0.000000,0.000000
8564,2015,12,23,20,0.000000,0.000000,0.000000,0.000000,0.000000,0.000000
8565,2015,12,23,21,0.000000,0.000000,0.000000,0.000000,0.000000,0.000000
8566,2015,12,23,22,0.000000,0.000000,0.000000,0.000000,0.000000,0.000000
8567,2015,12,23,23,0.000000,0.000000,0.000000,0.000000,0.000000,0.000000
8568,2015,12,23,24,0.000000,0.000000,0.000000,0.000000,0.000000,0.000000
8569,2015,12,24,1,0.000000,0.000000,0.000000,0.000000,0.000000,0.000000
8570,2015,12,24,2,0.000000,0.000000,0.000000,0.000000,0.000000,0.000000
8571,2015,12,24,3,0.000000,0.000000,0.000000,0.000000,0.000000,0.000000
8572,2015,12,24,4,0.000000,0.000000,0.000000,0.000000,0.000000,0.000000
8573,2015,12,24,5,0.000000,0.000000,0.000000,0.000000,0.000000,0.000000
8574,2015,12,24,6,0.000000,0.000000,0.000000,0.000000,6.400000,2.800000
8575,2015,12,24,7,0.000000,0.000000,0.000000,0.000000,22.400000,9.800000
8576,2015,12,24,8,0.000000,0.000000,0.000000,0.000000,36.000000,15.750000
8577,2015,12,24,9,0.000000,0.000000,0.000000,0.000000,48.800000,21.350000
8578,2015,12,24,10,0.000000,0.000000,0.000000,0.000000,59.200000,25.900000
8579,2015,12,24,11,0.000000,0.000000,0.000000,0.000000,65.600000,28.700000
8580,2015,12,24,12,0.000000,0.000000,0.000000,0.000000,68.000000,29.750000
8581,2015,12,24,13,0.000000,0.000000,0.000000,0.000000,68.000000,29.750000
8582,2015,12,24,14,0.000000,0.000000,0.000000,0.000000,61.600000,26.950000
8583,2015,12,24,15,0.000000,0.000000,0.000000,0.000000,52.800000,23.100000
8584,2015,12,24,16,0.000000,0.000000,0.000000,0.000000,40.800000,17.850000
8585,2015,12,24,17,0.000000,0.000000,0.000000,0.000000,26.400000,11.550000
8586,2015,12,24,18,0.000000,0.000000,0.000000,0.000000,12.000000,5.250000
8587,2015,12,24,19,0.000000,0.000000,0.000000,0.000000,0.000000,0.000000
8588,2015,12,24,20,0.000000,0.000000,0.000000,0.000000,0.000000,0.000000
8589,2015,12,24,21,0.000000,0.000000,0.000000,0.000000,0.000000,0.000000
8590,2015,12,24,22,0.000000,0.000000,0.000000,0.000000,0.000000,0.000000
8591,2015,12,24,23,0.000000,0.000000,0.000000,0.000000,0.000000,0.000000
8592,2015,12,24,24,0.000000,0.000000,0.000000,0.000000,0.000000,0.000000
8593,2015,12,25,1,0.000000,0.000000,0.000000,0.000000,0.000000,0.000000
8594,2015,12,25,2,0.000000,0.000000,0.000000,0.000000,0.000000,0.000000
8595,2015,12,25,3,0.000000,0.000000,0.000000,0.000000,0.000000,0.000000
8596,2015,12,25,4,0.000000,0.000000,0.000000,0.000000,0.000000,0.000000
8597,2015,12,25,5,0.000000,0.000000,0.000000,0.000000,0.000000,0.000000
8598,2015,12,25,6,0.000000,0.000000,0.000000,0.000000,6.400000,2.800000
8599,2015,12,25,7,0.000000,0.000000,0.000000,0.000000,22.400000,9.800000
8600,2015,12,25,8,0.000000,0.000000,0.000000,0.000000,36.000000,15.750000
8601,2015,12,25,9,0.000000,0.000000,0.000000,0.000000,48.800000,21.350000
8602,2015,12,25,10,0.000000,0.000000,0.000000,0.000000,59.200000,25.900000
8603,2015,12,25,11,0.000000,0.000000,0.000000,0.000000,65.600000,28.700000
8604,2015,12,25,12,0.000000,0.000000,0.000000,0.000000,68.000000,29.750000
8605,2015,12,25,13,0.000000,0.000000,0.000000,0.000000,68.000000,29.750000
8606,2015,12,25,14,0.000000,0.000000,0.000000,0.000000,61.600000,26.950000
8607,2015,12,25,15,0.000000,0.000000,0.000000,0.000000,52.800000,23.100000
8608,2015,12,25,16,0.000000,0.000000,0.000000,0.000000,40.800000,17.850000
8609,2015,12,25,17,0.000000,0.000000,0.000000,0.000000,26.400000,11.550000
8610,2015,12,25,18,0.000000,0.000000,0.000000,0.000000,12.000000,5.250000
8611,2015,12,25,19,0.000000,0.000000,0.000000,0.000000,0.000000,0.000000
8612,2015,12,25,20,0.000000,0.000000,0.000000,0.000000,0.000000,0.000000
8613,2015,12,25,21,0.000000,0.000000,0.000000,0.000000,0.000000,0.000000
8614,2015,12,25,22,0.000000,0.000000,0.000000,0.000000,0.000000,0.000000
8615,2015,12,25,23,0.000000,0.000000,0.000000,0.000000,0.000000,0.000000
8616,2015,12,25,24,0.000000,0.000000,0.000000,0.000000,0.000000,0.000000
8617,2015,12,26,1,0.000000,0.000000,0.000000,0.000000,0.000000,0.000000
8618,2015,12,26,2,0.000000,0.000000,0.000000,0.000000,0.000000,0.000000
8619,2015,12,26,3,0.000000,0.000000,0.000000,0.000000,0.000000,0.000000
8620,2015,12,26,4,0.000000,0.000000,0.000000,0.000000,0.000000,0.000000
8621,2015,12,26,5,0.000000,0.000000,0.000000,0.000000,0.000000,0.000000
8622,2015,12,26,6,0.000000,0.000000,0.000000,0.000000,6.400000,2.800000
8623,2015,12,26,7,0.000000,0.000000,0.000000,0.000000,22.400000,9.800000
8624,2015,12,26,8,0.000000,0.000000,0.000000,0.000000,36.000000,15.750000
8625,2015,12,26,9,0.000000,0.000000,0.000000,0.000000,48.800000,21.350000
8626,2015,12,26,10,0.000000,0.000000,0.000000,0.000000,59.200000,25.900000
8627,2015,12,26,11,0.000000,0.000000,0.000000,0.000000,65.600000,28.700000
8628,2015,12,26,12,0.000000,0.000000,0.000000,0.000000,68.000000,29.750000
8629,2015,12,26,13,0.000000,0.000000,0.000000,0.000000,68.000000,29.750000
8630,2015,12,26,14,0.000000,0.000000,0.000000,0.000000,61.600000,26.950000
8631,2015,12,26,15,0.000000,0.000000,0.000000,0.000000,52.800000,23.100000
8632,2015,12,26,16,0.000000,0.000000,0.000000,0.000000,40.800000,17.850000
8633,2015,12,26,17,0.000000,0.000000,0.000000,0.000000,26.400000,11.550000
8634,2015,12,26,18,0.000000,0.000000,0.000000,0.000000,12.000000,5.250000
8635,2015,12,26,19,0.000000,0.000000,0.000000,0.000000,0.000000,0.000000
8636,2015,12,26,20,0.000000,0.000000,0.000000,0.000000,0.000000,0.000000
8637,2015,12,26,21,0.000000,0.000000,0.000000,0.000000,0.000000,0.000000
8638,2015,12,26,22,0.000000,0.000000,0.000000,0.000000,0.000000,0.000000
8639,2015,12,26,23,0.000000,0.000000,0.000000,0.000000,0.000000,0.000000
8640,2015,12,26,24,0.000000,0.000000,0.000000,0.000000,0.000000,0.000000
8641,2015,12,27,1,0.000000,0.000000,0.000000,0.000000,0.000000,0.000000
8642,2015,12,27,2,0.000000,0.000000,0.000000,0.000000,0.000000,0.000000
8643,2015,12,27,3,0.000000,0.000000,0.000000,0.000000,0.000000,0.000000
8644,2015,12,27,4,0.000000,0.000000,0.000000,0.000000,0.000000,0.000000
8645,2015,12,27,5,0.000000,0.000000,0.000000,0.000000,0.000000,0.000000
8646,2015,12,27,6,0.000000,0.000000,0.000000,0.000000,6.400000,2.800000
8647,2015,12,27,7,0.000000,0.000000,0.000000,0.000000,22.400000,9.800000
8648,2015,12,27,8,0.000000,0.000000,0.000000,0.000000,36.000000,15.750000
8649,2015,12,27,9,0.000000,0.000000,0.000000,0.000000,48.800000,21.350000
8650,2015,12,27,10,0.000000,0.000000,0.000000,0.000000,59.200000,25.900000
8651,2015,12,27,11,0.000000,0.000000,0.000000,0.000000,65.600000,28.700000
8652,2015,12,27,12,0.000000,0.000000,0.000000,0.000000,68.000000,29.750000
8653,2015,12,27,13,0.000000,0.000000,0.000000,0.000000,68.000000,29.750000
8654,2015,12,27,14,0.000000,0.000000,0.000000,0.000000,61.600000,26.950000
8655,2015,12,27,15,0.000000,0.000000,0.000000,0.000000,52.800000,23.100000
8656,2015,12,27,16,0.000000,0.000000,0.000000,0.000000,40.800000,17.850000
8657,2015,12,27,17,0.000000,0.000000,0.000000,0.000000,26.400000,11.550000
8658,2015,12,27,18,0.000000,0.000000,0.000000,0.000000,12.000000,5.250000
8659,2015,12,27,19,0.000000,0.000000,0.000000,0.000000,0.000000,0.000000
8660,2015,12,27,20,0.000000,0.000000,0.000000,0.000000,0.000000,0.000000
8661,2015,12,27,21,0.000000,0.000000,0.000000,0.000000,0.000000,0.000000
8662,2015,12,27,22,0.000000,0.000000,0.000000,0.000000,0.000000,0.000000
8663,2015,12,27,23,0.000000,0.000000,0.000000,0.000000,0.000000,0.000000
8664,2015,12,27,24,0.000000,0.000000,0.000000,0.000000,0.000000,0.000000
8665,2015,12,28,1,0.000000,0.000000,0.000000,0.000000,0.000000,0.000000
8666,2015,12,28,2,0.000000,0.000000,0.000000,0.000000,0.000000,0.000000
8667,2015,12,28,3,0.000000,0.000000,0.000000,0.000000,0.000000,0.000000
8668,2015,12,28,4,0.000000,0.000000,0.000000,0.000000,0.000000,0.000000
8669,2015,12,28,5,0.000000,0.000000,0.000000,0.000000,0.000000,0.000000
8670,2015,12,28,6,0.000000,0.000000,0.000000,0.000000,6.400000,2.800000
8671,2015,12,28,7,0.000000,0.000000,0.000000,0.000000,22.400000,9.800000
8672,2015,12,28,8,0.000000,0.000000,0.000000,0.000000,36.000000,15.750000
8673,2015,12,28,9,0.000000,0.000000,0.000000,0.000000,48.800000,21.350000
8674,2015,12,28,10,0.000000,0.000000,0.000000,0.000000,59.200000,25.900000
8675,2015,12,28,11,0.000000,0.000000,0.000000,0.000000,65.600000,28.700000
8676,2015,12,28,12,0.000000,0.000000,0.000000,0.000000,68.000000,29.750000
8677,2015,12,28,13,0.000000,0.000000,0.000000,0.000000,68.000000,29.750000
8678,2015,12,28,14,0.000000,0.000000,0.000000,0.000000,61.600000,26.950000
8679,2015,12,28,15,0.000000,0.000000,0.000000,0.000000,52.800000,23.100000
8680,2015,12,28,16,0.000000,0.000000,0.000000,0.000000,40.800000,17.850000
8681,2015,12,28,17,0.000000,0.000000,0.000000,0.000000,26.400000,11.550000
8682,2015,12,28,18,0.000000,0.000000,0.000000,0.000000,12.000000,5.250000
8683,2015,12,28,19,0.000000,0.000000,0.000000,0.000000,0.000000,0.000000
8684,2015,12,28,20,0.000000,0.000000,0.000000,0.000000,0.000000,0.000000
8685,2015,12,28,21,0.000000,0.000000,0.000000,0.000000,0.000000,0.000000
8686,2015,12,28,22,0.000000,0.000000,0.000000,0.000000,0.000000,0.000000
8687,2015,12,28,23,0.000000,0.000000,0.000000,0.000000,0.000000,0.000000
8688,2015,12,28,24,0.000000,0.000000,0.000000,0.000000,0.000000,0.000000
8689,2015,12,29,1,0.000000,0.000000,0.000000,0.000000,0.000000,0.000000
8690,2015,12,29,2,0.000000,0.000000,0.000000,0.000000,0.000000,0.000000
8691,2015,12,29,3,0.000000,0.000000,0.000000,0.000000,0.000000,0.000000
8692,2015,12,29,4,0.000000,0.000000,0.000000,0.000000,0.000000,0.000000
8693,2015,12,29,5,0.000000,0.000000,0.000000,0.000000,0.000000,0.000000
8694,2015,12,29,6,0.000000,0.000000,0.000000,0.000000,6.400000,2.800000
8695,2015,12,29,7,0.000000,0.000000,0.000000,0.000000,22.400000,9.800000
8696,2015,12,29,8,0.000000,0.000000,0.000000,0.000000,36.000000,15.750000
8697,2015,12,29,9,0.000000,0.000000,0.000000,0.000000,48.800000,21.350000
8698,2015,12,29,10,0.000000,0.000000,0.000000,0.000000,59.200000,25.900000
8699,2015,12,29,11,0.000000,0.000000,0.000000,0.000000,65.600000,28.700000
8700,2015,12,29,12,0.000000,0.000000,0.000000,0.000000,68.000000,29.750000
8701,2015,12,29,13,0.000000,0.000000,0.000000,0.000000,68.000000,29.750000
8702,2015,12,29,14,0.000000,0.000000,0.000000,0.000000,61.600000,26.950000
8703,2015,12,29,15,0.000000,0.000000,0.000000,0.000000,52.800000,23.100000
8704,2015,12,29,16,0.000000,0.000000,0.000000,0.000000,40.800000,17.850000
8705,2015,12,29,17,0.000000,0.000000,0.000000,0.000000,26.400000,11.550000
8706,2015,12,29,18,0.000000,0.000000,0.000000,0.000000,12.000000,5.250000
8707,2015,12,29,19,0.000000,0.000000,0.000000,0.000000,0.000000,0.000000
8708,2015,12,29,20,0.000000,0.000000,0.000000,0.000000,0.000000,0.000000
8709,2015,12,29,21,0.000000,0.000000,0.000000,0.000000,0.000000,0.000000
8710,2015,12,29,22,0.000000,0.000000,0.000000,0.000000,0.000000,0.000000
8711,2015,12,29,23,0.000000,0.000000,0.000000,0.000000,0.000000,0.000000
8712,2015,12,29,24,0.000000,0.000000,0.000000,0.000000,0.000000,0.000000
8713,2015,12,30,1,0.000000,0.000000,0.000000,0.000000,0.000000,0.000000
8714,2015,12,30,2,0.000000,0.000000,0.000000,0.000000,0.000000,0.000000
8715,2015,12,30,3,0.000000,0.000000,0.000000,0.000000,0.000000,0.000000
8716,2015,12,30,4,0.000000,0.000000,0.000000,0.000000,0.000000,0.000000
8717,2015,12,30,5,0.000000,0.000000,0.000000,0.000000,0.000000,0.000000
8718,2015,12,30,6,0.000000,0.000000,0.000000,0.000000,6.400000,2.800000
8719,2015,12,30,7,0.000000,0.000000,0.000000,0.000000,22.400000,9.800000
8720,2015,12,30,8,0.000000,0.000000,0.000000,0.000000,36.000000,15.750000
8721,2015,12,30,9,0.000000,0.000000,0.000000,0.000000,48.800000,21.350000
8722,2015,12,30,10,0.000000,0.000000,0.000000,0.000000,59.200000,25.900000
8723,2015,12,30,11,0.000000,0.000000,0.000000,0.000000,65.600000,28.700000
8724,2015,12,30,12,0.000000,0.000000,0.000000,0.000000,68.000000,29.750000
8725,2015,12,30,13,0.000000,0.000000,0.000000,0.000000,68.000000,29.750000
8726,2015,12,30,14,0.000000,0.000000,0.000000,0.000000,61.600000,26.950000
8727,2015,12,30,15,0.000000,0.000000,0.000000,0.000000,52.800000,23.100000
8728,2015,12,30,16,0.000000,0.000000,0.000000,0.000000,40.800000,17.850000
8729,2015,12,30,17,0.000000,0.000000,0.000000,0.000000,26.400000,11.550000
8730,2015,12,30,18,0.000000,0.000000,0.000000,0.000000,12.000000,5.250000
8731,2015,12,30,19,0.000000,0.000000,0.000000,0.000000,0.000000,0.000000
8732,2015,12,30,20,0.000000,0.000000,0.000000,0.000000,0.000000,0.000000
8733,2015,12,30,21,0.000000,0.000000,0.000000,0.000000,0.000000,0.000000
8734,2015,12,30,22,0.000000,0.000000,0.000000,0.000000,0.000000,0.000000
8735,2015,12,30,23,0.000000,0.000000,0.000000,0.000000,0.000000,0.000000
8736,2015,12,30,24,0.000000,0.000000,0.000000,0.000000,0.000000,0.000000
8737,2015,12,31,1,0.000000,0.000000,0.000000,0.000000,0.000000,0.000000
8738,2015,12,31,2,0.000000,0.000000,0.000000,0.000000,0.000000,0.000000
8739,2015,12,31,3,0.000000,0.000000,0.000000,0.000000,0.000000,0.000000
8740,2015,12,31,4,0.000000,0.000000,0.000000,0.000000,0.000000,0.000000
8741,2015,12,31,5,0.000000,0.000000,0.000000,0.000000,0.000000,0.000000
8742,2015,12,31,6,0.000000,0.000000,0.000000,0.000000,6.400000,2.800000
8743,2015,12,31,7,0.000000,0.000000,0.000000,0.000000,22.400000,9.800000
8744,2015,12,31,8,0.000000,0.000000,0.000000,0.000000,36.000000,15.750000
8745,2015,12,31,9,0.000000,0.000000,0.000000,0.000000,48.800000,21.350000
8746,2015,12,31,10,0.000000,0.000000,0.000000,0.000000,59.200000,25.900000
8747,2015,12,31,11,0.000000,0.000000,0.000000,0.000000,65.600000,28.700000
8748,2015,12,31,12,0.000000,0.000000,0.000000,0.000000,68.000000,29.750000
8749,2015,12,31,13,0.000000,0.000000,0.000000,0.000000,68.000000,29.750000
8750,2015,12,31,14,0.000000,0.000000,0.000000,0.000000,61.600000,26.950000
8751,2015,12,31,15,0.000000,0.000000,0.000000,0.000000,52.800000,23.100000
8752,2015,12,31,16,0.000000,0.000000,0.000000,0.000000,40.800000,17.850000
8753,2015,12,31,17,0.000000,0.000000,0.000000,0.000000,26.400000,11.550000
8754,2015,12,31,18,0.000000,0.000000,0.000000,0.000000,12.000000,5.250000
8755,2015,12,31,19,0.000000,0.000000,0.000000,0.000000,0.000000,0.000000
8756,2015,12,31,20,0.000000,0.000000,0.000000,0.000000,0.000000,0.000000
8757,2015,12,31,21,0.000000,0.000000,0.000000,0.000000,0.000000,0.000000
8758,2015,12,31,22,0.000000,0.000000,0.000000,0.000000,0.000000,0.000000
8759,2015,12,31,23,0.000000,0.000000,0.000000,0.000000,0.000000,0.000000
8760,2015,12,31,24,0.000000,0.000000,0.000000,0.000000,0.000000,0.000000
