hour,year,month,day,hour_of_day,bus1,bus2,bus3,bus4,bus5,bus6
1,2015,1,1,1,0.000000,0.000000,0.000000,101.187821,101.187821,134.917095
2,2015,1,1,2,0.000000,0.000000,0.000000,104.509601,104.509601,139.346134
3,2015,1,1,3,0.000000,0.000000,0.000000,96.343212,96.343212,128.457616
4,2015,1,1,4,0.000000,0.000000,0.000000,92.041982,92.041982,122.722643
5,2015,1,1,5,0.000000,0.000000,0.000000,91.111415,91.111415,121.481887
6,2015,1,1,6,0.000000,0.000000,0.000000,91.098506,91.098506,121.464674
7,2015,1,1,7,0.000000,0.000000,0.000000,94.210667,94.210667,125.614223
8,2015,1,1,8,0.000000,0.000000,0.000000,96.123262,96.123262,128.164349
9,2015,1,1,9,0.000000,0.000000,0.000000,99.045818,99.045818,132.061090
10,2015,1,1,10,0.000000,0.000000,0.000000,100.613207,100.613207,134.150942
11,2015,1,1,11,0.000000,0.000000,0.000000,99.068034,99.068034,132.090712
12,2015,1,1,12,0.000000,0.000000,0.000000,97.373847,97.373847,129.831796
13,2015,1,1,13,0.000000,0.000000,0.000000,94.063616,94.063616,125.418154
14,2015,1,1,14,0.000000,0.000000,0.000000,91.939702,91.939702,122.586270
15,2015,1,1,15,0.000000,0.000000,0.000000,92.247164,92.247164,122.996219
16,2015,1,1,16,0.000000,0.000000,0.000000,95.358202,95.358202,127.144269
17,2015,1,1,17,0.000000,0.000000,0.000000,100.469129,100.469129,133.958839
18,2015,1,1,18,0.000000,0.000000,0.000000,102.141081,102.141081,136.188108
19,2015,1,1,19,0.000000,0.000000,0.000000,101.943276,101.943276,135.924368
20,2015,1,1,20,0.000000,0.000000,0.000000,101.933175,101.933175,135.910901
21,2015,1,1,21,0.000000,0.000000,0.000000,103.507208,103.507208,138.009611
22,2015,1,1,22,0.000000,0.000000,0.000000,98.836372,98.836372,131.781830
23,2015,1,1,23,0.000000,0.000000,0.000000,94.359624,94.359624,125.812832
24,2015,1,1,24,0.000000,0.000000,0.000000,97.435236,97.435236,129.913647
25,2015,1,2,1,0.000000,0.000000,0.000000,95.372268,95.372268,127.163025
26,2015,1,2,2,0.000000,0.000000,0.000000,98.879253,98.879253,131.839004
27,2015,1,2,3,0.000000,0.000000,0.000000,92.967308,92.967308,123.956411
28,2015,1,2,4,0.000000,0.000000,0.000000,91.188217,91.188217,121.584289
29,2015,1,2,5,0.000000,0.000000,0.000000,92.534201,92.534201,123.378934
30,2015,1,2,6,0.000000,0.000000,0.000000,99.582703,99.582703,132.776938
31,2015,1,2,7,0.000000,0.000000,0.000000,110.863791,110.863791,147.818388
32,2015,1,2,8,0.000000,0.000000,0.000000,117.929958,117.929958,157.239943
33,2015,1,2,9,0.000000,0.000000,0.000000,124.697442,124.697442,166.263256
34,2015,1,2,10,0.000000,0.000000,0.000000,129.597330,129.597330,172.796441
35,2015,1,2,11,0.000000,0.000000,0.000000,135.175373,135.175373,180.233831
36,2015,1,2,12,0.000000,0.000000,0.000000,139.161744,139.161744,185.548992
37,2015,1,2,13,0.000000,0.000000,0.000000,142.285578,142.285578,189.714103
38,2015,1,2,14,0.000000,0.000000,0.000000,142.963274,142.963274,190.617699
39,2015,1,2,15,0.000000,0.000000,0.000000,146.372453,146.372453,195.163271
40,2015,1,2,16,0.000000,0.000000,0.000000,152.858471,152.858471,203.811295
41,2015,1,2,17,0.000000,0.000000,0.000000,159.310093,159.310093,212.413457
42,2015,1,2,18,0.000000,0.000000,0.000000,158.370993,158.370993,211.161324
43,2015,1,2,19,0.000000,0.000000,0.000000,154.127984,154.127984,205.503979
44,2015,1,2,20,0.000000,0.000000,0.000000,147.270215,147.270215,196.360287
45,2015,1,2,21,0.000000,0.000000,0.000000,140.095754,140.095754,186.794339
46,2015,1,2,22,0.000000,0.000000,0.000000,127.016256,127.016256,169.355008
47,2015,1,2,23,0.000000,0.000000,0.000000,115.568509,115.568509,154.091345
48,2015,1,2,24,0.000000,0.000000,0.000000,113.318065,113.318065,151.090753
49,2015,1,3,1,0.000000,0.000000,0.000000,90.061877,90.061877,120.082503
50,2015,1,3,2,0.000000,0.000000,0.000000,92.141305,92.141305,122.855074
51,2015,1,3,3,0.000000,0.000000,0.000000,86.389066,86.389066,115.185422
52,2015,1,3,4,0.000000,0.000000,0.000000,81.269889,81.269889,108.359851
53,2015,1,3,5,0.000000,0.000000,0.000000,80.461902,80.461902,107.282536
54,2015,1,3,6,0.000000,0.000000,0.000000,82.657292,82.657292,110.209723
55,2015,1,3,7,0.000000,0.000000,0.000000,86.300192,86.300192,115.066923
56,2015,1,3,8,0.000000,0.000000,0.000000,88.957279,88.957279,118.609705
57,2015,1,3,9,0.000000,0.000000,0.000000,92.218241,92.218241,122.957655
58,2015,1,3,10,0.000000,0.000000,0.000000,92.738194,92.738194,123.650925
59,2015,1,3,11,0.000000,0.000000,0.000000,91.939725,91.939725,122.586301
60,2015,1,3,12,0.000000,0.000000,0.000000,89.749408,89.749408,119.665878
61,2015,1,3,13,0.000000,0.000000,0.000000,87.469177,87.469177,116.625570
62,2015,1,3,14,0.000000,0.000000,0.000000,85.434690,85.434690,113.912920
63,2015,1,3,15,0.000000,0.000000,0.000000,85.459585,85.459585,113.946113
64,2015,1,3,16,0.000000,0.000000,0.000000,88.041447,88.041447,117.388596
65,2015,1,3,17,0.000000,0.000000,0.000000,91.607342,91.607342,122.143123
66,2015,1,3,18,0.000000,0.000000,0.000000,93.795349,93.795349,125.060465
67,2015,1,3,19,0.000000,0.000000,0.000000,93.981147,93.981147,125.308196
68,2015,1,3,20,0.000000,0.000000,0.000000,95.483699,95.483699,127.311599
69,2015,1,3,21,0.000000,0.000000,0.000000,98.699256,98.699256,131.599007
70,2015,1,3,22,0.000000,0.000000,0.000000,95.611825,95.611825,127.482433
71,2015,1,3,23,0.000000,0.000000,0.000000,92.327878,92.327878,123.103838
72,2015,1,3,24,0.000000,0.000000,0.000000,94.459441,94.459441,125.945921
73,2015,1,4,1,0.000000,0.000000,0.000000,88.127477,88.127477,117.503302
74,2015,1,4,2,0.000000,0.000000,0.000000,91.737868,91.737868,122.317158
75,2015,1,4,3,0.000000,0.000000,0.000000,86.512774,86.512774,115.350365
76,2015,1,4,4,0.000000,0.000000,0.000000,81.620936,81.620936,108.827914
77,2015,1,4,5,0.000000,0.000000,0.000000,81.721333,81.721333,108.961778
78,2015,1,4,6,0.000000,0.000000,0.000000,82.898347,82.898347,110.531129
79,2015,1,4,7,0.000000,0.000000,0.000000,86.527220,86.527220,115.369626
80,2015,1,4,8,0.000000,0.000000,0.000000,87.623251,87.623251,116.831001
81,2015,1,4,9,0.000000,0.000000,0.000000,91.311965,91.311965,121.749287
82,2015,1,4,10,0.000000,0.000000,0.000000,93.611269,93.611269,124.815026
83,2015,1,4,11,0.000000,0.000000,0.000000,93.706500,93.706500,124.942000
84,2015,1,4,12,0.000000,0.000000,0.000000,90.701802,90.701802,120.935736
85,2015,1,4,13,0.000000,0.000000,0.000000,88.566451,88.566451,118.088601
86,2015,1,4,14,0.000000,0.000000,0.000000,87.133829,87.133829,116.178439
87,2015,1,4,15,0.000000,0.000000,0.000000,87.636853,87.636853,116.849138
88,2015,1,4,16,0.000000,0.000000,0.000000,90.292165,90.292165,120.389553
89,2015,1,4,17,0.000000,0.000000,0.000000,94.619411,94.619411,126.159215
90,2015,1,4,18,0.000000,0.000000,0.000000,98.069812,98.069812,130.759749
91,2015,1,4,19,0.000000,0.000000,0.000000,99.613311,99.613311,132.817749
92,2015,1,4,20,0.000000,0.000000,0.000000,101.071255,101.071255,134.761674
93,2015,1,4,21,0.000000,0.000000,0.000000,105.682773,105.682773,140.910364
94,2015,1,4,22,0.000000,0.000000,0.000000,102.225619,102.225619,136.300825
95,2015,1,4,23,0.000000,0.000000,0.000000,98.907537,98.907537,131.876716
96,2015,1,4,24,0.000000,0.000000,0.000000,101.339267,101.339267,135.119022
97,2015,1,5,1,0.000000,0.000000,0.000000,96.891247,96.891247,129.188330
98,2015,1,5,2,0.000000,0.000000,0.000000,102.105384,102.105384,136.140512
99,2015,1,5,3,0.000000,0.000000,0.000000,96.772817,96.772817,129.030422
100,2015,1,5,4,0.000000,0.000000,0.000000,93.625295,93.625295,124.833726
101,2015,1,5,5,0.000000,0.000000,0.000000,95.383028,95.383028,127.177371
102,2015,1,5,6,0.000000,0.000000,0.000000,100.621348,100.621348,134.161797
103,2015,1,5,7,0.000000,0.000000,0.000000,111.343455,111.343455,148.457941
104,2015,1,5,8,0.000000,0.000000,0.000000,115.858291,115.858291,154.477721
105,2015,1,5,9,0.000000,0.000000,0.000000,118.889421,118.889421,158.519228
106,2015,1,5,10,0.000000,0.000000,0.000000,117.577928,117.577928,156.770571
107,2015,1,5,11,0.000000,0.000000,0.000000,116.304008,116.304008,155.072011
108,2015,1,5,12,0.000000,0.000000,0.000000,113.870740,113.870740,151.827653
109,2015,1,5,13,0.000000,0.000000,0.000000,113.119400,113.119400,150.825867
110,2015,1,5,14,0.000000,0.000000,0.000000,113.187944,113.187944,150.917258
111,2015,1,5,15,0.000000,0.000000,0.000000,115.068317,115.068317,153.424423
112,2015,1,5,16,0.000000,0.000000,0.000000,119.731009,119.731009,159.641345
113,2015,1,5,17,0.000000,0.000000,0.000000,122.817802,122.817802,163.757070
114,2015,1,5,18,0.000000,0.000000,0.000000,120.339251,120.339251,160.452334
115,2015,1,5,19,0.000000,0.000000,0.000000,116.137475,116.137475,154.849967
116,2015,1,5,20,0.000000,0.000000,0.000000,112.289533,112.289533,149.719377
117,2015,1,5,21,0.000000,0.000000,0.000000,113.083178,113.083178,150.777571
118,2015,1,5,22,0.000000,0.000000,0.000000,106.452831,106.452831,141.937108
119,2015,1,5,23,0.000000,0.000000,0.000000,100.823550,100.823550,134.431401
120,2015,1,5,24,0.000000,0.000000,0.000000,103.452947,103.452947,137.937262
121,2015,1,6,1,0.000000,0.000000,0.000000,97.325297,97.325297,129.767063
122,2015,1,6,2,0.000000,0.000000,0.000000,100.986091,100.986091,134.648122
123,2015,1,6,3,0.000000,0.000000,0.000000,94.920821,94.920821,126.561095
124,2015,1,6,4,0.000000,0.000000,0.000000,92.000449,92.000449,122.667265
125,2015,1,6,5,0.000000,0.000000,0.000000,93.614192,93.614192,124.818922
126,2015,1,6,6,0.000000,0.000000,0.000000,98.265859,98.265859,131.021145
127,2015,1,6,7,0.000000,0.000000,0.000000,108.692081,108.692081,144.922774
128,2015,1,6,8,0.000000,0.000000,0.000000,114.860574,114.860574,153.147432
129,2015,1,6,9,0.000000,0.000000,0.000000,120.916886,120.916886,161.222514
130,2015,1,6,10,0.000000,0.000000,0.000000,123.087765,123.087765,164.117019
131,2015,1,6,11,0.000000,0.000000,0.000000,124.103146,124.103146,165.470861
132,2015,1,6,12,0.000000,0.000000,0.000000,123.873752,123.873752,165.165003
133,2015,1,6,13,0.000000,0.000000,0.000000,123.702221,123.702221,164.936295
134,2015,1,6,14,0.000000,0.000000,0.000000,123.719071,123.719071,164.958761
135,2015,1,6,15,0.000000,0.000000,0.000000,125.120775,125.120775,166.827701
136,2015,1,6,16,0.000000,0.000000,0.000000,127.553803,127.553803,170.071737
137,2015,1,6,17,0.000000,0.000000,0.000000,126.913639,126.913639,169.218185
138,2015,1,6,18,0.000000,0.000000,0.000000,119.800574,119.800574,159.734099
139,2015,1,6,19,0.000000,0.000000,0.000000,113.450289,113.450289,151.267052
140,2015,1,6,20,0.000000,0.000000,0.000000,109.057670,109.057670,145.410227
141,2015,1,6,21,0.000000,0.000000,0.000000,109.263464,109.263464,145.684619
142,2015,1,6,22,0.000000,0.000000,0.000000,103.305365,103.305365,137.740487
143,2015,1,6,23,0.000000,0.000000,0.000000,97.965443,97.965443,130.620591
144,2015,1,6,24,0.000000,0.000000,0.000000,100.935852,100.935852,134.581136
145,2015,1,7,1,0.000000,0.000000,0.000000,94.496003,94.496003,125.994671
146,2015,1,7,2,0.000000,0.000000,0.000000,97.710450,97.710450,130.280600
147,2015,1,7,3,0.000000,0.000000,0.000000,91.883022,91.883022,122.510696
148,2015,1,7,4,0.000000,0.000000,0.000000,89.359575,89.359575,119.146100
149,2015,1,7,5,0.000000,0.000000,0.000000,90.597164,90.597164,120.796219
150,2015,1,7,6,0.000000,0.000000,0.000000,95.806517,95.806517,127.742023
151,2015,1,7,7,0.000000,0.000000,0.000000,106.353507,106.353507,141.804675
152,2015,1,7,8,0.000000,0.000000,0.000000,110.842939,110.842939,147.790585
153,2015,1,7,9,0.000000,0.000000,0.000000,114.369459,114.369459,152.492612
154,2015,1,7,10,0.000000,0.000000,0.000000,115.756068,115.756068,154.341424
155,2015,1,7,11,0.000000,0.000000,0.000000,116.384492,116.384492,155.179323
156,2015,1,7,12,0.000000,0.000000,0.000000,116.278231,116.278231,155.037641
157,2015,1,7,13,0.000000,0.000000,0.000000,115.102821,115.102821,153.470428
158,2015,1,7,14,0.000000,0.000000,0.000000,114.066748,114.066748,152.088997
159,2015,1,7,15,0.000000,0.000000,0.000000,114.503205,114.503205,152.670940
160,2015,1,7,16,0.000000,0.000000,0.000000,116.395413,116.395413,155.193884
161,2015,1,7,17,0.000000,0.000000,0.000000,116.408957,116.408957,155.211942
162,2015,1,7,18,0.000000,0.000000,0.000000,112.022977,112.022977,149.363970
163,2015,1,7,19,0.000000,0.000000,0.000000,106.853346,106.853346,142.471128
164,2015,1,7,20,0.000000,0.000000,0.000000,104.990448,104.990448,139.987264
165,2015,1,7,21,0.000000,0.000000,0.000000,106.980681,106.980681,142.640908
166,2015,1,7,22,0.000000,0.000000,0.000000,101.526240,101.526240,135.368320
167,2015,1,7,23,0.000000,0.000000,0.000000,96.488871,96.488871,128.651828
168,2015,1,7,24,0.000000,0.000000,0.000000,100.862371,100.862371,134.483161
169,2015,1,8,1,0.000000,0.000000,0.000000,94.594301,94.594301,126.125735
170,2015,1,8,2,0.000000,0.000000,0.000000,97.886561,97.886561,130.515414
171,2015,1,8,3,0.000000,0.000000,0.000000,90.957132,90.957132,121.276176
172,2015,1,8,4,0.000000,0.000000,0.000000,88.498382,88.498382,117.997843
173,2015,1,8,5,0.000000,0.000000,0.000000,90.071015,90.071015,120.094687
174,2015,1,8,6,0.000000,0.000000,0.000000,95.769386,95.769386,127.692514
175,2015,1,8,7,0.000000,0.000000,0.000000,108.318587,108.318587,144.424783
176,2015,1,8,8,0.000000,0.000000,0.000000,115.033582,115.033582,153.378109
177,2015,1,8,9,0.000000,0.000000,0.000000,119.464298,119.464298,159.285730
178,2015,1,8,10,0.000000,0.000000,0.000000,120.952247,120.952247,161.269662
179,2015,1,8,11,0.000000,0.000000,0.000000,119.585394,119.585394,159.447192
180,2015,1,8,12,0.000000,0.000000,0.000000,118.553847,118.553847,158.071796
181,2015,1,8,13,0.000000,0.000000,0.000000,116.956976,116.956976,155.942634
182,2015,1,8,14,0.000000,0.000000,0.000000,116.199622,116.199622,154.932830
183,2015,1,8,15,0.000000,0.000000,0.000000,117.634364,117.634364,156.845819
184,2015,1,8,16,0.000000,0.000000,0.000000,120.654682,120.654682,160.872909
185,2015,1,8,17,0.000000,0.000000,0.000000,122.714729,122.714729,163.619639
186,2015,1,8,18,0.000000,0.000000,0.000000,119.967561,119.967561,159.956748
187,2015,1,8,19,0.000000,0.000000,0.000000,115.352316,115.352316,153.803088
188,2015,1,8,20,0.000000,0.000000,0.000000,111.057255,111.057255,148.076341
189,2015,1,8,21,0.000000,0.000000,0.000000,110.598968,110.598968,147.465291
190,2015,1,8,22,0.000000,0.000000,0.000000,105.689332,105.689332,140.919110
191,2015,1,8,23,0.000000,0.000000,0.000000,100.637544,100.637544,134.183392
192,2015,1,8,24,0.000000,0.000000,0.000000,102.244596,102.244596,136.326127
193,2015,1,9,1,0.000000,0.000000,0.000000,95.372268,95.372268,127.163025
194,2015,1,9,2,0.000000,0.000000,0.000000,98.879253,98.879253,131.839004
195,2015,1,9,3,0.000000,0.000000,0.000000,92.967308,92.967308,123.956411
196,2015,1,9,4,0.000000,0.000000,0.000000,91.188217,91.188217,121.584289
197,2015,1,9,5,0.000000,0.000000,0.000000,92.534201,92.534201,123.378934
198,2015,1,9,6,0.000000,0.000000,0.000000,99.582703,99.582703,132.776938
199,2015,1,9,7,0.000000,0.000000,0.000000,110.863791,110.863791,147.818388
200,2015,1,9,8,0.000000,0.000000,0.000000,117.929718,117.929718,157.239623
201,2015,1,9,9,0.000000,0.000000,0.000000,124.697922,124.697922,166.263896
202,2015,1,9,10,0.000000,0.000000,0.000000,129.598290,129.598290,172.797721
203,2015,1,9,11,0.000000,0.000000,0.000000,135.176573,135.176573,180.235431
204,2015,1,9,12,0.000000,0.000000,0.000000,139.162944,139.162944,185.550592
205,2015,1,9,13,0.000000,0.000000,0.000000,142.286778,142.286778,189.715703
206,2015,1,9,14,0.000000,0.000000,0.000000,142.962074,142.962074,190.616099
207,2015,1,9,15,0.000000,0.000000,0.000000,146.373893,146.373893,195.165191
208,2015,1,9,16,0.000000,0.000000,0.000000,152.857031,152.857031,203.809375
209,2015,1,9,17,0.000000,0.000000,0.000000,159.311533,159.311533,212.415377
210,2015,1,9,18,0.000000,0.000000,0.000000,158.372193,158.372193,211.162924
211,2015,1,9,19,0.000000,0.000000,0.000000,154.126784,154.126784,205.502379
212,2015,1,9,20,0.000000,0.000000,0.000000,147.268775,147.268775,196.358367
213,2015,1,9,21,0.000000,0.000000,0.000000,140.096954,140.096954,186.795939
214,2015,1,9,22,0.000000,0.000000,0.000000,127.016976,127.016976,169.355968
215,2015,1,9,23,0.000000,0.000000,0.000000,115.568269,115.568269,154.091025
216,2015,1,9,24,0.000000,0.000000,0.000000,113.317825,113.317825,151.090433
217,2015,1,10,1,0.000000,0.000000,0.000000,102.531077,102.531077,136.708103
218,2015,1,10,2,0.000000,0.000000,0.000000,103.467865,103.467865,137.957154
219,2015,1,10,3,0.000000,0.000000,0.000000,94.475146,94.475146,125.966862
220,2015,1,10,4,0.000000,0.000000,0.000000,91.670289,91.670289,122.227051
221,2015,1,10,5,0.000000,0.000000,0.000000,92.810862,92.810862,123.747816
222,2015,1,10,6,0.000000,0.000000,0.000000,93.821612,93.821612,125.095483
223,2015,1,10,7,0.000000,0.000000,0.000000,100.067072,100.067072,133.422763
224,2015,1,10,8,0.000000,0.000000,0.000000,109.378879,109.378879,145.838505
225,2015,1,10,9,0.000000,0.000000,0.000000,121.128161,121.128161,161.504215
226,2015,1,10,10,0.000000,0.000000,0.000000,130.737634,130.737634,174.316845
227,2015,1,10,11,0.000000,0.000000,0.000000,137.645805,137.645805,183.527741
228,2015,1,10,12,0.000000,0.000000,0.000000,138.591808,138.591808,184.789078
229,2015,1,10,13,0.000000,0.000000,0.000000,139.200697,139.200697,185.600930
230,2015,1,10,14,0.000000,0.000000,0.000000,138.634050,138.634050,184.845400
231,2015,1,10,15,0.000000,0.000000,0.000000,139.532305,139.532305,186.043073
232,2015,1,10,16,0.000000,0.000000,0.000000,140.506887,140.506887,187.342516
233,2015,1,10,17,0.000000,0.000000,0.000000,140.575502,140.575502,187.434003
234,2015,1,10,18,0.000000,0.000000,0.000000,139.068229,139.068229,185.424305
235,2015,1,10,19,0.000000,0.000000,0.000000,131.818827,131.818827,175.758436
236,2015,1,10,20,0.000000,0.000000,0.000000,123.926579,123.926579,165.235439
237,2015,1,10,21,0.000000,0.000000,0.000000,120.496776,120.496776,160.662367
238,2015,1,10,22,0.000000,0.000000,0.000000,113.541985,113.541985,151.389313
239,2015,1,10,23,0.000000,0.000000,0.000000,106.981558,106.981558,142.642078
240,2015,1,10,24,0.000000,0.000000,0.000000,106.954801,106.954801,142.606401
241,2015,1,11,1,0.000000,0.000000,0.000000,98.517632,98.517632,131.356843
242,2015,1,11,2,0.000000,0.000000,0.000000,100.455404,100.455404,133.940538
243,2015,1,11,3,0.000000,0.000000,0.000000,91.636444,91.636444,122.181926
244,2015,1,11,4,0.000000,0.000000,0.000000,88.575020,88.575020,118.100026
245,2015,1,11,5,0.000000,0.000000,0.000000,89.542456,89.542456,119.389941
246,2015,1,11,6,0.000000,0.000000,0.000000,88.700086,88.700086,118.266781
247,2015,1,11,7,0.000000,0.000000,0.000000,91.511799,91.511799,122.015732
248,2015,1,11,8,0.000000,0.000000,0.000000,96.756596,96.756596,129.008794
249,2015,1,11,9,0.000000,0.000000,0.000000,103.969983,103.969983,138.626645
250,2015,1,11,10,0.000000,0.000000,0.000000,110.031826,110.031826,146.709101
251,2015,1,11,11,0.000000,0.000000,0.000000,114.968595,114.968595,153.291460
252,2015,1,11,12,0.000000,0.000000,0.000000,117.832893,117.832893,157.110524
253,2015,1,11,13,0.000000,0.000000,0.000000,120.229736,120.229736,160.306315
254,2015,1,11,14,0.000000,0.000000,0.000000,123.872921,123.872921,165.163895
255,2015,1,11,15,0.000000,0.000000,0.000000,129.543771,129.543771,172.725028
256,2015,1,11,16,0.000000,0.000000,0.000000,135.022215,135.022215,180.029620
257,2015,1,11,17,0.000000,0.000000,0.000000,140.712865,140.712865,187.617153
258,2015,1,11,18,0.000000,0.000000,0.000000,144.000093,144.000093,192.000123
259,2015,1,11,19,0.000000,0.000000,0.000000,141.788529,141.788529,189.051373
260,2015,1,11,20,0.000000,0.000000,0.000000,135.714718,135.714718,180.952957
261,2015,1,11,21,0.000000,0.000000,0.000000,132.903152,132.903152,177.204203
262,2015,1,11,22,0.000000,0.000000,0.000000,120.987856,120.987856,161.317142
263,2015,1,11,23,0.000000,0.000000,0.000000,109.887695,109.887695,146.516926
264,2015,1,11,24,0.000000,0.000000,0.000000,107.982443,107.982443,143.976590
265,2015,1,12,1,0.000000,0.000000,0.000000,99.720571,99.720571,132.960761
266,2015,1,12,2,0.000000,0.000000,0.000000,103.582268,103.582268,138.109691
267,2015,1,12,3,0.000000,0.000000,0.000000,97.122209,97.122209,129.496278
268,2015,1,12,4,0.000000,0.000000,0.000000,94.596719,94.596719,126.128958
269,2015,1,12,5,0.000000,0.000000,0.000000,97.876034,97.876034,130.501379
270,2015,1,12,6,0.000000,0.000000,0.000000,107.471427,107.471427,143.295236
271,2015,1,12,7,0.000000,0.000000,0.000000,122.473145,122.473145,163.297527
272,2015,1,12,8,0.000000,0.000000,0.000000,133.929263,133.929263,178.572351
273,2015,1,12,9,0.000000,0.000000,0.000000,149.422968,149.422968,199.230624
274,2015,1,12,10,0.000000,0.000000,0.000000,160.323739,160.323739,213.764985
275,2015,1,12,11,0.000000,0.000000,0.000000,171.182396,171.182396,228.243195
276,2015,1,12,12,0.000000,0.000000,0.000000,181.431369,181.431369,241.908492
277,2015,1,12,13,0.000000,0.000000,0.000000,187.277878,187.277878,249.703837
278,2015,1,12,14,0.000000,0.000000,0.000000,191.614011,191.614011,255.485348
279,2015,1,12,15,0.000000,0.000000,0.000000,191.206795,191.206795,254.942394
280,2015,1,12,16,0.000000,0.000000,0.000000,193.467752,193.467752,257.957002
281,2015,1,12,17,0.000000,0.000000,0.000000,191.779108,191.779108,255.705477
282,2015,1,12,18,0.000000,0.000000,0.000000,190.545680,190.545680,254.060907
283,2015,1,12,19,0.000000,0.000000,0.000000,186.889644,186.889644,249.186193
284,2015,1,12,20,0.000000,0.000000,0.000000,182.099003,182.099003,242.798671
285,2015,1,12,21,0.000000,0.000000,0.000000,176.335123,176.335123,235.113497
286,2015,1,12,22,0.000000,0.000000,0.000000,161.298979,161.298979,215.065306
287,2015,1,12,23,0.000000,0.000000,0.000000,142.293083,142.293083,189.724111
288,2015,1,12,24,0.000000,0.000000,0.000000,136.416580,136.416580,181.888773
289,2015,1,13,1,0.000000,0.000000,0.000000,124.210373,124.210373,165.613831
290,2015,1,13,2,0.000000,0.000000,0.000000,126.197867,126.197867,168.263823
291,2015,1,13,3,0.000000,0.000000,0.000000,117.065940,117.065940,156.087920
292,2015,1,13,4,0.000000,0.000000,0.000000,114.745102,114.745102,152.993469
293,2015,1,13,5,0.000000,0.000000,0.000000,118.022938,118.022938,157.363917
294,2015,1,13,6,0.000000,0.000000,0.000000,129.425112,129.425112,172.566816
295,2015,1,13,7,0.000000,0.000000,0.000000,149.278957,149.278957,199.038609
296,2015,1,13,8,0.000000,0.000000,0.000000,162.306097,162.306097,216.408130
297,2015,1,13,9,0.000000,0.000000,0.000000,169.809652,169.809652,226.412869
298,2015,1,13,10,0.000000,0.000000,0.000000,173.818734,173.818734,231.758312
299,2015,1,13,11,0.000000,0.000000,0.000000,176.155436,176.155436,234.873915
300,2015,1,13,12,0.000000,0.000000,0.000000,177.135205,177.135205,236.180273
301,2015,1,13,13,0.000000,0.000000,0.000000,178.170659,178.170659,237.560879
302,2015,1,13,14,0.000000,0.000000,0.000000,180.217938,180.217938,240.290584
303,2015,1,13,15,0.000000,0.000000,0.000000,174.340871,174.340871,232.454494
304,2015,1,13,16,0.000000,0.000000,0.000000,159.583108,159.583108,212.777477
305,2015,1,13,17,0.000000,0.000000,0.000000,148.606964,148.606964,198.142619
306,2015,1,13,18,0.000000,0.000000,0.000000,137.651350,137.651350,183.535134
307,2015,1,13,19,0.000000,0.000000,0.000000,129.989603,129.989603,173.319470
308,2015,1,13,20,0.000000,0.000000,0.000000,127.243918,127.243918,169.658558
309,2015,1,13,21,0.000000,0.000000,0.000000,123.029640,123.029640,164.039521
310,2015,1,13,22,0.000000,0.000000,0.000000,113.823877,113.823877,151.765169
311,2015,1,13,23,0.000000,0.000000,0.000000,106.809788,106.809788,142.413050
312,2015,1,13,24,0.000000,0.000000,0.000000,108.933421,108.933421,145.244561
313,2015,1,14,1,0.000000,0.000000,0.000000,102.793575,102.793575,137.058099
314,2015,1,14,2,0.000000,0.000000,0.000000,106.930383,106.930383,142.573844
315,2015,1,14,3,0.000000,0.000000,0.000000,99.421496,99.421496,132.561995
316,2015,1,14,4,0.000000,0.000000,0.000000,98.503797,98.503797,131.338396
317,2015,1,14,5,0.000000,0.000000,0.000000,101.906443,101.906443,135.875257
318,2015,1,14,6,0.000000,0.000000,0.000000,109.840762,109.840762,146.454349
319,2015,1,14,7,0.000000,0.000000,0.000000,123.050008,123.050008,164.066677
320,2015,1,14,8,0.000000,0.000000,0.000000,128.584778,128.584778,171.446371
321,2015,1,14,9,0.000000,0.000000,0.000000,128.215836,128.215836,170.954448
322,2015,1,14,10,0.000000,0.000000,0.000000,126.574147,126.574147,168.765529
323,2015,1,14,11,0.000000,0.000000,0.000000,124.870426,124.870426,166.493901
324,2015,1,14,12,0.000000,0.000000,0.000000,121.927948,121.927948,162.570597
325,2015,1,14,13,0.000000,0.000000,0.000000,118.507683,118.507683,158.010244
326,2015,1,14,14,0.000000,0.000000,0.000000,117.032645,117.032645,156.043526
327,2015,1,14,15,0.000000,0.000000,0.000000,115.599352,115.599352,154.132470
328,2015,1,14,16,0.000000,0.000000,0.000000,116.298035,116.298035,155.064047
329,2015,1,14,17,0.000000,0.000000,0.000000,117.833539,117.833539,157.111386
330,2015,1,14,18,0.000000,0.000000,0.000000,114.398459,114.398459,152.531279
331,2015,1,14,19,0.000000,0.000000,0.000000,110.590378,110.590378,147.453838
332,2015,1,14,20,0.000000,0.000000,0.000000,109.474312,109.474312,145.965749
333,2015,1,14,21,0.000000,0.000000,0.000000,111.652791,111.652791,148.870389
334,2015,1,14,22,0.000000,0.000000,0.000000,106.279835,106.279835,141.706447
335,2015,1,14,23,0.000000,0.000000,0.000000,102.153606,102.153606,136.204808
336,2015,1,14,24,0.000000,0.000000,0.000000,106.922885,106.922885,142.563846
337,2015,1,15,1,0.000000,0.000000,0.000000,102.535688,102.535688,136.714250
338,2015,1,15,2,0.000000,0.000000,0.000000,107.090067,107.090067,142.786756
339,2015,1,15,3,0.000000,0.000000,0.000000,100.464746,100.464746,133.952994
340,2015,1,15,4,0.000000,0.000000,0.000000,97.661562,97.661562,130.215416
341,2015,1,15,5,0.000000,0.000000,0.000000,100.603247,100.603247,134.137663
342,2015,1,15,6,0.000000,0.000000,0.000000,106.526716,106.526716,142.035622
343,2015,1,15,7,0.000000,0.000000,0.000000,117.754479,117.754479,157.005972
344,2015,1,15,8,0.000000,0.000000,0.000000,124.409791,124.409791,165.879721
345,2015,1,15,9,0.000000,0.000000,0.000000,126.252120,126.252120,168.336160
346,2015,1,15,10,0.000000,0.000000,0.000000,126.864368,126.864368,169.152490
347,2015,1,15,11,0.000000,0.000000,0.000000,126.449353,126.449353,168.599138
348,2015,1,15,12,0.000000,0.000000,0.000000,124.355114,124.355114,165.806819
349,2015,1,15,13,0.000000,0.000000,0.000000,120.369030,120.369030,160.492039
350,2015,1,15,14,0.000000,0.000000,0.000000,121.702547,121.702547,162.270062
351,2015,1,15,15,0.000000,0.000000,0.000000,121.309468,121.309468,161.745958
352,2015,1,15,16,0.000000,0.000000,0.000000,122.602677,122.602677,163.470236
353,2015,1,15,17,0.000000,0.000000,0.000000,123.257296,123.257296,164.343061
354,2015,1,15,18,0.000000,0.000000,0.000000,120.517168,120.517168,160.689557
355,2015,1,15,19,0.000000,0.000000,0.000000,116.047236,116.047236,154.729648
356,2015,1,15,20,0.000000,0.000000,0.000000,112.564839,112.564839,150.086452
357,2015,1,15,21,0.000000,0.000000,0.000000,113.451165,113.451165,151.268220
358,2015,1,15,22,0.000000,0.000000,0.000000,106.342411,106.342411,141.789881
359,2015,1,15,23,0.000000,0.000000,0.000000,100.572582,100.572582,134.096776
360,2015,1,15,24,0.000000,0.000000,0.000000,102.838722,102.838722,137.118296
361,2015,1,16,1,0.000000,0.000000,0.000000,95.889604,95.889604,127.852806
362,2015,1,16,2,0.000000,0.000000,0.000000,100.350842,100.350842,133.801123
363,2015,1,16,3,0.000000,0.000000,0.000000,93.985559,93.985559,125.314079
364,2015,1,16,4,0.000000,0.000000,0.000000,91.649872,91.649872,122.199829
365,2015,1,16,5,0.000000,0.000000,0.000000,96.116932,96.116932,128.155909
366,2015,1,16,6,0.000000,0.000000,0.000000,105.461354,105.461354,140.615138
367,2015,1,16,7,0.000000,0.000000,0.000000,117.142204,117.142204,156.189606
368,2015,1,16,8,0.000000,0.000000,0.000000,123.395468,123.395468,164.527291
369,2015,1,16,9,0.000000,0.000000,0.000000,127.871462,127.871462,170.495283
370,2015,1,16,10,0.000000,0.000000,0.000000,129.782439,129.782439,173.043252
371,2015,1,16,11,0.000000,0.000000,0.000000,130.786175,130.786175,174.381567
372,2015,1,16,12,0.000000,0.000000,0.000000,129.786127,129.786127,173.048169
373,2015,1,16,13,0.000000,0.000000,0.000000,129.647522,129.647522,172.863363
374,2015,1,16,14,0.000000,0.000000,0.000000,128.927830,128.927830,171.903773
375,2015,1,16,15,0.000000,0.000000,0.000000,131.773582,131.773582,175.698110
376,2015,1,16,16,0.000000,0.000000,0.000000,135.048197,135.048197,180.064263
377,2015,1,16,17,0.000000,0.000000,0.000000,136.913628,136.913628,182.551504
378,2015,1,16,18,0.000000,0.000000,0.000000,133.985272,133.985272,178.647029
379,2015,1,16,19,0.000000,0.000000,0.000000,128.697802,128.697802,171.597069
380,2015,1,16,20,0.000000,0.000000,0.000000,124.158194,124.158194,165.544259
381,2015,1,16,21,0.000000,0.000000,0.000000,121.450801,121.450801,161.934402
382,2015,1,16,22,0.000000,0.000000,0.000000,113.755114,113.755114,151.673485
383,2015,1,16,23,0.000000,0.000000,0.000000,107.751598,107.751598,143.668797
384,2015,1,16,24,0.000000,0.000000,0.000000,108.532062,108.532062,144.709415
385,2015,1,17,1,0.000000,0.000000,0.000000,101.256046,101.256046,135.008061
386,2015,1,17,2,0.000000,0.000000,0.000000,104.157198,104.157198,138.876264
387,2015,1,17,3,0.000000,0.000000,0.000000,96.905667,96.905667,129.207556
388,2015,1,17,4,0.000000,0.000000,0.000000,94.383816,94.383816,125.845088
389,2015,1,17,5,0.000000,0.000000,0.000000,95.189897,95.189897,126.919863
390,2015,1,17,6,0.000000,0.000000,0.000000,97.650184,97.650184,130.200245
391,2015,1,17,7,0.000000,0.000000,0.000000,103.092318,103.092318,137.456424
392,2015,1,17,8,0.000000,0.000000,0.000000,110.878202,110.878202,147.837603
393,2015,1,17,9,0.000000,0.000000,0.000000,117.490449,117.490449,156.653933
394,2015,1,17,10,0.000000,0.000000,0.000000,121.663133,121.663133,162.217510
395,2015,1,17,11,0.000000,0.000000,0.000000,124.116330,124.116330,165.488440
396,2015,1,17,12,0.000000,0.000000,0.000000,123.580133,123.580133,164.773511
397,2015,1,17,13,0.000000,0.000000,0.000000,122.875252,122.875252,163.833670
398,2015,1,17,14,0.000000,0.000000,0.000000,120.822767,120.822767,161.097023
399,2015,1,17,15,0.000000,0.000000,0.000000,118.199407,118.199407,157.599209
400,2015,1,17,16,0.000000,0.000000,0.000000,116.685844,116.685844,155.581125
401,2015,1,17,17,0.000000,0.000000,0.000000,114.704664,114.704664,152.939551
402,2015,1,17,18,0.000000,0.000000,0.000000,111.733831,111.733831,148.978442
403,2015,1,17,19,0.000000,0.000000,0.000000,107.540178,107.540178,143.386904
404,2015,1,17,20,0.000000,0.000000,0.000000,104.548357,104.548357,139.397809
405,2015,1,17,21,0.000000,0.000000,0.000000,104.412586,104.412586,139.216781
406,2015,1,17,22,0.000000,0.000000,0.000000,99.942635,99.942635,133.256847
407,2015,1,17,23,0.000000,0.000000,0.000000,95.790786,95.790786,127.721049
408,2015,1,17,24,0.000000,0.000000,0.000000,97.289179,97.289179,129.718906
409,2015,1,18,1,0.000000,0.000000,0.000000,91.221235,91.221235,121.628313
410,2015,1,18,2,0.000000,0.000000,0.000000,95.063083,95.063083,126.750778
411,2015,1,18,3,0.000000,0.000000,0.000000,88.549669,88.549669,118.066225
412,2015,1,18,4,0.000000,0.000000,0.000000,85.790725,85.790725,114.387633
413,2015,1,18,5,0.000000,0.000000,0.000000,85.726175,85.726175,114.301567
414,2015,1,18,6,0.000000,0.000000,0.000000,84.586808,84.586808,112.782410
415,2015,1,18,7,0.000000,0.000000,0.000000,87.618167,87.618167,116.824222
416,2015,1,18,8,0.000000,0.000000,0.000000,89.858566,89.858566,119.811421
417,2015,1,18,9,0.000000,0.000000,0.000000,93.846593,93.846593,125.128790
418,2015,1,18,10,0.000000,0.000000,0.000000,93.841751,93.841751,125.122335
419,2015,1,18,11,0.000000,0.000000,0.000000,94.574472,94.574472,126.099296
420,2015,1,18,12,0.000000,0.000000,0.000000,91.331983,91.331983,121.775978
421,2015,1,18,13,0.000000,0.000000,0.000000,88.633024,88.633024,118.177366
422,2015,1,18,14,0.000000,0.000000,0.000000,86.256576,86.256576,115.008768
423,2015,1,18,15,0.000000,0.000000,0.000000,85.824636,85.824636,114.432848
424,2015,1,18,16,0.000000,0.000000,0.000000,88.533832,88.533832,118.045109
425,2015,1,18,17,0.000000,0.000000,0.000000,92.799242,92.799242,123.732322
426,2015,1,18,18,0.000000,0.000000,0.000000,95.721508,95.721508,127.628678
427,2015,1,18,19,0.000000,0.000000,0.000000,95.995526,95.995526,127.994035
428,2015,1,18,20,0.000000,0.000000,0.000000,97.971352,97.971352,130.628469
429,2015,1,18,21,0.000000,0.000000,0.000000,99.553092,99.553092,132.737456
430,2015,1,18,22,0.000000,0.000000,0.000000,95.351247,95.351247,127.134996
431,2015,1,18,23,0.000000,0.000000,0.000000,91.687741,91.687741,122.250322
432,2015,1,18,24,0.000000,0.000000,0.000000,95.727607,95.727607,127.636809
433,2015,1,19,1,0.000000,0.000000,0.000000,91.819034,91.819034,122.425379
434,2015,1,19,2,0.000000,0.000000,0.000000,96.585404,96.585404,128.780538
435,2015,1,19,3,0.000000,0.000000,0.000000,91.468743,91.468743,121.958323
436,2015,1,19,4,0.000000,0.000000,0.000000,89.946148,89.946148,119.928198
437,2015,1,19,5,0.000000,0.000000,0.000000,95.269351,95.269351,127.025802
438,2015,1,19,6,0.000000,0.000000,0.000000,105.724978,105.724978,140.966638
439,2015,1,19,7,0.000000,0.000000,0.000000,118.377227,118.377227,157.836302
440,2015,1,19,8,0.000000,0.000000,0.000000,123.405089,123.405089,164.540119
441,2015,1,19,9,0.000000,0.000000,0.000000,126.574101,126.574101,168.765468
442,2015,1,19,10,0.000000,0.000000,0.000000,124.966911,124.966911,166.622548
443,2015,1,19,11,0.000000,0.000000,0.000000,123.506202,123.506202,164.674935
444,2015,1,19,12,0.000000,0.000000,0.000000,121.035562,121.035562,161.380750
445,2015,1,19,13,0.000000,0.000000,0.000000,119.180814,119.180814,158.907751
446,2015,1,19,14,0.000000,0.000000,0.000000,115.752751,115.752751,154.337001
447,2015,1,19,15,0.000000,0.000000,0.000000,113.083311,113.083311,150.777748
448,2015,1,19,16,0.000000,0.000000,0.000000,113.435834,113.435834,151.247779
449,2015,1,19,17,0.000000,0.000000,0.000000,115.960850,115.960850,154.614466
450,2015,1,19,18,0.000000,0.000000,0.000000,114.904557,114.904557,153.206077
451,2015,1,19,19,0.000000,0.000000,0.000000,112.184367,112.184367,149.579156
452,2015,1,19,20,0.000000,0.000000,0.000000,112.400622,112.400622,149.867496
453,2015,1,19,21,0.000000,0.000000,0.000000,115.825156,115.825156,154.433541
454,2015,1,19,22,0.000000,0.000000,0.000000,110.491913,110.491913,147.322550
455,2015,1,19,23,0.000000,0.000000,0.000000,104.765461,104.765461,139.687281
456,2015,1,19,24,0.000000,0.000000,0.000000,107.627043,107.627043,143.502723
457,2015,1,20,1,0.000000,0.000000,0.000000,102.903896,102.903896,137.205195
458,2015,1,20,2,0.000000,0.000000,0.000000,107.553103,107.553103,143.404137
459,2015,1,20,3,0.000000,0.000000,0.000000,102.512041,102.512041,136.682721
460,2015,1,20,4,0.000000,0.000000,0.000000,100.447581,100.447581,133.930108
461,2015,1,20,5,0.000000,0.000000,0.000000,102.816628,102.816628,137.088838
462,2015,1,20,6,0.000000,0.000000,0.000000,113.302834,113.302834,151.070445
463,2015,1,20,7,0.000000,0.000000,0.000000,126.737612,126.737612,168.983483
464,2015,1,20,8,0.000000,0.000000,0.000000,130.813380,130.813380,174.417840
465,2015,1,20,9,0.000000,0.000000,0.000000,130.803956,130.803956,174.405275
466,2015,1,20,10,0.000000,0.000000,0.000000,129.786429,129.786429,173.048573
467,2015,1,20,11,0.000000,0.000000,0.000000,128.280004,128.280004,171.040005
468,2015,1,20,12,0.000000,0.000000,0.000000,125.979893,125.979893,167.973191
469,2015,1,20,13,0.000000,0.000000,0.000000,123.083535,123.083535,164.111380
470,2015,1,20,14,0.000000,0.000000,0.000000,121.338510,121.338510,161.784680
471,2015,1,20,15,0.000000,0.000000,0.000000,120.830382,120.830382,161.107176
472,2015,1,20,16,0.000000,0.000000,0.000000,121.095004,121.095004,161.460006
473,2015,1,20,17,0.000000,0.000000,0.000000,122.740441,122.740441,163.653921
474,2015,1,20,18,0.000000,0.000000,0.000000,119.586916,119.586916,159.449221
475,2015,1,20,19,0.000000,0.000000,0.000000,117.111216,117.111216,156.148287
476,2015,1,20,20,0.000000,0.000000,0.000000,115.766232,115.766232,154.354976
477,2015,1,20,21,0.000000,0.000000,0.000000,117.588875,117.588875,156.785167
478,2015,1,20,22,0.000000,0.000000,0.000000,112.831219,112.831219,150.441626
479,2015,1,20,23,0.000000,0.000000,0.000000,106.406135,106.406135,141.874846
480,2015,1,20,24,0.000000,0.000000,0.000000,109.096724,109.096724,145.462298
481,2015,1,21,1,0.000000,0.000000,0.000000,103.733561,103.733561,138.311414
482,2015,1,21,2,0.000000,0.000000,0.000000,107.070920,107.070920,142.761226
483,2015,1,21,3,0.000000,0.000000,0.000000,101.353384,101.353384,135.137846
484,2015,1,21,4,0.000000,0.000000,0.000000,98.370293,98.370293,131.160391
485,2015,1,21,5,0.000000,0.000000,0.000000,101.839014,101.839014,135.785352
486,2015,1,21,6,0.000000,0.000000,0.000000,110.550498,110.550498,147.400664
487,2015,1,21,7,0.000000,0.000000,0.000000,124.732321,124.732321,166.309762
488,2015,1,21,8,0.000000,0.000000,0.000000,127.870303,127.870303,170.493738
489,2015,1,21,9,0.000000,0.000000,0.000000,129.708070,129.708070,172.944093
490,2015,1,21,10,0.000000,0.000000,0.000000,127.764337,127.764337,170.352449
491,2015,1,21,11,0.000000,0.000000,0.000000,127.917391,127.917391,170.556522
492,2015,1,21,12,0.000000,0.000000,0.000000,124.550885,124.550885,166.067846
493,2015,1,21,13,0.000000,0.000000,0.000000,124.279503,124.279503,165.706004
494,2015,1,21,14,0.000000,0.000000,0.000000,124.272921,124.272921,165.697228
495,2015,1,21,15,0.000000,0.000000,0.000000,126.159059,126.159059,168.212079
496,2015,1,21,16,0.000000,0.000000,0.000000,129.307736,129.307736,172.410314
497,2015,1,21,17,0.000000,0.000000,0.000000,129.384708,129.384708,172.512944
498,2015,1,21,18,0.000000,0.000000,0.000000,126.141405,126.141405,168.188539
499,2015,1,21,19,0.000000,0.000000,0.000000,122.343560,122.343560,163.124747
500,2015,1,21,20,0.000000,0.000000,0.000000,119.597328,119.597328,159.463103
501,2015,1,21,21,0.000000,0.000000,0.000000,119.479386,119.479386,159.305848
502,2015,1,21,22,0.000000,0.000000,0.000000,112.423968,112.423968,149.898624
503,2015,1,21,23,0.000000,0.000000,0.000000,106.042258,106.042258,141.389677
504,2015,1,21,24,0.000000,0.000000,0.000000,109.225681,109.225681,145.634242
505,2015,1,22,1,0.000000,0.000000,0.000000,102.200831,102.200831,136.267775
506,2015,1,22,2,0.000000,0.000000,0.000000,106.954178,106.954178,142.605570
507,2015,1,22,3,0.000000,0.000000,0.000000,100.966441,100.966441,134.621921
508,2015,1,22,4,0.000000,0.000000,0.000000,98.788020,98.788020,131.717360
509,2015,1,22,5,0.000000,0.000000,0.000000,101.159183,101.159183,134.878911
510,2015,1,22,6,0.000000,0.000000,0.000000,110.155281,110.155281,146.873708
511,2015,1,22,7,0.000000,0.000000,0.000000,123.351194,123.351194,164.468258
512,2015,1,22,8,0.000000,0.000000,0.000000,128.498747,128.498747,171.331662
513,2015,1,22,9,0.000000,0.000000,0.000000,131.946769,131.946769,175.929025
514,2015,1,22,10,0.000000,0.000000,0.000000,133.979637,133.979637,178.639516
515,2015,1,22,11,0.000000,0.000000,0.000000,134.452041,134.452041,179.269388
516,2015,1,22,12,0.000000,0.000000,0.000000,133.839232,133.839232,178.452310
517,2015,1,22,13,0.000000,0.000000,0.000000,134.739770,134.739770,179.653026
518,2015,1,22,14,0.000000,0.000000,0.000000,135.329701,135.329701,180.439601
519,2015,1,22,15,0.000000,0.000000,0.000000,135.047746,135.047746,180.063661
520,2015,1,22,16,0.000000,0.000000,0.000000,137.298190,137.298190,183.064253
521,2015,1,22,17,0.000000,0.000000,0.000000,137.268765,137.268765,183.025020
522,2015,1,22,18,0.000000,0.000000,0.000000,132.017382,132.017382,176.023176
523,2015,1,22,19,0.000000,0.000000,0.000000,127.549905,127.549905,170.066541
524,2015,1,22,20,0.000000,0.000000,0.000000,126.682849,126.682849,168.910466
525,2015,1,22,21,0.000000,0.000000,0.000000,127.185048,127.185048,169.580064
526,2015,1,22,22,0.000000,0.000000,0.000000,118.699060,118.699060,158.265414
527,2015,1,22,23,0.000000,0.000000,0.000000,111.960730,111.960730,149.280973
528,2015,1,22,24,0.000000,0.000000,0.000000,114.348319,114.348319,152.464425
529,2015,1,23,1,0.000000,0.000000,0.000000,105.240825,105.240825,140.321099
530,2015,1,23,2,0.000000,0.000000,0.000000,108.479631,108.479631,144.639508
531,2015,1,23,3,0.000000,0.000000,0.000000,104.297342,104.297342,139.063123
532,2015,1,23,4,0.000000,0.000000,0.000000,102.044557,102.044557,136.059409
533,2015,1,23,5,0.000000,0.000000,0.000000,104.091453,104.091453,138.788604
534,2015,1,23,6,0.000000,0.000000,0.000000,113.124390,113.124390,150.832521
535,2015,1,23,7,0.000000,0.000000,0.000000,125.997216,125.997216,167.996288
536,2015,1,23,8,0.000000,0.000000,0.000000,134.111568,134.111568,178.815424
537,2015,1,23,9,0.000000,0.000000,0.000000,141.344338,141.344338,188.459117
538,2015,1,23,10,0.000000,0.000000,0.000000,144.347804,144.347804,192.463739
539,2015,1,23,11,0.000000,0.000000,0.000000,148.298442,148.298442,197.731257
540,2015,1,23,12,0.000000,0.000000,0.000000,147.713470,147.713470,196.951293
541,2015,1,23,13,0.000000,0.000000,0.000000,146.717402,146.717402,195.623202
542,2015,1,23,14,0.000000,0.000000,0.000000,147.458332,147.458332,196.611109
543,2015,1,23,15,0.000000,0.000000,0.000000,148.834964,148.834964,198.446618
544,2015,1,23,16,0.000000,0.000000,0.000000,149.873119,149.873119,199.830825
545,2015,1,23,17,0.000000,0.000000,0.000000,151.550683,151.550683,202.067577
546,2015,1,23,18,0.000000,0.000000,0.000000,148.590530,148.590530,198.120706
547,2015,1,23,19,0.000000,0.000000,0.000000,143.263728,143.263728,191.018304
548,2015,1,23,20,0.000000,0.000000,0.000000,139.065655,139.065655,185.420873
549,2015,1,23,21,0.000000,0.000000,0.000000,135.353920,135.353920,180.471894
550,2015,1,23,22,0.000000,0.000000,0.000000,124.607199,124.607199,166.142933
551,2015,1,23,23,0.000000,0.000000,0.000000,111.848449,111.848449,149.131265
552,2015,1,23,24,0.000000,0.000000,0.000000,108.567767,108.567767,144.757022
553,2015,1,24,1,0.000000,0.000000,0.000000,98.916084,98.916084,131.888112
554,2015,1,24,2,0.000000,0.000000,0.000000,100.280823,100.280823,133.707764
555,2015,1,24,3,0.000000,0.000000,0.000000,93.449868,93.449868,124.599824
556,2015,1,24,4,0.000000,0.000000,0.000000,90.273054,90.273054,120.364072
557,2015,1,24,5,0.000000,0.000000,0.000000,91.351629,91.351629,121.802171
558,2015,1,24,6,0.000000,0.000000,0.000000,93.641477,93.641477,124.855302
559,2015,1,24,7,0.000000,0.000000,0.000000,98.066319,98.066319,130.755092
560,2015,1,24,8,0.000000,0.000000,0.000000,103.905024,103.905024,138.540033
561,2015,1,24,9,0.000000,0.000000,0.000000,106.785730,106.785730,142.380973
562,2015,1,24,10,0.000000,0.000000,0.000000,108.666960,108.666960,144.889280
563,2015,1,24,11,0.000000,0.000000,0.000000,108.266716,108.266716,144.355621
564,2015,1,24,12,0.000000,0.000000,0.000000,104.622447,104.622447,139.496596
565,2015,1,24,13,0.000000,0.000000,0.000000,101.235596,101.235596,134.980795
566,2015,1,24,14,0.000000,0.000000,0.000000,99.169083,99.169083,132.225444
567,2015,1,24,15,0.000000,0.000000,0.000000,97.973489,97.973489,130.631318
568,2015,1,24,16,0.000000,0.000000,0.000000,101.295835,101.295835,135.061114
569,2015,1,24,17,0.000000,0.000000,0.000000,104.763960,104.763960,139.685279
570,2015,1,24,18,0.000000,0.000000,0.000000,106.489332,106.489332,141.985776
571,2015,1,24,19,0.000000,0.000000,0.000000,105.097841,105.097841,140.130454
572,2015,1,24,20,0.000000,0.000000,0.000000,102.875646,102.875646,137.167528
573,2015,1,24,21,0.000000,0.000000,0.000000,105.045602,105.045602,140.060802
574,2015,1,24,22,0.000000,0.000000,0.000000,100.724385,100.724385,134.299180
575,2015,1,24,23,0.000000,0.000000,0.000000,97.338231,97.338231,129.784308
576,2015,1,24,24,0.000000,0.000000,0.000000,100.145768,100.145768,133.527691
577,2015,1,25,1,0.000000,0.000000,0.000000,94.421413,94.421413,125.895217
578,2015,1,25,2,0.000000,0.000000,0.000000,97.920155,97.920155,130.560207
579,2015,1,25,3,0.000000,0.000000,0.000000,91.194400,91.194400,121.592533
580,2015,1,25,4,0.000000,0.000000,0.000000,87.915814,87.915814,117.221086
581,2015,1,25,5,0.000000,0.000000,0.000000,89.018630,89.018630,118.691507
582,2015,1,25,6,0.000000,0.000000,0.000000,89.413355,89.413355,119.217806
583,2015,1,25,7,0.000000,0.000000,0.000000,92.974993,92.974993,123.966657
584,2015,1,25,8,0.000000,0.000000,0.000000,94.957858,94.957858,126.610478
585,2015,1,25,9,0.000000,0.000000,0.000000,99.503474,99.503474,132.671298
586,2015,1,25,10,0.000000,0.000000,0.000000,101.812188,101.812188,135.749584
587,2015,1,25,11,0.000000,0.000000,0.000000,102.315248,102.315248,136.420331
588,2015,1,25,12,0.000000,0.000000,0.000000,101.014665,101.014665,134.686220
589,2015,1,25,13,0.000000,0.000000,0.000000,99.778540,99.778540,133.038053
590,2015,1,25,14,0.000000,0.000000,0.000000,99.594812,99.594812,132.793082
591,2015,1,25,15,0.000000,0.000000,0.000000,100.522847,100.522847,134.030463
592,2015,1,25,16,0.000000,0.000000,0.000000,104.286264,104.286264,139.048352
593,2015,1,25,17,0.000000,0.000000,0.000000,107.926438,107.926438,143.901918
594,2015,1,25,18,0.000000,0.000000,0.000000,110.586226,110.586226,147.448302
595,2015,1,25,19,0.000000,0.000000,0.000000,108.564990,108.564990,144.753320
596,2015,1,25,20,0.000000,0.000000,0.000000,106.852542,106.852542,142.470056
597,2015,1,25,21,0.000000,0.000000,0.000000,109.337413,109.337413,145.783218
598,2015,1,25,22,0.000000,0.000000,0.000000,104.302049,104.302049,139.069398
599,2015,1,25,23,0.000000,0.000000,0.000000,99.108983,99.108983,132.145311
600,2015,1,25,24,0.000000,0.000000,0.000000,99.488793,99.488793,132.651724
601,2015,1,26,1,0.000000,0.000000,0.000000,99.083644,99.083644,132.111526
602,2015,1,26,2,0.000000,0.000000,0.000000,102.287632,102.287632,136.383509
603,2015,1,26,3,0.000000,0.000000,0.000000,95.303315,95.303315,127.071087
604,2015,1,26,4,0.000000,0.000000,0.000000,90.630287,90.630287,120.840382
605,2015,1,26,5,0.000000,0.000000,0.000000,92.474711,92.474711,123.299615
606,2015,1,26,6,0.000000,0.000000,0.000000,93.946501,93.946501,125.262001
607,2015,1,26,7,0.000000,0.000000,0.000000,98.408328,98.408328,131.211104
608,2015,1,26,8,0.000000,0.000000,0.000000,101.727513,101.727513,135.636684
609,2015,1,26,9,0.000000,0.000000,0.000000,104.946164,104.946164,139.928219
610,2015,1,26,10,0.000000,0.000000,0.000000,107.284460,107.284460,143.045946
611,2015,1,26,11,0.000000,0.000000,0.000000,107.662136,107.662136,143.549515
612,2015,1,26,12,0.000000,0.000000,0.000000,106.767266,106.767266,142.356355
613,2015,1,26,13,0.000000,0.000000,0.000000,104.370602,104.370602,139.160802
614,2015,1,26,14,0.000000,0.000000,0.000000,103.526011,103.526011,138.034681
615,2015,1,26,15,0.000000,0.000000,0.000000,104.181997,104.181997,138.909329
616,2015,1,26,16,0.000000,0.000000,0.000000,106.746134,106.746134,142.328179
617,2015,1,26,17,0.000000,0.000000,0.000000,109.285701,109.285701,145.714268
618,2015,1,26,18,0.000000,0.000000,0.000000,109.051112,109.051112,145.401483
619,2015,1,26,19,0.000000,0.000000,0.000000,107.070334,107.070334,142.760445
620,2015,1,26,20,0.000000,0.000000,0.000000,105.519384,105.519384,140.692512
621,2015,1,26,21,0.000000,0.000000,0.000000,106.969333,106.969333,142.625777
622,2015,1,26,22,0.000000,0.000000,0.000000,101.954811,101.954811,135.939748
623,2015,1,26,23,0.000000,0.000000,0.000000,95.484234,95.484234,127.312312
624,2015,1,26,24,0.000000,0.000000,0.000000,99.087486,99.087486,132.116647
625,2015,1,27,1,0.000000,0.000000,0.000000,98.518956,98.518956,131.358609
626,2015,1,27,2,0.000000,0.000000,0.000000,102.056962,102.056962,136.075949
627,2015,1,27,3,0.000000,0.000000,0.000000,94.668953,94.668953,126.225270
628,2015,1,27,4,0.000000,0.000000,0.000000,92.761092,92.761092,123.681456
629,2015,1,27,5,0.000000,0.000000,0.000000,95.756262,95.756262,127.675016
630,2015,1,27,6,0.000000,0.000000,0.000000,106.908062,106.908062,142.544083
631,2015,1,27,7,0.000000,0.000000,0.000000,122.397471,122.397471,163.196628
632,2015,1,27,8,0.000000,0.000000,0.000000,129.001332,129.001332,172.001776
633,2015,1,27,9,0.000000,0.000000,0.000000,136.967350,136.967350,182.623133
634,2015,1,27,10,0.000000,0.000000,0.000000,144.115249,144.115249,192.153665
635,2015,1,27,11,0.000000,0.000000,0.000000,149.127047,149.127047,198.836063
636,2015,1,27,12,0.000000,0.000000,0.000000,154.404291,154.404291,205.872388
637,2015,1,27,13,0.000000,0.000000,0.000000,160.007678,160.007678,213.343571
638,2015,1,27,14,0.000000,0.000000,0.000000,164.221089,164.221089,218.961452
639,2015,1,27,15,0.000000,0.000000,0.000000,167.039051,167.039051,222.718735
640,2015,1,27,16,0.000000,0.000000,0.000000,172.294909,172.294909,229.726545
641,2015,1,27,17,0.000000,0.000000,0.000000,168.584596,168.584596,224.779461
642,2015,1,27,18,0.000000,0.000000,0.000000,170.038102,170.038102,226.717469
643,2015,1,27,19,0.000000,0.000000,0.000000,161.552076,161.552076,215.402768
644,2015,1,27,20,0.000000,0.000000,0.000000,153.197379,153.197379,204.263173
645,2015,1,27,21,0.000000,0.000000,0.000000,146.987875,146.987875,195.983833
646,2015,1,27,22,0.000000,0.000000,0.000000,131.538264,131.538264,175.384352
647,2015,1,27,23,0.000000,0.000000,0.000000,117.495728,117.495728,156.660971
648,2015,1,27,24,0.000000,0.000000,0.000000,117.037059,117.037059,156.049412
649,2015,1,28,1,0.000000,0.000000,0.000000,92.856309,92.856309,123.808411
650,2015,1,28,2,0.000000,0.000000,0.000000,96.863558,96.863558,129.151411
651,2015,1,28,3,0.000000,0.000000,0.000000,90.757454,90.757454,121.009938
652,2015,1,28,4,0.000000,0.000000,0.000000,88.210127,88.210127,117.613503
653,2015,1,28,5,0.000000,0.000000,0.000000,91.944582,91.944582,122.592776
654,2015,1,28,6,0.000000,0.000000,0.000000,101.768830,101.768830,135.691774
655,2015,1,28,7,0.000000,0.000000,0.000000,115.176074,115.176074,153.568099
656,2015,1,28,8,0.000000,0.000000,0.000000,119.821092,119.821092,159.761456
657,2015,1,28,9,0.000000,0.000000,0.000000,123.127921,123.127921,164.170561
658,2015,1,28,10,0.000000,0.000000,0.000000,124.552527,124.552527,166.070037
659,2015,1,28,11,0.000000,0.000000,0.000000,126.225923,126.225923,168.301231
660,2015,1,28,12,0.000000,0.000000,0.000000,125.462031,125.462031,167.282708
661,2015,1,28,13,0.000000,0.000000,0.000000,125.803553,125.803553,167.738071
662,2015,1,28,14,0.000000,0.000000,0.000000,122.884290,122.884290,163.845719
663,2015,1,28,15,0.000000,0.000000,0.000000,123.473548,123.473548,164.631397
664,2015,1,28,16,0.000000,0.000000,0.000000,125.627482,125.627482,167.503310
665,2015,1,28,17,0.000000,0.000000,0.000000,124.745296,124.745296,166.327061
666,2015,1,28,18,0.000000,0.000000,0.000000,119.853169,119.853169,159.804226
667,2015,1,28,19,0.000000,0.000000,0.000000,115.579099,115.579099,154.105466
668,2015,1,28,20,0.000000,0.000000,0.000000,112.991310,112.991310,150.655079
669,2015,1,28,21,0.000000,0.000000,0.000000,112.164243,112.164243,149.552324
670,2015,1,28,22,0.000000,0.000000,0.000000,105.787467,105.787467,141.049956
671,2015,1,28,23,0.000000,0.000000,0.000000,100.055777,100.055777,133.407703
672,2015,1,28,24,0.000000,0.000000,0.000000,103.545648,103.545648,138.060864
673,2015,1,29,1,0.000000,0.000000,0.000000,97.074618,97.074618,129.432824
674,2015,1,29,2,0.000000,0.000000,0.000000,100.486198,100.486198,133.981598
675,2015,1,29,3,0.000000,0.000000,0.000000,94.680699,94.680699,126.240932
676,2015,1,29,4,0.000000,0.000000,0.000000,93.090395,93.090395,124.120527
677,2015,1,29,5,0.000000,0.000000,0.000000,96.948823,96.948823,129.265098
678,2015,1,29,6,0.000000,0.000000,0.000000,106.964396,106.964396,142.619195
679,2015,1,29,7,0.000000,0.000000,0.000000,120.757670,120.757670,161.010226
680,2015,1,29,8,0.000000,0.000000,0.000000,127.471493,127.471493,169.961991
681,2015,1,29,9,0.000000,0.000000,0.000000,131.550077,131.550077,175.400103
682,2015,1,29,10,0.000000,0.000000,0.000000,132.268402,132.268402,176.357870
683,2015,1,29,11,0.000000,0.000000,0.000000,133.278935,133.278935,177.705247
684,2015,1,29,12,0.000000,0.000000,0.000000,132.712277,132.712277,176.949703
685,2015,1,29,13,0.000000,0.000000,0.000000,133.218701,133.218701,177.624935
686,2015,1,29,14,0.000000,0.000000,0.000000,133.875126,133.875126,178.500168
687,2015,1,29,15,0.000000,0.000000,0.000000,133.944168,133.944168,178.592224
688,2015,1,29,16,0.000000,0.000000,0.000000,136.016995,136.016995,181.355994
689,2015,1,29,17,0.000000,0.000000,0.000000,137.077920,137.077920,182.770560
690,2015,1,29,18,0.000000,0.000000,0.000000,132.993745,132.993745,177.324994
691,2015,1,29,19,0.000000,0.000000,0.000000,125.809767,125.809767,167.746356
692,2015,1,29,20,0.000000,0.000000,0.000000,121.837017,121.837017,162.449356
693,2015,1,29,21,0.000000,0.000000,0.000000,120.236646,120.236646,160.315528
694,2015,1,29,22,0.000000,0.000000,0.000000,111.798510,111.798510,149.064680
695,2015,1,29,23,0.000000,0.000000,0.000000,104.360245,104.360245,139.146994
696,2015,1,29,24,0.000000,0.000000,0.000000,105.637713,105.637713,140.850284
697,2015,1,30,1,0.000000,0.000000,0.000000,99.216143,99.216143,132.288190
698,2015,1,30,2,0.000000,0.000000,0.000000,102.461669,102.461669,136.615559
699,2015,1,30,3,0.000000,0.000000,0.000000,95.672203,95.672203,127.562937
700,2015,1,30,4,0.000000,0.000000,0.000000,93.914753,93.914753,125.219671
701,2015,1,30,5,0.000000,0.000000,0.000000,97.416758,97.416758,129.889011
702,2015,1,30,6,0.000000,0.000000,0.000000,107.966417,107.966417,143.955222
703,2015,1,30,7,0.000000,0.000000,0.000000,121.327810,121.327810,161.770413
704,2015,1,30,8,0.000000,0.000000,0.000000,126.621701,126.621701,168.828935
705,2015,1,30,9,0.000000,0.000000,0.000000,129.490653,129.490653,172.654203
706,2015,1,30,10,0.000000,0.000000,0.000000,129.762138,129.762138,173.016184
707,2015,1,30,11,0.000000,0.000000,0.000000,128.070101,128.070101,170.760135
708,2015,1,30,12,0.000000,0.000000,0.000000,124.072399,124.072399,165.429865
709,2015,1,30,13,0.000000,0.000000,0.000000,124.346403,124.346403,165.795205
710,2015,1,30,14,0.000000,0.000000,0.000000,124.430833,124.430833,165.907777
711,2015,1,30,15,0.000000,0.000000,0.000000,123.903798,123.903798,165.205064
712,2015,1,30,16,0.000000,0.000000,0.000000,124.512841,124.512841,166.017121
713,2015,1,30,17,0.000000,0.000000,0.000000,124.473569,124.473569,165.964759
714,2015,1,30,18,0.000000,0.000000,0.000000,120.416123,120.416123,160.554831
715,2015,1,30,19,0.000000,0.000000,0.000000,114.862052,114.862052,153.149403
716,2015,1,30,20,0.000000,0.000000,0.000000,112.483425,112.483425,149.977900
717,2015,1,30,21,0.000000,0.000000,0.000000,111.317784,111.317784,148.423712
718,2015,1,30,22,0.000000,0.000000,0.000000,105.028159,105.028159,140.037546
719,2015,1,30,23,0.000000,0.000000,0.000000,98.073769,98.073769,130.765025
720,2015,1,30,24,0.000000,0.000000,0.000000,100.131510,100.131510,133.508679
721,2015,1,31,1,0.000000,0.000000,0.000000,94.294012,94.294012,125.725350
722,2015,1,31,2,0.000000,0.000000,0.000000,98.235827,98.235827,130.981103
723,2015,1,31,3,0.000000,0.000000,0.000000,91.807858,91.807858,122.410477
724,2015,1,31,4,0.000000,0.000000,0.000000,89.023570,89.023570,118.698094
725,2015,1,31,5,0.000000,0.000000,0.000000,91.557760,91.557760,122.077013
726,2015,1,31,6,0.000000,0.000000,0.000000,96.045271,96.045271,128.060361
727,2015,1,31,7,0.000000,0.000000,0.000000,100.406073,100.406073,133.874764
728,2015,1,31,8,0.000000,0.000000,0.000000,105.656391,105.656391,140.875188
729,2015,1,31,9,0.000000,0.000000,0.000000,110.220510,110.220510,146.960681
730,2015,1,31,10,0.000000,0.000000,0.000000,111.765414,111.765414,149.020552
731,2015,1,31,11,0.000000,0.000000,0.000000,113.340435,113.340435,151.120579
732,2015,1,31,12,0.000000,0.000000,0.000000,113.845000,113.845000,151.793334
733,2015,1,31,13,0.000000,0.000000,0.000000,113.527056,113.527056,151.369408
734,2015,1,31,14,0.000000,0.000000,0.000000,117.755311,117.755311,157.007081
735,2015,1,31,15,0.000000,0.000000,0.000000,124.062161,124.062161,165.416214
736,2015,1,31,16,0.000000,0.000000,0.000000,132.343057,132.343057,176.457410
737,2015,1,31,17,0.000000,0.000000,0.000000,138.828804,138.828804,185.105071
738,2015,1,31,18,0.000000,0.000000,0.000000,142.447438,142.447438,189.929917
739,2015,1,31,19,0.000000,0.000000,0.000000,141.640234,141.640234,188.853645
740,2015,1,31,20,0.000000,0.000000,0.000000,137.850413,137.850413,183.800551
741,2015,1,31,21,0.000000,0.000000,0.000000,135.547851,135.547851,180.730468
742,2015,1,31,22,0.000000,0.000000,0.000000,126.271921,126.271921,168.362561
743,2015,1,31,23,0.000000,0.000000,0.000000,118.813690,118.813690,158.418254
744,2015,1,31,24,0.000000,0.000000,0.000000,117.476503,117.476503,156.635337
745,2015,2,1,1,0.000000,0.000000,0.000000,107.591866,107.591866,143.455822
746,2015,2,1,2,0.000000,0.000000,0.000000,108.899973,108.899973,145.199964
747,2015,2,1,3,0.000000,0.000000,0.000000,100.589812,100.589812,134.119749
748,2015,2,1,4,0.000000,0.000000,0.000000,94.513547,94.513547,126.018063
749,2015,2,1,5,0.000000,0.000000,0.000000,92.992637,92.992637,123.990183
750,2015,2,1,6,0.000000,0.000000,0.000000,94.036349,94.036349,125.381798
751,2015,2,1,7,0.000000,0.000000,0.000000,98.390146,98.390146,131.186861
752,2015,2,1,8,0.000000,0.000000,0.000000,106.742557,106.742557,142.323410
753,2015,2,1,9,0.000000,0.000000,0.000000,117.305668,117.305668,156.407557
754,2015,2,1,10,0.000000,0.000000,0.000000,127.369426,127.369426,169.825902
755,2015,2,1,11,0.000000,0.000000,0.000000,134.669311,134.669311,179.559082
756,2015,2,1,12,0.000000,0.000000,0.000000,139.677747,139.677747,186.236996
757,2015,2,1,13,0.000000,0.000000,0.000000,144.541136,144.541136,192.721515
758,2015,2,1,14,0.000000,0.000000,0.000000,148.162057,148.162057,197.549409
759,2015,2,1,15,0.000000,0.000000,0.000000,151.644099,151.644099,202.192132
760,2015,2,1,16,0.000000,0.000000,0.000000,148.851114,148.851114,198.468152
761,2015,2,1,17,0.000000,0.000000,0.000000,135.373629,135.373629,180.498172
762,2015,2,1,18,0.000000,0.000000,0.000000,124.032857,124.032857,165.377143
763,2015,2,1,19,0.000000,0.000000,0.000000,115.753712,115.753712,154.338282
764,2015,2,1,20,0.000000,0.000000,0.000000,113.621376,113.621376,151.495168
765,2015,2,1,21,0.000000,0.000000,0.000000,110.633070,110.633070,147.510761
766,2015,2,1,22,0.000000,0.000000,0.000000,104.394445,104.394445,139.192593
767,2015,2,1,23,0.000000,0.000000,0.000000,97.650303,97.650303,130.200404
768,2015,2,1,24,0.000000,0.000000,0.000000,98.213223,98.213223,130.950964
769,2015,2,2,1,0.000000,0.000000,0.000000,92.904322,92.904322,123.872429
770,2015,2,2,2,0.000000,0.000000,0.000000,97.222823,97.222823,129.630431
771,2015,2,2,3,0.000000,0.000000,0.000000,90.001025,90.001025,120.001367
772,2015,2,2,4,0.000000,0.000000,0.000000,87.729155,87.729155,116.972207
773,2015,2,2,5,0.000000,0.000000,0.000000,91.561942,91.561942,122.082590
774,2015,2,2,6,0.000000,0.000000,0.000000,103.030501,103.030501,137.374001
775,2015,2,2,7,0.000000,0.000000,0.000000,118.776001,118.776001,158.368001
776,2015,2,2,8,0.000000,0.000000,0.000000,121.431219,121.431219,161.908292
777,2015,2,2,9,0.000000,0.000000,0.000000,123.321516,123.321516,164.428688
778,2015,2,2,10,0.000000,0.000000,0.000000,125.682423,125.682423,167.576564
779,2015,2,2,11,0.000000,0.000000,0.000000,127.680943,127.680943,170.241257
780,2015,2,2,12,0.000000,0.000000,0.000000,128.930689,128.930689,171.907585
781,2015,2,2,13,0.000000,0.000000,0.000000,130.429897,130.429897,173.906529
782,2015,2,2,14,0.000000,0.000000,0.000000,132.471657,132.471657,176.628876
783,2015,2,2,15,0.000000,0.000000,0.000000,134.055684,134.055684,178.740912
784,2015,2,2,16,0.000000,0.000000,0.000000,138.100596,138.100596,184.134128
785,2015,2,2,17,0.000000,0.000000,0.000000,137.683987,137.683987,183.578650
786,2015,2,2,18,0.000000,0.000000,0.000000,131.529071,131.529071,175.372094
787,2015,2,2,19,0.000000,0.000000,0.000000,124.851193,124.851193,166.468257
788,2015,2,2,20,0.000000,0.000000,0.000000,123.467756,123.467756,164.623674
789,2015,2,2,21,0.000000,0.000000,0.000000,124.501088,124.501088,166.001451
790,2015,2,2,22,0.000000,0.000000,0.000000,116.900271,116.900271,155.867029
791,2015,2,2,23,0.000000,0.000000,0.000000,110.381379,110.381379,147.175172
792,2015,2,2,24,0.000000,0.000000,0.000000,112.024614,112.024614,149.366151
793,2015,2,3,1,0.000000,0.000000,0.000000,105.247754,105.247754,140.330338
794,2015,2,3,2,0.000000,0.000000,0.000000,108.775230,108.775230,145.033640
795,2015,2,3,3,0.000000,0.000000,0.000000,101.172757,101.172757,134.897009
796,2015,2,3,4,0.000000,0.000000,0.000000,99.080720,99.080720,132.107627
797,2015,2,3,5,0.000000,0.000000,0.000000,101.283611,101.283611,135.044815
798,2015,2,3,6,0.000000,0.000000,0.000000,110.986735,110.986735,147.982314
799,2015,2,3,7,0.000000,0.000000,0.000000,125.498950,125.498950,167.331933
800,2015,2,3,8,0.000000,0.000000,0.000000,134.033065,134.033065,178.710753
801,2015,2,3,9,0.000000,0.000000,0.000000,141.743022,141.743022,188.990696
802,2015,2,3,10,0.000000,0.000000,0.000000,148.079433,148.079433,197.439244
803,2015,2,3,11,0.000000,0.000000,0.000000,152.221183,152.221183,202.961577
804,2015,2,3,12,0.000000,0.000000,0.000000,158.073262,158.073262,210.764349
805,2015,2,3,13,0.000000,0.000000,0.000000,163.830819,163.830819,218.441092
806,2015,2,3,14,0.000000,0.000000,0.000000,168.470974,168.470974,224.627965
807,2015,2,3,15,0.000000,0.000000,0.000000,171.333838,171.333838,228.445118
808,2015,2,3,16,0.000000,0.000000,0.000000,176.290884,176.290884,235.054512
809,2015,2,3,17,0.000000,0.000000,0.000000,172.180660,172.180660,229.574213
810,2015,2,3,18,0.000000,0.000000,0.000000,173.037408,173.037408,230.716544
811,2015,2,3,19,0.000000,0.000000,0.000000,164.193903,164.193903,218.925204
812,2015,2,3,20,0.000000,0.000000,0.000000,156.359487,156.359487,208.479316
813,2015,2,3,21,0.000000,0.000000,0.000000,150.913669,150.913669,201.218226
814,2015,2,3,22,0.000000,0.000000,0.000000,135.129908,135.129908,180.173211
815,2015,2,3,23,0.000000,0.000000,0.000000,121.179500,121.179500,161.572667
816,2015,2,3,24,0.000000,0.000000,0.000000,120.633217,120.633217,160.844289
817,2015,2,4,1,0.000000,0.000000,0.000000,110.783822,110.783822,147.711763
818,2015,2,4,2,0.000000,0.000000,0.000000,111.585695,111.585695,148.780926
819,2015,2,4,3,0.000000,0.000000,0.000000,102.795378,102.795378,137.060504
820,2015,2,4,4,0.000000,0.000000,0.000000,100.271625,100.271625,133.695500
821,2015,2,4,5,0.000000,0.000000,0.000000,102.709242,102.709242,136.945656
822,2015,2,4,6,0.000000,0.000000,0.000000,114.995502,114.995502,153.327337
823,2015,2,4,7,0.000000,0.000000,0.000000,131.880571,131.880571,175.840761
824,2015,2,4,8,0.000000,0.000000,0.000000,139.395534,139.395534,185.860711
825,2015,2,4,9,0.000000,0.000000,0.000000,146.964136,146.964136,195.952181
826,2015,2,4,10,0.000000,0.000000,0.000000,152.490926,152.490926,203.321235
827,2015,2,4,11,0.000000,0.000000,0.000000,157.382030,157.382030,209.842707
828,2015,2,4,12,0.000000,0.000000,0.000000,163.908360,163.908360,218.544480
829,2015,2,4,13,0.000000,0.000000,0.000000,168.741633,168.741633,224.988844
830,2015,2,4,14,0.000000,0.000000,0.000000,168.259184,168.259184,224.345579
831,2015,2,4,15,0.000000,0.000000,0.000000,168.581146,168.581146,224.774862
832,2015,2,4,16,0.000000,0.000000,0.000000,172.632278,172.632278,230.176371
833,2015,2,4,17,0.000000,0.000000,0.000000,171.663153,171.663153,228.884204
834,2015,2,4,18,0.000000,0.000000,0.000000,175.658632,175.658632,234.211509
835,2015,2,4,19,0.000000,0.000000,0.000000,169.481330,169.481330,225.975107
836,2015,2,4,20,0.000000,0.000000,0.000000,164.359078,164.359078,219.145438
837,2015,2,4,21,0.000000,0.000000,0.000000,158.184807,158.184807,210.913077
838,2015,2,4,22,0.000000,0.000000,0.000000,139.898004,139.898004,186.530672
839,2015,2,4,23,0.000000,0.000000,0.000000,124.354043,124.354043,165.805391
840,2015,2,4,24,0.000000,0.000000,0.000000,122.454079,122.454079,163.272106
841,2015,2,5,1,0.000000,0.000000,0.000000,112.099107,112.099107,149.465476
842,2015,2,5,2,0.000000,0.000000,0.000000,114.299628,114.299628,152.399503
843,2015,2,5,3,0.000000,0.000000,0.000000,105.761409,105.761409,141.015212
844,2015,2,5,4,0.000000,0.000000,0.000000,103.478088,103.478088,137.970784
845,2015,2,5,5,0.000000,0.000000,0.000000,108.838985,108.838985,145.118647
846,2015,2,5,6,0.000000,0.000000,0.000000,122.393518,122.393518,163.191357
847,2015,2,5,7,0.000000,0.000000,0.000000,138.869509,138.869509,185.159346
848,2015,2,5,8,0.000000,0.000000,0.000000,146.410461,146.410461,195.213948
849,2015,2,5,9,0.000000,0.000000,0.000000,152.311222,152.311222,203.081630
850,2015,2,5,10,0.000000,0.000000,0.000000,156.368172,156.368172,208.490896
851,2015,2,5,11,0.000000,0.000000,0.000000,154.728087,154.728087,206.304116
852,2015,2,5,12,0.000000,0.000000,0.000000,147.837737,147.837737,197.116983
853,2015,2,5,13,0.000000,0.000000,0.000000,143.144252,143.144252,190.859002
854,2015,2,5,14,0.000000,0.000000,0.000000,142.156297,142.156297,189.541729
855,2015,2,5,15,0.000000,0.000000,0.000000,140.441309,140.441309,187.255079
856,2015,2,5,16,0.000000,0.000000,0.000000,143.483613,143.483613,191.311484
857,2015,2,5,17,0.000000,0.000000,0.000000,145.307824,145.307824,193.743765
858,2015,2,5,18,0.000000,0.000000,0.000000,140.230442,140.230442,186.973923
859,2015,2,5,19,0.000000,0.000000,0.000000,135.260013,135.260013,180.346684
860,2015,2,5,20,0.000000,0.000000,0.000000,133.126291,133.126291,177.501721
861,2015,2,5,21,0.000000,0.000000,0.000000,128.855835,128.855835,171.807780
862,2015,2,5,22,0.000000,0.000000,0.000000,118.468178,118.468178,157.957570
863,2015,2,5,23,0.000000,0.000000,0.000000,110.448910,110.448910,147.265214
864,2015,2,5,24,0.000000,0.000000,0.000000,111.911357,111.911357,149.215143
865,2015,2,6,1,0.000000,0.000000,0.000000,103.505064,103.505064,138.006753
866,2015,2,6,2,0.000000,0.000000,0.000000,104.652055,104.652055,139.536073
867,2015,2,6,3,0.000000,0.000000,0.000000,97.853248,97.853248,130.470998
868,2015,2,6,4,0.000000,0.000000,0.000000,96.313912,96.313912,128.418550
869,2015,2,6,5,0.000000,0.000000,0.000000,98.855003,98.855003,131.806670
870,2015,2,6,6,0.000000,0.000000,0.000000,111.676876,111.676876,148.902502
871,2015,2,6,7,0.000000,0.000000,0.000000,127.801700,127.801700,170.402266
872,2015,2,6,8,0.000000,0.000000,0.000000,130.919876,130.919876,174.559834
873,2015,2,6,9,0.000000,0.000000,0.000000,131.315330,131.315330,175.087107
874,2015,2,6,10,0.000000,0.000000,0.000000,127.942306,127.942306,170.589742
875,2015,2,6,11,0.000000,0.000000,0.000000,126.178854,126.178854,168.238472
876,2015,2,6,12,0.000000,0.000000,0.000000,122.731346,122.731346,163.641795
877,2015,2,6,13,0.000000,0.000000,0.000000,119.696674,119.696674,159.595565
878,2015,2,6,14,0.000000,0.000000,0.000000,117.879465,117.879465,157.172621
879,2015,2,6,15,0.000000,0.000000,0.000000,116.556623,116.556623,155.408830
880,2015,2,6,16,0.000000,0.000000,0.000000,118.445831,118.445831,157.927775
881,2015,2,6,17,0.000000,0.000000,0.000000,118.910977,118.910977,158.547969
882,2015,2,6,18,0.000000,0.000000,0.000000,115.738026,115.738026,154.317368
883,2015,2,6,19,0.000000,0.000000,0.000000,110.252395,110.252395,147.003194
884,2015,2,6,20,0.000000,0.000000,0.000000,108.760579,108.760579,145.014105
885,2015,2,6,21,0.000000,0.000000,0.000000,108.111978,108.111978,144.149304
886,2015,2,6,22,0.000000,0.000000,0.000000,102.439644,102.439644,136.586192
887,2015,2,6,23,0.000000,0.000000,0.000000,97.236862,97.236862,129.649149
888,2015,2,6,24,0.000000,0.000000,0.000000,99.810544,99.810544,133.080725
889,2015,2,7,1,0.000000,0.000000,0.000000,92.877288,92.877288,123.836384
890,2015,2,7,2,0.000000,0.000000,0.000000,95.390841,95.390841,127.187788
891,2015,2,7,3,0.000000,0.000000,0.000000,88.193673,88.193673,117.591564
892,2015,2,7,4,0.000000,0.000000,0.000000,85.400098,85.400098,113.866798
893,2015,2,7,5,0.000000,0.000000,0.000000,85.838994,85.838994,114.451992
894,2015,2,7,6,0.000000,0.000000,0.000000,88.334606,88.334606,117.779475
895,2015,2,7,7,0.000000,0.000000,0.000000,93.933666,93.933666,125.244888
896,2015,2,7,8,0.000000,0.000000,0.000000,100.642055,100.642055,134.189406
897,2015,2,7,9,0.000000,0.000000,0.000000,103.702982,103.702982,138.270642
898,2015,2,7,10,0.000000,0.000000,0.000000,106.530575,106.530575,142.040767
899,2015,2,7,11,0.000000,0.000000,0.000000,107.289555,107.289555,143.052740
900,2015,2,7,12,0.000000,0.000000,0.000000,106.306725,106.306725,141.742300
901,2015,2,7,13,0.000000,0.000000,0.000000,104.298715,104.298715,139.064953
902,2015,2,7,14,0.000000,0.000000,0.000000,102.957551,102.957551,137.276735
903,2015,2,7,15,0.000000,0.000000,0.000000,104.846746,104.846746,139.795661
904,2015,2,7,16,0.000000,0.000000,0.000000,107.466562,107.466562,143.288749
905,2015,2,7,17,0.000000,0.000000,0.000000,108.718635,108.718635,144.958180
906,2015,2,7,18,0.000000,0.000000,0.000000,108.844906,108.844906,145.126541
907,2015,2,7,19,0.000000,0.000000,0.000000,107.498215,107.498215,143.330953
908,2015,2,7,20,0.000000,0.000000,0.000000,107.268146,107.268146,143.024195
909,2015,2,7,21,0.000000,0.000000,0.000000,108.033643,108.033643,144.044857
910,2015,2,7,22,0.000000,0.000000,0.000000,103.857959,103.857959,138.477279
911,2015,2,7,23,0.000000,0.000000,0.000000,100.023347,100.023347,133.364462
912,2015,2,7,24,0.000000,0.000000,0.000000,102.074117,102.074117,136.098823
913,2015,2,8,1,0.000000,0.000000,0.000000,94.850647,94.850647,126.467529
914,2015,2,8,2,0.000000,0.000000,0.000000,99.400333,99.400333,132.533778
915,2015,2,8,3,0.000000,0.000000,0.000000,92.859625,92.859625,123.812833
916,2015,2,8,4,0.000000,0.000000,0.000000,89.542446,89.542446,119.389928
917,2015,2,8,5,0.000000,0.000000,0.000000,90.732464,90.732464,120.976618
918,2015,2,8,6,0.000000,0.000000,0.000000,92.490722,92.490722,123.320962
919,2015,2,8,7,0.000000,0.000000,0.000000,94.645549,94.645549,126.194065
920,2015,2,8,8,0.000000,0.000000,0.000000,100.733142,100.733142,134.310856
921,2015,2,8,9,0.000000,0.000000,0.000000,104.319602,104.319602,139.092803
922,2015,2,8,10,0.000000,0.000000,0.000000,107.600455,107.600455,143.467274
923,2015,2,8,11,0.000000,0.000000,0.000000,109.461270,109.461270,145.948360
924,2015,2,8,12,0.000000,0.000000,0.000000,112.158394,112.158394,149.544526
925,2015,2,8,13,0.000000,0.000000,0.000000,114.265875,114.265875,152.354501
926,2015,2,8,14,0.000000,0.000000,0.000000,118.035528,118.035528,157.380704
927,2015,2,8,15,0.000000,0.000000,0.000000,123.686885,123.686885,164.915846
928,2015,2,8,16,0.000000,0.000000,0.000000,131.643072,131.643072,175.524096
929,2015,2,8,17,0.000000,0.000000,0.000000,138.596111,138.596111,184.794815
930,2015,2,8,18,0.000000,0.000000,0.000000,142.874683,142.874683,190.499577
931,2015,2,8,19,0.000000,0.000000,0.000000,140.949040,140.949040,187.932054
932,2015,2,8,20,0.000000,0.000000,0.000000,136.440832,136.440832,181.921109
933,2015,2,8,21,0.000000,0.000000,0.000000,132.382548,132.382548,176.510064
934,2015,2,8,22,0.000000,0.000000,0.000000,120.482974,120.482974,160.643965
935,2015,2,8,23,0.000000,0.000000,0.000000,110.910809,110.910809,147.881079
936,2015,2,8,24,0.000000,0.000000,0.000000,110.855575,110.855575,147.807434
937,2015,2,9,1,0.000000,0.000000,0.000000,103.192640,103.192640,137.590186
938,2015,2,9,2,0.000000,0.000000,0.000000,106.263812,106.263812,141.685083
939,2015,2,9,3,0.000000,0.000000,0.000000,100.100921,100.100921,133.467894
940,2015,2,9,4,0.000000,0.000000,0.000000,97.447825,97.447825,129.930433
941,2015,2,9,5,0.000000,0.000000,0.000000,101.285135,101.285135,135.046846
942,2015,2,9,6,0.000000,0.000000,0.000000,114.288771,114.288771,152.385028
943,2015,2,9,7,0.000000,0.000000,0.000000,130.556801,130.556801,174.075734
944,2015,2,9,8,0.000000,0.000000,0.000000,137.164267,137.164267,182.885689
945,2015,2,9,9,0.000000,0.000000,0.000000,147.333943,147.333943,196.445257
946,2015,2,9,10,0.000000,0.000000,0.000000,154.787766,154.787766,206.383688
947,2015,2,9,11,0.000000,0.000000,0.000000,162.647690,162.647690,216.863586
948,2015,2,9,12,0.000000,0.000000,0.000000,166.248100,166.248100,221.664133
949,2015,2,9,13,0.000000,0.000000,0.000000,170.916137,170.916137,227.888183
950,2015,2,9,14,0.000000,0.000000,0.000000,175.353855,175.353855,233.805140
951,2015,2,9,15,0.000000,0.000000,0.000000,178.602145,178.602145,238.136193
952,2015,2,9,16,0.000000,0.000000,0.000000,184.338188,184.338188,245.784250
953,2015,2,9,17,0.000000,0.000000,0.000000,183.347375,183.347375,244.463167
954,2015,2,9,18,0.000000,0.000000,0.000000,179.521974,179.521974,239.362632
955,2015,2,9,19,0.000000,0.000000,0.000000,165.807567,165.807567,221.076756
956,2015,2,9,20,0.000000,0.000000,0.000000,155.762396,155.762396,207.683195
957,2015,2,9,21,0.000000,0.000000,0.000000,146.500859,146.500859,195.334479
958,2015,2,9,22,0.000000,0.000000,0.000000,127.871562,127.871562,170.495416
959,2015,2,9,23,0.000000,0.000000,0.000000,114.932331,114.932331,153.243107
960,2015,2,9,24,0.000000,0.000000,0.000000,115.618424,115.618424,154.157899
961,2015,2,10,1,0.000000,0.000000,0.000000,106.763393,106.763393,142.351190
962,2015,2,10,2,0.000000,0.000000,0.000000,109.766140,109.766140,146.354853
963,2015,2,10,3,0.000000,0.000000,0.000000,101.734199,101.734199,135.645598
964,2015,2,10,4,0.000000,0.000000,0.000000,99.897886,99.897886,133.197181
965,2015,2,10,5,0.000000,0.000000,0.000000,103.912100,103.912100,138.549467
966,2015,2,10,6,0.000000,0.000000,0.000000,117.369720,117.369720,156.492961
967,2015,2,10,7,0.000000,0.000000,0.000000,133.768680,133.768680,178.358240
968,2015,2,10,8,0.000000,0.000000,0.000000,141.347046,141.347046,188.462728
969,2015,2,10,9,0.000000,0.000000,0.000000,153.387159,153.387159,204.516212
970,2015,2,10,10,0.000000,0.000000,0.000000,162.167996,162.167996,216.223995
971,2015,2,10,11,0.000000,0.000000,0.000000,168.268566,168.268566,224.358087
972,2015,2,10,12,0.000000,0.000000,0.000000,172.486422,172.486422,229.981896
973,2015,2,10,13,0.000000,0.000000,0.000000,177.962329,177.962329,237.283106
974,2015,2,10,14,0.000000,0.000000,0.000000,182.073506,182.073506,242.764675
975,2015,2,10,15,0.000000,0.000000,0.000000,179.422317,179.422317,239.229756
976,2015,2,10,16,0.000000,0.000000,0.000000,181.157773,181.157773,241.543697
977,2015,2,10,17,0.000000,0.000000,0.000000,180.031223,180.031223,240.041631
978,2015,2,10,18,0.000000,0.000000,0.000000,172.410817,172.410817,229.881089
979,2015,2,10,19,0.000000,0.000000,0.000000,164.263519,164.263519,219.018025
980,2015,2,10,20,0.000000,0.000000,0.000000,159.391925,159.391925,212.522567
981,2015,2,10,21,0.000000,0.000000,0.000000,153.008912,153.008912,204.011882
982,2015,2,10,22,0.000000,0.000000,0.000000,135.537744,135.537744,180.716992
983,2015,2,10,23,0.000000,0.000000,0.000000,121.542200,121.542200,162.056266
984,2015,2,10,24,0.000000,0.000000,0.000000,119.779740,119.779740,159.706320
985,2015,2,11,1,0.000000,0.000000,0.000000,110.951161,110.951161,147.934881
986,2015,2,11,2,0.000000,0.000000,0.000000,113.636921,113.636921,151.515895
987,2015,2,11,3,0.000000,0.000000,0.000000,105.951703,105.951703,141.268937
988,2015,2,11,4,0.000000,0.000000,0.000000,103.240072,103.240072,137.653430
989,2015,2,11,5,0.000000,0.000000,0.000000,106.421327,106.421327,141.895103
990,2015,2,11,6,0.000000,0.000000,0.000000,118.874144,118.874144,158.498859
991,2015,2,11,7,0.000000,0.000000,0.000000,136.230809,136.230809,181.641078
992,2015,2,11,8,0.000000,0.000000,0.000000,144.889672,144.889672,193.186229
993,2015,2,11,9,0.000000,0.000000,0.000000,154.001965,154.001965,205.335953
994,2015,2,11,10,0.000000,0.000000,0.000000,161.248326,161.248326,214.997768
995,2015,2,11,11,0.000000,0.000000,0.000000,167.805478,167.805478,223.740637
996,2015,2,11,12,0.000000,0.000000,0.000000,173.180070,173.180070,230.906760
997,2015,2,11,13,0.000000,0.000000,0.000000,177.268791,177.268791,236.358388
998,2015,2,11,14,0.000000,0.000000,0.000000,173.956687,173.956687,231.942249
999,2015,2,11,15,0.000000,0.000000,0.000000,166.679584,166.679584,222.239445
1000,2015,2,11,16,0.000000,0.000000,0.000000,163.919356,163.919356,218.559142
1001,2015,2,11,17,0.000000,0.000000,0.000000,158.790339,158.790339,211.720452
1002,2015,2,11,18,0.000000,0.000000,0.000000,150.425841,150.425841,200.567789
1003,2015,2,11,19,0.000000,0.000000,0.000000,144.542848,144.542848,192.723797
1004,2015,2,11,20,0.000000,0.000000,0.000000,140.980152,140.980152,187.973536
1005,2015,2,11,21,0.000000,0.000000,0.000000,136.258051,136.258051,181.677402
1006,2015,2,11,22,0.000000,0.000000,0.000000,124.243687,124.243687,165.658249
1007,2015,2,11,23,0.000000,0.000000,0.000000,114.231000,114.231000,152.307999
1008,2015,2,11,24,0.000000,0.000000,0.000000,114.063275,114.063275,152.084367
1009,2015,2,12,1,0.000000,0.000000,0.000000,105.859305,105.859305,141.145741
1010,2015,2,12,2,0.000000,0.000000,0.000000,109.221276,109.221276,145.628368
1011,2015,2,12,3,0.000000,0.000000,0.000000,102.209522,102.209522,136.279363
1012,2015,2,12,4,0.000000,0.000000,0.000000,100.155846,100.155846,133.541128
1013,2015,2,12,5,0.000000,0.000000,0.000000,104.303041,104.303041,139.070721
1014,2015,2,12,6,0.000000,0.000000,0.000000,115.681869,115.681869,154.242492
1015,2015,2,12,7,0.000000,0.000000,0.000000,133.431287,133.431287,177.908382
1016,2015,2,12,8,0.000000,0.000000,0.000000,140.328261,140.328261,187.104348
1017,2015,2,12,9,0.000000,0.000000,0.000000,148.432816,148.432816,197.910422
1018,2015,2,12,10,0.000000,0.000000,0.000000,153.210243,153.210243,204.280325
1019,2015,2,12,11,0.000000,0.000000,0.000000,157.959390,157.959390,210.612520
1020,2015,2,12,12,0.000000,0.000000,0.000000,160.105897,160.105897,213.474530
1021,2015,2,12,13,0.000000,0.000000,0.000000,161.223180,161.223180,214.964240
1022,2015,2,12,14,0.000000,0.000000,0.000000,162.865624,162.865624,217.154165
1023,2015,2,12,15,0.000000,0.000000,0.000000,157.921461,157.921461,210.561948
1024,2015,2,12,16,0.000000,0.000000,0.000000,148.665417,148.665417,198.220556
1025,2015,2,12,17,0.000000,0.000000,0.000000,144.378652,144.378652,192.504870
1026,2015,2,12,18,0.000000,0.000000,0.000000,138.864088,138.864088,185.152118
1027,2015,2,12,19,0.000000,0.000000,0.000000,134.889334,134.889334,179.852445
1028,2015,2,12,20,0.000000,0.000000,0.000000,132.978868,132.978868,177.305157
1029,2015,2,12,21,0.000000,0.000000,0.000000,125.793821,125.793821,167.725095
1030,2015,2,12,22,0.000000,0.000000,0.000000,115.207877,115.207877,153.610503
1031,2015,2,12,23,0.000000,0.000000,0.000000,107.504046,107.504046,143.338729
1032,2015,2,12,24,0.000000,0.000000,0.000000,106.573648,106.573648,142.098197
1033,2015,2,13,1,0.000000,0.000000,0.000000,98.956353,98.956353,131.941804
1034,2015,2,13,2,0.000000,0.000000,0.000000,102.789818,102.789818,137.053091
1035,2015,2,13,3,0.000000,0.000000,0.000000,97.012349,97.012349,129.349799
1036,2015,2,13,4,0.000000,0.000000,0.000000,95.225783,95.225783,126.967710
1037,2015,2,13,5,0.000000,0.000000,0.000000,99.338310,99.338310,132.451081
1038,2015,2,13,6,0.000000,0.000000,0.000000,112.087794,112.087794,149.450392
1039,2015,2,13,7,0.000000,0.000000,0.000000,128.060759,128.060759,170.747679
1040,2015,2,13,8,0.000000,0.000000,0.000000,132.552468,132.552468,176.736624
1041,2015,2,13,9,0.000000,0.000000,0.000000,136.553559,136.553559,182.071412
1042,2015,2,13,10,0.000000,0.000000,0.000000,136.046839,136.046839,181.395785
1043,2015,2,13,11,0.000000,0.000000,0.000000,135.800925,135.800925,181.067901
1044,2015,2,13,12,0.000000,0.000000,0.000000,131.404876,131.404876,175.206501
1045,2015,2,13,13,0.000000,0.000000,0.000000,127.862786,127.862786,170.483715
1046,2015,2,13,14,0.000000,0.000000,0.000000,125.196454,125.196454,166.928605
1047,2015,2,13,15,0.000000,0.000000,0.000000,125.289007,125.289007,167.052009
1048,2015,2,13,16,0.000000,0.000000,0.000000,126.340776,126.340776,168.454368
1049,2015,2,13,17,0.000000,0.000000,0.000000,124.716233,124.716233,166.288311
1050,2015,2,13,18,0.000000,0.000000,0.000000,119.750163,119.750163,159.666884
1051,2015,2,13,19,0.000000,0.000000,0.000000,116.871144,116.871144,155.828192
1052,2015,2,13,20,0.000000,0.000000,0.000000,117.297179,117.297179,156.396239
1053,2015,2,13,21,0.000000,0.000000,0.000000,116.600100,116.600100,155.466800
1054,2015,2,13,22,0.000000,0.000000,0.000000,108.256112,108.256112,144.341483
1055,2015,2,13,23,0.000000,0.000000,0.000000,102.840897,102.840897,137.121196
1056,2015,2,13,24,0.000000,0.000000,0.000000,104.489168,104.489168,139.318890
1057,2015,2,14,1,0.000000,0.000000,0.000000,95.997556,95.997556,127.996741
1058,2015,2,14,2,0.000000,0.000000,0.000000,98.169838,98.169838,130.893117
1059,2015,2,14,3,0.000000,0.000000,0.000000,91.463817,91.463817,121.951756
1060,2015,2,14,4,0.000000,0.000000,0.000000,88.584284,88.584284,118.112379
1061,2015,2,14,5,0.000000,0.000000,0.000000,89.909892,89.909892,119.879856
1062,2015,2,14,6,0.000000,0.000000,0.000000,94.411827,94.411827,125.882436
1063,2015,2,14,7,0.000000,0.000000,0.000000,100.300078,100.300078,133.733437
1064,2015,2,14,8,0.000000,0.000000,0.000000,105.351964,105.351964,140.469285
1065,2015,2,14,9,0.000000,0.000000,0.000000,109.908022,109.908022,146.544030
1066,2015,2,14,10,0.000000,0.000000,0.000000,110.195355,110.195355,146.927140
1067,2015,2,14,11,0.000000,0.000000,0.000000,108.526479,108.526479,144.701972
1068,2015,2,14,12,0.000000,0.000000,0.000000,106.515655,106.515655,142.020873
1069,2015,2,14,13,0.000000,0.000000,0.000000,104.073224,104.073224,138.764299
1070,2015,2,14,14,0.000000,0.000000,0.000000,103.224658,103.224658,137.632877
1071,2015,2,14,15,0.000000,0.000000,0.000000,102.451791,102.451791,136.602388
1072,2015,2,14,16,0.000000,0.000000,0.000000,104.728814,104.728814,139.638418
1073,2015,2,14,17,0.000000,0.000000,0.000000,106.642988,106.642988,142.190651
1074,2015,2,14,18,0.000000,0.000000,0.000000,107.487236,107.487236,143.316314
1075,2015,2,14,19,0.000000,0.000000,0.000000,107.307229,107.307229,143.076305
1076,2015,2,14,20,0.000000,0.000000,0.000000,110.113324,110.113324,146.817765
1077,2015,2,14,21,0.000000,0.000000,0.000000,109.470315,109.470315,145.960420
1078,2015,2,14,22,0.000000,0.000000,0.000000,104.389805,104.389805,139.186407
1079,2015,2,14,23,0.000000,0.000000,0.000000,100.660932,100.660932,134.214576
1080,2015,2,14,24,0.000000,0.000000,0.000000,102.967573,102.967573,137.290097
1081,2015,2,15,1,0.000000,0.000000,0.000000,97.197938,97.197938,129.597250
1082,2015,2,15,2,0.000000,0.000000,0.000000,100.095687,100.095687,133.460916
1083,2015,2,15,3,0.000000,0.000000,0.000000,92.966451,92.966451,123.955268
1084,2015,2,15,4,0.000000,0.000000,0.000000,89.540315,89.540315,119.387087
1085,2015,2,15,5,0.000000,0.000000,0.000000,89.996533,89.996533,119.995377
1086,2015,2,15,6,0.000000,0.000000,0.000000,91.818994,91.818994,122.425325
1087,2015,2,15,7,0.000000,0.000000,0.000000,94.919916,94.919916,126.559888
1088,2015,2,15,8,0.000000,0.000000,0.000000,98.711461,98.711461,131.615282
1089,2015,2,15,9,0.000000,0.000000,0.000000,101.576555,101.576555,135.435407
1090,2015,2,15,10,0.000000,0.000000,0.000000,104.337199,104.337199,139.116266
1091,2015,2,15,11,0.000000,0.000000,0.000000,104.856345,104.856345,139.808461
1092,2015,2,15,12,0.000000,0.000000,0.000000,104.568093,104.568093,139.424125
1093,2015,2,15,13,0.000000,0.000000,0.000000,103.939625,103.939625,138.586166
1094,2015,2,15,14,0.000000,0.000000,0.000000,104.040418,104.040418,138.720557
1095,2015,2,15,15,0.000000,0.000000,0.000000,106.333824,106.333824,141.778433
1096,2015,2,15,16,0.000000,0.000000,0.000000,109.515000,109.515000,146.020000
1097,2015,2,15,17,0.000000,0.000000,0.000000,112.482111,112.482111,149.976148
1098,2015,2,15,18,0.000000,0.000000,0.000000,111.680166,111.680166,148.906889
1099,2015,2,15,19,0.000000,0.000000,0.000000,109.935052,109.935052,146.580069
1100,2015,2,15,20,0.000000,0.000000,0.000000,109.646733,109.646733,146.195644
1101,2015,2,15,21,0.000000,0.000000,0.000000,107.418155,107.418155,143.224206
1102,2015,2,15,22,0.000000,0.000000,0.000000,100.489375,100.489375,133.985833
1103,2015,2,15,23,0.000000,0.000000,0.000000,94.822656,94.822656,126.430208
1104,2015,2,15,24,0.000000,0.000000,0.000000,96.137313,96.137313,128.183084
1105,2015,2,16,1,0.000000,0.000000,0.000000,90.155519,90.155519,120.207359
1106,2015,2,16,2,0.000000,0.000000,0.000000,93.700509,93.700509,124.934012
1107,2015,2,16,3,0.000000,0.000000,0.000000,88.733864,88.733864,118.311818
1108,2015,2,16,4,0.000000,0.000000,0.000000,87.180563,87.180563,116.240751
1109,2015,2,16,5,0.000000,0.000000,0.000000,91.139108,91.139108,121.518810
1110,2015,2,16,6,0.000000,0.000000,0.000000,105.069907,105.069907,140.093209
1111,2015,2,16,7,0.000000,0.000000,0.000000,122.396030,122.396030,163.194706
1112,2015,2,16,8,0.000000,0.000000,0.000000,125.678992,125.678992,167.571990
1113,2015,2,16,9,0.000000,0.000000,0.000000,128.018262,128.018262,170.691016
1114,2015,2,16,10,0.000000,0.000000,0.000000,128.330163,128.330163,171.106885
1115,2015,2,16,11,0.000000,0.000000,0.000000,128.014755,128.014755,170.686340
1116,2015,2,16,12,0.000000,0.000000,0.000000,126.822823,126.822823,169.097097
1117,2015,2,16,13,0.000000,0.000000,0.000000,126.360905,126.360905,168.481206
1118,2015,2,16,14,0.000000,0.000000,0.000000,126.254115,126.254115,168.338820
1119,2015,2,16,15,0.000000,0.000000,0.000000,126.026806,126.026806,168.035741
1120,2015,2,16,16,0.000000,0.000000,0.000000,127.850782,127.850782,170.467709
1121,2015,2,16,17,0.000000,0.000000,0.000000,127.093263,127.093263,169.457684
1122,2015,2,16,18,0.000000,0.000000,0.000000,121.419676,121.419676,161.892901
1123,2015,2,16,19,0.000000,0.000000,0.000000,115.405666,115.405666,153.874222
1124,2015,2,16,20,0.000000,0.000000,0.000000,115.988171,115.988171,154.650894
1125,2015,2,16,21,0.000000,0.000000,0.000000,114.983863,114.983863,153.311817
1126,2015,2,16,22,0.000000,0.000000,0.000000,106.615972,106.615972,142.154630
1127,2015,2,16,23,0.000000,0.000000,0.000000,100.158233,100.158233,133.544311
1128,2015,2,16,24,0.000000,0.000000,0.000000,102.905956,102.905956,137.207942
1129,2015,2,17,1,0.000000,0.000000,0.000000,96.314790,96.314790,128.419720
1130,2015,2,17,2,0.000000,0.000000,0.000000,100.652947,100.652947,134.203930
1131,2015,2,17,3,0.000000,0.000000,0.000000,93.405331,93.405331,124.540442
1132,2015,2,17,4,0.000000,0.000000,0.000000,91.546338,91.546338,122.061784
1133,2015,2,17,5,0.000000,0.000000,0.000000,95.083098,95.083098,126.777464
1134,2015,2,17,6,0.000000,0.000000,0.000000,107.219639,107.219639,142.959519
1135,2015,2,17,7,0.000000,0.000000,0.000000,121.371709,121.371709,161.828945
1136,2015,2,17,8,0.000000,0.000000,0.000000,124.362277,124.362277,165.816369
1137,2015,2,17,9,0.000000,0.000000,0.000000,129.237120,129.237120,172.316160
1138,2015,2,17,10,0.000000,0.000000,0.000000,131.897838,131.897838,175.863784
1139,2015,2,17,11,0.000000,0.000000,0.000000,133.535577,133.535577,178.047436
1140,2015,2,17,12,0.000000,0.000000,0.000000,134.151159,134.151159,178.868212
1141,2015,2,17,13,0.000000,0.000000,0.000000,134.413840,134.413840,179.218454
1142,2015,2,17,14,0.000000,0.000000,0.000000,134.777199,134.777199,179.702932
1143,2015,2,17,15,0.000000,0.000000,0.000000,135.764023,135.764023,181.018698
1144,2015,2,17,16,0.000000,0.000000,0.000000,140.154582,140.154582,186.872776
1145,2015,2,17,17,0.000000,0.000000,0.000000,141.372669,141.372669,188.496892
1146,2015,2,17,18,0.000000,0.000000,0.000000,136.164709,136.164709,181.552945
1147,2015,2,17,19,0.000000,0.000000,0.000000,131.283546,131.283546,175.044728
1148,2015,2,17,20,0.000000,0.000000,0.000000,129.589478,129.589478,172.785970
1149,2015,2,17,21,0.000000,0.000000,0.000000,126.602340,126.602340,168.803120
1150,2015,2,17,22,0.000000,0.000000,0.000000,116.485573,116.485573,155.314097
1151,2015,2,17,23,0.000000,0.000000,0.000000,109.140594,109.140594,145.520792
1152,2015,2,17,24,0.000000,0.000000,0.000000,110.211976,110.211976,146.949301
1153,2015,2,18,1,0.000000,0.000000,0.000000,105.050039,105.050039,140.066718
1154,2015,2,18,2,0.000000,0.000000,0.000000,109.677922,109.677922,146.237229
1155,2015,2,18,3,0.000000,0.000000,0.000000,102.537776,102.537776,136.717034
1156,2015,2,18,4,0.000000,0.000000,0.000000,100.082143,100.082143,133.442858
1157,2015,2,18,5,0.000000,0.000000,0.000000,102.208149,102.208149,136.277532
1158,2015,2,18,6,0.000000,0.000000,0.000000,114.054989,114.054989,152.073318
1159,2015,2,18,7,0.000000,0.000000,0.000000,129.023518,129.023518,172.031357
1160,2015,2,18,8,0.000000,0.000000,0.000000,132.182373,132.182373,176.243164
1161,2015,2,18,9,0.000000,0.000000,0.000000,134.624923,134.624923,179.499897
1162,2015,2,18,10,0.000000,0.000000,0.000000,136.570604,136.570604,182.094138
1163,2015,2,18,11,0.000000,0.000000,0.000000,137.264399,137.264399,183.019199
1164,2015,2,18,12,0.000000,0.000000,0.000000,136.931318,136.931318,182.575090
1165,2015,2,18,13,0.000000,0.000000,0.000000,137.665714,137.665714,183.554285
1166,2015,2,18,14,0.000000,0.000000,0.000000,137.333640,137.333640,183.111520
1167,2015,2,18,15,0.000000,0.000000,0.000000,136.301417,136.301417,181.735223
1168,2015,2,18,16,0.000000,0.000000,0.000000,140.239755,140.239755,186.986340
1169,2015,2,18,17,0.000000,0.000000,0.000000,138.700532,138.700532,184.934043
1170,2015,2,18,18,0.000000,0.000000,0.000000,130.460547,130.460547,173.947396
1171,2015,2,18,19,0.000000,0.000000,0.000000,122.774293,122.774293,163.699058
1172,2015,2,18,20,0.000000,0.000000,0.000000,121.820639,121.820639,162.427519
1173,2015,2,18,21,0.000000,0.000000,0.000000,118.406685,118.406685,157.875580
1174,2015,2,18,22,0.000000,0.000000,0.000000,108.497150,108.497150,144.662867
1175,2015,2,18,23,0.000000,0.000000,0.000000,101.806902,101.806902,135.742536
1176,2015,2,18,24,0.000000,0.000000,0.000000,103.820728,103.820728,138.427637
1177,2015,2,19,1,0.000000,0.000000,0.000000,96.833173,96.833173,129.110898
1178,2015,2,19,2,0.000000,0.000000,0.000000,100.097275,100.097275,133.463033
1179,2015,2,19,3,0.000000,0.000000,0.000000,92.346931,92.346931,123.129242
1180,2015,2,19,4,0.000000,0.000000,0.000000,90.926553,90.926553,121.235404
1181,2015,2,19,5,0.000000,0.000000,0.000000,94.578612,94.578612,126.104816
1182,2015,2,19,6,0.000000,0.000000,0.000000,106.269144,106.269144,141.692192
1183,2015,2,19,7,0.000000,0.000000,0.000000,121.775805,121.775805,162.367740
1184,2015,2,19,8,0.000000,0.000000,0.000000,124.137928,124.137928,165.517238
1185,2015,2,19,9,0.000000,0.000000,0.000000,126.945350,126.945350,169.260467
1186,2015,2,19,10,0.000000,0.000000,0.000000,128.958132,128.958132,171.944177
1187,2015,2,19,11,0.000000,0.000000,0.000000,130.695007,130.695007,174.260009
1188,2015,2,19,12,0.000000,0.000000,0.000000,131.702484,131.702484,175.603312
1189,2015,2,19,13,0.000000,0.000000,0.000000,133.526801,133.526801,178.035735
1190,2015,2,19,14,0.000000,0.000000,0.000000,135.559468,135.559468,180.745957
1191,2015,2,19,15,0.000000,0.000000,0.000000,134.616937,134.616937,179.489249
1192,2015,2,19,16,0.000000,0.000000,0.000000,136.994496,136.994496,182.659328
1193,2015,2,19,17,0.000000,0.000000,0.000000,137.043901,137.043901,182.725201
1194,2015,2,19,18,0.000000,0.000000,0.000000,131.405586,131.405586,175.207447
1195,2015,2,19,19,0.000000,0.000000,0.000000,124.736269,124.736269,166.315025
1196,2015,2,19,20,0.000000,0.000000,0.000000,123.683712,123.683712,164.911616
1197,2015,2,19,21,0.000000,0.000000,0.000000,119.337411,119.337411,159.116548
1198,2015,2,19,22,0.000000,0.000000,0.000000,110.308539,110.308539,147.078052
1199,2015,2,19,23,0.000000,0.000000,0.000000,104.577642,104.577642,139.436856
1200,2015,2,19,24,0.000000,0.000000,0.000000,107.489376,107.489376,143.319167
1201,2015,2,20,1,0.000000,0.000000,0.000000,100.884762,100.884762,134.513016
1202,2015,2,20,2,0.000000,0.000000,0.000000,104.682472,104.682472,139.576629
1203,2015,2,20,3,0.000000,0.000000,0.000000,99.112485,99.112485,132.149980
1204,2015,2,20,4,0.000000,0.000000,0.000000,98.454224,98.454224,131.272298
1205,2015,2,20,5,0.000000,0.000000,0.000000,101.619723,101.619723,135.492963
1206,2015,2,20,6,0.000000,0.000000,0.000000,114.024370,114.024370,152.032494
1207,2015,2,20,7,0.000000,0.000000,0.000000,128.373274,128.373274,171.164365
1208,2015,2,20,8,0.000000,0.000000,0.000000,131.217662,131.217662,174.956882
1209,2015,2,20,9,0.000000,0.000000,0.000000,136.453673,136.453673,181.938231
1210,2015,2,20,10,0.000000,0.000000,0.000000,139.161663,139.161663,185.548884
1211,2015,2,20,11,0.000000,0.000000,0.000000,142.881787,142.881787,190.509049
1212,2015,2,20,12,0.000000,0.000000,0.000000,144.502680,144.502680,192.670240
1213,2015,2,20,13,0.000000,0.000000,0.000000,146.232647,146.232647,194.976863
1214,2015,2,20,14,0.000000,0.000000,0.000000,149.880384,149.880384,199.840512
1215,2015,2,20,15,0.000000,0.000000,0.000000,153.179398,153.179398,204.239197
1216,2015,2,20,16,0.000000,0.000000,0.000000,160.070795,160.070795,213.427727
1217,2015,2,20,17,0.000000,0.000000,0.000000,162.069222,162.069222,216.092296
1218,2015,2,20,18,0.000000,0.000000,0.000000,157.256356,157.256356,209.675141
1219,2015,2,20,19,0.000000,0.000000,0.000000,150.451136,150.451136,200.601515
1220,2015,2,20,20,0.000000,0.000000,0.000000,145.866485,145.866485,194.488646
1221,2015,2,20,21,0.000000,0.000000,0.000000,136.322190,136.322190,181.762919
1222,2015,2,20,22,0.000000,0.000000,0.000000,122.760703,122.760703,163.680937
1223,2015,2,20,23,0.000000,0.000000,0.000000,113.067969,113.067969,150.757292
1224,2015,2,20,24,0.000000,0.000000,0.000000,112.527893,112.527893,150.037191
1225,2015,2,21,1,0.000000,0.000000,0.000000,103.386458,103.386458,137.848611
1226,2015,2,21,2,0.000000,0.000000,0.000000,106.116171,106.116171,141.488228
1227,2015,2,21,3,0.000000,0.000000,0.000000,97.447620,97.447620,129.930160
1228,2015,2,21,4,0.000000,0.000000,0.000000,93.622547,93.622547,124.830063
1229,2015,2,21,5,0.000000,0.000000,0.000000,94.804478,94.804478,126.405971
1230,2015,2,21,6,0.000000,0.000000,0.000000,98.367912,98.367912,131.157216
1231,2015,2,21,7,0.000000,0.000000,0.000000,103.020224,103.020224,137.360298
1232,2015,2,21,8,0.000000,0.000000,0.000000,111.609134,111.609134,148.812178
1233,2015,2,21,9,0.000000,0.000000,0.000000,119.368583,119.368583,159.158111
1234,2015,2,21,10,0.000000,0.000000,0.000000,125.519130,125.519130,167.358840
1235,2015,2,21,11,0.000000,0.000000,0.000000,130.629645,130.629645,174.172860
1236,2015,2,21,12,0.000000,0.000000,0.000000,134.567067,134.567067,179.422756
1237,2015,2,21,13,0.000000,0.000000,0.000000,136.533174,136.533174,182.044232
1238,2015,2,21,14,0.000000,0.000000,0.000000,137.956721,137.956721,183.942294
1239,2015,2,21,15,0.000000,0.000000,0.000000,140.680460,140.680460,187.573947
1240,2015,2,21,16,0.000000,0.000000,0.000000,143.293713,143.293713,191.058283
1241,2015,2,21,17,0.000000,0.000000,0.000000,143.916362,143.916362,191.888483
1242,2015,2,21,18,0.000000,0.000000,0.000000,143.922353,143.922353,191.896470
1243,2015,2,21,19,0.000000,0.000000,0.000000,139.918243,139.918243,186.557657
1244,2015,2,21,20,0.000000,0.000000,0.000000,138.023226,138.023226,184.030968
1245,2015,2,21,21,0.000000,0.000000,0.000000,134.213482,134.213482,178.951310
1246,2015,2,21,22,0.000000,0.000000,0.000000,123.386929,123.386929,164.515905
1247,2015,2,21,23,0.000000,0.000000,0.000000,115.402335,115.402335,153.869780
1248,2015,2,21,24,0.000000,0.000000,0.000000,114.824598,114.824598,153.099464
1249,2015,2,22,1,0.000000,0.000000,0.000000,104.490102,104.490102,139.320137
1250,2015,2,22,2,0.000000,0.000000,0.000000,107.186876,107.186876,142.915834
1251,2015,2,22,3,0.000000,0.000000,0.000000,99.563014,99.563014,132.750686
1252,2015,2,22,4,0.000000,0.000000,0.000000,97.778907,97.778907,130.371876
1253,2015,2,22,5,0.000000,0.000000,0.000000,98.920803,98.920803,131.894404
1254,2015,2,22,6,0.000000,0.000000,0.000000,100.036995,100.036995,133.382659
1255,2015,2,22,7,0.000000,0.000000,0.000000,101.731907,101.731907,135.642543
1256,2015,2,22,8,0.000000,0.000000,0.000000,108.827467,108.827467,145.103290
1257,2015,2,22,9,0.000000,0.000000,0.000000,114.418964,114.418964,152.558619
1258,2015,2,22,10,0.000000,0.000000,0.000000,120.532262,120.532262,160.709683
1259,2015,2,22,11,0.000000,0.000000,0.000000,123.919757,123.919757,165.226343
1260,2015,2,22,12,0.000000,0.000000,0.000000,126.497737,126.497737,168.663649
1261,2015,2,22,13,0.000000,0.000000,0.000000,129.196824,129.196824,172.262432
1262,2015,2,22,14,0.000000,0.000000,0.000000,130.800265,130.800265,174.400353
1263,2015,2,22,15,0.000000,0.000000,0.000000,130.745176,130.745176,174.326901
1264,2015,2,22,16,0.000000,0.000000,0.000000,133.901204,133.901204,178.534939
1265,2015,2,22,17,0.000000,0.000000,0.000000,136.166519,136.166519,181.555359
1266,2015,2,22,18,0.000000,0.000000,0.000000,135.250804,135.250804,180.334406
1267,2015,2,22,19,0.000000,0.000000,0.000000,127.658649,127.658649,170.211532
1268,2015,2,22,20,0.000000,0.000000,0.000000,124.774375,124.774375,166.365834
1269,2015,2,22,21,0.000000,0.000000,0.000000,120.897509,120.897509,161.196678
1270,2015,2,22,22,0.000000,0.000000,0.000000,112.329036,112.329036,149.772048
1271,2015,2,22,23,0.000000,0.000000,0.000000,107.256085,107.256085,143.008113
1272,2015,2,22,24,0.000000,0.000000,0.000000,110.931574,110.931574,147.908765
1273,2015,2,23,1,0.000000,0.000000,0.000000,105.538991,105.538991,140.718654
1274,2015,2,23,2,0.000000,0.000000,0.000000,109.764632,109.764632,146.352842
1275,2015,2,23,3,0.000000,0.000000,0.000000,103.200355,103.200355,137.600473
1276,2015,2,23,4,0.000000,0.000000,0.000000,101.323988,101.323988,135.098651
1277,2015,2,23,5,0.000000,0.000000,0.000000,105.115032,105.115032,140.153376
1278,2015,2,23,6,0.000000,0.000000,0.000000,118.206732,118.206732,157.608976
1279,2015,2,23,7,0.000000,0.000000,0.000000,136.042057,136.042057,181.389409
1280,2015,2,23,8,0.000000,0.000000,0.000000,139.488048,139.488048,185.984065
1281,2015,2,23,9,0.000000,0.000000,0.000000,138.472219,138.472219,184.629626
1282,2015,2,23,10,0.000000,0.000000,0.000000,137.387775,137.387775,183.183700
1283,2015,2,23,11,0.000000,0.000000,0.000000,135.643731,135.643731,180.858308
1284,2015,2,23,12,0.000000,0.000000,0.000000,134.148189,134.148189,178.864253
1285,2015,2,23,13,0.000000,0.000000,0.000000,130.919592,130.919592,174.559456
1286,2015,2,23,14,0.000000,0.000000,0.000000,129.859871,129.859871,173.146495
1287,2015,2,23,15,0.000000,0.000000,0.000000,130.124808,130.124808,173.499744
1288,2015,2,23,16,0.000000,0.000000,0.000000,132.023027,132.023027,176.030703
1289,2015,2,23,17,0.000000,0.000000,0.000000,130.372913,130.372913,173.830550
1290,2015,2,23,18,0.000000,0.000000,0.000000,122.843776,122.843776,163.791701
1291,2015,2,23,19,0.000000,0.000000,0.000000,113.348413,113.348413,151.131218
1292,2015,2,23,20,0.000000,0.000000,0.000000,113.556512,113.556512,151.408682
1293,2015,2,23,21,0.000000,0.000000,0.000000,109.213317,109.213317,145.617756
1294,2015,2,23,22,0.000000,0.000000,0.000000,101.310805,101.310805,135.081073
1295,2015,2,23,23,0.000000,0.000000,0.000000,94.983893,94.983893,126.645191
1296,2015,2,23,24,0.000000,0.000000,0.000000,97.536406,97.536406,130.048541
1297,2015,2,24,1,0.000000,0.000000,0.000000,92.737730,92.737730,123.650306
1298,2015,2,24,2,0.000000,0.000000,0.000000,98.628043,98.628043,131.504057
1299,2015,2,24,3,0.000000,0.000000,0.000000,92.805801,92.805801,123.741068
1300,2015,2,24,4,0.000000,0.000000,0.000000,92.017796,92.017796,122.690394
1301,2015,2,24,5,0.000000,0.000000,0.000000,96.477203,96.477203,128.636271
1302,2015,2,24,6,0.000000,0.000000,0.000000,107.166295,107.166295,142.888393
1303,2015,2,24,7,0.000000,0.000000,0.000000,121.612268,121.612268,162.149690
1304,2015,2,24,8,0.000000,0.000000,0.000000,122.272831,122.272831,163.030441
1305,2015,2,24,9,0.000000,0.000000,0.000000,123.948061,123.948061,165.264081
1306,2015,2,24,10,0.000000,0.000000,0.000000,122.690353,122.690353,163.587137
1307,2015,2,24,11,0.000000,0.000000,0.000000,122.180825,122.180825,162.907766
1308,2015,2,24,12,0.000000,0.000000,0.000000,121.245022,121.245022,161.660030
1309,2015,2,24,13,0.000000,0.000000,0.000000,120.456447,120.456447,160.608596
1310,2015,2,24,14,0.000000,0.000000,0.000000,119.996215,119.996215,159.994953
1311,2015,2,24,15,0.000000,0.000000,0.000000,120.251371,120.251371,160.335161
1312,2015,2,24,16,0.000000,0.000000,0.000000,122.464032,122.464032,163.285376
1313,2015,2,24,17,0.000000,0.000000,0.000000,122.591151,122.591151,163.454868
1314,2015,2,24,18,0.000000,0.000000,0.000000,117.620618,117.620618,156.827490
1315,2015,2,24,19,0.000000,0.000000,0.000000,113.606107,113.606107,151.474809
1316,2015,2,24,20,0.000000,0.000000,0.000000,114.868208,114.868208,153.157610
1317,2015,2,24,21,0.000000,0.000000,0.000000,111.636103,111.636103,148.848137
1318,2015,2,24,22,0.000000,0.000000,0.000000,103.826715,103.826715,138.435620
1319,2015,2,24,23,0.000000,0.000000,0.000000,99.027676,99.027676,132.036901
1320,2015,2,24,24,0.000000,0.000000,0.000000,104.666748,104.666748,139.555664
1321,2015,2,25,1,0.000000,0.000000,0.000000,101.251584,101.251584,135.002111
1322,2015,2,25,2,0.000000,0.000000,0.000000,105.577216,105.577216,140.769621
1323,2015,2,25,3,0.000000,0.000000,0.000000,99.717887,99.717887,132.957182
1324,2015,2,25,4,0.000000,0.000000,0.000000,97.287894,97.287894,129.717192
1325,2015,2,25,5,0.000000,0.000000,0.000000,100.082975,100.082975,133.443967
1326,2015,2,25,6,0.000000,0.000000,0.000000,111.501504,111.501504,148.668672
1327,2015,2,25,7,0.000000,0.000000,0.000000,126.413064,126.413064,168.550752
1328,2015,2,25,8,0.000000,0.000000,0.000000,128.350521,128.350521,171.134028
1329,2015,2,25,9,0.000000,0.000000,0.000000,129.093796,129.093796,172.125062
1330,2015,2,25,10,0.000000,0.000000,0.000000,129.490840,129.490840,172.654453
1331,2015,2,25,11,0.000000,0.000000,0.000000,128.765031,128.765031,171.686708
1332,2015,2,25,12,0.000000,0.000000,0.000000,127.539403,127.539403,170.052538
1333,2015,2,25,13,0.000000,0.000000,0.000000,126.693504,126.693504,168.924672
1334,2015,2,25,14,0.000000,0.000000,0.000000,127.164781,127.164781,169.553042
1335,2015,2,25,15,0.000000,0.000000,0.000000,125.559078,125.559078,167.412104
1336,2015,2,25,16,0.000000,0.000000,0.000000,126.023118,126.023118,168.030824
1337,2015,2,25,17,0.000000,0.000000,0.000000,125.098461,125.098461,166.797948
1338,2015,2,25,18,0.000000,0.000000,0.000000,119.436813,119.436813,159.249084
1339,2015,2,25,19,0.000000,0.000000,0.000000,113.946545,113.946545,151.928726
1340,2015,2,25,20,0.000000,0.000000,0.000000,114.667758,114.667758,152.890345
1341,2015,2,25,21,0.000000,0.000000,0.000000,111.891482,111.891482,149.188643
1342,2015,2,25,22,0.000000,0.000000,0.000000,105.135418,105.135418,140.180558
1343,2015,2,25,23,0.000000,0.000000,0.000000,98.072539,98.072539,130.763386
1344,2015,2,25,24,0.000000,0.000000,0.000000,100.204259,100.204259,133.605679
1345,2015,2,26,1,0.000000,0.000000,0.000000,93.707649,93.707649,124.943532
1346,2015,2,26,2,0.000000,0.000000,0.000000,97.271244,97.271244,129.694992
1347,2015,2,26,3,0.000000,0.000000,0.000000,90.585374,90.585374,120.780498
1348,2015,2,26,4,0.000000,0.000000,0.000000,88.732933,88.732933,118.310577
1349,2015,2,26,5,0.000000,0.000000,0.000000,92.659942,92.659942,123.546589
1350,2015,2,26,6,0.000000,0.000000,0.000000,105.932477,105.932477,141.243303
1351,2015,2,26,7,0.000000,0.000000,0.000000,122.559413,122.559413,163.412551
1352,2015,2,26,8,0.000000,0.000000,0.000000,124.656726,124.656726,166.208967
1353,2015,2,26,9,0.000000,0.000000,0.000000,127.045725,127.045725,169.394300
1354,2015,2,26,10,0.000000,0.000000,0.000000,128.346002,128.346002,171.128003
1355,2015,2,26,11,0.000000,0.000000,0.000000,129.283130,129.283130,172.377507
1356,2015,2,26,12,0.000000,0.000000,0.000000,129.274939,129.274939,172.366585
1357,2015,2,26,13,0.000000,0.000000,0.000000,129.879199,129.879199,173.172266
1358,2015,2,26,14,0.000000,0.000000,0.000000,131.040483,131.040483,174.720644
1359,2015,2,26,15,0.000000,0.000000,0.000000,132.319366,132.319366,176.425822
1360,2015,2,26,16,0.000000,0.000000,0.000000,135.123643,135.123643,180.164857
1361,2015,2,26,17,0.000000,0.000000,0.000000,134.640993,134.640993,179.521323
1362,2015,2,26,18,0.000000,0.000000,0.000000,128.909427,128.909427,171.879236
1363,2015,2,26,19,0.000000,0.000000,0.000000,122.972635,122.972635,163.963514
1364,2015,2,26,20,0.000000,0.000000,0.000000,123.257121,123.257121,164.342829
1365,2015,2,26,21,0.000000,0.000000,0.000000,118.011845,118.011845,157.349127
1366,2015,2,26,22,0.000000,0.000000,0.000000,107.849954,107.849954,143.799939
1367,2015,2,26,23,0.000000,0.000000,0.000000,101.708539,101.708539,135.611386
1368,2015,2,26,24,0.000000,0.000000,0.000000,104.399432,104.399432,139.199242
1369,2015,2,27,1,0.000000,0.000000,0.000000,97.466951,97.466951,129.955934
1370,2015,2,27,2,0.000000,0.000000,0.000000,101.246339,101.246339,134.995119
1371,2015,2,27,3,0.000000,0.000000,0.000000,94.671546,94.671546,126.228728
1372,2015,2,27,4,0.000000,0.000000,0.000000,93.088460,93.088460,124.117947
1373,2015,2,27,5,0.000000,0.000000,0.000000,97.207348,97.207348,129.609797
1374,2015,2,27,6,0.000000,0.000000,0.000000,110.333124,110.333124,147.110832
1375,2015,2,27,7,0.000000,0.000000,0.000000,124.767519,124.767519,166.356692
1376,2015,2,27,8,0.000000,0.000000,0.000000,129.450627,129.450627,172.600836
1377,2015,2,27,9,0.000000,0.000000,0.000000,135.096852,135.096852,180.129136
1378,2015,2,27,10,0.000000,0.000000,0.000000,138.186722,138.186722,184.248963
1379,2015,2,27,11,0.000000,0.000000,0.000000,143.327923,143.327923,191.103897
1380,2015,2,27,12,0.000000,0.000000,0.000000,145.940515,145.940515,194.587353
1381,2015,2,27,13,0.000000,0.000000,0.000000,148.922128,148.922128,198.562837
1382,2015,2,27,14,0.000000,0.000000,0.000000,153.194736,153.194736,204.259649
1383,2015,2,27,15,0.000000,0.000000,0.000000,156.166615,156.166615,208.222153
1384,2015,2,27,16,0.000000,0.000000,0.000000,162.716439,162.716439,216.955252
1385,2015,2,27,17,0.000000,0.000000,0.000000,162.849446,162.849446,217.132595
1386,2015,2,27,18,0.000000,0.000000,0.000000,151.804853,151.804853,202.406471
1387,2015,2,27,19,0.000000,0.000000,0.000000,150.014411,150.014411,200.019214
1388,2015,2,27,20,0.000000,0.000000,0.000000,147.085403,147.085403,196.113871
1389,2015,2,27,21,0.000000,0.000000,0.000000,137.603069,137.603069,183.470759
1390,2015,2,27,22,0.000000,0.000000,0.000000,123.916396,123.916396,165.221861
1391,2015,2,27,23,0.000000,0.000000,0.000000,112.249212,112.249212,149.665615
1392,2015,2,27,24,0.000000,0.000000,0.000000,112.165464,112.165464,149.553951
1393,2015,2,28,1,0.000000,0.000000,0.000000,103.670012,103.670012,138.226682
1394,2015,2,28,2,0.000000,0.000000,0.000000,105.055133,105.055133,140.073511
1395,2015,2,28,3,0.000000,0.000000,0.000000,96.778597,96.778597,129.038129
1396,2015,2,28,4,0.000000,0.000000,0.000000,93.822648,93.822648,125.096864
1397,2015,2,28,5,0.000000,0.000000,0.000000,95.518491,95.518491,127.357987
1398,2015,2,28,6,0.000000,0.000000,0.000000,100.249818,100.249818,133.666424
1399,2015,2,28,7,0.000000,0.000000,0.000000,107.256669,107.256669,143.008892
1400,2015,2,28,8,0.000000,0.000000,0.000000,112.741946,112.741946,150.322595
1401,2015,2,28,9,0.000000,0.000000,0.000000,116.856156,116.856156,155.808209
1402,2015,2,28,10,0.000000,0.000000,0.000000,117.343187,117.343187,156.457583
1403,2015,2,28,11,0.000000,0.000000,0.000000,115.206167,115.206167,153.608223
1404,2015,2,28,12,0.000000,0.000000,0.000000,111.949077,111.949077,149.265436
1405,2015,2,28,13,0.000000,0.000000,0.000000,106.935609,106.935609,142.580812
1406,2015,2,28,14,0.000000,0.000000,0.000000,100.814947,100.814947,134.419929
1407,2015,2,28,15,0.000000,0.000000,0.000000,98.757813,98.757813,131.677084
1408,2015,2,28,16,0.000000,0.000000,0.000000,100.137137,100.137137,133.516182
1409,2015,2,28,17,0.000000,0.000000,0.000000,102.028861,102.028861,136.038482
1410,2015,2,28,18,0.000000,0.000000,0.000000,102.898881,102.898881,137.198508
1411,2015,2,28,19,0.000000,0.000000,0.000000,103.540704,103.540704,138.054271
1412,2015,2,28,20,0.000000,0.000000,0.000000,107.078424,107.078424,142.771233
1413,2015,2,28,21,0.000000,0.000000,0.000000,105.573475,105.573475,140.764633
1414,2015,2,28,22,0.000000,0.000000,0.000000,100.467394,100.467394,133.956525
1415,2015,2,28,23,0.000000,0.000000,0.000000,95.958209,95.958209,127.944279
1416,2015,2,28,24,0.000000,0.000000,0.000000,98.626435,98.626435,131.501914
1417,2015,3,1,1,0.000000,0.000000,0.000000,92.634062,92.634062,123.512083
1418,2015,3,1,2,0.000000,0.000000,0.000000,94.808226,94.808226,126.410968
1419,2015,3,1,3,0.000000,0.000000,0.000000,87.697376,87.697376,116.929835
1420,2015,3,1,4,0.000000,0.000000,0.000000,83.005169,83.005169,110.673558
1421,2015,3,1,5,0.000000,0.000000,0.000000,82.735201,82.735201,110.313601
1422,2015,3,1,6,0.000000,0.000000,0.000000,84.827551,84.827551,113.103402
1423,2015,3,1,7,0.000000,0.000000,0.000000,87.994156,87.994156,117.325541
1424,2015,3,1,8,0.000000,0.000000,0.000000,91.369537,91.369537,121.826049
1425,2015,3,1,9,0.000000,0.000000,0.000000,94.199370,94.199370,125.599160
1426,2015,3,1,10,0.000000,0.000000,0.000000,93.360743,93.360743,124.480990
1427,2015,3,1,11,0.000000,0.000000,0.000000,93.972375,93.972375,125.296500
1428,2015,3,1,12,0.000000,0.000000,0.000000,92.852341,92.852341,123.803121
1429,2015,3,1,13,0.000000,0.000000,0.000000,91.057857,91.057857,121.410476
1430,2015,3,1,14,0.000000,0.000000,0.000000,89.594577,89.594577,119.459436
1431,2015,3,1,15,0.000000,0.000000,0.000000,89.553980,89.553980,119.405307
1432,2015,3,1,16,0.000000,0.000000,0.000000,91.855703,91.855703,122.474270
1433,2015,3,1,17,0.000000,0.000000,0.000000,96.722362,96.722362,128.963150
1434,2015,3,1,18,0.000000,0.000000,0.000000,99.549722,99.549722,132.732963
1435,2015,3,1,19,0.000000,0.000000,0.000000,101.242482,101.242482,134.989976
1436,2015,3,1,20,0.000000,0.000000,0.000000,106.370131,106.370131,141.826841
1437,2015,3,1,21,0.000000,0.000000,0.000000,103.985241,103.985241,138.646987
1438,2015,3,1,22,0.000000,0.000000,0.000000,97.557371,97.557371,130.076495
1439,2015,3,1,23,0.000000,0.000000,0.000000,92.903723,92.903723,123.871631
1440,2015,3,1,24,0.000000,0.000000,0.000000,96.403099,96.403099,128.537465
1441,2015,3,2,1,0.000000,0.000000,0.000000,93.139622,93.139622,124.186163
1442,2015,3,2,2,0.000000,0.000000,0.000000,97.285917,97.285917,129.714556
1443,2015,3,2,3,0.000000,0.000000,0.000000,92.249031,92.249031,122.998707
1444,2015,3,2,4,0.000000,0.000000,0.000000,89.599982,89.599982,119.466642
1445,2015,3,2,5,0.000000,0.000000,0.000000,93.168761,93.168761,124.225014
1446,2015,3,2,6,0.000000,0.000000,0.000000,104.925056,104.925056,139.900074
1447,2015,3,2,7,0.000000,0.000000,0.000000,119.942046,119.942046,159.922728
1448,2015,3,2,8,0.000000,0.000000,0.000000,120.854679,120.854679,161.139572
1449,2015,3,2,9,0.000000,0.000000,0.000000,122.050405,122.050405,162.733873
1450,2015,3,2,10,0.000000,0.000000,0.000000,119.780264,119.780264,159.707019
1451,2015,3,2,11,0.000000,0.000000,0.000000,120.456736,120.456736,160.608981
1452,2015,3,2,12,0.000000,0.000000,0.000000,120.233438,120.233438,160.311251
1453,2015,3,2,13,0.000000,0.000000,0.000000,117.993686,117.993686,157.324915
1454,2015,3,2,14,0.000000,0.000000,0.000000,117.060506,117.060506,156.080675
1455,2015,3,2,15,0.000000,0.000000,0.000000,116.648939,116.648939,155.531919
1456,2015,3,2,16,0.000000,0.000000,0.000000,119.029331,119.029331,158.705775
1457,2015,3,2,17,0.000000,0.000000,0.000000,119.414768,119.414768,159.219691
1458,2015,3,2,18,0.000000,0.000000,0.000000,117.085328,117.085328,156.113770
1459,2015,3,2,19,0.000000,0.000000,0.000000,114.577101,114.577101,152.769468
1460,2015,3,2,20,0.000000,0.000000,0.000000,117.789727,117.789727,157.052969
1461,2015,3,2,21,0.000000,0.000000,0.000000,114.533232,114.533232,152.710976
1462,2015,3,2,22,0.000000,0.000000,0.000000,106.345396,106.345396,141.793861
1463,2015,3,2,23,0.000000,0.000000,0.000000,100.733782,100.733782,134.311709
1464,2015,3,2,24,0.000000,0.000000,0.000000,104.928889,104.928889,139.905185
1465,2015,3,3,1,0.000000,0.000000,0.000000,97.451816,97.451816,129.935754
1466,2015,3,3,2,0.000000,0.000000,0.000000,100.050885,100.050885,133.401180
1467,2015,3,3,3,0.000000,0.000000,0.000000,94.581856,94.581856,126.109142
1468,2015,3,3,4,0.000000,0.000000,0.000000,92.720945,92.720945,123.627926
1469,2015,3,3,5,0.000000,0.000000,0.000000,97.120243,97.120243,129.493657
1470,2015,3,3,6,0.000000,0.000000,0.000000,110.208547,110.208547,146.944729
1471,2015,3,3,7,0.000000,0.000000,0.000000,126.490646,126.490646,168.654194
1472,2015,3,3,8,0.000000,0.000000,0.000000,128.189004,128.189004,170.918672
1473,2015,3,3,9,0.000000,0.000000,0.000000,128.901932,128.901932,171.869242
1474,2015,3,3,10,0.000000,0.000000,0.000000,127.072136,127.072136,169.429515
1475,2015,3,3,11,0.000000,0.000000,0.000000,128.125691,128.125691,170.834255
1476,2015,3,3,12,0.000000,0.000000,0.000000,126.535194,126.535194,168.713592
1477,2015,3,3,13,0.000000,0.000000,0.000000,125.585355,125.585355,167.447140
1478,2015,3,3,14,0.000000,0.000000,0.000000,124.689818,124.689818,166.253091
1479,2015,3,3,15,0.000000,0.000000,0.000000,123.063068,123.063068,164.084091
1480,2015,3,3,16,0.000000,0.000000,0.000000,125.259471,125.259471,167.012628
1481,2015,3,3,17,0.000000,0.000000,0.000000,125.925466,125.925466,167.900621
1482,2015,3,3,18,0.000000,0.000000,0.000000,122.624912,122.624912,163.499883
1483,2015,3,3,19,0.000000,0.000000,0.000000,118.380534,118.380534,157.840712
1484,2015,3,3,20,0.000000,0.000000,0.000000,122.089505,122.089505,162.786007
1485,2015,3,3,21,0.000000,0.000000,0.000000,119.520697,119.520697,159.360929
1486,2015,3,3,22,0.000000,0.000000,0.000000,110.987133,110.987133,147.982843
1487,2015,3,3,23,0.000000,0.000000,0.000000,104.585764,104.585764,139.447685
1488,2015,3,3,24,0.000000,0.000000,0.000000,108.017415,108.017415,144.023220
1489,2015,3,4,1,0.000000,0.000000,0.000000,102.283143,102.283143,136.377524
1490,2015,3,4,2,0.000000,0.000000,0.000000,106.360316,106.360316,141.813754
1491,2015,3,4,3,0.000000,0.000000,0.000000,100.579251,100.579251,134.105668
1492,2015,3,4,4,0.000000,0.000000,0.000000,99.276190,99.276190,132.368253
1493,2015,3,4,5,0.000000,0.000000,0.000000,102.857026,102.857026,137.142702
1494,2015,3,4,6,0.000000,0.000000,0.000000,115.792229,115.792229,154.389639
1495,2015,3,4,7,0.000000,0.000000,0.000000,132.492404,132.492404,176.656538
1496,2015,3,4,8,0.000000,0.000000,0.000000,133.295825,133.295825,177.727766
1497,2015,3,4,9,0.000000,0.000000,0.000000,133.499842,133.499842,177.999789
1498,2015,3,4,10,0.000000,0.000000,0.000000,131.639638,131.639638,175.519518
1499,2015,3,4,11,0.000000,0.000000,0.000000,134.631704,134.631704,179.508938
1500,2015,3,4,12,0.000000,0.000000,0.000000,134.864352,134.864352,179.819137
1501,2015,3,4,13,0.000000,0.000000,0.000000,135.178750,135.178750,180.238333
1502,2015,3,4,14,0.000000,0.000000,0.000000,134.750901,134.750901,179.667869
1503,2015,3,4,15,0.000000,0.000000,0.000000,137.635104,137.635104,183.513472
1504,2015,3,4,16,0.000000,0.000000,0.000000,141.338801,141.338801,188.451734
1505,2015,3,4,17,0.000000,0.000000,0.000000,141.724237,141.724237,188.965649
1506,2015,3,4,18,0.000000,0.000000,0.000000,135.298747,135.298747,180.398329
1507,2015,3,4,19,0.000000,0.000000,0.000000,129.276987,129.276987,172.369316
1508,2015,3,4,20,0.000000,0.000000,0.000000,130.420965,130.420965,173.894620
1509,2015,3,4,21,0.000000,0.000000,0.000000,124.140092,124.140092,165.520123
1510,2015,3,4,22,0.000000,0.000000,0.000000,113.390538,113.390538,151.187383
1511,2015,3,4,23,0.000000,0.000000,0.000000,105.578382,105.578382,140.771176
1512,2015,3,4,24,0.000000,0.000000,0.000000,108.134539,108.134539,144.179386
1513,2015,3,5,1,0.000000,0.000000,0.000000,101.656637,101.656637,135.542183
1514,2015,3,5,2,0.000000,0.000000,0.000000,105.599897,105.599897,140.799862
1515,2015,3,5,3,0.000000,0.000000,0.000000,99.524737,99.524737,132.699650
1516,2015,3,5,4,0.000000,0.000000,0.000000,97.924322,97.924322,130.565762
1517,2015,3,5,5,0.000000,0.000000,0.000000,102.057873,102.057873,136.077164
1518,2015,3,5,6,0.000000,0.000000,0.000000,115.199642,115.199642,153.599523
1519,2015,3,5,7,0.000000,0.000000,0.000000,130.499912,130.499912,173.999882
1520,2015,3,5,8,0.000000,0.000000,0.000000,133.386794,133.386794,177.849059
1521,2015,3,5,9,0.000000,0.000000,0.000000,136.926913,136.926913,182.569218
1522,2015,3,5,10,0.000000,0.000000,0.000000,138.097698,138.097698,184.130264
1523,2015,3,5,11,0.000000,0.000000,0.000000,142.332084,142.332084,189.776112
1524,2015,3,5,12,0.000000,0.000000,0.000000,143.692419,143.692419,191.589892
1525,2015,3,5,13,0.000000,0.000000,0.000000,145.684111,145.684111,194.245482
1526,2015,3,5,14,0.000000,0.000000,0.000000,146.812128,146.812128,195.749503
1527,2015,3,5,15,0.000000,0.000000,0.000000,145.866702,145.866702,194.488936
1528,2015,3,5,16,0.000000,0.000000,0.000000,147.080974,147.080974,196.107965
1529,2015,3,5,17,0.000000,0.000000,0.000000,146.936126,146.936126,195.914835
1530,2015,3,5,18,0.000000,0.000000,0.000000,140.046006,140.046006,186.728008
1531,2015,3,5,19,0.000000,0.000000,0.000000,136.524542,136.524542,182.032723
1532,2015,3,5,20,0.000000,0.000000,0.000000,137.764407,137.764407,183.685875
1533,2015,3,5,21,0.000000,0.000000,0.000000,128.624082,128.624082,171.498776
1534,2015,3,5,22,0.000000,0.000000,0.000000,116.448552,116.448552,155.264736
1535,2015,3,5,23,0.000000,0.000000,0.000000,107.892234,107.892234,143.856312
1536,2015,3,5,24,0.000000,0.000000,0.000000,109.343578,109.343578,145.791438
1537,2015,3,6,1,0.000000,0.000000,0.000000,101.554024,101.554024,135.405365
1538,2015,3,6,2,0.000000,0.000000,0.000000,105.441169,105.441169,140.588225
1539,2015,3,6,3,0.000000,0.000000,0.000000,98.061130,98.061130,130.748173
1540,2015,3,6,4,0.000000,0.000000,0.000000,95.588438,95.588438,127.451251
1541,2015,3,6,5,0.000000,0.000000,0.000000,99.253044,99.253044,132.337392
1542,2015,3,6,6,0.000000,0.000000,0.000000,112.790570,112.790570,150.387427
1543,2015,3,6,7,0.000000,0.000000,0.000000,128.989058,128.989058,171.985411
1544,2015,3,6,8,0.000000,0.000000,0.000000,133.147585,133.147585,177.530114
1545,2015,3,6,9,0.000000,0.000000,0.000000,135.408158,135.408158,180.544211
1546,2015,3,6,10,0.000000,0.000000,0.000000,137.108897,137.108897,182.811863
1547,2015,3,6,11,0.000000,0.000000,0.000000,139.725529,139.725529,186.300705
1548,2015,3,6,12,0.000000,0.000000,0.000000,137.996225,137.996225,183.994966
1549,2015,3,6,13,0.000000,0.000000,0.000000,134.769691,134.769691,179.692922
1550,2015,3,6,14,0.000000,0.000000,0.000000,133.810503,133.810503,178.414003
1551,2015,3,6,15,0.000000,0.000000,0.000000,133.975706,133.975706,178.634275
1552,2015,3,6,16,0.000000,0.000000,0.000000,134.888744,134.888744,179.851659
1553,2015,3,6,17,0.000000,0.000000,0.000000,133.213689,133.213689,177.618252
1554,2015,3,6,18,0.000000,0.000000,0.000000,128.426026,128.426026,171.234702
1555,2015,3,6,19,0.000000,0.000000,0.000000,125.261490,125.261490,167.015320
1556,2015,3,6,20,0.000000,0.000000,0.000000,128.525381,128.525381,171.367174
1557,2015,3,6,21,0.000000,0.000000,0.000000,123.069061,123.069061,164.092081
1558,2015,3,6,22,0.000000,0.000000,0.000000,114.982312,114.982312,153.309750
1559,2015,3,6,23,0.000000,0.000000,0.000000,107.210960,107.210960,142.947947
1560,2015,3,6,24,0.000000,0.000000,0.000000,107.543873,107.543873,143.391831
1561,2015,3,7,1,0.000000,0.000000,0.000000,100.139173,100.139173,133.518898
1562,2015,3,7,2,0.000000,0.000000,0.000000,102.667406,102.667406,136.889875
1563,2015,3,7,3,0.000000,0.000000,0.000000,94.474243,94.474243,125.965657
1564,2015,3,7,4,0.000000,0.000000,0.000000,92.683361,92.683361,123.577815
1565,2015,3,7,5,0.000000,0.000000,0.000000,92.846267,92.846267,123.795023
1566,2015,3,7,6,0.000000,0.000000,0.000000,96.404078,96.404078,128.538771
1567,2015,3,7,7,0.000000,0.000000,0.000000,100.445519,100.445519,133.927359
1568,2015,3,7,8,0.000000,0.000000,0.000000,106.249147,106.249147,141.665530
1569,2015,3,7,9,0.000000,0.000000,0.000000,112.716863,112.716863,150.289150
1570,2015,3,7,10,0.000000,0.000000,0.000000,111.229249,111.229249,148.305665
1571,2015,3,7,11,0.000000,0.000000,0.000000,113.690705,113.690705,151.587606
1572,2015,3,7,12,0.000000,0.000000,0.000000,113.824278,113.824278,151.765704
1573,2015,3,7,13,0.000000,0.000000,0.000000,112.952098,112.952098,150.602797
1574,2015,3,7,14,0.000000,0.000000,0.000000,110.532132,110.532132,147.376177
1575,2015,3,7,15,0.000000,0.000000,0.000000,103.896887,103.896887,138.529182
1576,2015,3,7,16,0.000000,0.000000,0.000000,103.854444,103.854444,138.472592
1577,2015,3,7,17,0.000000,0.000000,0.000000,105.270590,105.270590,140.360787
1578,2015,3,7,18,0.000000,0.000000,0.000000,106.035310,106.035310,141.380413
1579,2015,3,7,19,0.000000,0.000000,0.000000,106.537677,106.537677,142.050236
1580,2015,3,7,20,0.000000,0.000000,0.000000,107.860205,107.860205,143.813607
1581,2015,3,7,21,0.000000,0.000000,0.000000,103.629593,103.629593,138.172791
1582,2015,3,7,22,0.000000,0.000000,0.000000,99.171129,99.171129,132.228172
1583,2015,3,7,23,0.000000,0.000000,0.000000,94.895080,94.895080,126.526774
1584,2015,3,7,24,0.000000,0.000000,0.000000,96.732687,96.732687,128.976916
1585,2015,3,8,1,0.000000,0.000000,0.000000,90.654510,90.654510,120.872680
1586,2015,3,8,2,0.000000,0.000000,0.000000,92.913282,92.913282,123.884377
1587,2015,3,8,3,0.000000,0.000000,0.000000,87.371429,87.371429,116.495238
1588,2015,3,8,4,0.000000,0.000000,0.000000,83.548571,83.548571,111.398095
1589,2015,3,8,5,0.000000,0.000000,0.000000,83.849880,83.849880,111.799840
1590,2015,3,8,6,0.000000,0.000000,0.000000,85.754635,85.754635,114.339514
1591,2015,3,8,7,0.000000,0.000000,0.000000,89.334910,89.334910,119.113214
1592,2015,3,8,8,0.000000,0.000000,0.000000,93.947134,93.947134,125.262846
1593,2015,3,8,9,0.000000,0.000000,0.000000,98.768253,98.768253,131.691004
1594,2015,3,8,10,0.000000,0.000000,0.000000,99.976254,99.976254,133.301672
1595,2015,3,8,11,0.000000,0.000000,0.000000,100.387724,100.387724,133.850298
1596,2015,3,8,12,0.000000,0.000000,0.000000,99.253883,99.253883,132.338510
1597,2015,3,8,13,0.000000,0.000000,0.000000,97.680846,97.680846,130.241128
1598,2015,3,8,14,0.000000,0.000000,0.000000,96.778571,96.778571,129.038095
1599,2015,3,8,15,0.000000,0.000000,0.000000,98.203818,98.203818,130.938424
1600,2015,3,8,16,0.000000,0.000000,0.000000,100.336130,100.336130,133.781507
1601,2015,3,8,17,0.000000,0.000000,0.000000,103.787981,103.787981,138.383975
1602,2015,3,8,18,0.000000,0.000000,0.000000,107.922717,107.922717,143.896956
1603,2015,3,8,19,0.000000,0.000000,0.000000,107.934152,107.934152,143.912203
1604,2015,3,8,20,0.000000,0.000000,0.000000,108.272722,108.272722,144.363630
1605,2015,3,8,21,0.000000,0.000000,0.000000,104.092529,104.092529,138.790039
1606,2015,3,8,22,0.000000,0.000000,0.000000,98.708592,98.708592,131.611457
1607,2015,3,8,23,0.000000,0.000000,0.000000,95.406340,95.406340,127.208454
1608,2015,3,8,24,0.000000,0.000000,0.000000,98.365850,98.365850,131.154466
1609,2015,3,9,1,0.000000,0.000000,0.000000,91.737303,91.737303,122.316404
1610,2015,3,9,2,0.000000,0.000000,0.000000,95.577219,95.577219,127.436292
1611,2015,3,9,3,0.000000,0.000000,0.000000,89.825700,89.825700,119.767600
1612,2015,3,9,4,0.000000,0.000000,0.000000,87.695966,87.695966,116.927954
1613,2015,3,9,5,0.000000,0.000000,0.000000,87.177183,87.177183,116.236244
1614,2015,3,9,6,0.000000,0.000000,0.000000,90.548514,90.548514,120.731352
1615,2015,3,9,7,0.000000,0.000000,0.000000,93.934797,93.934797,125.246395
1616,2015,3,9,8,0.000000,0.000000,0.000000,97.801232,97.801232,130.401642
1617,2015,3,9,9,0.000000,0.000000,0.000000,103.597445,103.597445,138.129926
1618,2015,3,9,10,0.000000,0.000000,0.000000,104.714837,104.714837,139.619783
1619,2015,3,9,11,0.000000,0.000000,0.000000,107.324167,107.324167,143.098889
1620,2015,3,9,12,0.000000,0.000000,0.000000,105.489214,105.489214,140.652285
1621,2015,3,9,13,0.000000,0.000000,0.000000,100.651312,100.651312,134.201749
1622,2015,3,9,14,0.000000,0.000000,0.000000,99.081195,99.081195,132.108260
1623,2015,3,9,15,0.000000,0.000000,0.000000,98.258663,98.258663,131.011550
1624,2015,3,9,16,0.000000,0.000000,0.000000,99.587209,99.587209,132.782945
1625,2015,3,9,17,0.000000,0.000000,0.000000,103.604971,103.604971,138.139961
1626,2015,3,9,18,0.000000,0.000000,0.000000,105.236239,105.236239,140.314985
1627,2015,3,9,19,0.000000,0.000000,0.000000,105.307389,105.307389,140.409851
1628,2015,3,9,20,0.000000,0.000000,0.000000,108.535107,108.535107,144.713476
1629,2015,3,9,21,0.000000,0.000000,0.000000,103.617848,103.617848,138.157131
1630,2015,3,9,22,0.000000,0.000000,0.000000,96.696180,96.696180,128.928240
1631,2015,3,9,23,0.000000,0.000000,0.000000,92.374791,92.374791,123.166388
1632,2015,3,9,24,0.000000,0.000000,0.000000,95.254018,95.254018,127.005357
1633,2015,3,10,1,0.000000,0.000000,0.000000,89.462596,89.462596,119.283461
1634,2015,3,10,2,0.000000,0.000000,0.000000,92.988988,92.988988,123.985317
1635,2015,3,10,3,0.000000,0.000000,0.000000,87.126466,87.126466,116.168621
1636,2015,3,10,4,0.000000,0.000000,0.000000,84.835532,84.835532,113.114042
1637,2015,3,10,5,0.000000,0.000000,0.000000,89.908166,89.908166,119.877555
1638,2015,3,10,6,0.000000,0.000000,0.000000,101.392612,101.392612,135.190149
1639,2015,3,10,7,0.000000,0.000000,0.000000,120.326561,120.326561,160.435415
1640,2015,3,10,8,0.000000,0.000000,0.000000,121.665964,121.665964,162.221285
1641,2015,3,10,9,0.000000,0.000000,0.000000,122.518881,122.518881,163.358508
1642,2015,3,10,10,0.000000,0.000000,0.000000,120.658698,120.658698,160.878264
1643,2015,3,10,11,0.000000,0.000000,0.000000,120.438049,120.438049,160.584065
1644,2015,3,10,12,0.000000,0.000000,0.000000,117.865001,117.865001,157.153335
1645,2015,3,10,13,0.000000,0.000000,0.000000,114.824526,114.824526,153.099369
1646,2015,3,10,14,0.000000,0.000000,0.000000,113.347334,113.347334,151.129778
1647,2015,3,10,15,0.000000,0.000000,0.000000,112.337891,112.337891,149.783855
1648,2015,3,10,16,0.000000,0.000000,0.000000,113.366181,113.366181,151.154908
1649,2015,3,10,17,0.000000,0.000000,0.000000,115.132352,115.132352,153.509803
1650,2015,3,10,18,0.000000,0.000000,0.000000,113.243397,113.243397,150.991196
1651,2015,3,10,19,0.000000,0.000000,0.000000,114.669133,114.669133,152.892178
1652,2015,3,10,20,0.000000,0.000000,0.000000,118.325421,118.325421,157.767227
1653,2015,3,10,21,0.000000,0.000000,0.000000,113.739187,113.739187,151.652249
1654,2015,3,10,22,0.000000,0.000000,0.000000,105.991578,105.991578,141.322104
1655,2015,3,10,23,0.000000,0.000000,0.000000,100.975548,100.975548,134.634064
1656,2015,3,10,24,0.000000,0.000000,0.000000,104.972458,104.972458,139.963278
1657,2015,3,11,1,0.000000,0.000000,0.000000,100.243413,100.243413,133.657884
1658,2015,3,11,2,0.000000,0.000000,0.000000,103.969034,103.969034,138.625379
1659,2015,3,11,3,0.000000,0.000000,0.000000,98.820840,98.820840,131.761119
1660,2015,3,11,4,0.000000,0.000000,0.000000,96.141572,96.141572,128.188763
1661,2015,3,11,5,0.000000,0.000000,0.000000,98.560811,98.560811,131.414414
1662,2015,3,11,6,0.000000,0.000000,0.000000,111.048001,111.048001,148.064001
1663,2015,3,11,7,0.000000,0.000000,0.000000,129.890014,129.890014,173.186686
1664,2015,3,11,8,0.000000,0.000000,0.000000,132.243061,132.243061,176.324082
1665,2015,3,11,9,0.000000,0.000000,0.000000,133.154516,133.154516,177.539354
1666,2015,3,11,10,0.000000,0.000000,0.000000,130.519011,130.519011,174.025348
1667,2015,3,11,11,0.000000,0.000000,0.000000,129.102511,129.102511,172.136681
1668,2015,3,11,12,0.000000,0.000000,0.000000,126.763292,126.763292,169.017722
1669,2015,3,11,13,0.000000,0.000000,0.000000,125.504722,125.504722,167.339630
1670,2015,3,11,14,0.000000,0.000000,0.000000,123.501832,123.501832,164.669110
1671,2015,3,11,15,0.000000,0.000000,0.000000,121.576065,121.576065,162.101420
1672,2015,3,11,16,0.000000,0.000000,0.000000,122.166836,122.166836,162.889115
1673,2015,3,11,17,0.000000,0.000000,0.000000,122.726175,122.726175,163.634900
1674,2015,3,11,18,0.000000,0.000000,0.000000,121.112738,121.112738,161.483651
1675,2015,3,11,19,0.000000,0.000000,0.000000,121.074671,121.074671,161.432895
1676,2015,3,11,20,0.000000,0.000000,0.000000,126.576990,126.576990,168.769320
1677,2015,3,11,21,0.000000,0.000000,0.000000,121.625130,121.625130,162.166840
1678,2015,3,11,22,0.000000,0.000000,0.000000,112.482433,112.482433,149.976578
1679,2015,3,11,23,0.000000,0.000000,0.000000,106.475073,106.475073,141.966764
1680,2015,3,11,24,0.000000,0.000000,0.000000,109.871276,109.871276,146.495034
1681,2015,3,12,1,0.000000,0.000000,0.000000,104.713957,104.713957,139.618609
1682,2015,3,12,2,0.000000,0.000000,0.000000,110.236778,110.236778,146.982370
1683,2015,3,12,3,0.000000,0.000000,0.000000,103.402234,103.402234,137.869645
1684,2015,3,12,4,0.000000,0.000000,0.000000,101.080297,101.080297,134.773729
1685,2015,3,12,5,0.000000,0.000000,0.000000,103.602171,103.602171,138.136228
1686,2015,3,12,6,0.000000,0.000000,0.000000,115.827375,115.827375,154.436500
1687,2015,3,12,7,0.000000,0.000000,0.000000,132.509758,132.509758,176.679677
1688,2015,3,12,8,0.000000,0.000000,0.000000,132.806512,132.806512,177.075350
1689,2015,3,12,9,0.000000,0.000000,0.000000,132.340552,132.340552,176.454069
1690,2015,3,12,10,0.000000,0.000000,0.000000,129.355992,129.355992,172.474656
1691,2015,3,12,11,0.000000,0.000000,0.000000,129.598016,129.598016,172.797354
1692,2015,3,12,12,0.000000,0.000000,0.000000,128.019337,128.019337,170.692449
1693,2015,3,12,13,0.000000,0.000000,0.000000,126.823008,126.823008,169.097344
1694,2015,3,12,14,0.000000,0.000000,0.000000,124.931852,124.931852,166.575803
1695,2015,3,12,15,0.000000,0.000000,0.000000,122.062011,122.062011,162.749348
1696,2015,3,12,16,0.000000,0.000000,0.000000,122.566413,122.566413,163.421884
1697,2015,3,12,17,0.000000,0.000000,0.000000,123.789852,123.789852,165.053136
1698,2015,3,12,18,0.000000,0.000000,0.000000,119.344271,119.344271,159.125694
1699,2015,3,12,19,0.000000,0.000000,0.000000,117.229719,117.229719,156.306292
1700,2015,3,12,20,0.000000,0.000000,0.000000,120.145714,120.145714,160.194285
1701,2015,3,12,21,0.000000,0.000000,0.000000,114.852072,114.852072,153.136096
1702,2015,3,12,22,0.000000,0.000000,0.000000,107.836022,107.836022,143.781363
1703,2015,3,12,23,0.000000,0.000000,0.000000,101.428968,101.428968,135.238624
1704,2015,3,12,24,0.000000,0.000000,0.000000,103.757020,103.757020,138.342693
1705,2015,3,13,1,0.000000,0.000000,0.000000,97.159182,97.159182,129.545576
1706,2015,3,13,2,0.000000,0.000000,0.000000,101.672762,101.672762,135.563683
1707,2015,3,13,3,0.000000,0.000000,0.000000,97.220959,97.220959,129.627946
1708,2015,3,13,4,0.000000,0.000000,0.000000,94.732168,94.732168,126.309557
1709,2015,3,13,5,0.000000,0.000000,0.000000,98.984410,98.984410,131.979214
1710,2015,3,13,6,0.000000,0.000000,0.000000,111.859398,111.859398,149.145865
1711,2015,3,13,7,0.000000,0.000000,0.000000,128.924250,128.924250,171.899000
1712,2015,3,13,8,0.000000,0.000000,0.000000,129.065236,129.065236,172.086982
1713,2015,3,13,9,0.000000,0.000000,0.000000,128.638023,128.638023,171.517364
1714,2015,3,13,10,0.000000,0.000000,0.000000,126.105458,126.105458,168.140611
1715,2015,3,13,11,0.000000,0.000000,0.000000,126.665699,126.665699,168.887599
1716,2015,3,13,12,0.000000,0.000000,0.000000,125.793349,125.793349,167.724465
1717,2015,3,13,13,0.000000,0.000000,0.000000,124.973187,124.973187,166.630915
1718,2015,3,13,14,0.000000,0.000000,0.000000,124.130884,124.130884,165.507845
1719,2015,3,13,15,0.000000,0.000000,0.000000,123.054873,123.054873,164.073165
1720,2015,3,13,16,0.000000,0.000000,0.000000,123.472373,123.472373,164.629830
1721,2015,3,13,17,0.000000,0.000000,0.000000,123.187323,123.187323,164.249763
1722,2015,3,13,18,0.000000,0.000000,0.000000,119.414344,119.414344,159.219125
1723,2015,3,13,19,0.000000,0.000000,0.000000,117.164732,117.164732,156.219642
1724,2015,3,13,20,0.000000,0.000000,0.000000,120.491550,120.491550,160.655400
1725,2015,3,13,21,0.000000,0.000000,0.000000,114.531262,114.531262,152.708349
1726,2015,3,13,22,0.000000,0.000000,0.000000,105.761498,105.761498,141.015330
1727,2015,3,13,23,0.000000,0.000000,0.000000,99.387546,99.387546,132.516729
1728,2015,3,13,24,0.000000,0.000000,0.000000,103.048046,103.048046,137.397395
1729,2015,3,14,1,0.000000,0.000000,0.000000,95.861167,95.861167,127.814889
1730,2015,3,14,2,0.000000,0.000000,0.000000,99.379107,99.379107,132.505476
1731,2015,3,14,3,0.000000,0.000000,0.000000,92.593079,92.593079,123.457439
1732,2015,3,14,4,0.000000,0.000000,0.000000,91.421638,91.421638,121.895518
1733,2015,3,14,5,0.000000,0.000000,0.000000,92.193257,92.193257,122.924343
1734,2015,3,14,6,0.000000,0.000000,0.000000,95.983454,95.983454,127.977939
1735,2015,3,14,7,0.000000,0.000000,0.000000,102.029477,102.029477,136.039302
1736,2015,3,14,8,0.000000,0.000000,0.000000,106.701420,106.701420,142.268559
1737,2015,3,14,9,0.000000,0.000000,0.000000,110.194723,110.194723,146.926297
1738,2015,3,14,10,0.000000,0.000000,0.000000,110.502238,110.502238,147.336317
1739,2015,3,14,11,0.000000,0.000000,0.000000,111.594832,111.594832,148.793110
1740,2015,3,14,12,0.000000,0.000000,0.000000,109.827141,109.827141,146.436188
1741,2015,3,14,13,0.000000,0.000000,0.000000,108.306276,108.306276,144.408367
1742,2015,3,14,14,0.000000,0.000000,0.000000,105.494916,105.494916,140.659888
1743,2015,3,14,15,0.000000,0.000000,0.000000,104.959736,104.959736,139.946315
1744,2015,3,14,16,0.000000,0.000000,0.000000,106.992457,106.992457,142.656609
1745,2015,3,14,17,0.000000,0.000000,0.000000,108.631987,108.631987,144.842649
1746,2015,3,14,18,0.000000,0.000000,0.000000,108.719800,108.719800,144.959734
1747,2015,3,14,19,0.000000,0.000000,0.000000,107.655829,107.655829,143.541105
1748,2015,3,14,20,0.000000,0.000000,0.000000,110.530447,110.530447,147.373930
1749,2015,3,14,21,0.000000,0.000000,0.000000,106.760259,106.760259,142.347012
1750,2015,3,14,22,0.000000,0.000000,0.000000,101.400355,101.400355,135.200474
1751,2015,3,14,23,0.000000,0.000000,0.000000,96.722027,96.722027,128.962702
1752,2015,3,14,24,0.000000,0.000000,0.000000,99.334929,99.334929,132.446572
1753,2015,3,15,1,0.000000,0.000000,0.000000,93.246977,93.246977,124.329303
1754,2015,3,15,2,0.000000,0.000000,0.000000,96.020737,96.020737,128.027650
1755,2015,3,15,3,0.000000,0.000000,0.000000,89.590043,89.590043,119.453391
1756,2015,3,15,4,0.000000,0.000000,0.000000,85.534910,85.534910,114.046547
1757,2015,3,15,5,0.000000,0.000000,0.000000,85.649492,85.649492,114.199322
1758,2015,3,15,6,0.000000,0.000000,0.000000,88.471171,88.471171,117.961561
1759,2015,3,15,7,0.000000,0.000000,0.000000,91.719479,91.719479,122.292639
1760,2015,3,15,8,0.000000,0.000000,0.000000,95.022400,95.022400,126.696533
1761,2015,3,15,9,0.000000,0.000000,0.000000,99.067984,99.067984,132.090645
1762,2015,3,15,10,0.000000,0.000000,0.000000,100.140203,100.140203,133.520270
1763,2015,3,15,11,0.000000,0.000000,0.000000,101.725627,101.725627,135.634169
1764,2015,3,15,12,0.000000,0.000000,0.000000,101.328115,101.328115,135.104153
1765,2015,3,15,13,0.000000,0.000000,0.000000,101.157042,101.157042,134.876056
1766,2015,3,15,14,0.000000,0.000000,0.000000,101.156216,101.156216,134.874955
1767,2015,3,15,15,0.000000,0.000000,0.000000,102.298427,102.298427,136.397903
1768,2015,3,15,16,0.000000,0.000000,0.000000,105.113609,105.113609,140.151479
1769,2015,3,15,17,0.000000,0.000000,0.000000,108.159271,108.159271,144.212361
1770,2015,3,15,18,0.000000,0.000000,0.000000,110.055214,110.055214,146.740285
1771,2015,3,15,19,0.000000,0.000000,0.000000,108.915688,108.915688,145.220918
1772,2015,3,15,20,0.000000,0.000000,0.000000,112.411623,112.411623,149.882164
1773,2015,3,15,21,0.000000,0.000000,0.000000,108.546299,108.546299,144.728399
1774,2015,3,15,22,0.000000,0.000000,0.000000,101.506268,101.506268,135.341691
1775,2015,3,15,23,0.000000,0.000000,0.000000,95.267536,95.267536,127.023381
1776,2015,3,15,24,0.000000,0.000000,0.000000,97.186604,97.186604,129.582138
1777,2015,3,16,1,0.000000,0.000000,0.000000,91.100667,91.100667,121.467555
1778,2015,3,16,2,0.000000,0.000000,0.000000,95.832081,95.832081,127.776109
1779,2015,3,16,3,0.000000,0.000000,0.000000,89.295827,89.295827,119.061103
1780,2015,3,16,4,0.000000,0.000000,0.000000,86.886662,86.886662,115.848882
1781,2015,3,16,5,0.000000,0.000000,0.000000,90.408270,90.408270,120.544360
1782,2015,3,16,6,0.000000,0.000000,0.000000,103.661090,103.661090,138.214787
1783,2015,3,16,7,0.000000,0.000000,0.000000,120.054984,120.054984,160.073312
1784,2015,3,16,8,0.000000,0.000000,0.000000,121.986217,121.986217,162.648289
1785,2015,3,16,9,0.000000,0.000000,0.000000,126.857334,126.857334,169.143112
1786,2015,3,16,10,0.000000,0.000000,0.000000,128.962892,128.962892,171.950523
1787,2015,3,16,11,0.000000,0.000000,0.000000,133.771987,133.771987,178.362649
1788,2015,3,16,12,0.000000,0.000000,0.000000,135.711657,135.711657,180.948876
1789,2015,3,16,13,0.000000,0.000000,0.000000,136.978793,136.978793,182.638391
1790,2015,3,16,14,0.000000,0.000000,0.000000,139.556594,139.556594,186.075459
1791,2015,3,16,15,0.000000,0.000000,0.000000,140.591636,140.591636,187.455514
1792,2015,3,16,16,0.000000,0.000000,0.000000,144.137174,144.137174,192.182899
1793,2015,3,16,17,0.000000,0.000000,0.000000,144.982079,144.982079,193.309439
1794,2015,3,16,18,0.000000,0.000000,0.000000,137.487813,137.487813,183.317085
1795,2015,3,16,19,0.000000,0.000000,0.000000,130.661899,130.661899,174.215865
1796,2015,3,16,20,0.000000,0.000000,0.000000,131.927278,131.927278,175.903038
1797,2015,3,16,21,0.000000,0.000000,0.000000,124.069110,124.069110,165.425480
1798,2015,3,16,22,0.000000,0.000000,0.000000,112.105686,112.105686,149.474248
1799,2015,3,16,23,0.000000,0.000000,0.000000,103.945896,103.945896,138.594528
1800,2015,3,16,24,0.000000,0.000000,0.000000,105.368868,105.368868,140.491824
1801,2015,3,17,1,0.000000,0.000000,0.000000,98.348192,98.348192,131.130923
1802,2015,3,17,2,0.000000,0.000000,0.000000,102.286606,102.286606,136.382142
1803,2015,3,17,3,0.000000,0.000000,0.000000,93.826648,93.826648,125.102197
1804,2015,3,17,4,0.000000,0.000000,0.000000,92.629309,92.629309,123.505746
1805,2015,3,17,5,0.000000,0.000000,0.000000,96.400216,96.400216,128.533622
1806,2015,3,17,6,0.000000,0.000000,0.000000,108.612132,108.612132,144.816176
1807,2015,3,17,7,0.000000,0.000000,0.000000,125.865287,125.865287,167.820382
1808,2015,3,17,8,0.000000,0.000000,0.000000,127.758695,127.758695,170.344927
1809,2015,3,17,9,0.000000,0.000000,0.000000,132.788622,132.788622,177.051496
1810,2015,3,17,10,0.000000,0.000000,0.000000,135.336803,135.336803,180.449070
1811,2015,3,17,11,0.000000,0.000000,0.000000,138.815059,138.815059,185.086745
1812,2015,3,17,12,0.000000,0.000000,0.000000,140.665219,140.665219,187.553626
1813,2015,3,17,13,0.000000,0.000000,0.000000,144.394111,144.394111,192.525481
1814,2015,3,17,14,0.000000,0.000000,0.000000,148.748537,148.748537,198.331383
1815,2015,3,17,15,0.000000,0.000000,0.000000,151.762511,151.762511,202.350014
1816,2015,3,17,16,0.000000,0.000000,0.000000,157.879826,157.879826,210.506434
1817,2015,3,17,17,0.000000,0.000000,0.000000,159.161919,159.161919,212.215891
1818,2015,3,17,18,0.000000,0.000000,0.000000,151.541306,151.541306,202.055074
1819,2015,3,17,19,0.000000,0.000000,0.000000,145.097537,145.097537,193.463382
1820,2015,3,17,20,0.000000,0.000000,0.000000,142.850723,142.850723,190.467631
1821,2015,3,17,21,0.000000,0.000000,0.000000,132.425470,132.425470,176.567294
1822,2015,3,17,22,0.000000,0.000000,0.000000,118.000316,118.000316,157.333754
1823,2015,3,17,23,0.000000,0.000000,0.000000,107.713492,107.713492,143.617990
1824,2015,3,17,24,0.000000,0.000000,0.000000,108.443157,108.443157,144.590876
1825,2015,3,18,1,0.000000,0.000000,0.000000,101.254531,101.254531,135.006041
1826,2015,3,18,2,0.000000,0.000000,0.000000,104.118630,104.118630,138.824840
1827,2015,3,18,3,0.000000,0.000000,0.000000,96.418995,96.418995,128.558659
1828,2015,3,18,4,0.000000,0.000000,0.000000,94.326443,94.326443,125.768591
1829,2015,3,18,5,0.000000,0.000000,0.000000,96.245319,96.245319,128.327093
1830,2015,3,18,6,0.000000,0.000000,0.000000,110.262086,110.262086,147.016115
1831,2015,3,18,7,0.000000,0.000000,0.000000,126.842334,126.842334,169.123112
1832,2015,3,18,8,0.000000,0.000000,0.000000,129.096311,129.096311,172.128415
1833,2015,3,18,9,0.000000,0.000000,0.000000,136.165019,136.165019,181.553359
1834,2015,3,18,10,0.000000,0.000000,0.000000,138.452428,138.452428,184.603237
1835,2015,3,18,11,0.000000,0.000000,0.000000,143.759057,143.759057,191.678743
1836,2015,3,18,12,0.000000,0.000000,0.000000,147.771614,147.771614,197.028819
1837,2015,3,18,13,0.000000,0.000000,0.000000,151.598395,151.598395,202.131193
1838,2015,3,18,14,0.000000,0.000000,0.000000,155.284080,155.284080,207.045440
1839,2015,3,18,15,0.000000,0.000000,0.000000,155.298515,155.298515,207.064687
1840,2015,3,18,16,0.000000,0.000000,0.000000,156.351860,156.351860,208.469146
1841,2015,3,18,17,0.000000,0.000000,0.000000,151.635200,151.635200,202.180267
1842,2015,3,18,18,0.000000,0.000000,0.000000,141.380221,141.380221,188.506961
1843,2015,3,18,19,0.000000,0.000000,0.000000,134.612382,134.612382,179.483176
1844,2015,3,18,20,0.000000,0.000000,0.000000,134.588653,134.588653,179.451538
1845,2015,3,18,21,0.000000,0.000000,0.000000,126.349847,126.349847,168.466462
1846,2015,3,18,22,0.000000,0.000000,0.000000,115.693419,115.693419,154.257892
1847,2015,3,18,23,0.000000,0.000000,0.000000,107.614660,107.614660,143.486213
1848,2015,3,18,24,0.000000,0.000000,0.000000,110.183987,110.183987,146.911983
1849,2015,3,19,1,0.000000,0.000000,0.000000,102.890064,102.890064,137.186752
1850,2015,3,19,2,0.000000,0.000000,0.000000,105.462608,105.462608,140.616810
1851,2015,3,19,3,0.000000,0.000000,0.000000,97.605530,97.605530,130.140706
1852,2015,3,19,4,0.000000,0.000000,0.000000,95.239925,95.239925,126.986567
1853,2015,3,19,5,0.000000,0.000000,0.000000,98.563778,98.563778,131.418371
1854,2015,3,19,6,0.000000,0.000000,0.000000,112.133065,112.133065,149.510754
1855,2015,3,19,7,0.000000,0.000000,0.000000,130.954508,130.954508,174.606011
1856,2015,3,19,8,0.000000,0.000000,0.000000,132.971560,132.971560,177.295413
1857,2015,3,19,9,0.000000,0.000000,0.000000,136.306133,136.306133,181.741510
1858,2015,3,19,10,0.000000,0.000000,0.000000,138.763138,138.763138,185.017517
1859,2015,3,19,11,0.000000,0.000000,0.000000,143.792752,143.792752,191.723670
1860,2015,3,19,12,0.000000,0.000000,0.000000,144.838414,144.838414,193.117885
1861,2015,3,19,13,0.000000,0.000000,0.000000,148.488750,148.488750,197.985001
1862,2015,3,19,14,0.000000,0.000000,0.000000,148.483762,148.483762,197.978350
1863,2015,3,19,15,0.000000,0.000000,0.000000,146.861270,146.861270,195.815026
1864,2015,3,19,16,0.000000,0.000000,0.000000,150.839288,150.839288,201.119051
1865,2015,3,19,17,0.000000,0.000000,0.000000,150.373314,150.373314,200.497751
1866,2015,3,19,18,0.000000,0.000000,0.000000,146.064903,146.064903,194.753204
1867,2015,3,19,19,0.000000,0.000000,0.000000,144.094030,144.094030,192.125373
1868,2015,3,19,20,0.000000,0.000000,0.000000,144.410261,144.410261,192.547014
1869,2015,3,19,21,0.000000,0.000000,0.000000,133.676919,133.676919,178.235893
1870,2015,3,19,22,0.000000,0.000000,0.000000,121.331232,121.331232,161.774976
1871,2015,3,19,23,0.000000,0.000000,0.000000,112.142668,112.142668,149.523558
1872,2015,3,19,24,0.000000,0.000000,0.000000,114.698483,114.698483,152.931310
1873,2015,3,20,1,0.000000,0.000000,0.000000,106.658607,106.658607,142.211476
1874,2015,3,20,2,0.000000,0.000000,0.000000,110.101258,110.101258,146.801677
1875,2015,3,20,3,0.000000,0.000000,0.000000,100.972021,100.972021,134.629362
1876,2015,3,20,4,0.000000,0.000000,0.000000,98.606520,98.606520,131.475360
1877,2015,3,20,5,0.000000,0.000000,0.000000,101.838683,101.838683,135.784911
1878,2015,3,20,6,0.000000,0.000000,0.000000,115.023543,115.023543,153.364724
1879,2015,3,20,7,0.000000,0.000000,0.000000,133.185729,133.185729,177.580971
1880,2015,3,20,8,0.000000,0.000000,0.000000,136.257462,136.257462,181.676616
1881,2015,3,20,9,0.000000,0.000000,0.000000,140.835822,140.835822,187.781096
1882,2015,3,20,10,0.000000,0.000000,0.000000,141.736499,141.736499,188.981998
1883,2015,3,20,11,0.000000,0.000000,0.000000,144.753596,144.753596,193.004794
1884,2015,3,20,12,0.000000,0.000000,0.000000,145.750476,145.750476,194.333968
1885,2015,3,20,13,0.000000,0.000000,0.000000,145.628654,145.628654,194.171538
1886,2015,3,20,14,0.000000,0.000000,0.000000,146.547294,146.547294,195.396391
1887,2015,3,20,15,0.000000,0.000000,0.000000,143.696650,143.696650,191.595534
1888,2015,3,20,16,0.000000,0.000000,0.000000,142.773541,142.773541,190.364722
1889,2015,3,20,17,0.000000,0.000000,0.000000,138.938913,138.938913,185.251884
1890,2015,3,20,18,0.000000,0.000000,0.000000,132.949511,132.949511,177.266014
1891,2015,3,20,19,0.000000,0.000000,0.000000,128.771938,128.771938,171.695917
1892,2015,3,20,20,0.000000,0.000000,0.000000,129.962357,129.962357,173.283143
1893,2015,3,20,21,0.000000,0.000000,0.000000,121.798113,121.798113,162.397484
1894,2015,3,20,22,0.000000,0.000000,0.000000,112.456594,112.456594,149.942125
1895,2015,3,20,23,0.000000,0.000000,0.000000,107.191641,107.191641,142.922187
1896,2015,3,20,24,0.000000,0.000000,0.000000,108.353953,108.353953,144.471937
1897,2015,3,21,1,0.000000,0.000000,0.000000,101.453941,101.453941,135.271921
1898,2015,3,21,2,0.000000,0.000000,0.000000,104.173356,104.173356,138.897808
1899,2015,3,21,3,0.000000,0.000000,0.000000,96.550965,96.550965,128.734620
1900,2015,3,21,4,0.000000,0.000000,0.000000,93.241120,93.241120,124.321493
1901,2015,3,21,5,0.000000,0.000000,0.000000,93.874612,93.874612,125.166150
1902,2015,3,21,6,0.000000,0.000000,0.000000,98.062540,98.062540,130.750053
1903,2015,3,21,7,0.000000,0.000000,0.000000,104.999333,104.999333,139.999111
1904,2015,3,21,8,0.000000,0.000000,0.000000,109.945542,109.945542,146.594056
1905,2015,3,21,9,0.000000,0.000000,0.000000,115.416594,115.416594,153.888792
1906,2015,3,21,10,0.000000,0.000000,0.000000,114.096395,114.096395,152.128526
1907,2015,3,21,11,0.000000,0.000000,0.000000,114.936141,114.936141,153.248188
1908,2015,3,21,12,0.000000,0.000000,0.000000,113.662836,113.662836,151.550448
1909,2015,3,21,13,0.000000,0.000000,0.000000,111.891235,111.891235,149.188313
1910,2015,3,21,14,0.000000,0.000000,0.000000,110.753284,110.753284,147.671046
1911,2015,3,21,15,0.000000,0.000000,0.000000,111.450103,111.450103,148.600138
1912,2015,3,21,16,0.000000,0.000000,0.000000,113.371635,113.371635,151.162180
1913,2015,3,21,17,0.000000,0.000000,0.000000,115.534286,115.534286,154.045714
1914,2015,3,21,18,0.000000,0.000000,0.000000,114.956064,114.956064,153.274752
1915,2015,3,21,19,0.000000,0.000000,0.000000,113.690821,113.690821,151.587761
1916,2015,3,21,20,0.000000,0.000000,0.000000,115.692981,115.692981,154.257308
1917,2015,3,21,21,0.000000,0.000000,0.000000,111.233944,111.233944,148.311926
1918,2015,3,21,22,0.000000,0.000000,0.000000,105.784790,105.784790,141.046387
1919,2015,3,21,23,0.000000,0.000000,0.000000,102.830396,102.830396,137.107195
1920,2015,3,21,24,0.000000,0.000000,0.000000,106.329902,106.329902,141.773202
1921,2015,3,22,1,0.000000,0.000000,0.000000,100.510895,100.510895,134.014526
1922,2015,3,22,2,0.000000,0.000000,0.000000,103.787467,103.787467,138.383290
1923,2015,3,22,3,0.000000,0.000000,0.000000,97.895858,97.895858,130.527811
1924,2015,3,22,4,0.000000,0.000000,0.000000,93.109450,93.109450,124.145934
1925,2015,3,22,5,0.000000,0.000000,0.000000,89.833229,89.833229,119.777638
1926,2015,3,22,6,0.000000,0.000000,0.000000,91.753323,91.753323,122.337763
1927,2015,3,22,7,0.000000,0.000000,0.000000,94.059453,94.059453,125.412604
1928,2015,3,22,8,0.000000,0.000000,0.000000,96.057483,96.057483,128.076644
1929,2015,3,22,9,0.000000,0.000000,0.000000,97.114226,97.114226,129.485635
1930,2015,3,22,10,0.000000,0.000000,0.000000,97.298131,97.298131,129.730841
1931,2015,3,22,11,0.000000,0.000000,0.000000,97.429142,97.429142,129.905523
1932,2015,3,22,12,0.000000,0.000000,0.000000,95.674285,95.674285,127.565713
1933,2015,3,22,13,0.000000,0.000000,0.000000,93.643934,93.643934,124.858579
1934,2015,3,22,14,0.000000,0.000000,0.000000,91.908159,91.908159,122.544211
1935,2015,3,22,15,0.000000,0.000000,0.000000,92.684782,92.684782,123.579709
1936,2015,3,22,16,0.000000,0.000000,0.000000,94.433768,94.433768,125.911691
1937,2015,3,22,17,0.000000,0.000000,0.000000,98.297346,98.297346,131.063128
1938,2015,3,22,18,0.000000,0.000000,0.000000,100.838588,100.838588,134.451451
1939,2015,3,22,19,0.000000,0.000000,0.000000,103.103710,103.103710,137.471613
1940,2015,3,22,20,0.000000,0.000000,0.000000,108.086933,108.086933,144.115911
1941,2015,3,22,21,0.000000,0.000000,0.000000,104.473715,104.473715,139.298287
1942,2015,3,22,22,0.000000,0.000000,0.000000,98.977324,98.977324,131.969765
1943,2015,3,22,23,0.000000,0.000000,0.000000,94.997168,94.997168,126.662890
1944,2015,3,22,24,0.000000,0.000000,0.000000,98.035829,98.035829,130.714438
1945,2015,3,23,1,0.000000,0.000000,0.000000,94.107057,94.107057,125.476076
1946,2015,3,23,2,0.000000,0.000000,0.000000,99.219782,99.219782,132.293043
1947,2015,3,23,3,0.000000,0.000000,0.000000,94.406513,94.406513,125.875351
1948,2015,3,23,4,0.000000,0.000000,0.000000,92.208493,92.208493,122.944658
1949,2015,3,23,5,0.000000,0.000000,0.000000,94.493500,94.493500,125.991334
1950,2015,3,23,6,0.000000,0.000000,0.000000,106.564553,106.564553,142.086070
1951,2015,3,23,7,0.000000,0.000000,0.000000,124.070740,124.070740,165.427654
1952,2015,3,23,8,0.000000,0.000000,0.000000,124.632528,124.632528,166.176705
1953,2015,3,23,9,0.000000,0.000000,0.000000,126.226561,126.226561,168.302081
1954,2015,3,23,10,0.000000,0.000000,0.000000,125.050450,125.050450,166.733934
1955,2015,3,23,11,0.000000,0.000000,0.000000,126.005667,126.005667,168.007556
1956,2015,3,23,12,0.000000,0.000000,0.000000,124.777209,124.777209,166.369611
1957,2015,3,23,13,0.000000,0.000000,0.000000,122.142686,122.142686,162.856915
1958,2015,3,23,14,0.000000,0.000000,0.000000,120.166786,120.166786,160.222382
1959,2015,3,23,15,0.000000,0.000000,0.000000,119.114318,119.114318,158.819091
1960,2015,3,23,16,0.000000,0.000000,0.000000,121.387967,121.387967,161.850623
1961,2015,3,23,17,0.000000,0.000000,0.000000,120.427281,120.427281,160.569708
1962,2015,3,23,18,0.000000,0.000000,0.000000,116.245914,116.245914,154.994552
1963,2015,3,23,19,0.000000,0.000000,0.000000,115.383071,115.383071,153.844094
1964,2015,3,23,20,0.000000,0.000000,0.000000,119.369819,119.369819,159.159759
1965,2015,3,23,21,0.000000,0.000000,0.000000,114.036520,114.036520,152.048693
1966,2015,3,23,22,0.000000,0.000000,0.000000,107.673608,107.673608,143.564811
1967,2015,3,23,23,0.000000,0.000000,0.000000,104.387232,104.387232,139.182977
1968,2015,3,23,24,0.000000,0.000000,0.000000,109.514913,109.514913,146.019884
1969,2015,3,24,1,0.000000,0.000000,0.000000,103.431593,103.431593,137.908791
1970,2015,3,24,2,0.000000,0.000000,0.000000,107.076303,107.076303,142.768404
1971,2015,3,24,3,0.000000,0.000000,0.000000,101.723563,101.723563,135.631418
1972,2015,3,24,4,0.000000,0.000000,0.000000,98.368763,98.368763,131.158351
1973,2015,3,24,5,0.000000,0.000000,0.000000,100.570560,100.570560,134.094080
1974,2015,3,24,6,0.000000,0.000000,0.000000,111.353893,111.353893,148.471857
1975,2015,3,24,7,0.000000,0.000000,0.000000,127.719734,127.719734,170.292978
1976,2015,3,24,8,0.000000,0.000000,0.000000,126.336165,126.336165,168.448220
1977,2015,3,24,9,0.000000,0.000000,0.000000,125.426267,125.426267,167.235023
1978,2015,3,24,10,0.000000,0.000000,0.000000,121.514581,121.514581,162.019441
1979,2015,3,24,11,0.000000,0.000000,0.000000,122.480768,122.480768,163.307691
1980,2015,3,24,12,0.000000,0.000000,0.000000,121.952790,121.952790,162.603720
1981,2015,3,24,13,0.000000,0.000000,0.000000,121.404900,121.404900,161.873200
1982,2015,3,24,14,0.000000,0.000000,0.000000,120.748214,120.748214,160.997619
1983,2015,3,24,15,0.000000,0.000000,0.000000,120.660376,120.660376,160.880501
1984,2015,3,24,16,0.000000,0.000000,0.000000,122.022892,122.022892,162.697189
1985,2015,3,24,17,0.000000,0.000000,0.000000,122.367242,122.367242,163.156323
1986,2015,3,24,18,0.000000,0.000000,0.000000,117.794695,117.794695,157.059593
1987,2015,3,24,19,0.000000,0.000000,0.000000,117.472673,117.472673,156.630231
1988,2015,3,24,20,0.000000,0.000000,0.000000,120.614282,120.614282,160.819043
1989,2015,3,24,21,0.000000,0.000000,0.000000,115.498640,115.498640,153.998187
1990,2015,3,24,22,0.000000,0.000000,0.000000,106.899764,106.899764,142.533019
1991,2015,3,24,23,0.000000,0.000000,0.000000,100.304101,100.304101,133.738801
1992,2015,3,24,24,0.000000,0.000000,0.000000,104.037433,104.037433,138.716578
1993,2015,3,25,1,0.000000,0.000000,0.000000,98.012600,98.012600,130.683466
1994,2015,3,25,2,0.000000,0.000000,0.000000,102.388176,102.388176,136.517568
1995,2015,3,25,3,0.000000,0.000000,0.000000,96.447066,96.447066,128.596088
1996,2015,3,25,4,0.000000,0.000000,0.000000,94.628187,94.628187,126.170916
1997,2015,3,25,5,0.000000,0.000000,0.000000,98.108534,98.108534,130.811379
1998,2015,3,25,6,0.000000,0.000000,0.000000,110.702469,110.702469,147.603292
1999,2015,3,25,7,0.000000,0.000000,0.000000,127.834953,127.834953,170.446604
2000,2015,3,25,8,0.000000,0.000000,0.000000,129.355795,129.355795,172.474394
2001,2015,3,25,9,0.000000,0.000000,0.000000,129.903718,129.903718,173.204958
2002,2015,3,25,10,0.000000,0.000000,0.000000,127.596007,127.596007,170.128009
2003,2015,3,25,11,0.000000,0.000000,0.000000,129.536743,129.536743,172.715658
2004,2015,3,25,12,0.000000,0.000000,0.000000,128.168348,128.168348,170.891131
2005,2015,3,25,13,0.000000,0.000000,0.000000,126.284143,126.284143,168.378858
2006,2015,3,25,14,0.000000,0.000000,0.000000,126.039651,126.039651,168.052868
2007,2015,3,25,15,0.000000,0.000000,0.000000,126.187211,126.187211,168.249615
2008,2015,3,25,16,0.000000,0.000000,0.000000,127.814538,127.814538,170.419383
2009,2015,3,25,17,0.000000,0.000000,0.000000,128.360441,128.360441,171.147254
2010,2015,3,25,18,0.000000,0.000000,0.000000,123.568396,123.568396,164.757861
2011,2015,3,25,19,0.000000,0.000000,0.000000,122.516355,122.516355,163.355140
2012,2015,3,25,20,0.000000,0.000000,0.000000,125.353341,125.353341,167.137788
2013,2015,3,25,21,0.000000,0.000000,0.000000,119.110678,119.110678,158.814238
2014,2015,3,25,22,0.000000,0.000000,0.000000,110.204358,110.204358,146.939144
2015,2015,3,25,23,0.000000,0.000000,0.000000,103.816566,103.816566,138.422088
2016,2015,3,25,24,0.000000,0.000000,0.000000,107.684366,107.684366,143.579154
2017,2015,3,26,1,0.000000,0.000000,0.000000,100.929087,100.929087,134.572117
2018,2015,3,26,2,0.000000,0.000000,0.000000,104.760267,104.760267,139.680356
2019,2015,3,26,3,0.000000,0.000000,0.000000,98.192823,98.192823,130.923764
2020,2015,3,26,4,0.000000,0.000000,0.000000,95.712097,95.712097,127.616129
2021,2015,3,26,5,0.000000,0.000000,0.000000,99.327552,99.327552,132.436736
2022,2015,3,26,6,0.000000,0.000000,0.000000,110.799933,110.799933,147.733244
2023,2015,3,26,7,0.000000,0.000000,0.000000,128.327491,128.327491,171.103321
2024,2015,3,26,8,0.000000,0.000000,0.000000,127.740824,127.740824,170.321098
2025,2015,3,26,9,0.000000,0.000000,0.000000,127.080138,127.080138,169.440184
2026,2015,3,26,10,0.000000,0.000000,0.000000,126.580598,126.580598,168.774131
2027,2015,3,26,11,0.000000,0.000000,0.000000,131.113760,131.113760,174.818347
2028,2015,3,26,12,0.000000,0.000000,0.000000,132.296335,132.296335,176.395113
2029,2015,3,26,13,0.000000,0.000000,0.000000,133.446472,133.446472,177.928629
2030,2015,3,26,14,0.000000,0.000000,0.000000,134.198170,134.198170,178.930893
2031,2015,3,26,15,0.000000,0.000000,0.000000,136.747860,136.747860,182.330480
2032,2015,3,26,16,0.000000,0.000000,0.000000,139.829511,139.829511,186.439349
2033,2015,3,26,17,0.000000,0.000000,0.000000,139.325877,139.325877,185.767836
2034,2015,3,26,18,0.000000,0.000000,0.000000,134.874438,134.874438,179.832584
2035,2015,3,26,19,0.000000,0.000000,0.000000,132.754543,132.754543,177.006057
2036,2015,3,26,20,0.000000,0.000000,0.000000,133.184493,133.184493,177.579324
2037,2015,3,26,21,0.000000,0.000000,0.000000,124.076967,124.076967,165.435956
2038,2015,3,26,22,0.000000,0.000000,0.000000,113.632187,113.632187,151.509583
2039,2015,3,26,23,0.000000,0.000000,0.000000,105.728826,105.728826,140.971768
2040,2015,3,26,24,0.000000,0.000000,0.000000,107.833137,107.833137,143.777516
2041,2015,3,27,1,0.000000,0.000000,0.000000,100.267888,100.267888,133.690517
2042,2015,3,27,2,0.000000,0.000000,0.000000,104.617461,104.617461,139.489949
2043,2015,3,27,3,0.000000,0.000000,0.000000,98.583802,98.583802,131.445070
2044,2015,3,27,4,0.000000,0.000000,0.000000,95.611323,95.611323,127.481764
2045,2015,3,27,5,0.000000,0.000000,0.000000,99.130226,99.130226,132.173634
2046,2015,3,27,6,0.000000,0.000000,0.000000,110.893762,110.893762,147.858349
2047,2015,3,27,7,0.000000,0.000000,0.000000,127.598241,127.598241,170.130988
2048,2015,3,27,8,0.000000,0.000000,0.000000,129.020705,129.020705,172.027607
2049,2015,3,27,9,0.000000,0.000000,0.000000,133.556910,133.556910,178.075880
2050,2015,3,27,10,0.000000,0.000000,0.000000,134.959479,134.959479,179.945972
2051,2015,3,27,11,0.000000,0.000000,0.000000,138.694180,138.694180,184.925574
2052,2015,3,27,12,0.000000,0.000000,0.000000,137.765502,137.765502,183.687336
2053,2015,3,27,13,0.000000,0.000000,0.000000,136.580556,136.580556,182.107409
2054,2015,3,27,14,0.000000,0.000000,0.000000,133.766574,133.766574,178.355431
2055,2015,3,27,15,0.000000,0.000000,0.000000,129.627031,129.627031,172.836041
2056,2015,3,27,16,0.000000,0.000000,0.000000,127.762876,127.762876,170.350502
2057,2015,3,27,17,0.000000,0.000000,0.000000,126.375272,126.375272,168.500363
2058,2015,3,27,18,0.000000,0.000000,0.000000,124.013058,124.013058,165.350744
2059,2015,3,27,19,0.000000,0.000000,0.000000,124.487313,124.487313,165.983084
2060,2015,3,27,20,0.000000,0.000000,0.000000,124.247312,124.247312,165.663082
2061,2015,3,27,21,0.000000,0.000000,0.000000,117.056418,117.056418,156.075224
2062,2015,3,27,22,0.000000,0.000000,0.000000,109.299028,109.299028,145.732037
2063,2015,3,27,23,0.000000,0.000000,0.000000,104.412474,104.412474,139.216632
2064,2015,3,27,24,0.000000,0.000000,0.000000,106.286751,106.286751,141.715668
2065,2015,3,28,1,0.000000,0.000000,0.000000,99.508896,99.508896,132.678528
2066,2015,3,28,2,0.000000,0.000000,0.000000,102.509411,102.509411,136.679215
2067,2015,3,28,3,0.000000,0.000000,0.000000,95.277990,95.277990,127.037320
2068,2015,3,28,4,0.000000,0.000000,0.000000,92.568441,92.568441,123.424589
2069,2015,3,28,5,0.000000,0.000000,0.000000,93.864647,93.864647,125.152863
2070,2015,3,28,6,0.000000,0.000000,0.000000,98.540632,98.540632,131.387509
2071,2015,3,28,7,0.000000,0.000000,0.000000,103.967075,103.967075,138.622767
2072,2015,3,28,8,0.000000,0.000000,0.000000,107.574865,107.574865,143.433154
2073,2015,3,28,9,0.000000,0.000000,0.000000,111.687887,111.687887,148.917183
2074,2015,3,28,10,0.000000,0.000000,0.000000,110.618610,110.618610,147.491480
2075,2015,3,28,11,0.000000,0.000000,0.000000,111.002671,111.002671,148.003561
2076,2015,3,28,12,0.000000,0.000000,0.000000,109.517037,109.517037,146.022717
2077,2015,3,28,13,0.000000,0.000000,0.000000,106.973085,106.973085,142.630780
2078,2015,3,28,14,0.000000,0.000000,0.000000,101.483473,101.483473,135.311298
2079,2015,3,28,15,0.000000,0.000000,0.000000,104.459850,104.459850,139.279800
2080,2015,3,28,16,0.000000,0.000000,0.000000,104.975828,104.975828,139.967771
2081,2015,3,28,17,0.000000,0.000000,0.000000,107.372247,107.372247,143.162996
2082,2015,3,28,18,0.000000,0.000000,0.000000,109.291402,109.291402,145.721870
2083,2015,3,28,19,0.000000,0.000000,0.000000,111.578245,111.578245,148.770993
2084,2015,3,28,20,0.000000,0.000000,0.000000,110.381184,110.381184,147.174912
2085,2015,3,28,21,0.000000,0.000000,0.000000,106.844518,106.844518,142.459357
2086,2015,3,28,22,0.000000,0.000000,0.000000,102.466581,102.466581,136.622109
2087,2015,3,28,23,0.000000,0.000000,0.000000,98.718279,98.718279,131.624371
2088,2015,3,28,24,0.000000,0.000000,0.000000,100.637217,100.637217,134.182956
2089,2015,3,29,1,0.000000,0.000000,0.000000,95.546392,95.546392,127.395190
2090,2015,3,29,2,0.000000,0.000000,0.000000,97.801840,97.801840,130.402453
2091,2015,3,29,3,0.000000,0.000000,0.000000,92.404942,92.404942,123.206589
2092,2015,3,29,4,0.000000,0.000000,0.000000,90.045919,90.045919,120.061225
2093,2015,3,29,5,0.000000,0.000000,0.000000,88.853497,88.853497,118.471329
2094,2015,3,29,6,0.000000,0.000000,0.000000,90.695865,90.695865,120.927820
2095,2015,3,29,7,0.000000,0.000000,0.000000,94.908811,94.908811,126.545082
2096,2015,3,29,8,0.000000,0.000000,0.000000,97.477406,97.477406,129.969875
2097,2015,3,29,9,0.000000,0.000000,0.000000,100.000871,100.000871,133.334495
2098,2015,3,29,10,0.000000,0.000000,0.000000,101.638301,101.638301,135.517734
2099,2015,3,29,11,0.000000,0.000000,0.000000,104.591650,104.591650,139.455534
2100,2015,3,29,12,0.000000,0.000000,0.000000,103.978067,103.978067,138.637422
2101,2015,3,29,13,0.000000,0.000000,0.000000,102.278824,102.278824,136.371765
2102,2015,3,29,14,0.000000,0.000000,0.000000,101.031679,101.031679,134.708905
2103,2015,3,29,15,0.000000,0.000000,0.000000,100.461199,100.461199,133.948266
2104,2015,3,29,16,0.000000,0.000000,0.000000,101.940200,101.940200,135.920266
2105,2015,3,29,17,0.000000,0.000000,0.000000,104.743516,104.743516,139.658021
2106,2015,3,29,18,0.000000,0.000000,0.000000,107.247974,107.247974,142.997299
2107,2015,3,29,19,0.000000,0.000000,0.000000,109.186946,109.186946,145.582595
2108,2015,3,29,20,0.000000,0.000000,0.000000,108.872132,108.872132,145.162843
2109,2015,3,29,21,0.000000,0.000000,0.000000,103.962070,103.962070,138.616094
2110,2015,3,29,22,0.000000,0.000000,0.000000,98.294995,98.294995,131.059994
2111,2015,3,29,23,0.000000,0.000000,0.000000,94.260703,94.260703,125.680937
2112,2015,3,29,24,0.000000,0.000000,0.000000,98.524364,98.524364,131.365818
2113,2015,3,30,1,0.000000,0.000000,0.000000,93.823788,93.823788,125.098384
2114,2015,3,30,2,0.000000,0.000000,0.000000,99.187453,99.187453,132.249937
2115,2015,3,30,3,0.000000,0.000000,0.000000,93.431105,93.431105,124.574807
2116,2015,3,30,4,0.000000,0.000000,0.000000,91.528314,91.528314,122.037752
2117,2015,3,30,5,0.000000,0.000000,0.000000,95.235289,95.235289,126.980386
2118,2015,3,30,6,0.000000,0.000000,0.000000,107.223819,107.223819,142.965091
2119,2015,3,30,7,0.000000,0.000000,0.000000,122.400929,122.400929,163.201239
2120,2015,3,30,8,0.000000,0.000000,0.000000,127.383256,127.383256,169.844341
2121,2015,3,30,9,0.000000,0.000000,0.000000,131.377347,131.377347,175.169796
2122,2015,3,30,10,0.000000,0.000000,0.000000,129.782248,129.782248,173.042998
2123,2015,3,30,11,0.000000,0.000000,0.000000,129.864134,129.864134,173.152178
2124,2015,3,30,12,0.000000,0.000000,0.000000,129.649855,129.649855,172.866474
2125,2015,3,30,13,0.000000,0.000000,0.000000,127.551354,127.551354,170.068472
2126,2015,3,30,14,0.000000,0.000000,0.000000,126.661857,126.661857,168.882476
2127,2015,3,30,15,0.000000,0.000000,0.000000,125.732559,125.732559,167.643413
2128,2015,3,30,16,0.000000,0.000000,0.000000,126.420442,126.420442,168.560589
2129,2015,3,30,17,0.000000,0.000000,0.000000,125.731369,125.731369,167.641825
2130,2015,3,30,18,0.000000,0.000000,0.000000,121.919861,121.919861,162.559815
2131,2015,3,30,19,0.000000,0.000000,0.000000,122.254226,122.254226,163.005635
2132,2015,3,30,20,0.000000,0.000000,0.000000,122.389783,122.389783,163.186378
2133,2015,3,30,21,0.000000,0.000000,0.000000,117.433717,117.433717,156.578289
2134,2015,3,30,22,0.000000,0.000000,0.000000,109.647968,109.647968,146.197290
2135,2015,3,30,23,0.000000,0.000000,0.000000,102.578215,102.578215,136.770953
2136,2015,3,30,24,0.000000,0.000000,0.000000,106.515778,106.515778,142.021037
2137,2015,3,31,1,0.000000,0.000000,0.000000,100.507165,100.507165,134.009554
2138,2015,3,31,2,0.000000,0.000000,0.000000,104.611113,104.611113,139.481484
2139,2015,3,31,3,0.000000,0.000000,0.000000,96.722722,96.722722,128.963629
2140,2015,3,31,4,0.000000,0.000000,0.000000,92.958065,92.958065,123.944086
2141,2015,3,31,5,0.000000,0.000000,0.000000,96.656294,96.656294,128.875058
2142,2015,3,31,6,0.000000,0.000000,0.000000,111.248384,111.248384,148.331179
2143,2015,3,31,7,0.000000,0.000000,0.000000,128.374948,128.374948,171.166597
2144,2015,3,31,8,0.000000,0.000000,0.000000,130.343208,130.343208,173.790944
2145,2015,3,31,9,0.000000,0.000000,0.000000,131.623184,131.623184,175.497579
2146,2015,3,31,10,0.000000,0.000000,0.000000,129.708032,129.708032,172.944043
2147,2015,3,31,11,0.000000,0.000000,0.000000,131.356396,131.356396,175.141861
2148,2015,3,31,12,0.000000,0.000000,0.000000,129.541954,129.541954,172.722606
2149,2015,3,31,13,0.000000,0.000000,0.000000,127.110027,127.110027,169.480035
2150,2015,3,31,14,0.000000,0.000000,0.000000,125.075458,125.075458,166.767277
2151,2015,3,31,15,0.000000,0.000000,0.000000,123.245168,123.245168,164.326891
2152,2015,3,31,16,0.000000,0.000000,0.000000,122.138766,122.138766,162.851687
2153,2015,3,31,17,0.000000,0.000000,0.000000,122.545842,122.545842,163.394456
2154,2015,3,31,18,0.000000,0.000000,0.000000,117.454950,117.454950,156.606599
2155,2015,3,31,19,0.000000,0.000000,0.000000,118.800984,118.800984,158.401311
2156,2015,3,31,20,0.000000,0.000000,0.000000,119.138120,119.138120,158.850827
2157,2015,3,31,21,0.000000,0.000000,0.000000,112.449999,112.449999,149.933332
2158,2015,3,31,22,0.000000,0.000000,0.000000,104.334738,104.334738,139.112984
2159,2015,3,31,23,0.000000,0.000000,0.000000,98.547349,98.547349,131.396466
2160,2015,3,31,24,0.000000,0.000000,0.000000,102.185228,102.185228,136.246971
2161,2015,4,1,1,0.000000,0.000000,0.000000,95.668970,95.668970,127.558627
2162,2015,4,1,2,0.000000,0.000000,0.000000,94.784916,94.784916,126.379889
2163,2015,4,1,3,0.000000,0.000000,0.000000,90.857324,90.857324,121.143099
2164,2015,4,1,4,0.000000,0.000000,0.000000,89.262334,89.262334,119.016446
2165,2015,4,1,5,0.000000,0.000000,0.000000,90.806091,90.806091,121.074788
2166,2015,4,1,6,0.000000,0.000000,0.000000,99.890210,99.890210,133.186947
2167,2015,4,1,7,0.000000,0.000000,0.000000,118.716850,118.716850,158.289133
2168,2015,4,1,8,0.000000,0.000000,0.000000,122.844915,122.844915,163.793220
2169,2015,4,1,9,0.000000,0.000000,0.000000,128.890487,128.890487,171.853983
2170,2015,4,1,10,0.000000,0.000000,0.000000,130.704526,130.704526,174.272701
2171,2015,4,1,11,0.000000,0.000000,0.000000,131.272468,131.272468,175.029957
2172,2015,4,1,12,0.000000,0.000000,0.000000,130.526432,130.526432,174.035243
2173,2015,4,1,13,0.000000,0.000000,0.000000,130.535476,130.535476,174.047301
2174,2015,4,1,14,0.000000,0.000000,0.000000,132.643727,132.643727,176.858303
2175,2015,4,1,15,0.000000,0.000000,0.000000,133.122916,133.122916,177.497221
2176,2015,4,1,16,0.000000,0.000000,0.000000,131.256698,131.256698,175.008931
2177,2015,4,1,17,0.000000,0.000000,0.000000,128.164307,128.164307,170.885742
2178,2015,4,1,18,0.000000,0.000000,0.000000,118.227342,118.227342,157.636457
2179,2015,4,1,19,0.000000,0.000000,0.000000,118.747118,118.747118,158.329490
2180,2015,4,1,20,0.000000,0.000000,0.000000,119.525814,119.525814,159.367752
2181,2015,4,1,21,0.000000,0.000000,0.000000,112.495980,112.495980,149.994640
2182,2015,4,1,22,0.000000,0.000000,0.000000,104.005563,104.005563,138.674085
2183,2015,4,1,23,0.000000,0.000000,0.000000,97.431755,97.431755,129.909007
2184,2015,4,1,24,0.000000,0.000000,0.000000,100.646261,100.646261,134.195015
2185,2015,4,2,1,0.000000,0.000000,0.000000,95.490940,95.490940,127.321253
2186,2015,4,2,2,0.000000,0.000000,0.000000,98.365753,98.365753,131.154337
2187,2015,4,2,3,0.000000,0.000000,0.000000,92.974894,92.974894,123.966525
2188,2015,4,2,4,0.000000,0.000000,0.000000,91.685264,91.685264,122.247018
2189,2015,4,2,5,0.000000,0.000000,0.000000,93.442465,93.442465,124.589954
2190,2015,4,2,6,0.000000,0.000000,0.000000,103.475508,103.475508,137.967344
2191,2015,4,2,7,0.000000,0.000000,0.000000,121.604088,121.604088,162.138784
2192,2015,4,2,8,0.000000,0.000000,0.000000,125.621266,125.621266,167.495022
2193,2015,4,2,9,0.000000,0.000000,0.000000,132.333348,132.333348,176.444465
2194,2015,4,2,10,0.000000,0.000000,0.000000,132.857572,132.857572,177.143429
2195,2015,4,2,11,0.000000,0.000000,0.000000,133.841799,133.841799,178.455732
2196,2015,4,2,12,0.000000,0.000000,0.000000,130.661454,130.661454,174.215272
2197,2015,4,2,13,0.000000,0.000000,0.000000,129.522074,129.522074,172.696099
2198,2015,4,2,14,0.000000,0.000000,0.000000,131.960773,131.960773,175.947697
2199,2015,4,2,15,0.000000,0.000000,0.000000,129.975102,129.975102,173.300135
2200,2015,4,2,16,0.000000,0.000000,0.000000,126.825788,126.825788,169.101050
2201,2015,4,2,17,0.000000,0.000000,0.000000,118.870668,118.870668,158.494224
2202,2015,4,2,18,0.000000,0.000000,0.000000,112.915504,112.915504,150.554005
2203,2015,4,2,19,0.000000,0.000000,0.000000,114.538522,114.538522,152.718030
2204,2015,4,2,20,0.000000,0.000000,0.000000,115.284139,115.284139,153.712185
2205,2015,4,2,21,0.000000,0.000000,0.000000,106.991542,106.991542,142.655389
2206,2015,4,2,22,0.000000,0.000000,0.000000,98.148422,98.148422,130.864563
2207,2015,4,2,23,0.000000,0.000000,0.000000,93.091195,93.091195,124.121593
2208,2015,4,2,24,0.000000,0.000000,0.000000,94.409239,94.409239,125.878985
2209,2015,4,3,1,0.000000,0.000000,0.000000,90.112839,90.112839,120.150452
2210,2015,4,3,2,0.000000,0.000000,0.000000,91.541845,91.541845,122.055793
2211,2015,4,3,3,0.000000,0.000000,0.000000,86.363426,86.363426,115.151234
2212,2015,4,3,4,0.000000,0.000000,0.000000,83.625085,83.625085,111.500113
2213,2015,4,3,5,0.000000,0.000000,0.000000,82.935348,82.935348,110.580465
2214,2015,4,3,6,0.000000,0.000000,0.000000,84.725985,84.725985,112.967979
2215,2015,4,3,7,0.000000,0.000000,0.000000,86.859649,86.859649,115.812866
2216,2015,4,3,8,0.000000,0.000000,0.000000,88.030660,88.030660,117.374214
2217,2015,4,3,9,0.000000,0.000000,0.000000,90.314275,90.314275,120.419033
2218,2015,4,3,10,0.000000,0.000000,0.000000,90.361937,90.361937,120.482583
2219,2015,4,3,11,0.000000,0.000000,0.000000,89.137443,89.137443,118.849924
2220,2015,4,3,12,0.000000,0.000000,0.000000,87.601860,87.601860,116.802479
2221,2015,4,3,13,0.000000,0.000000,0.000000,85.557799,85.557799,114.077065
2222,2015,4,3,14,0.000000,0.000000,0.000000,83.710173,83.710173,111.613564
2223,2015,4,3,15,0.000000,0.000000,0.000000,82.479078,82.479078,109.972104
2224,2015,4,3,16,0.000000,0.000000,0.000000,83.997208,83.997208,111.996278
2225,2015,4,3,17,0.000000,0.000000,0.000000,86.867450,86.867450,115.823266
2226,2015,4,3,18,0.000000,0.000000,0.000000,90.035251,90.035251,120.047001
2227,2015,4,3,19,0.000000,0.000000,0.000000,93.861786,93.861786,125.149048
2228,2015,4,3,20,0.000000,0.000000,0.000000,95.584999,95.584999,127.446666
2229,2015,4,3,21,0.000000,0.000000,0.000000,92.250558,92.250558,123.000743
2230,2015,4,3,22,0.000000,0.000000,0.000000,89.817156,89.817156,119.756207
2231,2015,4,3,23,0.000000,0.000000,0.000000,87.413103,87.413103,116.550804
2232,2015,4,3,24,0.000000,0.000000,0.000000,90.231236,90.231236,120.308314
2233,2015,4,4,1,0.000000,0.000000,0.000000,87.072139,87.072139,116.096185
2234,2015,4,4,2,0.000000,0.000000,0.000000,89.889885,89.889885,119.853180
2235,2015,4,4,3,0.000000,0.000000,0.000000,86.050373,86.050373,114.733831
2236,2015,4,4,4,0.000000,0.000000,0.000000,83.587286,83.587286,111.449714
2237,2015,4,4,5,0.000000,0.000000,0.000000,83.708394,83.708394,111.611192
2238,2015,4,4,6,0.000000,0.000000,0.000000,85.264743,85.264743,113.686323
2239,2015,4,4,7,0.000000,0.000000,0.000000,88.374141,88.374141,117.832188
2240,2015,4,4,8,0.000000,0.000000,0.000000,91.115411,91.115411,121.487215
2241,2015,4,4,9,0.000000,0.000000,0.000000,95.071562,95.071562,126.762083
2242,2015,4,4,10,0.000000,0.000000,0.000000,95.020201,95.020201,126.693601
2243,2015,4,4,11,0.000000,0.000000,0.000000,92.627536,92.627536,123.503382
2244,2015,4,4,12,0.000000,0.000000,0.000000,91.079564,91.079564,121.439419
2245,2015,4,4,13,0.000000,0.000000,0.000000,89.573686,89.573686,119.431581
2246,2015,4,4,14,0.000000,0.000000,0.000000,89.140100,89.140100,118.853466
2247,2015,4,4,15,0.000000,0.000000,0.000000,88.558594,88.558594,118.078125
2248,2015,4,4,16,0.000000,0.000000,0.000000,90.050452,90.050452,120.067270
2249,2015,4,4,17,0.000000,0.000000,0.000000,92.140636,92.140636,122.854182
2250,2015,4,4,18,0.000000,0.000000,0.000000,94.406659,94.406659,125.875545
2251,2015,4,4,19,0.000000,0.000000,0.000000,98.794433,98.794433,131.725910
2252,2015,4,4,20,0.000000,0.000000,0.000000,100.975637,100.975637,134.634183
2253,2015,4,4,21,0.000000,0.000000,0.000000,98.807976,98.807976,131.743967
2254,2015,4,4,22,0.000000,0.000000,0.000000,95.192842,95.192842,126.923790
2255,2015,4,4,23,0.000000,0.000000,0.000000,92.476212,92.476212,123.301616
2256,2015,4,4,24,0.000000,0.000000,0.000000,94.453986,94.453986,125.938648
2257,2015,4,5,1,0.000000,0.000000,0.000000,90.615427,90.615427,120.820570
2258,2015,4,5,2,0.000000,0.000000,0.000000,92.304158,92.304158,123.072211
2259,2015,4,5,3,0.000000,0.000000,0.000000,88.521274,88.521274,118.028365
2260,2015,4,5,4,0.000000,0.000000,0.000000,86.361332,86.361332,115.148443
2261,2015,4,5,5,0.000000,0.000000,0.000000,84.954905,84.954905,113.273207
2262,2015,4,5,6,0.000000,0.000000,0.000000,85.155890,85.155890,113.541186
2263,2015,4,5,7,0.000000,0.000000,0.000000,87.041979,87.041979,116.055972
2264,2015,4,5,8,0.000000,0.000000,0.000000,89.455097,89.455097,119.273462
2265,2015,4,5,9,0.000000,0.000000,0.000000,92.780332,92.780332,123.707109
2266,2015,4,5,10,0.000000,0.000000,0.000000,91.936461,91.936461,122.581948
2267,2015,4,5,11,0.000000,0.000000,0.000000,89.849896,89.849896,119.799861
2268,2015,4,5,12,0.000000,0.000000,0.000000,88.298253,88.298253,117.731005
2269,2015,4,5,13,0.000000,0.000000,0.000000,87.894699,87.894699,117.192932
2270,2015,4,5,14,0.000000,0.000000,0.000000,86.703659,86.703659,115.604879
2271,2015,4,5,15,0.000000,0.000000,0.000000,85.752661,85.752661,114.336881
2272,2015,4,5,16,0.000000,0.000000,0.000000,86.593906,86.593906,115.458542
2273,2015,4,5,17,0.000000,0.000000,0.000000,88.677600,88.677600,118.236800
2274,2015,4,5,18,0.000000,0.000000,0.000000,93.321312,93.321312,124.428416
2275,2015,4,5,19,0.000000,0.000000,0.000000,99.624681,99.624681,132.832908
2276,2015,4,5,20,0.000000,0.000000,0.000000,101.547399,101.547399,135.396532
2277,2015,4,5,21,0.000000,0.000000,0.000000,97.705173,97.705173,130.273565
2278,2015,4,5,22,0.000000,0.000000,0.000000,93.871376,93.871376,125.161835
2279,2015,4,5,23,0.000000,0.000000,0.000000,91.571500,91.571500,122.095333
2280,2015,4,5,24,0.000000,0.000000,0.000000,93.578402,93.578402,124.771203
2281,2015,4,6,1,0.000000,0.000000,0.000000,89.186463,89.186463,118.915285
2282,2015,4,6,2,0.000000,0.000000,0.000000,91.103573,91.103573,121.471430
2283,2015,4,6,3,0.000000,0.000000,0.000000,87.625412,87.625412,116.833882
2284,2015,4,6,4,0.000000,0.000000,0.000000,85.114616,85.114616,113.486154
2285,2015,4,6,5,0.000000,0.000000,0.000000,84.689902,84.689902,112.919870
2286,2015,4,6,6,0.000000,0.000000,0.000000,85.820062,85.820062,114.426749
2287,2015,4,6,7,0.000000,0.000000,0.000000,87.707486,87.707486,116.943314
2288,2015,4,6,8,0.000000,0.000000,0.000000,88.406828,88.406828,117.875771
2289,2015,4,6,9,0.000000,0.000000,0.000000,92.420184,92.420184,123.226913
2290,2015,4,6,10,0.000000,0.000000,0.000000,94.424407,94.424407,125.899210
2291,2015,4,6,11,0.000000,0.000000,0.000000,95.093930,95.093930,126.791907
2292,2015,4,6,12,0.000000,0.000000,0.000000,95.817258,95.817258,127.756344
2293,2015,4,6,13,0.000000,0.000000,0.000000,95.620061,95.620061,127.493415
2294,2015,4,6,14,0.000000,0.000000,0.000000,94.525017,94.525017,126.033356
2295,2015,4,6,15,0.000000,0.000000,0.000000,94.869119,94.869119,126.492159
2296,2015,4,6,16,0.000000,0.000000,0.000000,95.133058,95.133058,126.844077
2297,2015,4,6,17,0.000000,0.000000,0.000000,97.437899,97.437899,129.917199
2298,2015,4,6,18,0.000000,0.000000,0.000000,101.315411,101.315411,135.087215
2299,2015,4,6,19,0.000000,0.000000,0.000000,108.251918,108.251918,144.335891
2300,2015,4,6,20,0.000000,0.000000,0.000000,106.258819,106.258819,141.678425
2301,2015,4,6,21,0.000000,0.000000,0.000000,100.381450,100.381450,133.841933
2302,2015,4,6,22,0.000000,0.000000,0.000000,94.979987,94.979987,126.639983
2303,2015,4,6,23,0.000000,0.000000,0.000000,92.215055,92.215055,122.953407
2304,2015,4,6,24,0.000000,0.000000,0.000000,94.046999,94.046999,125.395999
2305,2015,4,7,1,0.000000,0.000000,0.000000,89.484662,89.484662,119.312883
2306,2015,4,7,2,0.000000,0.000000,0.000000,90.544131,90.544131,120.725508
2307,2015,4,7,3,0.000000,0.000000,0.000000,86.870078,86.870078,115.826771
2308,2015,4,7,4,0.000000,0.000000,0.000000,83.928471,83.928471,111.904629
2309,2015,4,7,5,0.000000,0.000000,0.000000,83.368488,83.368488,111.157984
2310,2015,4,7,6,0.000000,0.000000,0.000000,86.300512,86.300512,115.067349
2311,2015,4,7,7,0.000000,0.000000,0.000000,93.424644,93.424644,124.566192
2312,2015,4,7,8,0.000000,0.000000,0.000000,103.295204,103.295204,137.726939
2313,2015,4,7,9,0.000000,0.000000,0.000000,114.850637,114.850637,153.134182
2314,2015,4,7,10,0.000000,0.000000,0.000000,119.903123,119.903123,159.870831
2315,2015,4,7,11,0.000000,0.000000,0.000000,122.836019,122.836019,163.781359
2316,2015,4,7,12,0.000000,0.000000,0.000000,121.499067,121.499067,161.998757
2317,2015,4,7,13,0.000000,0.000000,0.000000,122.588223,122.588223,163.450963
2318,2015,4,7,14,0.000000,0.000000,0.000000,122.249567,122.249567,162.999422
2319,2015,4,7,15,0.000000,0.000000,0.000000,115.022705,115.022705,153.363607
2320,2015,4,7,16,0.000000,0.000000,0.000000,114.791111,114.791111,153.054815
2321,2015,4,7,17,0.000000,0.000000,0.000000,117.335474,117.335474,156.447299
2322,2015,4,7,18,0.000000,0.000000,0.000000,116.818026,116.818026,155.757368
2323,2015,4,7,19,0.000000,0.000000,0.000000,122.228600,122.228600,162.971467
2324,2015,4,7,20,0.000000,0.000000,0.000000,119.282404,119.282404,159.043205
2325,2015,4,7,21,0.000000,0.000000,0.000000,112.605973,112.605973,150.141298
2326,2015,4,7,22,0.000000,0.000000,0.000000,106.948048,106.948048,142.597398
2327,2015,4,7,23,0.000000,0.000000,0.000000,101.870874,101.870874,135.827832
2328,2015,4,7,24,0.000000,0.000000,0.000000,104.664697,104.664697,139.552929
2329,2015,4,8,1,0.000000,0.000000,0.000000,95.371220,95.371220,127.161627
2330,2015,4,8,2,0.000000,0.000000,0.000000,96.657938,96.657938,128.877250
2331,2015,4,8,3,0.000000,0.000000,0.000000,91.340907,91.340907,121.787876
2332,2015,4,8,4,0.000000,0.000000,0.000000,87.359972,87.359972,116.479963
2333,2015,4,8,5,0.000000,0.000000,0.000000,87.331017,87.331017,116.441356
2334,2015,4,8,6,0.000000,0.000000,0.000000,91.133163,91.133163,121.510884
2335,2015,4,8,7,0.000000,0.000000,0.000000,100.958748,100.958748,134.611664
2336,2015,4,8,8,0.000000,0.000000,0.000000,113.050709,113.050709,150.734279
2337,2015,4,8,9,0.000000,0.000000,0.000000,125.980467,125.980467,167.973956
2338,2015,4,8,10,0.000000,0.000000,0.000000,133.920471,133.920471,178.560628
2339,2015,4,8,11,0.000000,0.000000,0.000000,137.067872,137.067872,182.757163
2340,2015,4,8,12,0.000000,0.000000,0.000000,138.109871,138.109871,184.146494
2341,2015,4,8,13,0.000000,0.000000,0.000000,140.250510,140.250510,187.000680
2342,2015,4,8,14,0.000000,0.000000,0.000000,137.876133,137.876133,183.834843
2343,2015,4,8,15,0.000000,0.000000,0.000000,136.199589,136.199589,181.599453
2344,2015,4,8,16,0.000000,0.000000,0.000000,133.231337,133.231337,177.641783
2345,2015,4,8,17,0.000000,0.000000,0.000000,129.136987,129.136987,172.182649
2346,2015,4,8,18,0.000000,0.000000,0.000000,135.728737,135.728737,180.971650
2347,2015,4,8,19,0.000000,0.000000,0.000000,139.448918,139.448918,185.931890
2348,2015,4,8,20,0.000000,0.000000,0.000000,127.873943,127.873943,170.498591
2349,2015,4,8,21,0.000000,0.000000,0.000000,118.836646,118.836646,158.448861
2350,2015,4,8,22,0.000000,0.000000,0.000000,110.718534,110.718534,147.624713
2351,2015,4,8,23,0.000000,0.000000,0.000000,103.720220,103.720220,138.293627
2352,2015,4,8,24,0.000000,0.000000,0.000000,104.529594,104.529594,139.372792
2353,2015,4,9,1,0.000000,0.000000,0.000000,96.952327,96.952327,129.269769
2354,2015,4,9,2,0.000000,0.000000,0.000000,99.225575,99.225575,132.300766
2355,2015,4,9,3,0.000000,0.000000,0.000000,94.481654,94.481654,125.975539
2356,2015,4,9,4,0.000000,0.000000,0.000000,91.917561,91.917561,122.556748
2357,2015,4,9,5,0.000000,0.000000,0.000000,91.785570,91.785570,122.380760
2358,2015,4,9,6,0.000000,0.000000,0.000000,94.264294,94.264294,125.685725
2359,2015,4,9,7,0.000000,0.000000,0.000000,102.213343,102.213343,136.284458
2360,2015,4,9,8,0.000000,0.000000,0.000000,113.012933,113.012933,150.683911
2361,2015,4,9,9,0.000000,0.000000,0.000000,124.846743,124.846743,166.462324
2362,2015,4,9,10,0.000000,0.000000,0.000000,127.993392,127.993392,170.657856
2363,2015,4,9,11,0.000000,0.000000,0.000000,128.107582,128.107582,170.810109
2364,2015,4,9,12,0.000000,0.000000,0.000000,129.809332,129.809332,173.079109
2365,2015,4,9,13,0.000000,0.000000,0.000000,129.622964,129.622964,172.830619
2366,2015,4,9,14,0.000000,0.000000,0.000000,126.688100,126.688100,168.917466
2367,2015,4,9,15,0.000000,0.000000,0.000000,127.208728,127.208728,169.611637
2368,2015,4,9,16,0.000000,0.000000,0.000000,125.278463,125.278463,167.037951
2369,2015,4,9,17,0.000000,0.000000,0.000000,126.405123,126.405123,168.540165
2370,2015,4,9,18,0.000000,0.000000,0.000000,129.699427,129.699427,172.932569
2371,2015,4,9,19,0.000000,0.000000,0.000000,138.071722,138.071722,184.095630
2372,2015,4,9,20,0.000000,0.000000,0.000000,131.327122,131.327122,175.102829
2373,2015,4,9,21,0.000000,0.000000,0.000000,121.539196,121.539196,162.052261
2374,2015,4,9,22,0.000000,0.000000,0.000000,111.201369,111.201369,148.268492
2375,2015,4,9,23,0.000000,0.000000,0.000000,102.923466,102.923466,137.231289
2376,2015,4,9,24,0.000000,0.000000,0.000000,105.085733,105.085733,140.114310
2377,2015,4,10,1,0.000000,0.000000,0.000000,96.429650,96.429650,128.572867
2378,2015,4,10,2,0.000000,0.000000,0.000000,99.803628,99.803628,133.071504
2379,2015,4,10,3,0.000000,0.000000,0.000000,93.479329,93.479329,124.639105
2380,2015,4,10,4,0.000000,0.000000,0.000000,91.026417,91.026417,121.368556
2381,2015,4,10,5,0.000000,0.000000,0.000000,91.332549,91.332549,121.776732
2382,2015,4,10,6,0.000000,0.000000,0.000000,94.037131,94.037131,125.382841
2383,2015,4,10,7,0.000000,0.000000,0.000000,102.104945,102.104945,136.139926
2384,2015,4,10,8,0.000000,0.000000,0.000000,115.490610,115.490610,153.987481
2385,2015,4,10,9,0.000000,0.000000,0.000000,126.530888,126.530888,168.707851
2386,2015,4,10,10,0.000000,0.000000,0.000000,129.973807,129.973807,173.298409
2387,2015,4,10,11,0.000000,0.000000,0.000000,130.453488,130.453488,173.937984
2388,2015,4,10,12,0.000000,0.000000,0.000000,131.361161,131.361161,175.148215
2389,2015,4,10,13,0.000000,0.000000,0.000000,127.796880,127.796880,170.395839
2390,2015,4,10,14,0.000000,0.000000,0.000000,125.976273,125.976273,167.968365
2391,2015,4,10,15,0.000000,0.000000,0.000000,119.398599,119.398599,159.198132
2392,2015,4,10,16,0.000000,0.000000,0.000000,117.616983,117.616983,156.822644
2393,2015,4,10,17,0.000000,0.000000,0.000000,122.877279,122.877279,163.836372
2394,2015,4,10,18,0.000000,0.000000,0.000000,129.228569,129.228569,172.304759
2395,2015,4,10,19,0.000000,0.000000,0.000000,135.191010,135.191010,180.254680
2396,2015,4,10,20,0.000000,0.000000,0.000000,126.502937,126.502937,168.670582
2397,2015,4,10,21,0.000000,0.000000,0.000000,118.191837,118.191837,157.589117
2398,2015,4,10,22,0.000000,0.000000,0.000000,108.259828,108.259828,144.346438
2399,2015,4,10,23,0.000000,0.000000,0.000000,102.550547,102.550547,136.734062
2400,2015,4,10,24,0.000000,0.000000,0.000000,104.491220,104.491220,139.321627
2401,2015,4,11,1,0.000000,0.000000,0.000000,96.425055,96.425055,128.566740
2402,2015,4,11,2,0.000000,0.000000,0.000000,97.041959,97.041959,129.389279
2403,2015,4,11,3,0.000000,0.000000,0.000000,91.568612,91.568612,122.091482
2404,2015,4,11,4,0.000000,0.000000,0.000000,87.866246,87.866246,117.154995
2405,2015,4,11,5,0.000000,0.000000,0.000000,86.613438,86.613438,115.484584
2406,2015,4,11,6,0.000000,0.000000,0.000000,86.858562,86.858562,115.811416
2407,2015,4,11,7,0.000000,0.000000,0.000000,90.005669,90.005669,120.007559
2408,2015,4,11,8,0.000000,0.000000,0.000000,92.624725,92.624725,123.499633
2409,2015,4,11,9,0.000000,0.000000,0.000000,98.126530,98.126530,130.835373
2410,2015,4,11,10,0.000000,0.000000,0.000000,101.449284,101.449284,135.265712
2411,2015,4,11,11,0.000000,0.000000,0.000000,100.905626,100.905626,134.540834
2412,2015,4,11,12,0.000000,0.000000,0.000000,98.374218,98.374218,131.165624
2413,2015,4,11,13,0.000000,0.000000,0.000000,96.206630,96.206630,128.275506
2414,2015,4,11,14,0.000000,0.000000,0.000000,93.794573,93.794573,125.059431
2415,2015,4,11,15,0.000000,0.000000,0.000000,92.392061,92.392061,123.189415
2416,2015,4,11,16,0.000000,0.000000,0.000000,92.101477,92.101477,122.801969
2417,2015,4,11,17,0.000000,0.000000,0.000000,93.434173,93.434173,124.578897
2418,2015,4,11,18,0.000000,0.000000,0.000000,98.353094,98.353094,131.137459
2419,2015,4,11,19,0.000000,0.000000,0.000000,107.106837,107.106837,142.809117
2420,2015,4,11,20,0.000000,0.000000,0.000000,106.563708,106.563708,142.084943
2421,2015,4,11,21,0.000000,0.000000,0.000000,100.731137,100.731137,134.308183
2422,2015,4,11,22,0.000000,0.000000,0.000000,96.768336,96.768336,129.024448
2423,2015,4,11,23,0.000000,0.000000,0.000000,93.570234,93.570234,124.760313
2424,2015,4,11,24,0.000000,0.000000,0.000000,94.558200,94.558200,126.077600
2425,2015,4,12,1,0.000000,0.000000,0.000000,89.176224,89.176224,118.901632
2426,2015,4,12,2,0.000000,0.000000,0.000000,91.509284,91.509284,122.012379
2427,2015,4,12,3,0.000000,0.000000,0.000000,86.965573,86.965573,115.954098
2428,2015,4,12,4,0.000000,0.000000,0.000000,83.792276,83.792276,111.723035
2429,2015,4,12,5,0.000000,0.000000,0.000000,80.848739,80.848739,107.798319
2430,2015,4,12,6,0.000000,0.000000,0.000000,80.784762,80.784762,107.713016
2431,2015,4,12,7,0.000000,0.000000,0.000000,83.635091,83.635091,111.513455
2432,2015,4,12,8,0.000000,0.000000,0.000000,84.165706,84.165706,112.220942
2433,2015,4,12,9,0.000000,0.000000,0.000000,87.614852,87.614852,116.819803
2434,2015,4,12,10,0.000000,0.000000,0.000000,89.097360,89.097360,118.796480
2435,2015,4,12,11,0.000000,0.000000,0.000000,90.398782,90.398782,120.531710
2436,2015,4,12,12,0.000000,0.000000,0.000000,89.328898,89.328898,119.105198
2437,2015,4,12,13,0.000000,0.000000,0.000000,88.160250,88.160250,117.547000
2438,2015,4,12,14,0.000000,0.000000,0.000000,87.170419,87.170419,116.227225
2439,2015,4,12,15,0.000000,0.000000,0.000000,87.124038,87.124038,116.165384
2440,2015,4,12,16,0.000000,0.000000,0.000000,88.301684,88.301684,117.735579
2441,2015,4,12,17,0.000000,0.000000,0.000000,91.625923,91.625923,122.167897
2442,2015,4,12,18,0.000000,0.000000,0.000000,97.230183,97.230183,129.640244
2443,2015,4,12,19,0.000000,0.000000,0.000000,110.646166,110.646166,147.528221
2444,2015,4,12,20,0.000000,0.000000,0.000000,109.561046,109.561046,146.081394
2445,2015,4,12,21,0.000000,0.000000,0.000000,104.563790,104.563790,139.418387
2446,2015,4,12,22,0.000000,0.000000,0.000000,97.943435,97.943435,130.591247
2447,2015,4,12,23,0.000000,0.000000,0.000000,94.416242,94.416242,125.888322
2448,2015,4,12,24,0.000000,0.000000,0.000000,94.344111,94.344111,125.792148
2449,2015,4,13,1,0.000000,0.000000,0.000000,90.651310,90.651310,120.868413
2450,2015,4,13,2,0.000000,0.000000,0.000000,93.292936,93.292936,124.390581
2451,2015,4,13,3,0.000000,0.000000,0.000000,89.551403,89.551403,119.401871
2452,2015,4,13,4,0.000000,0.000000,0.000000,86.484517,86.484517,115.312689
2453,2015,4,13,5,0.000000,0.000000,0.000000,87.163857,87.163857,116.218476
2454,2015,4,13,6,0.000000,0.000000,0.000000,91.092023,91.092023,121.456031
2455,2015,4,13,7,0.000000,0.000000,0.000000,100.696046,100.696046,134.261395
2456,2015,4,13,8,0.000000,0.000000,0.000000,116.942312,116.942312,155.923083
2457,2015,4,13,9,0.000000,0.000000,0.000000,126.987858,126.987858,169.317143
2458,2015,4,13,10,0.000000,0.000000,0.000000,125.195643,125.195643,166.927524
2459,2015,4,13,11,0.000000,0.000000,0.000000,125.610042,125.610042,167.480056
2460,2015,4,13,12,0.000000,0.000000,0.000000,122.696758,122.696758,163.595678
2461,2015,4,13,13,0.000000,0.000000,0.000000,122.703845,122.703845,163.605127
2462,2015,4,13,14,0.000000,0.000000,0.000000,121.575311,121.575311,162.100414
2463,2015,4,13,15,0.000000,0.000000,0.000000,118.137598,118.137598,157.516797
2464,2015,4,13,16,0.000000,0.000000,0.000000,121.128333,121.128333,161.504444
2465,2015,4,13,17,0.000000,0.000000,0.000000,123.794696,123.794696,165.059595
2466,2015,4,13,18,0.000000,0.000000,0.000000,138.136917,138.136917,184.182556
2467,2015,4,13,19,0.000000,0.000000,0.000000,152.030919,152.030919,202.707892
2468,2015,4,13,20,0.000000,0.000000,0.000000,143.523895,143.523895,191.365193
2469,2015,4,13,21,0.000000,0.000000,0.000000,129.907145,129.907145,173.209527
2470,2015,4,13,22,0.000000,0.000000,0.000000,120.901287,120.901287,161.201717
2471,2015,4,13,23,0.000000,0.000000,0.000000,110.366659,110.366659,147.155546
2472,2015,4,13,24,0.000000,0.000000,0.000000,109.386259,109.386259,145.848346
2473,2015,4,14,1,0.000000,0.000000,0.000000,102.466249,102.466249,136.621666
2474,2015,4,14,2,0.000000,0.000000,0.000000,104.718931,104.718931,139.625241
2475,2015,4,14,3,0.000000,0.000000,0.000000,99.274277,99.274277,132.365703
2476,2015,4,14,4,0.000000,0.000000,0.000000,95.955260,95.955260,127.940346
2477,2015,4,14,5,0.000000,0.000000,0.000000,95.174342,95.174342,126.899122
2478,2015,4,14,6,0.000000,0.000000,0.000000,98.304905,98.304905,131.073207
2479,2015,4,14,7,0.000000,0.000000,0.000000,109.610081,109.610081,146.146775
2480,2015,4,14,8,0.000000,0.000000,0.000000,126.228031,126.228031,168.304041
2481,2015,4,14,9,0.000000,0.000000,0.000000,137.026989,137.026989,182.702652
2482,2015,4,14,10,0.000000,0.000000,0.000000,133.763255,133.763255,178.351007
2483,2015,4,14,11,0.000000,0.000000,0.000000,131.574706,131.574706,175.432941
2484,2015,4,14,12,0.000000,0.000000,0.000000,130.433589,130.433589,173.911451
2485,2015,4,14,13,0.000000,0.000000,0.000000,129.396254,129.396254,172.528339
2486,2015,4,14,14,0.000000,0.000000,0.000000,125.964202,125.964202,167.952269
2487,2015,4,14,15,0.000000,0.000000,0.000000,120.252556,120.252556,160.336741
2488,2015,4,14,16,0.000000,0.000000,0.000000,124.944333,124.944333,166.592444
2489,2015,4,14,17,0.000000,0.000000,0.000000,126.858444,126.858444,169.144592
2490,2015,4,14,18,0.000000,0.000000,0.000000,139.435034,139.435034,185.913379
2491,2015,4,14,19,0.000000,0.000000,0.000000,154.061626,154.061626,205.415501
2492,2015,4,14,20,0.000000,0.000000,0.000000,144.485335,144.485335,192.647113
2493,2015,4,14,21,0.000000,0.000000,0.000000,131.086310,131.086310,174.781747
2494,2015,4,14,22,0.000000,0.000000,0.000000,121.483197,121.483197,161.977596
2495,2015,4,14,23,0.000000,0.000000,0.000000,110.825747,110.825747,147.767663
2496,2015,4,14,24,0.000000,0.000000,0.000000,110.382133,110.382133,147.176178
2497,2015,4,15,1,0.000000,0.000000,0.000000,100.644582,100.644582,134.192776
2498,2015,4,15,2,0.000000,0.000000,0.000000,102.278711,102.278711,136.371614
2499,2015,4,15,3,0.000000,0.000000,0.000000,96.798372,96.798372,129.064496
2500,2015,4,15,4,0.000000,0.000000,0.000000,93.729867,93.729867,124.973156
2501,2015,4,15,5,0.000000,0.000000,0.000000,92.797312,92.797312,123.729749
2502,2015,4,15,6,0.000000,0.000000,0.000000,95.258884,95.258884,127.011846
2503,2015,4,15,7,0.000000,0.000000,0.000000,106.928803,106.928803,142.571737
2504,2015,4,15,8,0.000000,0.000000,0.000000,123.585703,123.585703,164.780937
2505,2015,4,15,9,0.000000,0.000000,0.000000,132.144129,132.144129,176.192173
2506,2015,4,15,10,0.000000,0.000000,0.000000,132.717813,132.717813,176.957084
2507,2015,4,15,11,0.000000,0.000000,0.000000,128.502090,128.502090,171.336120
2508,2015,4,15,12,0.000000,0.000000,0.000000,124.027894,124.027894,165.370525
2509,2015,4,15,13,0.000000,0.000000,0.000000,121.587195,121.587195,162.116259
2510,2015,4,15,14,0.000000,0.000000,0.000000,121.206679,121.206679,161.608906
2511,2015,4,15,15,0.000000,0.000000,0.000000,119.935794,119.935794,159.914392
2512,2015,4,15,16,0.000000,0.000000,0.000000,118.115809,118.115809,157.487745
2513,2015,4,15,17,0.000000,0.000000,0.000000,121.688270,121.688270,162.251027
2514,2015,4,15,18,0.000000,0.000000,0.000000,133.530900,133.530900,178.041200
2515,2015,4,15,19,0.000000,0.000000,0.000000,144.642032,144.642032,192.856043
2516,2015,4,15,20,0.000000,0.000000,0.000000,135.888911,135.888911,181.185214
2517,2015,4,15,21,0.000000,0.000000,0.000000,126.367551,126.367551,168.490068
2518,2015,4,15,22,0.000000,0.000000,0.000000,116.066342,116.066342,154.755122
2519,2015,4,15,23,0.000000,0.000000,0.000000,103.704292,103.704292,138.272389
2520,2015,4,15,24,0.000000,0.000000,0.000000,103.080285,103.080285,137.440380
2521,2015,4,16,1,0.000000,0.000000,0.000000,94.652758,94.652758,126.203677
2522,2015,4,16,2,0.000000,0.000000,0.000000,96.549397,96.549397,128.732530
2523,2015,4,16,3,0.000000,0.000000,0.000000,91.334203,91.334203,121.778937
2524,2015,4,16,4,0.000000,0.000000,0.000000,88.131097,88.131097,117.508130
2525,2015,4,16,5,0.000000,0.000000,0.000000,88.236910,88.236910,117.649213
2526,2015,4,16,6,0.000000,0.000000,0.000000,91.035167,91.035167,121.380223
2527,2015,4,16,7,0.000000,0.000000,0.000000,102.549256,102.549256,136.732341
2528,2015,4,16,8,0.000000,0.000000,0.000000,119.981610,119.981610,159.975481
2529,2015,4,16,9,0.000000,0.000000,0.000000,128.777004,128.777004,171.702672
2530,2015,4,16,10,0.000000,0.000000,0.000000,129.939720,129.939720,173.252960
2531,2015,4,16,11,0.000000,0.000000,0.000000,127.203995,127.203995,169.605326
2532,2015,4,16,12,0.000000,0.000000,0.000000,124.569912,124.569912,166.093217
2533,2015,4,16,13,0.000000,0.000000,0.000000,122.482848,122.482848,163.310464
2534,2015,4,16,14,0.000000,0.000000,0.000000,121.408767,121.408767,161.878357
2535,2015,4,16,15,0.000000,0.000000,0.000000,119.252729,119.252729,159.003638
2536,2015,4,16,16,0.000000,0.000000,0.000000,116.751140,116.751140,155.668187
2537,2015,4,16,17,0.000000,0.000000,0.000000,122.651363,122.651363,163.535151
2538,2015,4,16,18,0.000000,0.000000,0.000000,129.365153,129.365153,172.486871
2539,2015,4,16,19,0.000000,0.000000,0.000000,143.695152,143.695152,191.593536
2540,2015,4,16,20,0.000000,0.000000,0.000000,134.213968,134.213968,178.951958
2541,2015,4,16,21,0.000000,0.000000,0.000000,124.677872,124.677872,166.237163
2542,2015,4,16,22,0.000000,0.000000,0.000000,112.734334,112.734334,150.312446
2543,2015,4,16,23,0.000000,0.000000,0.000000,102.875451,102.875451,137.167269
2544,2015,4,16,24,0.000000,0.000000,0.000000,102.488423,102.488423,136.651231
2545,2015,4,17,1,0.000000,0.000000,0.000000,94.611025,94.611025,126.148034
2546,2015,4,17,2,0.000000,0.000000,0.000000,96.781518,96.781518,129.042024
2547,2015,4,17,3,0.000000,0.000000,0.000000,92.260262,92.260262,123.013683
2548,2015,4,17,4,0.000000,0.000000,0.000000,89.961553,89.961553,119.948737
2549,2015,4,17,5,0.000000,0.000000,0.000000,89.804937,89.804937,119.739917
2550,2015,4,17,6,0.000000,0.000000,0.000000,92.329123,92.329123,123.105497
2551,2015,4,17,7,0.000000,0.000000,0.000000,103.567004,103.567004,138.089339
2552,2015,4,17,8,0.000000,0.000000,0.000000,118.271756,118.271756,157.695675
2553,2015,4,17,9,0.000000,0.000000,0.000000,125.159487,125.159487,166.879316
2554,2015,4,17,10,0.000000,0.000000,0.000000,124.505439,124.505439,166.007252
2555,2015,4,17,11,0.000000,0.000000,0.000000,123.824394,123.824394,165.099192
2556,2015,4,17,12,0.000000,0.000000,0.000000,126.200275,126.200275,168.267033
2557,2015,4,17,13,0.000000,0.000000,0.000000,127.201157,127.201157,169.601543
2558,2015,4,17,14,0.000000,0.000000,0.000000,127.791650,127.791650,170.388866
2559,2015,4,17,15,0.000000,0.000000,0.000000,125.977187,125.977187,167.969582
2560,2015,4,17,16,0.000000,0.000000,0.000000,124.100365,124.100365,165.467153
2561,2015,4,17,17,0.000000,0.000000,0.000000,121.399280,121.399280,161.865706
2562,2015,4,17,18,0.000000,0.000000,0.000000,122.845502,122.845502,163.794003
2563,2015,4,17,19,0.000000,0.000000,0.000000,130.740229,130.740229,174.320305
2564,2015,4,17,20,0.000000,0.000000,0.000000,124.388260,124.388260,165.851013
2565,2015,4,17,21,0.000000,0.000000,0.000000,116.818001,116.818001,155.757334
2566,2015,4,17,22,0.000000,0.000000,0.000000,107.481828,107.481828,143.309104
2567,2015,4,17,23,0.000000,0.000000,0.000000,100.561734,100.561734,134.082312
2568,2015,4,17,24,0.000000,0.000000,0.000000,102.030532,102.030532,136.040710
2569,2015,4,18,1,0.000000,0.000000,0.000000,94.141205,94.141205,125.521606
2570,2015,4,18,2,0.000000,0.000000,0.000000,95.155347,95.155347,126.873796
2571,2015,4,18,3,0.000000,0.000000,0.000000,89.538210,89.538210,119.384280
2572,2015,4,18,4,0.000000,0.000000,0.000000,86.779486,86.779486,115.705982
2573,2015,4,18,5,0.000000,0.000000,0.000000,85.348836,85.348836,113.798448
2574,2015,4,18,6,0.000000,0.000000,0.000000,85.863379,85.863379,114.484506
2575,2015,4,18,7,0.000000,0.000000,0.000000,89.495921,89.495921,119.327895
2576,2015,4,18,8,0.000000,0.000000,0.000000,92.512798,92.512798,123.350397
2577,2015,4,18,9,0.000000,0.000000,0.000000,98.327896,98.327896,131.103861
2578,2015,4,18,10,0.000000,0.000000,0.000000,101.688777,101.688777,135.585036
2579,2015,4,18,11,0.000000,0.000000,0.000000,101.730790,101.730790,135.641053
2580,2015,4,18,12,0.000000,0.000000,0.000000,102.023887,102.023887,136.031849
2581,2015,4,18,13,0.000000,0.000000,0.000000,100.688839,100.688839,134.251785
2582,2015,4,18,14,0.000000,0.000000,0.000000,98.686401,98.686401,131.581869
2583,2015,4,18,15,0.000000,0.000000,0.000000,97.705284,97.705284,130.273712
2584,2015,4,18,16,0.000000,0.000000,0.000000,97.413907,97.413907,129.885210
2585,2015,4,18,17,0.000000,0.000000,0.000000,99.429664,99.429664,132.572885
2586,2015,4,18,18,0.000000,0.000000,0.000000,104.632365,104.632365,139.509820
2587,2015,4,18,19,0.000000,0.000000,0.000000,112.707310,112.707310,150.276413
2588,2015,4,18,20,0.000000,0.000000,0.000000,107.899164,107.899164,143.865552
2589,2015,4,18,21,0.000000,0.000000,0.000000,101.274525,101.274525,135.032700
2590,2015,4,18,22,0.000000,0.000000,0.000000,97.234625,97.234625,129.646167
2591,2015,4,18,23,0.000000,0.000000,0.000000,93.947889,93.947889,125.263852
2592,2015,4,18,24,0.000000,0.000000,0.000000,94.767852,94.767852,126.357136
2593,2015,4,19,1,0.000000,0.000000,0.000000,89.303569,89.303569,119.071426
2594,2015,4,19,2,0.000000,0.000000,0.000000,90.827808,90.827808,121.103744
2595,2015,4,19,3,0.000000,0.000000,0.000000,85.992153,85.992153,114.656204
2596,2015,4,19,4,0.000000,0.000000,0.000000,82.219724,82.219724,109.626298
2597,2015,4,19,5,0.000000,0.000000,0.000000,80.372987,80.372987,107.163982
2598,2015,4,19,6,0.000000,0.000000,0.000000,81.973869,81.973869,109.298492
2599,2015,4,19,7,0.000000,0.000000,0.000000,84.353625,84.353625,112.471500
2600,2015,4,19,8,0.000000,0.000000,0.000000,85.913710,85.913710,114.551613
2601,2015,4,19,9,0.000000,0.000000,0.000000,89.942040,89.942040,119.922720
2602,2015,4,19,10,0.000000,0.000000,0.000000,91.787429,91.787429,122.383238
2603,2015,4,19,11,0.000000,0.000000,0.000000,92.663421,92.663421,123.551228
2604,2015,4,19,12,0.000000,0.000000,0.000000,92.435786,92.435786,123.247715
2605,2015,4,19,13,0.000000,0.000000,0.000000,92.321053,92.321053,123.094737
2606,2015,4,19,14,0.000000,0.000000,0.000000,92.216930,92.216930,122.955906
2607,2015,4,19,15,0.000000,0.000000,0.000000,92.868140,92.868140,123.824187
2608,2015,4,19,16,0.000000,0.000000,0.000000,95.380540,95.380540,127.174054
2609,2015,4,19,17,0.000000,0.000000,0.000000,98.400781,98.400781,131.201041
2610,2015,4,19,18,0.000000,0.000000,0.000000,105.000050,105.000050,140.000066
2611,2015,4,19,19,0.000000,0.000000,0.000000,115.031314,115.031314,153.375086
2612,2015,4,19,20,0.000000,0.000000,0.000000,110.885974,110.885974,147.847966
2613,2015,4,19,21,0.000000,0.000000,0.000000,105.973101,105.973101,141.297468
2614,2015,4,19,22,0.000000,0.000000,0.000000,99.269459,99.269459,132.359279
2615,2015,4,19,23,0.000000,0.000000,0.000000,94.888920,94.888920,126.518560
2616,2015,4,19,24,0.000000,0.000000,0.000000,94.908281,94.908281,126.544375
2617,2015,4,20,1,0.000000,0.000000,0.000000,90.624191,90.624191,120.832255
2618,2015,4,20,2,0.000000,0.000000,0.000000,93.627576,93.627576,124.836768
2619,2015,4,20,3,0.000000,0.000000,0.000000,90.039811,90.039811,120.053081
2620,2015,4,20,4,0.000000,0.000000,0.000000,87.676550,87.676550,116.902067
2621,2015,4,20,5,0.000000,0.000000,0.000000,86.800442,86.800442,115.733923
2622,2015,4,20,6,0.000000,0.000000,0.000000,89.831569,89.831569,119.775425
2623,2015,4,20,7,0.000000,0.000000,0.000000,98.412026,98.412026,131.216035
2624,2015,4,20,8,0.000000,0.000000,0.000000,113.927463,113.927463,151.903285
2625,2015,4,20,9,0.000000,0.000000,0.000000,121.927100,121.927100,162.569467
2626,2015,4,20,10,0.000000,0.000000,0.000000,128.434304,128.434304,171.245738
2627,2015,4,20,11,0.000000,0.000000,0.000000,133.773063,133.773063,178.364084
2628,2015,4,20,12,0.000000,0.000000,0.000000,139.615166,139.615166,186.153555
2629,2015,4,20,13,0.000000,0.000000,0.000000,140.464157,140.464157,187.285543
2630,2015,4,20,14,0.000000,0.000000,0.000000,140.132206,140.132206,186.842942
2631,2015,4,20,15,0.000000,0.000000,0.000000,141.088028,141.088028,188.117370
2632,2015,4,20,16,0.000000,0.000000,0.000000,137.534860,137.534860,183.379813
2633,2015,4,20,17,0.000000,0.000000,0.000000,139.407446,139.407446,185.876595
2634,2015,4,20,18,0.000000,0.000000,0.000000,141.402588,141.402588,188.536783
2635,2015,4,20,19,0.000000,0.000000,0.000000,145.494683,145.494683,193.992910
2636,2015,4,20,20,0.000000,0.000000,0.000000,132.497886,132.497886,176.663848
2637,2015,4,20,21,0.000000,0.000000,0.000000,121.454749,121.454749,161.939666
2638,2015,4,20,22,0.000000,0.000000,0.000000,111.346129,111.346129,148.461505
2639,2015,4,20,23,0.000000,0.000000,0.000000,102.737482,102.737482,136.983309
2640,2015,4,20,24,0.000000,0.000000,0.000000,102.381621,102.381621,136.508827
2641,2015,4,21,1,0.000000,0.000000,0.000000,94.255056,94.255056,125.673408
2642,2015,4,21,2,0.000000,0.000000,0.000000,96.399779,96.399779,128.533038
2643,2015,4,21,3,0.000000,0.000000,0.000000,90.962173,90.962173,121.282898
2644,2015,4,21,4,0.000000,0.000000,0.000000,89.041144,89.041144,118.721525
2645,2015,4,21,5,0.000000,0.000000,0.000000,88.660638,88.660638,118.214184
2646,2015,4,21,6,0.000000,0.000000,0.000000,90.675982,90.675982,120.901309
2647,2015,4,21,7,0.000000,0.000000,0.000000,101.418313,101.418313,135.224417
2648,2015,4,21,8,0.000000,0.000000,0.000000,116.576146,116.576146,155.434861
2649,2015,4,21,9,0.000000,0.000000,0.000000,127.154769,127.154769,169.539691
2650,2015,4,21,10,0.000000,0.000000,0.000000,138.561143,138.561143,184.748191
2651,2015,4,21,11,0.000000,0.000000,0.000000,142.507273,142.507273,190.009697
2652,2015,4,21,12,0.000000,0.000000,0.000000,148.284327,148.284327,197.712436
2653,2015,4,21,13,0.000000,0.000000,0.000000,149.177909,149.177909,198.903879
2654,2015,4,21,14,0.000000,0.000000,0.000000,152.629403,152.629403,203.505870
2655,2015,4,21,15,0.000000,0.000000,0.000000,153.567278,153.567278,204.756371
2656,2015,4,21,16,0.000000,0.000000,0.000000,150.319307,150.319307,200.425743
2657,2015,4,21,17,0.000000,0.000000,0.000000,146.826694,146.826694,195.768925
2658,2015,4,21,18,0.000000,0.000000,0.000000,147.151659,147.151659,196.202212
2659,2015,4,21,19,0.000000,0.000000,0.000000,149.387840,149.387840,199.183787
2660,2015,4,21,20,0.000000,0.000000,0.000000,136.617693,136.617693,182.156924
2661,2015,4,21,21,0.000000,0.000000,0.000000,124.774047,124.774047,166.365396
2662,2015,4,21,22,0.000000,0.000000,0.000000,116.356735,116.356735,155.142313
2663,2015,4,21,23,0.000000,0.000000,0.000000,106.658956,106.658956,142.211941
2664,2015,4,21,24,0.000000,0.000000,0.000000,107.592263,107.592263,143.456350
2665,2015,4,22,1,0.000000,0.000000,0.000000,97.428248,97.428248,129.904331
2666,2015,4,22,2,0.000000,0.000000,0.000000,99.343039,99.343039,132.457386
2667,2015,4,22,3,0.000000,0.000000,0.000000,93.774480,93.774480,125.032639
2668,2015,4,22,4,0.000000,0.000000,0.000000,91.291461,91.291461,121.721947
2669,2015,4,22,5,0.000000,0.000000,0.000000,90.661837,90.661837,120.882449
2670,2015,4,22,6,0.000000,0.000000,0.000000,92.379291,92.379291,123.172388
2671,2015,4,22,7,0.000000,0.000000,0.000000,103.456015,103.456015,137.941353
2672,2015,4,22,8,0.000000,0.000000,0.000000,119.093087,119.093087,158.790783
2673,2015,4,22,9,0.000000,0.000000,0.000000,127.265322,127.265322,169.687096
2674,2015,4,22,10,0.000000,0.000000,0.000000,133.032150,133.032150,177.376200
2675,2015,4,22,11,0.000000,0.000000,0.000000,134.828468,134.828468,179.771290
2676,2015,4,22,12,0.000000,0.000000,0.000000,138.324388,138.324388,184.432517
2677,2015,4,22,13,0.000000,0.000000,0.000000,136.516732,136.516732,182.022309
2678,2015,4,22,14,0.000000,0.000000,0.000000,135.036469,135.036469,180.048625
2679,2015,4,22,15,0.000000,0.000000,0.000000,135.274682,135.274682,180.366243
2680,2015,4,22,16,0.000000,0.000000,0.000000,140.549411,140.549411,187.399214
2681,2015,4,22,17,0.000000,0.000000,0.000000,140.326346,140.326346,187.101794
2682,2015,4,22,18,0.000000,0.000000,0.000000,140.654957,140.654957,187.539943
2683,2015,4,22,19,0.000000,0.000000,0.000000,147.672007,147.672007,196.896009
2684,2015,4,22,20,0.000000,0.000000,0.000000,133.695304,133.695304,178.260405
2685,2015,4,22,21,0.000000,0.000000,0.000000,121.827418,121.827418,162.436558
2686,2015,4,22,22,0.000000,0.000000,0.000000,112.262780,112.262780,149.683707
2687,2015,4,22,23,0.000000,0.000000,0.000000,104.599397,104.599397,139.465863
2688,2015,4,22,24,0.000000,0.000000,0.000000,105.518357,105.518357,140.691143
2689,2015,4,23,1,0.000000,0.000000,0.000000,97.213689,97.213689,129.618252
2690,2015,4,23,2,0.000000,0.000000,0.000000,98.177572,98.177572,130.903429
2691,2015,4,23,3,0.000000,0.000000,0.000000,91.901502,91.901502,122.535337
2692,2015,4,23,4,0.000000,0.000000,0.000000,88.663898,88.663898,118.218531
2693,2015,4,23,5,0.000000,0.000000,0.000000,88.557210,88.557210,118.076280
2694,2015,4,23,6,0.000000,0.000000,0.000000,92.212710,92.212710,122.950279
2695,2015,4,23,7,0.000000,0.000000,0.000000,103.790750,103.790750,138.387666
2696,2015,4,23,8,0.000000,0.000000,0.000000,118.340472,118.340472,157.787296
2697,2015,4,23,9,0.000000,0.000000,0.000000,126.377969,126.377969,168.503959
2698,2015,4,23,10,0.000000,0.000000,0.000000,134.673287,134.673287,179.564383
2699,2015,4,23,11,0.000000,0.000000,0.000000,140.034927,140.034927,186.713237
2700,2015,4,23,12,0.000000,0.000000,0.000000,144.455817,144.455817,192.607756
2701,2015,4,23,13,0.000000,0.000000,0.000000,141.048894,141.048894,188.065193
2702,2015,4,23,14,0.000000,0.000000,0.000000,134.203999,134.203999,178.938665
2703,2015,4,23,15,0.000000,0.000000,0.000000,141.503300,141.503300,188.671067
2704,2015,4,23,16,0.000000,0.000000,0.000000,139.046974,139.046974,185.395966
2705,2015,4,23,17,0.000000,0.000000,0.000000,141.674693,141.674693,188.899591
2706,2015,4,23,18,0.000000,0.000000,0.000000,146.723545,146.723545,195.631394
2707,2015,4,23,19,0.000000,0.000000,0.000000,151.797771,151.797771,202.397027
2708,2015,4,23,20,0.000000,0.000000,0.000000,141.130713,141.130713,188.174283
2709,2015,4,23,21,0.000000,0.000000,0.000000,126.730369,126.730369,168.973825
2710,2015,4,23,22,0.000000,0.000000,0.000000,114.967541,114.967541,153.290054
2711,2015,4,23,23,0.000000,0.000000,0.000000,104.914669,104.914669,139.886225
2712,2015,4,23,24,0.000000,0.000000,0.000000,103.990813,103.990813,138.654418
2713,2015,4,24,1,0.000000,0.000000,0.000000,94.705382,94.705382,126.273843
2714,2015,4,24,2,0.000000,0.000000,0.000000,96.611633,96.611633,128.815511
2715,2015,4,24,3,0.000000,0.000000,0.000000,90.763811,90.763811,121.018414
2716,2015,4,24,4,0.000000,0.000000,0.000000,87.436964,87.436964,116.582618
2717,2015,4,24,5,0.000000,0.000000,0.000000,86.601161,86.601161,115.468215
2718,2015,4,24,6,0.000000,0.000000,0.000000,89.814131,89.814131,119.752175
2719,2015,4,24,7,0.000000,0.000000,0.000000,99.337764,99.337764,132.450352
2720,2015,4,24,8,0.000000,0.000000,0.000000,115.534186,115.534186,154.045582
2721,2015,4,24,9,0.000000,0.000000,0.000000,123.753130,123.753130,165.004173
2722,2015,4,24,10,0.000000,0.000000,0.000000,130.442210,130.442210,173.922946
2723,2015,4,24,11,0.000000,0.000000,0.000000,135.214063,135.214063,180.285417
2724,2015,4,24,12,0.000000,0.000000,0.000000,136.281480,136.281480,181.708640
2725,2015,4,24,13,0.000000,0.000000,0.000000,134.864615,134.864615,179.819486
2726,2015,4,24,14,0.000000,0.000000,0.000000,129.475388,129.475388,172.633851
2727,2015,4,24,15,0.000000,0.000000,0.000000,127.158299,127.158299,169.544398
2728,2015,4,24,16,0.000000,0.000000,0.000000,123.796480,123.796480,165.061974
2729,2015,4,24,17,0.000000,0.000000,0.000000,123.416804,123.416804,164.555739
2730,2015,4,24,18,0.000000,0.000000,0.000000,129.246602,129.246602,172.328803
2731,2015,4,24,19,0.000000,0.000000,0.000000,130.387784,130.387784,173.850379
2732,2015,4,24,20,0.000000,0.000000,0.000000,121.023932,121.023932,161.365243
2733,2015,4,24,21,0.000000,0.000000,0.000000,115.178501,115.178501,153.571335
2734,2015,4,24,22,0.000000,0.000000,0.000000,106.923662,106.923662,142.564883
2735,2015,4,24,23,0.000000,0.000000,0.000000,100.987422,100.987422,134.649896
2736,2015,4,24,24,0.000000,0.000000,0.000000,102.785801,102.785801,137.047734
2737,2015,4,25,1,0.000000,0.000000,0.000000,95.321554,95.321554,127.095405
2738,2015,4,25,2,0.000000,0.000000,0.000000,96.577522,96.577522,128.770029
2739,2015,4,25,3,0.000000,0.000000,0.000000,90.923942,90.923942,121.231922
2740,2015,4,25,4,0.000000,0.000000,0.000000,88.025597,88.025597,117.367462
2741,2015,4,25,5,0.000000,0.000000,0.000000,86.656487,86.656487,115.541983
2742,2015,4,25,6,0.000000,0.000000,0.000000,87.149404,87.149404,116.199206
2743,2015,4,25,7,0.000000,0.000000,0.000000,88.352369,88.352369,117.803159
2744,2015,4,25,8,0.000000,0.000000,0.000000,90.837718,90.837718,121.116957
2745,2015,4,25,9,0.000000,0.000000,0.000000,95.893761,95.893761,127.858348
2746,2015,4,25,10,0.000000,0.000000,0.000000,98.302590,98.302590,131.070120
2747,2015,4,25,11,0.000000,0.000000,0.000000,97.702164,97.702164,130.269552
2748,2015,4,25,12,0.000000,0.000000,0.000000,95.314013,95.314013,127.085350
2749,2015,4,25,13,0.000000,0.000000,0.000000,93.298392,93.298392,124.397857
2750,2015,4,25,14,0.000000,0.000000,0.000000,92.798335,92.798335,123.731114
2751,2015,4,25,15,0.000000,0.000000,0.000000,91.359173,91.359173,121.812231
2752,2015,4,25,16,0.000000,0.000000,0.000000,90.938825,90.938825,121.251767
2753,2015,4,25,17,0.000000,0.000000,0.000000,94.942073,94.942073,126.589430
2754,2015,4,25,18,0.000000,0.000000,0.000000,103.656266,103.656266,138.208355
2755,2015,4,25,19,0.000000,0.000000,0.000000,111.522260,111.522260,148.696347
2756,2015,4,25,20,0.000000,0.000000,0.000000,107.969337,107.969337,143.959116
2757,2015,4,25,21,0.000000,0.000000,0.000000,102.767007,102.767007,137.022677
2758,2015,4,25,22,0.000000,0.000000,0.000000,99.431433,99.431433,132.575244
2759,2015,4,25,23,0.000000,0.000000,0.000000,98.336717,98.336717,131.115623
2760,2015,4,25,24,0.000000,0.000000,0.000000,100.510166,100.510166,134.013555
2761,2015,4,26,1,0.000000,0.000000,0.000000,96.918011,96.918011,129.224014
2762,2015,4,26,2,0.000000,0.000000,0.000000,99.209773,99.209773,132.279698
2763,2015,4,26,3,0.000000,0.000000,0.000000,93.567797,93.567797,124.757063
2764,2015,4,26,4,0.000000,0.000000,0.000000,91.922606,91.922606,122.563475
2765,2015,4,26,5,0.000000,0.000000,0.000000,90.895594,90.895594,121.194126
2766,2015,4,26,6,0.000000,0.000000,0.000000,90.907826,90.907826,121.210434
2767,2015,4,26,7,0.000000,0.000000,0.000000,92.352549,92.352549,123.136733
2768,2015,4,26,8,0.000000,0.000000,0.000000,93.508019,93.508019,124.677359
2769,2015,4,26,9,0.000000,0.000000,0.000000,97.830490,97.830490,130.440653
2770,2015,4,26,10,0.000000,0.000000,0.000000,98.394560,98.394560,131.192746
2771,2015,4,26,11,0.000000,0.000000,0.000000,96.172370,96.172370,128.229826
2772,2015,4,26,12,0.000000,0.000000,0.000000,95.428631,95.428631,127.238175
2773,2015,4,26,13,0.000000,0.000000,0.000000,94.516316,94.516316,126.021755
2774,2015,4,26,14,0.000000,0.000000,0.000000,93.826883,93.826883,125.102511
2775,2015,4,26,15,0.000000,0.000000,0.000000,93.096016,93.096016,124.128022
2776,2015,4,26,16,0.000000,0.000000,0.000000,93.428225,93.428225,124.570967
2777,2015,4,26,17,0.000000,0.000000,0.000000,96.175718,96.175718,128.234291
2778,2015,4,26,18,0.000000,0.000000,0.000000,103.410378,103.410378,137.880504
2779,2015,4,26,19,0.000000,0.000000,0.000000,116.807609,116.807609,155.743478
2780,2015,4,26,20,0.000000,0.000000,0.000000,115.430220,115.430220,153.906961
2781,2015,4,26,21,0.000000,0.000000,0.000000,111.535429,111.535429,148.713905
2782,2015,4,26,22,0.000000,0.000000,0.000000,107.653061,107.653061,143.537415
2783,2015,4,26,23,0.000000,0.000000,0.000000,105.019231,105.019231,140.025641
2784,2015,4,26,24,0.000000,0.000000,0.000000,106.098745,106.098745,141.464993
2785,2015,4,27,1,0.000000,0.000000,0.000000,100.371356,100.371356,133.828475
2786,2015,4,27,2,0.000000,0.000000,0.000000,102.664695,102.664695,136.886260
2787,2015,4,27,3,0.000000,0.000000,0.000000,97.422636,97.422636,129.896848
2788,2015,4,27,4,0.000000,0.000000,0.000000,94.209734,94.209734,125.612979
2789,2015,4,27,5,0.000000,0.000000,0.000000,93.672620,93.672620,124.896826
2790,2015,4,27,6,0.000000,0.000000,0.000000,93.409730,93.409730,124.546306
2791,2015,4,27,7,0.000000,0.000000,0.000000,94.560103,94.560103,126.080138
2792,2015,4,27,8,0.000000,0.000000,0.000000,95.070348,95.070348,126.760464
2793,2015,4,27,9,0.000000,0.000000,0.000000,98.202834,98.202834,130.937112
2794,2015,4,27,10,0.000000,0.000000,0.000000,98.699189,98.699189,131.598918
2795,2015,4,27,11,0.000000,0.000000,0.000000,97.362421,97.362421,129.816561
2796,2015,4,27,12,0.000000,0.000000,0.000000,95.749751,95.749751,127.666335
2797,2015,4,27,13,0.000000,0.000000,0.000000,92.972427,92.972427,123.963236
2798,2015,4,27,14,0.000000,0.000000,0.000000,90.436674,90.436674,120.582232
2799,2015,4,27,15,0.000000,0.000000,0.000000,89.136618,89.136618,118.848824
2800,2015,4,27,16,0.000000,0.000000,0.000000,90.202662,90.202662,120.270216
2801,2015,4,27,17,0.000000,0.000000,0.000000,94.018209,94.018209,125.357612
2802,2015,4,27,18,0.000000,0.000000,0.000000,107.166508,107.166508,142.888677
2803,2015,4,27,19,0.000000,0.000000,0.000000,119.349344,119.349344,159.132459
2804,2015,4,27,20,0.000000,0.000000,0.000000,113.969243,113.969243,151.958990
2805,2015,4,27,21,0.000000,0.000000,0.000000,106.319698,106.319698,141.759598
2806,2015,4,27,22,0.000000,0.000000,0.000000,99.084178,99.084178,132.112237
2807,2015,4,27,23,0.000000,0.000000,0.000000,94.099947,94.099947,125.466597
2808,2015,4,27,24,0.000000,0.000000,0.000000,95.322633,95.322633,127.096844
2809,2015,4,28,1,0.000000,0.000000,0.000000,91.773497,91.773497,122.364663
2810,2015,4,28,2,0.000000,0.000000,0.000000,95.355233,95.355233,127.140310
2811,2015,4,28,3,0.000000,0.000000,0.000000,90.654931,90.654931,120.873242
2812,2015,4,28,4,0.000000,0.000000,0.000000,87.692880,87.692880,116.923840
2813,2015,4,28,5,0.000000,0.000000,0.000000,86.955954,86.955954,115.941272
2814,2015,4,28,6,0.000000,0.000000,0.000000,89.816218,89.816218,119.754958
2815,2015,4,28,7,0.000000,0.000000,0.000000,100.847120,100.847120,134.462827
2816,2015,4,28,8,0.000000,0.000000,0.000000,119.899386,119.899386,159.865848
2817,2015,4,28,9,0.000000,0.000000,0.000000,134.406736,134.406736,179.208982
2818,2015,4,28,10,0.000000,0.000000,0.000000,135.479279,135.479279,180.639038
2819,2015,4,28,11,0.000000,0.000000,0.000000,131.738906,131.738906,175.651875
2820,2015,4,28,12,0.000000,0.000000,0.000000,129.853684,129.853684,173.138245
2821,2015,4,28,13,0.000000,0.000000,0.000000,126.521322,126.521322,168.695097
2822,2015,4,28,14,0.000000,0.000000,0.000000,127.292814,127.292814,169.723752
2823,2015,4,28,15,0.000000,0.000000,0.000000,124.422122,124.422122,165.896163
2824,2015,4,28,16,0.000000,0.000000,0.000000,123.240588,123.240588,164.320783
2825,2015,4,28,17,0.000000,0.000000,0.000000,129.587929,129.587929,172.783905
2826,2015,4,28,18,0.000000,0.000000,0.000000,147.809480,147.809480,197.079307
2827,2015,4,28,19,0.000000,0.000000,0.000000,156.697359,156.697359,208.929812
2828,2015,4,28,20,0.000000,0.000000,0.000000,146.000409,146.000409,194.667212
2829,2015,4,28,21,0.000000,0.000000,0.000000,132.141255,132.141255,176.188340
2830,2015,4,28,22,0.000000,0.000000,0.000000,119.558532,119.558532,159.411376
2831,2015,4,28,23,0.000000,0.000000,0.000000,107.698679,107.698679,143.598238
2832,2015,4,28,24,0.000000,0.000000,0.000000,108.167402,108.167402,144.223203
2833,2015,4,29,1,0.000000,0.000000,0.000000,99.367695,99.367695,132.490260
2834,2015,4,29,2,0.000000,0.000000,0.000000,100.693649,100.693649,134.258199
2835,2015,4,29,3,0.000000,0.000000,0.000000,94.671799,94.671799,126.229066
2836,2015,4,29,4,0.000000,0.000000,0.000000,91.680361,91.680361,122.240481
2837,2015,4,29,5,0.000000,0.000000,0.000000,91.255856,91.255856,121.674475
2838,2015,4,29,6,0.000000,0.000000,0.000000,94.404470,94.404470,125.872627
2839,2015,4,29,7,0.000000,0.000000,0.000000,105.122873,105.122873,140.163830
2840,2015,4,29,8,0.000000,0.000000,0.000000,125.424086,125.424086,167.232114
2841,2015,4,29,9,0.000000,0.000000,0.000000,133.618376,133.618376,178.157835
2842,2015,4,29,10,0.000000,0.000000,0.000000,130.214401,130.214401,173.619201
2843,2015,4,29,11,0.000000,0.000000,0.000000,126.928879,126.928879,169.238506
2844,2015,4,29,12,0.000000,0.000000,0.000000,124.627859,124.627859,166.170479
2845,2015,4,29,13,0.000000,0.000000,0.000000,122.123266,122.123266,162.831021
2846,2015,4,29,14,0.000000,0.000000,0.000000,122.959009,122.959009,163.945345
2847,2015,4,29,15,0.000000,0.000000,0.000000,121.819668,121.819668,162.426223
2848,2015,4,29,16,0.000000,0.000000,0.000000,120.902779,120.902779,161.203705
2849,2015,4,29,17,0.000000,0.000000,0.000000,123.434100,123.434100,164.578800
2850,2015,4,29,18,0.000000,0.000000,0.000000,138.234122,138.234122,184.312163
2851,2015,4,29,19,0.000000,0.000000,0.000000,148.896597,148.896597,198.528796
2852,2015,4,29,20,0.000000,0.000000,0.000000,136.869316,136.869316,182.492422
2853,2015,4,29,21,0.000000,0.000000,0.000000,126.132145,126.132145,168.176193
2854,2015,4,29,22,0.000000,0.000000,0.000000,117.400209,117.400209,156.533613
2855,2015,4,29,23,0.000000,0.000000,0.000000,107.181030,107.181030,142.908040
2856,2015,4,29,24,0.000000,0.000000,0.000000,108.708819,108.708819,144.945093
2857,2015,4,30,1,0.000000,0.000000,0.000000,99.717887,99.717887,132.957183
2858,2015,4,30,2,0.000000,0.000000,0.000000,100.687547,100.687547,134.250063
2859,2015,4,30,3,0.000000,0.000000,0.000000,94.407208,94.407208,125.876277
2860,2015,4,30,4,0.000000,0.000000,0.000000,89.587760,89.587760,119.450347
2861,2015,4,30,5,0.000000,0.000000,0.000000,89.192772,89.192772,118.923696
2862,2015,4,30,6,0.000000,0.000000,0.000000,91.032522,91.032522,121.376696
2863,2015,4,30,7,0.000000,0.000000,0.000000,100.729032,100.729032,134.305376
2864,2015,4,30,8,0.000000,0.000000,0.000000,118.293113,118.293113,157.724151
2865,2015,4,30,9,0.000000,0.000000,0.000000,124.283330,124.283330,165.711107
2866,2015,4,30,10,0.000000,0.000000,0.000000,125.608333,125.608333,167.477777
2867,2015,4,30,11,0.000000,0.000000,0.000000,122.679254,122.679254,163.572338
2868,2015,4,30,12,0.000000,0.000000,0.000000,120.706103,120.706103,160.941470
2869,2015,4,30,13,0.000000,0.000000,0.000000,118.449272,118.449272,157.932363
2870,2015,4,30,14,0.000000,0.000000,0.000000,117.728628,117.728628,156.971504
2871,2015,4,30,15,0.000000,0.000000,0.000000,117.394357,117.394357,156.525809
2872,2015,4,30,16,0.000000,0.000000,0.000000,117.331113,117.331113,156.441484
2873,2015,4,30,17,0.000000,0.000000,0.000000,122.914126,122.914126,163.885501
2874,2015,4,30,18,0.000000,0.000000,0.000000,139.165828,139.165828,185.554437
2875,2015,4,30,19,0.000000,0.000000,0.000000,153.630923,153.630923,204.841230
2876,2015,4,30,20,0.000000,0.000000,0.000000,145.112200,145.112200,193.482934
2877,2015,4,30,21,0.000000,0.000000,0.000000,136.532729,136.532729,182.043638
2878,2015,4,30,22,0.000000,0.000000,0.000000,123.928102,123.928102,165.237469
2879,2015,4,30,23,0.000000,0.000000,0.000000,113.817497,113.817497,151.756663
2880,2015,4,30,24,0.000000,0.000000,0.000000,113.105150,113.105150,150.806867
2881,2015,5,1,1,0.000000,0.000000,0.000000,104.578858,104.578858,139.438477
2882,2015,5,1,2,0.000000,0.000000,0.000000,107.462339,107.462339,143.283119
2883,2015,5,1,3,0.000000,0.000000,0.000000,100.689052,100.689052,134.252069
2884,2015,5,1,4,0.000000,0.000000,0.000000,97.518731,97.518731,130.024974
2885,2015,5,1,5,0.000000,0.000000,0.000000,97.000084,97.000084,129.333446
2886,2015,5,1,6,0.000000,0.000000,0.000000,99.933822,99.933822,133.245095
2887,2015,5,1,7,0.000000,0.000000,0.000000,113.087158,113.087158,150.782877
2888,2015,5,1,8,0.000000,0.000000,0.000000,131.042788,131.042788,174.723717
2889,2015,5,1,9,0.000000,0.000000,0.000000,141.619923,141.619923,188.826564
2890,2015,5,1,10,0.000000,0.000000,0.000000,145.067484,145.067484,193.423312
2891,2015,5,1,11,0.000000,0.000000,0.000000,142.420639,142.420639,189.894185
2892,2015,5,1,12,0.000000,0.000000,0.000000,139.779668,139.779668,186.372891
2893,2015,5,1,13,0.000000,0.000000,0.000000,135.473904,135.473904,180.631873
2894,2015,5,1,14,0.000000,0.000000,0.000000,132.360210,132.360210,176.480280
2895,2015,5,1,15,0.000000,0.000000,0.000000,128.945086,128.945086,171.926782
2896,2015,5,1,16,0.000000,0.000000,0.000000,126.321268,126.321268,168.428357
2897,2015,5,1,17,0.000000,0.000000,0.000000,128.784668,128.784668,171.712891
2898,2015,5,1,18,0.000000,0.000000,0.000000,141.182586,141.182586,188.243448
2899,2015,5,1,19,0.000000,0.000000,0.000000,152.728487,152.728487,203.637983
2900,2015,5,1,20,0.000000,0.000000,0.000000,142.018178,142.018178,189.357571
2901,2015,5,1,21,0.000000,0.000000,0.000000,130.458946,130.458946,173.945261
2902,2015,5,1,22,0.000000,0.000000,0.000000,119.848686,119.848686,159.798248
2903,2015,5,1,23,0.000000,0.000000,0.000000,112.299304,112.299304,149.732405
2904,2015,5,1,24,0.000000,0.000000,0.000000,113.284214,113.284214,151.045618
2905,2015,5,2,1,0.000000,0.000000,0.000000,101.860400,101.860400,135.813867
2906,2015,5,2,2,0.000000,0.000000,0.000000,102.524285,102.524285,136.699047
2907,2015,5,2,3,0.000000,0.000000,0.000000,95.139690,95.139690,126.852920
2908,2015,5,2,4,0.000000,0.000000,0.000000,91.150300,91.150300,121.533733
2909,2015,5,2,5,0.000000,0.000000,0.000000,88.961630,88.961630,118.615506
2910,2015,5,2,6,0.000000,0.000000,0.000000,88.699981,88.699981,118.266642
2911,2015,5,2,7,0.000000,0.000000,0.000000,91.601398,91.601398,122.135198
2912,2015,5,2,8,0.000000,0.000000,0.000000,95.228404,95.228404,126.971206
2913,2015,5,2,9,0.000000,0.000000,0.000000,101.411410,101.411410,135.215213
2914,2015,5,2,10,0.000000,0.000000,0.000000,102.203548,102.203548,136.271397
2915,2015,5,2,11,0.000000,0.000000,0.000000,99.590125,99.590125,132.786834
2916,2015,5,2,12,0.000000,0.000000,0.000000,95.514599,95.514599,127.352798
2917,2015,5,2,13,0.000000,0.000000,0.000000,92.270880,92.270880,123.027840
2918,2015,5,2,14,0.000000,0.000000,0.000000,89.505038,89.505038,119.340050
2919,2015,5,2,15,0.000000,0.000000,0.000000,88.059664,88.059664,117.412885
2920,2015,5,2,16,0.000000,0.000000,0.000000,88.067694,88.067694,117.423592
2921,2015,5,2,17,0.000000,0.000000,0.000000,90.371274,90.371274,120.495031
2922,2015,5,2,18,0.000000,0.000000,0.000000,98.343567,98.343567,131.124756
2923,2015,5,2,19,0.000000,0.000000,0.000000,110.883970,110.883970,147.845294
2924,2015,5,2,20,0.000000,0.000000,0.000000,106.348292,106.348292,141.797723
2925,2015,5,2,21,0.000000,0.000000,0.000000,101.322632,101.322632,135.096843
2926,2015,5,2,22,0.000000,0.000000,0.000000,98.020327,98.020327,130.693769
2927,2015,5,2,23,0.000000,0.000000,0.000000,95.042777,95.042777,126.723703
2928,2015,5,2,24,0.000000,0.000000,0.000000,95.926943,95.926943,127.902591
2929,2015,5,3,1,0.000000,0.000000,0.000000,91.104196,91.104196,121.472261
2930,2015,5,3,2,0.000000,0.000000,0.000000,91.964344,91.964344,122.619126
2931,2015,5,3,3,0.000000,0.000000,0.000000,86.827757,86.827757,115.770343
2932,2015,5,3,4,0.000000,0.000000,0.000000,83.950380,83.950380,111.933840
2933,2015,5,3,5,0.000000,0.000000,0.000000,82.070339,82.070339,109.427118
2934,2015,5,3,6,0.000000,0.000000,0.000000,82.637864,82.637864,110.183819
2935,2015,5,3,7,0.000000,0.000000,0.000000,85.188925,85.188925,113.585233
2936,2015,5,3,8,0.000000,0.000000,0.000000,87.028210,87.028210,116.037613
2937,2015,5,3,9,0.000000,0.000000,0.000000,90.682447,90.682447,120.909929
2938,2015,5,3,10,0.000000,0.000000,0.000000,93.024572,93.024572,124.032762
2939,2015,5,3,11,0.000000,0.000000,0.000000,93.712282,93.712282,124.949710
2940,2015,5,3,12,0.000000,0.000000,0.000000,94.107070,94.107070,125.476094
2941,2015,5,3,13,0.000000,0.000000,0.000000,94.012318,94.012318,125.349757
2942,2015,5,3,14,0.000000,0.000000,0.000000,93.035679,93.035679,124.047573
2943,2015,5,3,15,0.000000,0.000000,0.000000,92.306868,92.306868,123.075825
2944,2015,5,3,16,0.000000,0.000000,0.000000,93.550122,93.550122,124.733496
2945,2015,5,3,17,0.000000,0.000000,0.000000,98.198422,98.198422,130.931229
2946,2015,5,3,18,0.000000,0.000000,0.000000,111.162453,111.162453,148.216604
2947,2015,5,3,19,0.000000,0.000000,0.000000,124.981304,124.981304,166.641739
2948,2015,5,3,20,0.000000,0.000000,0.000000,120.347755,120.347755,160.463673
2949,2015,5,3,21,0.000000,0.000000,0.000000,116.629568,116.629568,155.506090
2950,2015,5,3,22,0.000000,0.000000,0.000000,110.531809,110.531809,147.375745
2951,2015,5,3,23,0.000000,0.000000,0.000000,103.281595,103.281595,137.708794
2952,2015,5,3,24,0.000000,0.000000,0.000000,103.347199,103.347199,137.796266
2953,2015,5,4,1,0.000000,0.000000,0.000000,98.214698,98.214698,130.952930
2954,2015,5,4,2,0.000000,0.000000,0.000000,101.063609,101.063609,134.751478
2955,2015,5,4,3,0.000000,0.000000,0.000000,97.163621,97.163621,129.551495
2956,2015,5,4,4,0.000000,0.000000,0.000000,95.043929,95.043929,126.725238
2957,2015,5,4,5,0.000000,0.000000,0.000000,94.600113,94.600113,126.133484
2958,2015,5,4,6,0.000000,0.000000,0.000000,97.819979,97.819979,130.426639
2959,2015,5,4,7,0.000000,0.000000,0.000000,110.816125,110.816125,147.754833
2960,2015,5,4,8,0.000000,0.000000,0.000000,131.978684,131.978684,175.971579
2961,2015,5,4,9,0.000000,0.000000,0.000000,141.453668,141.453668,188.604890
2962,2015,5,4,10,0.000000,0.000000,0.000000,138.700411,138.700411,184.933882
2963,2015,5,4,11,0.000000,0.000000,0.000000,133.647682,133.647682,178.196910
2964,2015,5,4,12,0.000000,0.000000,0.000000,130.928944,130.928944,174.571925
2965,2015,5,4,13,0.000000,0.000000,0.000000,126.183875,126.183875,168.245166
2966,2015,5,4,14,0.000000,0.000000,0.000000,124.319797,124.319797,165.759729
2967,2015,5,4,15,0.000000,0.000000,0.000000,120.773668,120.773668,161.031557
2968,2015,5,4,16,0.000000,0.000000,0.000000,118.070848,118.070848,157.427797
2969,2015,5,4,17,0.000000,0.000000,0.000000,119.815428,119.815428,159.753904
2970,2015,5,4,18,0.000000,0.000000,0.000000,130.826578,130.826578,174.435438
2971,2015,5,4,19,0.000000,0.000000,0.000000,137.390219,137.390219,183.186959
2972,2015,5,4,20,0.000000,0.000000,0.000000,122.967625,122.967625,163.956833
2973,2015,5,4,21,0.000000,0.000000,0.000000,115.907688,115.907688,154.543584
2974,2015,5,4,22,0.000000,0.000000,0.000000,106.728651,106.728651,142.304868
2975,2015,5,4,23,0.000000,0.000000,0.000000,98.278380,98.278380,131.037840
2976,2015,5,4,24,0.000000,0.000000,0.000000,99.243534,99.243534,132.324712
2977,2015,5,5,1,0.000000,0.000000,0.000000,93.005495,93.005495,124.007327
2978,2015,5,5,2,0.000000,0.000000,0.000000,94.619021,94.619021,126.158694
2979,2015,5,5,3,0.000000,0.000000,0.000000,90.347801,90.347801,120.463734
2980,2015,5,5,4,0.000000,0.000000,0.000000,87.097196,87.097196,116.129595
2981,2015,5,5,5,0.000000,0.000000,0.000000,86.027626,86.027626,114.703502
2982,2015,5,5,6,0.000000,0.000000,0.000000,89.136932,89.136932,118.849242
2983,2015,5,5,7,0.000000,0.000000,0.000000,98.288846,98.288846,131.051795
2984,2015,5,5,8,0.000000,0.000000,0.000000,114.569901,114.569901,152.759869
2985,2015,5,5,9,0.000000,0.000000,0.000000,119.796737,119.796737,159.728983
2986,2015,5,5,10,0.000000,0.000000,0.000000,120.118635,120.118635,160.158181
2987,2015,5,5,11,0.000000,0.000000,0.000000,119.356244,119.356244,159.141658
2988,2015,5,5,12,0.000000,0.000000,0.000000,120.022405,120.022405,160.029874
2989,2015,5,5,13,0.000000,0.000000,0.000000,121.199745,121.199745,161.599660
2990,2015,5,5,14,0.000000,0.000000,0.000000,120.629076,120.629076,160.838768
2991,2015,5,5,15,0.000000,0.000000,0.000000,120.485353,120.485353,160.647137
2992,2015,5,5,16,0.000000,0.000000,0.000000,118.943165,118.943165,158.590887
2993,2015,5,5,17,0.000000,0.000000,0.000000,128.002214,128.002214,170.669618
2994,2015,5,5,18,0.000000,0.000000,0.000000,146.225287,146.225287,194.967050
2995,2015,5,5,19,0.000000,0.000000,0.000000,147.786800,147.786800,197.049067
2996,2015,5,5,20,0.000000,0.000000,0.000000,132.873083,132.873083,177.164110
2997,2015,5,5,21,0.000000,0.000000,0.000000,122.876295,122.876295,163.835060
2998,2015,5,5,22,0.000000,0.000000,0.000000,114.436074,114.436074,152.581432
2999,2015,5,5,23,0.000000,0.000000,0.000000,102.433690,102.433690,136.578253
3000,2015,5,5,24,0.000000,0.000000,0.000000,101.535247,101.535247,135.380329
3001,2015,5,6,1,0.000000,0.000000,0.000000,96.182802,96.182802,128.243736
3002,2015,5,6,2,0.000000,0.000000,0.000000,98.701508,98.701508,131.602011
3003,2015,5,6,3,0.000000,0.000000,0.000000,93.970693,93.970693,125.294257
3004,2015,5,6,4,0.000000,0.000000,0.000000,90.641597,90.641597,120.855462
3005,2015,5,6,5,0.000000,0.000000,0.000000,90.810145,90.810145,121.080193
3006,2015,5,6,6,0.000000,0.000000,0.000000,95.168782,95.168782,126.891710
3007,2015,5,6,7,0.000000,0.000000,0.000000,109.390823,109.390823,145.854431
3008,2015,5,6,8,0.000000,0.000000,0.000000,131.525516,131.525516,175.367355
3009,2015,5,6,9,0.000000,0.000000,0.000000,141.434030,141.434030,188.578707
3010,2015,5,6,10,0.000000,0.000000,0.000000,142.691554,142.691554,190.255405
3011,2015,5,6,11,0.000000,0.000000,0.000000,138.671298,138.671298,184.895064
3012,2015,5,6,12,0.000000,0.000000,0.000000,131.526735,131.526735,175.368980
3013,2015,5,6,13,0.000000,0.000000,0.000000,129.224298,129.224298,172.299064
3014,2015,5,6,14,0.000000,0.000000,0.000000,128.081989,128.081989,170.775986
3015,2015,5,6,15,0.000000,0.000000,0.000000,127.936320,127.936320,170.581761
3016,2015,5,6,16,0.000000,0.000000,0.000000,128.394292,128.394292,171.192389
3017,2015,5,6,17,0.000000,0.000000,0.000000,135.015385,135.015385,180.020513
3018,2015,5,6,18,0.000000,0.000000,0.000000,158.288973,158.288973,211.051964
3019,2015,5,6,19,0.000000,0.000000,0.000000,166.037730,166.037730,221.383641
3020,2015,5,6,20,0.000000,0.000000,0.000000,153.387492,153.387492,204.516657
3021,2015,5,6,21,0.000000,0.000000,0.000000,140.303811,140.303811,187.071748
3022,2015,5,6,22,0.000000,0.000000,0.000000,125.824156,125.824156,167.765541
3023,2015,5,6,23,0.000000,0.000000,0.000000,112.625537,112.625537,150.167382
3024,2015,5,6,24,0.000000,0.000000,0.000000,111.077280,111.077280,148.103040
3025,2015,5,7,1,0.000000,0.000000,0.000000,100.888780,100.888780,134.518373
3026,2015,5,7,2,0.000000,0.000000,0.000000,102.423876,102.423876,136.565168
3027,2015,5,7,3,0.000000,0.000000,0.000000,95.801577,95.801577,127.735436
3028,2015,5,7,4,0.000000,0.000000,0.000000,91.319717,91.319717,121.759623
3029,2015,5,7,5,0.000000,0.000000,0.000000,90.131423,90.131423,120.175231
3030,2015,5,7,6,0.000000,0.000000,0.000000,93.418672,93.418672,124.558229
3031,2015,5,7,7,0.000000,0.000000,0.000000,110.044818,110.044818,146.726423
3032,2015,5,7,8,0.000000,0.000000,0.000000,131.611346,131.611346,175.481795
3033,2015,5,7,9,0.000000,0.000000,0.000000,142.137364,142.137364,189.516485
3034,2015,5,7,10,0.000000,0.000000,0.000000,141.507109,141.507109,188.676146
3035,2015,5,7,11,0.000000,0.000000,0.000000,134.207432,134.207432,178.943242
3036,2015,5,7,12,0.000000,0.000000,0.000000,130.404913,130.404913,173.873217
3037,2015,5,7,13,0.000000,0.000000,0.000000,129.553489,129.553489,172.737986
3038,2015,5,7,14,0.000000,0.000000,0.000000,125.779822,125.779822,167.706429
3039,2015,5,7,15,0.000000,0.000000,0.000000,124.177649,124.177649,165.570198
3040,2015,5,7,16,0.000000,0.000000,0.000000,122.972237,122.972237,163.962982
3041,2015,5,7,17,0.000000,0.000000,0.000000,125.316414,125.316414,167.088552
3042,2015,5,7,18,0.000000,0.000000,0.000000,141.751948,141.751948,189.002598
3043,2015,5,7,19,0.000000,0.000000,0.000000,159.211400,159.211400,212.281867
3044,2015,5,7,20,0.000000,0.000000,0.000000,149.905067,149.905067,199.873422
3045,2015,5,7,21,0.000000,0.000000,0.000000,138.779815,138.779815,185.039753
3046,2015,5,7,22,0.000000,0.000000,0.000000,122.154907,122.154907,162.873209
3047,2015,5,7,23,0.000000,0.000000,0.000000,109.397675,109.397675,145.863567
3048,2015,5,7,24,0.000000,0.000000,0.000000,108.560501,108.560501,144.747334
3049,2015,5,8,1,0.000000,0.000000,0.000000,100.594190,100.594190,134.125587
3050,2015,5,8,2,0.000000,0.000000,0.000000,103.345943,103.345943,137.794590
3051,2015,5,8,3,0.000000,0.000000,0.000000,96.417381,96.417381,128.556508
3052,2015,5,8,4,0.000000,0.000000,0.000000,92.726751,92.726751,123.635669
3053,2015,5,8,5,0.000000,0.000000,0.000000,90.948776,90.948776,121.265035
3054,2015,5,8,6,0.000000,0.000000,0.000000,93.601634,93.601634,124.802179
3055,2015,5,8,7,0.000000,0.000000,0.000000,106.953354,106.953354,142.604471
3056,2015,5,8,8,0.000000,0.000000,0.000000,126.859669,126.859669,169.146226
3057,2015,5,8,9,0.000000,0.000000,0.000000,137.939106,137.939106,183.918809
3058,2015,5,8,10,0.000000,0.000000,0.000000,137.636417,137.636417,183.515222
3059,2015,5,8,11,0.000000,0.000000,0.000000,133.203162,133.203162,177.604216
3060,2015,5,8,12,0.000000,0.000000,0.000000,127.997139,127.997139,170.662853
3061,2015,5,8,13,0.000000,0.000000,0.000000,127.504971,127.504971,170.006628
3062,2015,5,8,14,0.000000,0.000000,0.000000,129.095701,129.095701,172.127601
3063,2015,5,8,15,0.000000,0.000000,0.000000,126.686317,126.686317,168.915090
3064,2015,5,8,16,0.000000,0.000000,0.000000,126.169652,126.169652,168.226202
3065,2015,5,8,17,0.000000,0.000000,0.000000,132.246764,132.246764,176.329019
3066,2015,5,8,18,0.000000,0.000000,0.000000,148.265384,148.265384,197.687179
3067,2015,5,8,19,0.000000,0.000000,0.000000,152.105156,152.105156,202.806874
3068,2015,5,8,20,0.000000,0.000000,0.000000,139.610391,139.610391,186.147188
3069,2015,5,8,21,0.000000,0.000000,0.000000,129.167746,129.167746,172.223661
3070,2015,5,8,22,0.000000,0.000000,0.000000,117.942062,117.942062,157.256082
3071,2015,5,8,23,0.000000,0.000000,0.000000,109.744153,109.744153,146.325537
3072,2015,5,8,24,0.000000,0.000000,0.000000,110.428294,110.428294,147.237726
3073,2015,5,9,1,0.000000,0.000000,0.000000,99.205665,99.205665,132.274220
3074,2015,5,9,2,0.000000,0.000000,0.000000,100.596792,100.596792,134.129055
3075,2015,5,9,3,0.000000,0.000000,0.000000,94.361541,94.361541,125.815388
3076,2015,5,9,4,0.000000,0.000000,0.000000,90.843473,90.843473,121.124631
3077,2015,5,9,5,0.000000,0.000000,0.000000,89.159326,89.159326,118.879101
3078,2015,5,9,6,0.000000,0.000000,0.000000,89.739967,89.739967,119.653289
3079,2015,5,9,7,0.000000,0.000000,0.000000,92.756208,92.756208,123.674944
3080,2015,5,9,8,0.000000,0.000000,0.000000,96.660826,96.660826,128.881102
3081,2015,5,9,9,0.000000,0.000000,0.000000,104.916119,104.916119,139.888159
3082,2015,5,9,10,0.000000,0.000000,0.000000,109.107573,109.107573,145.476765
3083,2015,5,9,11,0.000000,0.000000,0.000000,106.290869,106.290869,141.721158
3084,2015,5,9,12,0.000000,0.000000,0.000000,103.212202,103.212202,137.616269
3085,2015,5,9,13,0.000000,0.000000,0.000000,100.919905,100.919905,134.559874
3086,2015,5,9,14,0.000000,0.000000,0.000000,99.255477,99.255477,132.340635
3087,2015,5,9,15,0.000000,0.000000,0.000000,97.471049,97.471049,129.961399
3088,2015,5,9,16,0.000000,0.000000,0.000000,97.325774,97.325774,129.767699
3089,2015,5,9,17,0.000000,0.000000,0.000000,100.292519,100.292519,133.723358
3090,2015,5,9,18,0.000000,0.000000,0.000000,113.019514,113.019514,150.692685
3091,2015,5,9,19,0.000000,0.000000,0.000000,125.084526,125.084526,166.779368
3092,2015,5,9,20,0.000000,0.000000,0.000000,120.731904,120.731904,160.975872
3093,2015,5,9,21,0.000000,0.000000,0.000000,115.218956,115.218956,153.625274
3094,2015,5,9,22,0.000000,0.000000,0.000000,111.361032,111.361032,148.481375
3095,2015,5,9,23,0.000000,0.000000,0.000000,105.177368,105.177368,140.236491
3096,2015,5,9,24,0.000000,0.000000,0.000000,105.041762,105.041762,140.055682
3097,2015,5,10,1,0.000000,0.000000,0.000000,98.158397,98.158397,130.877863
3098,2015,5,10,2,0.000000,0.000000,0.000000,99.008740,99.008740,132.011654
3099,2015,5,10,3,0.000000,0.000000,0.000000,93.230132,93.230132,124.306843
3100,2015,5,10,4,0.000000,0.000000,0.000000,89.106459,89.106459,118.808612
3101,2015,5,10,5,0.000000,0.000000,0.000000,85.965235,85.965235,114.620314
3102,2015,5,10,6,0.000000,0.000000,0.000000,85.821274,85.821274,114.428365
3103,2015,5,10,7,0.000000,0.000000,0.000000,87.187590,87.187590,116.250120
3104,2015,5,10,8,0.000000,0.000000,0.000000,89.641225,89.641225,119.521633
3105,2015,5,10,9,0.000000,0.000000,0.000000,93.552957,93.552957,124.737276
3106,2015,5,10,10,0.000000,0.000000,0.000000,95.001130,95.001130,126.668173
3107,2015,5,10,11,0.000000,0.000000,0.000000,93.538453,93.538453,124.717938
3108,2015,5,10,12,0.000000,0.000000,0.000000,90.732148,90.732148,120.976198
3109,2015,5,10,13,0.000000,0.000000,0.000000,88.813453,88.813453,118.417938
3110,2015,5,10,14,0.000000,0.000000,0.000000,88.165776,88.165776,117.554368
3111,2015,5,10,15,0.000000,0.000000,0.000000,87.901963,87.901963,117.202618
3112,2015,5,10,16,0.000000,0.000000,0.000000,89.437814,89.437814,119.250419
3113,2015,5,10,17,0.000000,0.000000,0.000000,92.490845,92.490845,123.321126
3114,2015,5,10,18,0.000000,0.000000,0.000000,103.491444,103.491444,137.988592
3115,2015,5,10,19,0.000000,0.000000,0.000000,114.430693,114.430693,152.574257
3116,2015,5,10,20,0.000000,0.000000,0.000000,111.113498,111.113498,148.151330
3117,2015,5,10,21,0.000000,0.000000,0.000000,106.239967,106.239967,141.653290
3118,2015,5,10,22,0.000000,0.000000,0.000000,101.368944,101.368944,135.158592
3119,2015,5,10,23,0.000000,0.000000,0.000000,95.791578,95.791578,127.722104
3120,2015,5,10,24,0.000000,0.000000,0.000000,95.973260,95.973260,127.964346
3121,2015,5,11,1,0.000000,0.000000,0.000000,91.112951,91.112951,121.483934
3122,2015,5,11,2,0.000000,0.000000,0.000000,93.438568,93.438568,124.584757
3123,2015,5,11,3,0.000000,0.000000,0.000000,89.435875,89.435875,119.247834
3124,2015,5,11,4,0.000000,0.000000,0.000000,86.653411,86.653411,115.537881
3125,2015,5,11,5,0.000000,0.000000,0.000000,85.506095,85.506095,114.008127
3126,2015,5,11,6,0.000000,0.000000,0.000000,89.018095,89.018095,118.690794
3127,2015,5,11,7,0.000000,0.000000,0.000000,100.294564,100.294564,133.726086
3128,2015,5,11,8,0.000000,0.000000,0.000000,114.786517,114.786517,153.048689
3129,2015,5,11,9,0.000000,0.000000,0.000000,120.921045,120.921045,161.228061
3130,2015,5,11,10,0.000000,0.000000,0.000000,120.663830,120.663830,160.885107
3131,2015,5,11,11,0.000000,0.000000,0.000000,117.925478,117.925478,157.233970
3132,2015,5,11,12,0.000000,0.000000,0.000000,116.310792,116.310792,155.081056
3133,2015,5,11,13,0.000000,0.000000,0.000000,113.038058,113.038058,150.717411
3134,2015,5,11,14,0.000000,0.000000,0.000000,112.543904,112.543904,150.058539
3135,2015,5,11,15,0.000000,0.000000,0.000000,111.626799,111.626799,148.835732
3136,2015,5,11,16,0.000000,0.000000,0.000000,111.542197,111.542197,148.722929
3137,2015,5,11,17,0.000000,0.000000,0.000000,115.134743,115.134743,153.512991
3138,2015,5,11,18,0.000000,0.000000,0.000000,127.507011,127.507011,170.009348
3139,2015,5,11,19,0.000000,0.000000,0.000000,136.021105,136.021105,181.361474
3140,2015,5,11,20,0.000000,0.000000,0.000000,124.866164,124.866164,166.488218
3141,2015,5,11,21,0.000000,0.000000,0.000000,117.851696,117.851696,157.135595
3142,2015,5,11,22,0.000000,0.000000,0.000000,109.932027,109.932027,146.576036
3143,2015,5,11,23,0.000000,0.000000,0.000000,102.945967,102.945967,137.261289
3144,2015,5,11,24,0.000000,0.000000,0.000000,104.068962,104.068962,138.758616
3145,2015,5,12,1,0.000000,0.000000,0.000000,96.339082,96.339082,128.452109
3146,2015,5,12,2,0.000000,0.000000,0.000000,98.108908,98.108908,130.811877
3147,2015,5,12,3,0.000000,0.000000,0.000000,93.477795,93.477795,124.637061
3148,2015,5,12,4,0.000000,0.000000,0.000000,90.008268,90.008268,120.011024
3149,2015,5,12,5,0.000000,0.000000,0.000000,91.098218,91.098218,121.464290
3150,2015,5,12,6,0.000000,0.000000,0.000000,93.720119,93.720119,124.960159
3151,2015,5,12,7,0.000000,0.000000,0.000000,107.445711,107.445711,143.260948
3152,2015,5,12,8,0.000000,0.000000,0.000000,127.435591,127.435591,169.914121
3153,2015,5,12,9,0.000000,0.000000,0.000000,138.234805,138.234805,184.313073
3154,2015,5,12,10,0.000000,0.000000,0.000000,140.618687,140.618687,187.491583
3155,2015,5,12,11,0.000000,0.000000,0.000000,132.526187,132.526187,176.701582
3156,2015,5,12,12,0.000000,0.000000,0.000000,127.977185,127.977185,170.636247
3157,2015,5,12,13,0.000000,0.000000,0.000000,126.388066,126.388066,168.517422
3158,2015,5,12,14,0.000000,0.000000,0.000000,126.763415,126.763415,169.017886
3159,2015,5,12,15,0.000000,0.000000,0.000000,128.219037,128.219037,170.958716
3160,2015,5,12,16,0.000000,0.000000,0.000000,130.004597,130.004597,173.339463
3161,2015,5,12,17,0.000000,0.000000,0.000000,139.856146,139.856146,186.474861
3162,2015,5,12,18,0.000000,0.000000,0.000000,159.305858,159.305858,212.407811
3163,2015,5,12,19,0.000000,0.000000,0.000000,168.710141,168.710141,224.946854
3164,2015,5,12,20,0.000000,0.000000,0.000000,159.078854,159.078854,212.105138
3165,2015,5,12,21,0.000000,0.000000,0.000000,148.012931,148.012931,197.350574
3166,2015,5,12,22,0.000000,0.000000,0.000000,131.416238,131.416238,175.221651
3167,2015,5,12,23,0.000000,0.000000,0.000000,115.969367,115.969367,154.625822
3168,2015,5,12,24,0.000000,0.000000,0.000000,113.398517,113.398517,151.198023
3169,2015,5,13,1,0.000000,0.000000,0.000000,105.081692,105.081692,140.108922
3170,2015,5,13,2,0.000000,0.000000,0.000000,107.789499,107.789499,143.719331
3171,2015,5,13,3,0.000000,0.000000,0.000000,102.159385,102.159385,136.212514
3172,2015,5,13,4,0.000000,0.000000,0.000000,99.010810,99.010810,132.014413
3173,2015,5,13,5,0.000000,0.000000,0.000000,98.676324,98.676324,131.568431
3174,2015,5,13,6,0.000000,0.000000,0.000000,102.297092,102.297092,136.396123
3175,2015,5,13,7,0.000000,0.000000,0.000000,121.313863,121.313863,161.751817
3176,2015,5,13,8,0.000000,0.000000,0.000000,149.938556,149.938556,199.918075
3177,2015,5,13,9,0.000000,0.000000,0.000000,162.072005,162.072005,216.096007
3178,2015,5,13,10,0.000000,0.000000,0.000000,162.690358,162.690358,216.920478
3179,2015,5,13,11,0.000000,0.000000,0.000000,155.328184,155.328184,207.104245
3180,2015,5,13,12,0.000000,0.000000,0.000000,147.805538,147.805538,197.074051
3181,2015,5,13,13,0.000000,0.000000,0.000000,143.718242,143.718242,191.624323
3182,2015,5,13,14,0.000000,0.000000,0.000000,142.538411,142.538411,190.051214
3183,2015,5,13,15,0.000000,0.000000,0.000000,137.841593,137.841593,183.788790
3184,2015,5,13,16,0.000000,0.000000,0.000000,135.846661,135.846661,181.128881
3185,2015,5,13,17,0.000000,0.000000,0.000000,141.726233,141.726233,188.968311
3186,2015,5,13,18,0.000000,0.000000,0.000000,162.393397,162.393397,216.524529
3187,2015,5,13,19,0.000000,0.000000,0.000000,171.002594,171.002594,228.003459
3188,2015,5,13,20,0.000000,0.000000,0.000000,160.243654,160.243654,213.658205
3189,2015,5,13,21,0.000000,0.000000,0.000000,149.261945,149.261945,199.015926
3190,2015,5,13,22,0.000000,0.000000,0.000000,130.722695,130.722695,174.296926
3191,2015,5,13,23,0.000000,0.000000,0.000000,116.500375,116.500375,155.333834
3192,2015,5,13,24,0.000000,0.000000,0.000000,115.487752,115.487752,153.983669
3193,2015,5,14,1,0.000000,0.000000,0.000000,107.106847,107.106847,142.809130
3194,2015,5,14,2,0.000000,0.000000,0.000000,110.402015,110.402015,147.202687
3195,2015,5,14,3,0.000000,0.000000,0.000000,103.047233,103.047233,137.396311
3196,2015,5,14,4,0.000000,0.000000,0.000000,99.195685,99.195685,132.260913
3197,2015,5,14,5,0.000000,0.000000,0.000000,97.998175,97.998175,130.664234
3198,2015,5,14,6,0.000000,0.000000,0.000000,100.038414,100.038414,133.384551
3199,2015,5,14,7,0.000000,0.000000,0.000000,115.707541,115.707541,154.276721
3200,2015,5,14,8,0.000000,0.000000,0.000000,145.929719,145.929719,194.572958
3201,2015,5,14,9,0.000000,0.000000,0.000000,157.988531,157.988531,210.651374
3202,2015,5,14,10,0.000000,0.000000,0.000000,158.727576,158.727576,211.636768
3203,2015,5,14,11,0.000000,0.000000,0.000000,153.255794,153.255794,204.341059
3204,2015,5,14,12,0.000000,0.000000,0.000000,149.698139,149.698139,199.597519
3205,2015,5,14,13,0.000000,0.000000,0.000000,143.166485,143.166485,190.888647
3206,2015,5,14,14,0.000000,0.000000,0.000000,138.644874,138.644874,184.859832
3207,2015,5,14,15,0.000000,0.000000,0.000000,139.466534,139.466534,185.955378
3208,2015,5,14,16,0.000000,0.000000,0.000000,134.544330,134.544330,179.392440
3209,2015,5,14,17,0.000000,0.000000,0.000000,138.707664,138.707664,184.943552
3210,2015,5,14,18,0.000000,0.000000,0.000000,159.543983,159.543983,212.725310
3211,2015,5,14,19,0.000000,0.000000,0.000000,167.133019,167.133019,222.844025
3212,2015,5,14,20,0.000000,0.000000,0.000000,160.037563,160.037563,213.383418
3213,2015,5,14,21,0.000000,0.000000,0.000000,149.815708,149.815708,199.754277
3214,2015,5,14,22,0.000000,0.000000,0.000000,128.979783,128.979783,171.973044
3215,2015,5,14,23,0.000000,0.000000,0.000000,113.093364,113.093364,150.791152
3216,2015,5,14,24,0.000000,0.000000,0.000000,111.719126,111.719126,148.958835
3217,2015,5,15,1,0.000000,0.000000,0.000000,100.766244,100.766244,134.354991
3218,2015,5,15,2,0.000000,0.000000,0.000000,102.967645,102.967645,137.290193
3219,2015,5,15,3,0.000000,0.000000,0.000000,95.835309,95.835309,127.780412
3220,2015,5,15,4,0.000000,0.000000,0.000000,92.385386,92.385386,123.180515
3221,2015,5,15,5,0.000000,0.000000,0.000000,91.652192,91.652192,122.202922
3222,2015,5,15,6,0.000000,0.000000,0.000000,94.732476,94.732476,126.309968
3223,2015,5,15,7,0.000000,0.000000,0.000000,111.761938,111.761938,149.015917
3224,2015,5,15,8,0.000000,0.000000,0.000000,140.583564,140.583564,187.444752
3225,2015,5,15,9,0.000000,0.000000,0.000000,152.065894,152.065894,202.754525
3226,2015,5,15,10,0.000000,0.000000,0.000000,150.432398,150.432398,200.576530
3227,2015,5,15,11,0.000000,0.000000,0.000000,147.308533,147.308533,196.411377
3228,2015,5,15,12,0.000000,0.000000,0.000000,144.483765,144.483765,192.645019
3229,2015,5,15,13,0.000000,0.000000,0.000000,142.314473,142.314473,189.752631
3230,2015,5,15,14,0.000000,0.000000,0.000000,139.582000,139.582000,186.109333
3231,2015,5,15,15,0.000000,0.000000,0.000000,131.554081,131.554081,175.405441
3232,2015,5,15,16,0.000000,0.000000,0.000000,129.300325,129.300325,172.400434
3233,2015,5,15,17,0.000000,0.000000,0.000000,132.665405,132.665405,176.887206
3234,2015,5,15,18,0.000000,0.000000,0.000000,152.130936,152.130936,202.841248
3235,2015,5,15,19,0.000000,0.000000,0.000000,157.190462,157.190462,209.587282
3236,2015,5,15,20,0.000000,0.000000,0.000000,146.304922,146.304922,195.073229
3237,2015,5,15,21,0.000000,0.000000,0.000000,135.153094,135.153094,180.204126
3238,2015,5,15,22,0.000000,0.000000,0.000000,120.898369,120.898369,161.197825
3239,2015,5,15,23,0.000000,0.000000,0.000000,111.244963,111.244963,148.326617
3240,2015,5,15,24,0.000000,0.000000,0.000000,110.582149,110.582149,147.442865
3241,2015,5,16,1,0.000000,0.000000,0.000000,99.207266,99.207266,132.276355
3242,2015,5,16,2,0.000000,0.000000,0.000000,101.357349,101.357349,135.143132
3243,2015,5,16,3,0.000000,0.000000,0.000000,93.421685,93.421685,124.562247
3244,2015,5,16,4,0.000000,0.000000,0.000000,89.632683,89.632683,119.510244
3245,2015,5,16,5,0.000000,0.000000,0.000000,88.125420,88.125420,117.500560
3246,2015,5,16,6,0.000000,0.000000,0.000000,89.092746,89.092746,118.790328
3247,2015,5,16,7,0.000000,0.000000,0.000000,92.335389,92.335389,123.113853
3248,2015,5,16,8,0.000000,0.000000,0.000000,96.548581,96.548581,128.731442
3249,2015,5,16,9,0.000000,0.000000,0.000000,104.826644,104.826644,139.768859
3250,2015,5,16,10,0.000000,0.000000,0.000000,110.550448,110.550448,147.400598
3251,2015,5,16,11,0.000000,0.000000,0.000000,107.625411,107.625411,143.500547
3252,2015,5,16,12,0.000000,0.000000,0.000000,104.164596,104.164596,138.886128
3253,2015,5,16,13,0.000000,0.000000,0.000000,100.533031,100.533031,134.044041
3254,2015,5,16,14,0.000000,0.000000,0.000000,98.059283,98.059283,130.745711
3255,2015,5,16,15,0.000000,0.000000,0.000000,94.971515,94.971515,126.628687
3256,2015,5,16,16,0.000000,0.000000,0.000000,94.998322,94.998322,126.664429
3257,2015,5,16,17,0.000000,0.000000,0.000000,98.878455,98.878455,131.837941
3258,2015,5,16,18,0.000000,0.000000,0.000000,116.295685,116.295685,155.060914
3259,2015,5,16,19,0.000000,0.000000,0.000000,128.394166,128.394166,171.192221
3260,2015,5,16,20,0.000000,0.000000,0.000000,119.988603,119.988603,159.984804
3261,2015,5,16,21,0.000000,0.000000,0.000000,114.874280,114.874280,153.165706
3262,2015,5,16,22,0.000000,0.000000,0.000000,108.896307,108.896307,145.195075
3263,2015,5,16,23,0.000000,0.000000,0.000000,102.702968,102.702968,136.937291
3264,2015,5,16,24,0.000000,0.000000,0.000000,104.434500,104.434500,139.246000
3265,2015,5,17,1,0.000000,0.000000,0.000000,97.056524,97.056524,129.408698
3266,2015,5,17,2,0.000000,0.000000,0.000000,98.586019,98.586019,131.448026
3267,2015,5,17,3,0.000000,0.000000,0.000000,91.757563,91.757563,122.343418
3268,2015,5,17,4,0.000000,0.000000,0.000000,88.740046,88.740046,118.320061
3269,2015,5,17,5,0.000000,0.000000,0.000000,86.636060,86.636060,115.514747
3270,2015,5,17,6,0.000000,0.000000,0.000000,86.948840,86.948840,115.931787
3271,2015,5,17,7,0.000000,0.000000,0.000000,88.924557,88.924557,118.566077
3272,2015,5,17,8,0.000000,0.000000,0.000000,91.013895,91.013895,121.351860
3273,2015,5,17,9,0.000000,0.000000,0.000000,97.252978,97.252978,129.670638
3274,2015,5,17,10,0.000000,0.000000,0.000000,100.980207,100.980207,134.640276
3275,2015,5,17,11,0.000000,0.000000,0.000000,99.981829,99.981829,133.309105
3276,2015,5,17,12,0.000000,0.000000,0.000000,95.637626,95.637626,127.516834
3277,2015,5,17,13,0.000000,0.000000,0.000000,93.110765,93.110765,124.147687
3278,2015,5,17,14,0.000000,0.000000,0.000000,91.095338,91.095338,121.460450
3279,2015,5,17,15,0.000000,0.000000,0.000000,89.996551,89.996551,119.995402
3280,2015,5,17,16,0.000000,0.000000,0.000000,91.594820,91.594820,122.126427
3281,2015,5,17,17,0.000000,0.000000,0.000000,97.774840,97.774840,130.366453
3282,2015,5,17,18,0.000000,0.000000,0.000000,117.925945,117.925945,157.234594
3283,2015,5,17,19,0.000000,0.000000,0.000000,133.674095,133.674095,178.232127
3284,2015,5,17,20,0.000000,0.000000,0.000000,123.371195,123.371195,164.494926
3285,2015,5,17,21,0.000000,0.000000,0.000000,116.733666,116.733666,155.644888
3286,2015,5,17,22,0.000000,0.000000,0.000000,109.233600,109.233600,145.644799
3287,2015,5,17,23,0.000000,0.000000,0.000000,99.918803,99.918803,133.225071
3288,2015,5,17,24,0.000000,0.000000,0.000000,98.722598,98.722598,131.630131
3289,2015,5,18,1,0.000000,0.000000,0.000000,93.519514,93.519514,124.692685
3290,2015,5,18,2,0.000000,0.000000,0.000000,95.959046,95.959046,127.945395
3291,2015,5,18,3,0.000000,0.000000,0.000000,91.830914,91.830914,122.441219
3292,2015,5,18,4,0.000000,0.000000,0.000000,89.241863,89.241863,118.989151
3293,2015,5,18,5,0.000000,0.000000,0.000000,88.901369,88.901369,118.535159
3294,2015,5,18,6,0.000000,0.000000,0.000000,92.843995,92.843995,123.791994
3295,2015,5,18,7,0.000000,0.000000,0.000000,109.698312,109.698312,146.264417
3296,2015,5,18,8,0.000000,0.000000,0.000000,140.035696,140.035696,186.714262
3297,2015,5,18,9,0.000000,0.000000,0.000000,155.327535,155.327535,207.103379
3298,2015,5,18,10,0.000000,0.000000,0.000000,156.473327,156.473327,208.631103
3299,2015,5,18,11,0.000000,0.000000,0.000000,149.203335,149.203335,198.937780
3300,2015,5,18,12,0.000000,0.000000,0.000000,142.110005,142.110005,189.480006
3301,2015,5,18,13,0.000000,0.000000,0.000000,135.607276,135.607276,180.809701
3302,2015,5,18,14,0.000000,0.000000,0.000000,132.590409,132.590409,176.787212
3303,2015,5,18,15,0.000000,0.000000,0.000000,130.202671,130.202671,173.603561
3304,2015,5,18,16,0.000000,0.000000,0.000000,127.247880,127.247880,169.663840
3305,2015,5,18,17,0.000000,0.000000,0.000000,133.204746,133.204746,177.606328
3306,2015,5,18,18,0.000000,0.000000,0.000000,155.599609,155.599609,207.466145
3307,2015,5,18,19,0.000000,0.000000,0.000000,165.927836,165.927836,221.237114
3308,2015,5,18,20,0.000000,0.000000,0.000000,156.995314,156.995314,209.327086
3309,2015,5,18,21,0.000000,0.000000,0.000000,145.692562,145.692562,194.256749
3310,2015,5,18,22,0.000000,0.000000,0.000000,127.145871,127.145871,169.527828
3311,2015,5,18,23,0.000000,0.000000,0.000000,112.500536,112.500536,150.000714
3312,2015,5,18,24,0.000000,0.000000,0.000000,110.186104,110.186104,146.914806
3313,2015,5,19,1,0.000000,0.000000,0.000000,100.536945,100.536945,134.049260
3314,2015,5,19,2,0.000000,0.000000,0.000000,104.100611,104.100611,138.800815
3315,2015,5,19,3,0.000000,0.000000,0.000000,97.026513,97.026513,129.368683
3316,2015,5,19,4,0.000000,0.000000,0.000000,93.913329,93.913329,125.217772
3317,2015,5,19,5,0.000000,0.000000,0.000000,93.565256,93.565256,124.753675
3318,2015,5,19,6,0.000000,0.000000,0.000000,97.620204,97.620204,130.160271
3319,2015,5,19,7,0.000000,0.000000,0.000000,117.479060,117.479060,156.638747
3320,2015,5,19,8,0.000000,0.000000,0.000000,151.680034,151.680034,202.240046
3321,2015,5,19,9,0.000000,0.000000,0.000000,161.227894,161.227894,214.970525
3322,2015,5,19,10,0.000000,0.000000,0.000000,158.960898,158.960898,211.947864
3323,2015,5,19,11,0.000000,0.000000,0.000000,148.648280,148.648280,198.197707
3324,2015,5,19,12,0.000000,0.000000,0.000000,141.702474,141.702474,188.936632
3325,2015,5,19,13,0.000000,0.000000,0.000000,135.960019,135.960019,181.280025
3326,2015,5,19,14,0.000000,0.000000,0.000000,133.909496,133.909496,178.545994
3327,2015,5,19,15,0.000000,0.000000,0.000000,130.796498,130.796498,174.395330
3328,2015,5,19,16,0.000000,0.000000,0.000000,126.740623,126.740623,168.987497
3329,2015,5,19,17,0.000000,0.000000,0.000000,133.589379,133.589379,178.119171
3330,2015,5,19,18,0.000000,0.000000,0.000000,157.661224,157.661224,210.214965
3331,2015,5,19,19,0.000000,0.000000,0.000000,166.746530,166.746530,222.328706
3332,2015,5,19,20,0.000000,0.000000,0.000000,159.143738,159.143738,212.191651
3333,2015,5,19,21,0.000000,0.000000,0.000000,147.651911,147.651911,196.869214
3334,2015,5,19,22,0.000000,0.000000,0.000000,130.595784,130.595784,174.127712
3335,2015,5,19,23,0.000000,0.000000,0.000000,112.600181,112.600181,150.133574
3336,2015,5,19,24,0.000000,0.000000,0.000000,110.089867,110.089867,146.786489
3337,2015,5,20,1,0.000000,0.000000,0.000000,100.951458,100.951458,134.601944
3338,2015,5,20,2,0.000000,0.000000,0.000000,104.375108,104.375108,139.166810
3339,2015,5,20,3,0.000000,0.000000,0.000000,97.201575,97.201575,129.602100
3340,2015,5,20,4,0.000000,0.000000,0.000000,93.524796,93.524796,124.699729
3341,2015,5,20,5,0.000000,0.000000,0.000000,92.638436,92.638436,123.517915
3342,2015,5,20,6,0.000000,0.000000,0.000000,96.401418,96.401418,128.535224
3343,2015,5,20,7,0.000000,0.000000,0.000000,117.177944,117.177944,156.237258
3344,2015,5,20,8,0.000000,0.000000,0.000000,149.924508,149.924508,199.899345
3345,2015,5,20,9,0.000000,0.000000,0.000000,160.579174,160.579174,214.105565
3346,2015,5,20,10,0.000000,0.000000,0.000000,156.627136,156.627136,208.836181
3347,2015,5,20,11,0.000000,0.000000,0.000000,145.577882,145.577882,194.103843
3348,2015,5,20,12,0.000000,0.000000,0.000000,138.245962,138.245962,184.327949
3349,2015,5,20,13,0.000000,0.000000,0.000000,132.537764,132.537764,176.717018
3350,2015,5,20,14,0.000000,0.000000,0.000000,132.052756,132.052756,176.070342
3351,2015,5,20,15,0.000000,0.000000,0.000000,126.687958,126.687958,168.917278
3352,2015,5,20,16,0.000000,0.000000,0.000000,123.329364,123.329364,164.439153
3353,2015,5,20,17,0.000000,0.000000,0.000000,132.829260,132.829260,177.105681
3354,2015,5,20,18,0.000000,0.000000,0.000000,159.352907,159.352907,212.470543
3355,2015,5,20,19,0.000000,0.000000,0.000000,164.206508,164.206508,218.942010
3356,2015,5,20,20,0.000000,0.000000,0.000000,155.430992,155.430992,207.241322
3357,2015,5,20,21,0.000000,0.000000,0.000000,145.062229,145.062229,193.416306
3358,2015,5,20,22,0.000000,0.000000,0.000000,128.328869,128.328869,171.105159
3359,2015,5,20,23,0.000000,0.000000,0.000000,112.740577,112.740577,150.320769
3360,2015,5,20,24,0.000000,0.000000,0.000000,110.776454,110.776454,147.701938
3361,2015,5,21,1,0.000000,0.000000,0.000000,101.464845,101.464845,135.286459
3362,2015,5,21,2,0.000000,0.000000,0.000000,104.655010,104.655010,139.540014
3363,2015,5,21,3,0.000000,0.000000,0.000000,96.717045,96.717045,128.956061
3364,2015,5,21,4,0.000000,0.000000,0.000000,93.096560,93.096560,124.128747
3365,2015,5,21,5,0.000000,0.000000,0.000000,92.591479,92.591479,123.455306
3366,2015,5,21,6,0.000000,0.000000,0.000000,96.497818,96.497818,128.663757
3367,2015,5,21,7,0.000000,0.000000,0.000000,117.297108,117.297108,156.396143
3368,2015,5,21,8,0.000000,0.000000,0.000000,150.477407,150.477407,200.636543
3369,2015,5,21,9,0.000000,0.000000,0.000000,158.734587,158.734587,211.646116
3370,2015,5,21,10,0.000000,0.000000,0.000000,154.965410,154.965410,206.620547
3371,2015,5,21,11,0.000000,0.000000,0.000000,146.570733,146.570733,195.427645
3372,2015,5,21,12,0.000000,0.000000,0.000000,139.169078,139.169078,185.558771
3373,2015,5,21,13,0.000000,0.000000,0.000000,134.999833,134.999833,179.999778
3374,2015,5,21,14,0.000000,0.000000,0.000000,131.809983,131.809983,175.746644
3375,2015,5,21,15,0.000000,0.000000,0.000000,128.604380,128.604380,171.472507
3376,2015,5,21,16,0.000000,0.000000,0.000000,123.082800,123.082800,164.110400
3377,2015,5,21,17,0.000000,0.000000,0.000000,131.939083,131.939083,175.918777
3378,2015,5,21,18,0.000000,0.000000,0.000000,154.477827,154.477827,205.970436
3379,2015,5,21,19,0.000000,0.000000,0.000000,162.106923,162.106923,216.142564
3380,2015,5,21,20,0.000000,0.000000,0.000000,154.542144,154.542144,206.056192
3381,2015,5,21,21,0.000000,0.000000,0.000000,145.026318,145.026318,193.368424
3382,2015,5,21,22,0.000000,0.000000,0.000000,127.546007,127.546007,170.061343
3383,2015,5,21,23,0.000000,0.000000,0.000000,112.150327,112.150327,149.533769
3384,2015,5,21,24,0.000000,0.000000,0.000000,110.671134,110.671134,147.561512
3385,2015,5,22,1,0.000000,0.000000,0.000000,99.280258,99.280258,132.373678
3386,2015,5,22,2,0.000000,0.000000,0.000000,102.110843,102.110843,136.147790
3387,2015,5,22,3,0.000000,0.000000,0.000000,94.795440,94.795440,126.393920
3388,2015,5,22,4,0.000000,0.000000,0.000000,91.240509,91.240509,121.654012
3389,2015,5,22,5,0.000000,0.000000,0.000000,90.663657,90.663657,120.884876
3390,2015,5,22,6,0.000000,0.000000,0.000000,94.857706,94.857706,126.476941
3391,2015,5,22,7,0.000000,0.000000,0.000000,112.895167,112.895167,150.526890
3392,2015,5,22,8,0.000000,0.000000,0.000000,142.325160,142.325160,189.766880
3393,2015,5,22,9,0.000000,0.000000,0.000000,150.856744,150.856744,201.142326
3394,2015,5,22,10,0.000000,0.000000,0.000000,148.392677,148.392677,197.856902
3395,2015,5,22,11,0.000000,0.000000,0.000000,141.162512,141.162512,188.216682
3396,2015,5,22,12,0.000000,0.000000,0.000000,132.548494,132.548494,176.731325
3397,2015,5,22,13,0.000000,0.000000,0.000000,131.124723,131.124723,174.832964
3398,2015,5,22,14,0.000000,0.000000,0.000000,129.806733,129.806733,173.075644
3399,2015,5,22,15,0.000000,0.000000,0.000000,126.527296,126.527296,168.703062
3400,2015,5,22,16,0.000000,0.000000,0.000000,122.855247,122.855247,163.806996
3401,2015,5,22,17,0.000000,0.000000,0.000000,129.380397,129.380397,172.507195
3402,2015,5,22,18,0.000000,0.000000,0.000000,151.326736,151.326736,201.768981
3403,2015,5,22,19,0.000000,0.000000,0.000000,158.841006,158.841006,211.788008
3404,2015,5,22,20,0.000000,0.000000,0.000000,147.815002,147.815002,197.086669
3405,2015,5,22,21,0.000000,0.000000,0.000000,139.172695,139.172695,185.563594
3406,2015,5,22,22,0.000000,0.000000,0.000000,124.278081,124.278081,165.704108
3407,2015,5,22,23,0.000000,0.000000,0.000000,112.787772,112.787772,150.383696
3408,2015,5,22,24,0.000000,0.000000,0.000000,112.243462,112.243462,149.657950
3409,2015,5,23,1,0.000000,0.000000,0.000000,104.119723,104.119723,138.826297
3410,2015,5,23,2,0.000000,0.000000,0.000000,107.209477,107.209477,142.945969
3411,2015,5,23,3,0.000000,0.000000,0.000000,98.317731,98.317731,131.090309
3412,2015,5,23,4,0.000000,0.000000,0.000000,94.631373,94.631373,126.175164
3413,2015,5,23,5,0.000000,0.000000,0.000000,92.895922,92.895922,123.861230
3414,2015,5,23,6,0.000000,0.000000,0.000000,94.128402,94.128402,125.504536
3415,2015,5,23,7,0.000000,0.000000,0.000000,98.307526,98.307526,131.076701
3416,2015,5,23,8,0.000000,0.000000,0.000000,105.659607,105.659607,140.879476
3417,2015,5,23,9,0.000000,0.000000,0.000000,118.755840,118.755840,158.341120
3418,2015,5,23,10,0.000000,0.000000,0.000000,123.306671,123.306671,164.408894
3419,2015,5,23,11,0.000000,0.000000,0.000000,117.778925,117.778925,157.038567
3420,2015,5,23,12,0.000000,0.000000,0.000000,111.169749,111.169749,148.226332
3421,2015,5,23,13,0.000000,0.000000,0.000000,105.733039,105.733039,140.977385
3422,2015,5,23,14,0.000000,0.000000,0.000000,102.088749,102.088749,136.118331
3423,2015,5,23,15,0.000000,0.000000,0.000000,98.827814,98.827814,131.770419
3424,2015,5,23,16,0.000000,0.000000,0.000000,99.740641,99.740641,132.987522
3425,2015,5,23,17,0.000000,0.000000,0.000000,106.188234,106.188234,141.584312
3426,2015,5,23,18,0.000000,0.000000,0.000000,130.098959,130.098959,173.465279
3427,2015,5,23,19,0.000000,0.000000,0.000000,144.281429,144.281429,192.375239
3428,2015,5,23,20,0.000000,0.000000,0.000000,130.363880,130.363880,173.818507
3429,2015,5,23,21,0.000000,0.000000,0.000000,121.534768,121.534768,162.046358
3430,2015,5,23,22,0.000000,0.000000,0.000000,116.216309,116.216309,154.955078
3431,2015,5,23,23,0.000000,0.000000,0.000000,109.357554,109.357554,145.810072
3432,2015,5,23,24,0.000000,0.000000,0.000000,110.491836,110.491836,147.322448
3433,2015,5,24,1,0.000000,0.000000,0.000000,101.509220,101.509220,135.345626
3434,2015,5,24,2,0.000000,0.000000,0.000000,104.177947,104.177947,138.903930
3435,2015,5,24,3,0.000000,0.000000,0.000000,96.621480,96.621480,128.828640
3436,2015,5,24,4,0.000000,0.000000,0.000000,92.514074,92.514074,123.352099
3437,2015,5,24,5,0.000000,0.000000,0.000000,90.548382,90.548382,120.731176
3438,2015,5,24,6,0.000000,0.000000,0.000000,90.398275,90.398275,120.531033
3439,2015,5,24,7,0.000000,0.000000,0.000000,91.976580,91.976580,122.635439
3440,2015,5,24,8,0.000000,0.000000,0.000000,94.056010,94.056010,125.408013
3441,2015,5,24,9,0.000000,0.000000,0.000000,101.833395,101.833395,135.777860
3442,2015,5,24,10,0.000000,0.000000,0.000000,105.918611,105.918611,141.224815
3443,2015,5,24,11,0.000000,0.000000,0.000000,103.805076,103.805076,138.406769
3444,2015,5,24,12,0.000000,0.000000,0.000000,98.398518,98.398518,131.198024
3445,2015,5,24,13,0.000000,0.000000,0.000000,94.918335,94.918335,126.557780
3446,2015,5,24,14,0.000000,0.000000,0.000000,92.408981,92.408981,123.211975
3447,2015,5,24,15,0.000000,0.000000,0.000000,91.003055,91.003055,121.337407
3448,2015,5,24,16,0.000000,0.000000,0.000000,92.201560,92.201560,122.935413
3449,2015,5,24,17,0.000000,0.000000,0.000000,99.946798,99.946798,133.262397
3450,2015,5,24,18,0.000000,0.000000,0.000000,122.180688,122.180688,162.907584
3451,2015,5,24,19,0.000000,0.000000,0.000000,135.853992,135.853992,181.138656
3452,2015,5,24,20,0.000000,0.000000,0.000000,126.337060,126.337060,168.449414
3453,2015,5,24,21,0.000000,0.000000,0.000000,119.534737,119.534737,159.379650
3454,2015,5,24,22,0.000000,0.000000,0.000000,110.350980,110.350980,147.134640
3455,2015,5,24,23,0.000000,0.000000,0.000000,99.771832,99.771832,133.029109
3456,2015,5,24,24,0.000000,0.000000,0.000000,97.487186,97.487186,129.982915
3457,2015,5,25,1,0.000000,0.000000,0.000000,93.051129,93.051129,124.068172
3458,2015,5,25,2,0.000000,0.000000,0.000000,96.301487,96.301487,128.401983
3459,2015,5,25,3,0.000000,0.000000,0.000000,91.994040,91.994040,122.658721
3460,2015,5,25,4,0.000000,0.000000,0.000000,89.321951,89.321951,119.095935
3461,2015,5,25,5,0.000000,0.000000,0.000000,88.659817,88.659817,118.213089
3462,2015,5,25,6,0.000000,0.000000,0.000000,92.876783,92.876783,123.835711
3463,2015,5,25,7,0.000000,0.000000,0.000000,109.197226,109.197226,145.596301
3464,2015,5,25,8,0.000000,0.000000,0.000000,139.645103,139.645103,186.193471
3465,2015,5,25,9,0.000000,0.000000,0.000000,153.668497,153.668497,204.891329
3466,2015,5,25,10,0.000000,0.000000,0.000000,151.814710,151.814710,202.419614
3467,2015,5,25,11,0.000000,0.000000,0.000000,146.166104,146.166104,194.888138
3468,2015,5,25,12,0.000000,0.000000,0.000000,144.939242,144.939242,193.252322
3469,2015,5,25,13,0.000000,0.000000,0.000000,144.929030,144.929030,193.238707
3470,2015,5,25,14,0.000000,0.000000,0.000000,147.811455,147.811455,197.081940
3471,2015,5,25,15,0.000000,0.000000,0.000000,147.011767,147.011767,196.015689
3472,2015,5,25,16,0.000000,0.000000,0.000000,144.078024,144.078024,192.104031
3473,2015,5,25,17,0.000000,0.000000,0.000000,152.172163,152.172163,202.896217
3474,2015,5,25,18,0.000000,0.000000,0.000000,169.869744,169.869744,226.492991
3475,2015,5,25,19,0.000000,0.000000,0.000000,168.007212,168.007212,224.009616
3476,2015,5,25,20,0.000000,0.000000,0.000000,156.205299,156.205299,208.273731
3477,2015,5,25,21,0.000000,0.000000,0.000000,144.183214,144.183214,192.244285
3478,2015,5,25,22,0.000000,0.000000,0.000000,126.505173,126.505173,168.673564
3479,2015,5,25,23,0.000000,0.000000,0.000000,112.064729,112.064729,149.419638
3480,2015,5,25,24,0.000000,0.000000,0.000000,110.045184,110.045184,146.726913
3481,2015,5,26,1,0.000000,0.000000,0.000000,99.466981,99.466981,132.622641
3482,2015,5,26,2,0.000000,0.000000,0.000000,102.977879,102.977879,137.303839
3483,2015,5,26,3,0.000000,0.000000,0.000000,96.030609,96.030609,128.040812
3484,2015,5,26,4,0.000000,0.000000,0.000000,92.874844,92.874844,123.833126
3485,2015,5,26,5,0.000000,0.000000,0.000000,92.310746,92.310746,123.080994
3486,2015,5,26,6,0.000000,0.000000,0.000000,95.633525,95.633525,127.511367
3487,2015,5,26,7,0.000000,0.000000,0.000000,114.053787,114.053787,152.071717
3488,2015,5,26,8,0.000000,0.000000,0.000000,146.153033,146.153033,194.870711
3489,2015,5,26,9,0.000000,0.000000,0.000000,160.260528,160.260528,213.680703
3490,2015,5,26,10,0.000000,0.000000,0.000000,162.052398,162.052398,216.069865
3491,2015,5,26,11,0.000000,0.000000,0.000000,158.368407,158.368407,211.157876
3492,2015,5,26,12,0.000000,0.000000,0.000000,156.169687,156.169687,208.226249
3493,2015,5,26,13,0.000000,0.000000,0.000000,153.872397,153.872397,205.163196
3494,2015,5,26,14,0.000000,0.000000,0.000000,154.351855,154.351855,205.802473
3495,2015,5,26,15,0.000000,0.000000,0.000000,150.459355,150.459355,200.612473
3496,2015,5,26,16,0.000000,0.000000,0.000000,149.801487,149.801487,199.735316
3497,2015,5,26,17,0.000000,0.000000,0.000000,158.272276,158.272276,211.029701
3498,2015,5,26,18,0.000000,0.000000,0.000000,172.005019,172.005019,229.340025
3499,2015,5,26,19,0.000000,0.000000,0.000000,171.364729,171.364729,228.486306
3500,2015,5,26,20,0.000000,0.000000,0.000000,161.616132,161.616132,215.488176
3501,2015,5,26,21,0.000000,0.000000,0.000000,149.735139,149.735139,199.646852
3502,2015,5,26,22,0.000000,0.000000,0.000000,131.106484,131.106484,174.808645
3503,2015,5,26,23,0.000000,0.000000,0.000000,118.397124,118.397124,157.862832
3504,2015,5,26,24,0.000000,0.000000,0.000000,117.480638,117.480638,156.640851
3505,2015,5,27,1,0.000000,0.000000,0.000000,106.791820,106.791820,142.389093
3506,2015,5,27,2,0.000000,0.000000,0.000000,109.403272,109.403272,145.871029
3507,2015,5,27,3,0.000000,0.000000,0.000000,103.028751,103.028751,137.371669
3508,2015,5,27,4,0.000000,0.000000,0.000000,98.502469,98.502469,131.336625
3509,2015,5,27,5,0.000000,0.000000,0.000000,97.060247,97.060247,129.413662
3510,2015,5,27,6,0.000000,0.000000,0.000000,99.900955,99.900955,133.201274
3511,2015,5,27,7,0.000000,0.000000,0.000000,116.801771,116.801771,155.735695
3512,2015,5,27,8,0.000000,0.000000,0.000000,146.359326,146.359326,195.145768
3513,2015,5,27,9,0.000000,0.000000,0.000000,156.636201,156.636201,208.848268
3514,2015,5,27,10,0.000000,0.000000,0.000000,154.193261,154.193261,205.591014
3515,2015,5,27,11,0.000000,0.000000,0.000000,148.342894,148.342894,197.790525
3516,2015,5,27,12,0.000000,0.000000,0.000000,140.936561,140.936561,187.915414
3517,2015,5,27,13,0.000000,0.000000,0.000000,141.021732,141.021732,188.028976
3518,2015,5,27,14,0.000000,0.000000,0.000000,139.562114,139.562114,186.082818
3519,2015,5,27,15,0.000000,0.000000,0.000000,137.794002,137.794002,183.725336
3520,2015,5,27,16,0.000000,0.000000,0.000000,133.965954,133.965954,178.621273
3521,2015,5,27,17,0.000000,0.000000,0.000000,138.357524,138.357524,184.476699
3522,2015,5,27,18,0.000000,0.000000,0.000000,158.849252,158.849252,211.799003
3523,2015,5,27,19,0.000000,0.000000,0.000000,163.847231,163.847231,218.462975
3524,2015,5,27,20,0.000000,0.000000,0.000000,154.145483,154.145483,205.527311
3525,2015,5,27,21,0.000000,0.000000,0.000000,143.276581,143.276581,191.035442
3526,2015,5,27,22,0.000000,0.000000,0.000000,128.985617,128.985617,171.980823
3527,2015,5,27,23,0.000000,0.000000,0.000000,114.287636,114.287636,152.383515
3528,2015,5,27,24,0.000000,0.000000,0.000000,112.531521,112.531521,150.042028
3529,2015,5,28,1,0.000000,0.000000,0.000000,102.072320,102.072320,136.096427
3530,2015,5,28,2,0.000000,0.000000,0.000000,105.541106,105.541106,140.721474
3531,2015,5,28,3,0.000000,0.000000,0.000000,97.757296,97.757296,130.343062
3532,2015,5,28,4,0.000000,0.000000,0.000000,93.885624,93.885624,125.180832
3533,2015,5,28,5,0.000000,0.000000,0.000000,93.329460,93.329460,124.439280
3534,2015,5,28,6,0.000000,0.000000,0.000000,97.601918,97.601918,130.135891
3535,2015,5,28,7,0.000000,0.000000,0.000000,115.384085,115.384085,153.845447
3536,2015,5,28,8,0.000000,0.000000,0.000000,145.980991,145.980991,194.641322
3537,2015,5,28,9,0.000000,0.000000,0.000000,154.857413,154.857413,206.476551
3538,2015,5,28,10,0.000000,0.000000,0.000000,152.739008,152.739008,203.652010
3539,2015,5,28,11,0.000000,0.000000,0.000000,146.167808,146.167808,194.890411
3540,2015,5,28,12,0.000000,0.000000,0.000000,139.553904,139.553904,186.071872
3541,2015,5,28,13,0.000000,0.000000,0.000000,136.968819,136.968819,182.625092
3542,2015,5,28,14,0.000000,0.000000,0.000000,136.217036,136.217036,181.622715
3543,2015,5,28,15,0.000000,0.000000,0.000000,134.906569,134.906569,179.875426
3544,2015,5,28,16,0.000000,0.000000,0.000000,133.788628,133.788628,178.384837
3545,2015,5,28,17,0.000000,0.000000,0.000000,141.799531,141.799531,189.066042
3546,2015,5,28,18,0.000000,0.000000,0.000000,161.748756,161.748756,215.665009
3547,2015,5,28,19,0.000000,0.000000,0.000000,163.380159,163.380159,217.840212
3548,2015,5,28,20,0.000000,0.000000,0.000000,155.986388,155.986388,207.981851
3549,2015,5,28,21,0.000000,0.000000,0.000000,143.235876,143.235876,190.981167
3550,2015,5,28,22,0.000000,0.000000,0.000000,124.233306,124.233306,165.644408
3551,2015,5,28,23,0.000000,0.000000,0.000000,111.315533,111.315533,148.420711
3552,2015,5,28,24,0.000000,0.000000,0.000000,110.766024,110.766024,147.688033
3553,2015,5,29,1,0.000000,0.000000,0.000000,100.754002,100.754002,134.338670
3554,2015,5,29,2,0.000000,0.000000,0.000000,103.715234,103.715234,138.286978
3555,2015,5,29,3,0.000000,0.000000,0.000000,95.755799,95.755799,127.674398
3556,2015,5,29,4,0.000000,0.000000,0.000000,91.900618,91.900618,122.534157
3557,2015,5,29,5,0.000000,0.000000,0.000000,91.685192,91.685192,122.246923
3558,2015,5,29,6,0.000000,0.000000,0.000000,95.722929,95.722929,127.630572
3559,2015,5,29,7,0.000000,0.000000,0.000000,110.384228,110.384228,147.178971
3560,2015,5,29,8,0.000000,0.000000,0.000000,131.993303,131.993303,175.991071
3561,2015,5,29,9,0.000000,0.000000,0.000000,146.228986,146.228986,194.971981
3562,2015,5,29,10,0.000000,0.000000,0.000000,145.385240,145.385240,193.846987
3563,2015,5,29,11,0.000000,0.000000,0.000000,136.690276,136.690276,182.253701
3564,2015,5,29,12,0.000000,0.000000,0.000000,133.727848,133.727848,178.303797
3565,2015,5,29,13,0.000000,0.000000,0.000000,131.872860,131.872860,175.830480
3566,2015,5,29,14,0.000000,0.000000,0.000000,129.708650,129.708650,172.944867
3567,2015,5,29,15,0.000000,0.000000,0.000000,126.378360,126.378360,168.504480
3568,2015,5,29,16,0.000000,0.000000,0.000000,123.932592,123.932592,165.243456
3569,2015,5,29,17,0.000000,0.000000,0.000000,134.453637,134.453637,179.271515
3570,2015,5,29,18,0.000000,0.000000,0.000000,153.623113,153.623113,204.830818
3571,2015,5,29,19,0.000000,0.000000,0.000000,151.424633,151.424633,201.899511
3572,2015,5,29,20,0.000000,0.000000,0.000000,137.415603,137.415603,183.220803
3573,2015,5,29,21,0.000000,0.000000,0.000000,125.617661,125.617661,167.490214
3574,2015,5,29,22,0.000000,0.000000,0.000000,115.528528,115.528528,154.038037
3575,2015,5,29,23,0.000000,0.000000,0.000000,109.749655,109.749655,146.332874
3576,2015,5,29,24,0.000000,0.000000,0.000000,112.690448,112.690448,150.253931
3577,2015,5,30,1,0.000000,0.000000,0.000000,99.945281,99.945281,133.260375
3578,2015,5,30,2,0.000000,0.000000,0.000000,100.993192,100.993192,134.657590
3579,2015,5,30,3,0.000000,0.000000,0.000000,95.593930,95.593930,127.458573
3580,2015,5,30,4,0.000000,0.000000,0.000000,92.134711,92.134711,122.846281
3581,2015,5,30,5,0.000000,0.000000,0.000000,90.680857,90.680857,120.907809
3582,2015,5,30,6,0.000000,0.000000,0.000000,91.351698,91.351698,121.802263
3583,2015,5,30,7,0.000000,0.000000,0.000000,93.887427,93.887427,125.183237
3584,2015,5,30,8,0.000000,0.000000,0.000000,99.942067,99.942067,133.256089
3585,2015,5,30,9,0.000000,0.000000,0.000000,110.278385,110.278385,147.037846
3586,2015,5,30,10,0.000000,0.000000,0.000000,115.443021,115.443021,153.924028
3587,2015,5,30,11,0.000000,0.000000,0.000000,112.975661,112.975661,150.634215
3588,2015,5,30,12,0.000000,0.000000,0.000000,111.166114,111.166114,148.221485
3589,2015,5,30,13,0.000000,0.000000,0.000000,108.385570,108.385570,144.514094
3590,2015,5,30,14,0.000000,0.000000,0.000000,107.609480,107.609480,143.479306
3591,2015,5,30,15,0.000000,0.000000,0.000000,105.076323,105.076323,140.101764
3592,2015,5,30,16,0.000000,0.000000,0.000000,104.704022,104.704022,139.605362
3593,2015,5,30,17,0.000000,0.000000,0.000000,109.563547,109.563547,146.084730
3594,2015,5,30,18,0.000000,0.000000,0.000000,127.752410,127.752410,170.336547
3595,2015,5,30,19,0.000000,0.000000,0.000000,131.926537,131.926537,175.902049
3596,2015,5,30,20,0.000000,0.000000,0.000000,122.909604,122.909604,163.879472
3597,2015,5,30,21,0.000000,0.000000,0.000000,118.422549,118.422549,157.896732
3598,2015,5,30,22,0.000000,0.000000,0.000000,111.339624,111.339624,148.452832
3599,2015,5,30,23,0.000000,0.000000,0.000000,106.125965,106.125965,141.501287
3600,2015,5,30,24,0.000000,0.000000,0.000000,106.098324,106.098324,141.464432
3601,2015,5,31,1,0.000000,0.000000,0.000000,99.260001,99.260001,132.346667
3602,2015,5,31,2,0.000000,0.000000,0.000000,101.679152,101.679152,135.572202
3603,2015,5,31,3,0.000000,0.000000,0.000000,94.867187,94.867187,126.489582
3604,2015,5,31,4,0.000000,0.000000,0.000000,90.786639,90.786639,121.048852
3605,2015,5,31,5,0.000000,0.000000,0.000000,89.069909,89.069909,118.759879
3606,2015,5,31,6,0.000000,0.000000,0.000000,88.739948,88.739948,118.319930
3607,2015,5,31,7,0.000000,0.000000,0.000000,89.693955,89.693955,119.591940
3608,2015,5,31,8,0.000000,0.000000,0.000000,92.187604,92.187604,122.916805
3609,2015,5,31,9,0.000000,0.000000,0.000000,96.958334,96.958334,129.277779
3610,2015,5,31,10,0.000000,0.000000,0.000000,99.340241,99.340241,132.453655
3611,2015,5,31,11,0.000000,0.000000,0.000000,99.351681,99.351681,132.468908
3612,2015,5,31,12,0.000000,0.000000,0.000000,98.126001,98.126001,130.834669
3613,2015,5,31,13,0.000000,0.000000,0.000000,96.468068,96.468068,128.624091
3614,2015,5,31,14,0.000000,0.000000,0.000000,95.466171,95.466171,127.288228
3615,2015,5,31,15,0.000000,0.000000,0.000000,93.225465,93.225465,124.300619
3616,2015,5,31,16,0.000000,0.000000,0.000000,93.757293,93.757293,125.009724
3617,2015,5,31,17,0.000000,0.000000,0.000000,98.683401,98.683401,131.577868
3618,2015,5,31,18,0.000000,0.000000,0.000000,115.106934,115.106934,153.475912
3619,2015,5,31,19,0.000000,0.000000,0.000000,123.315735,123.315735,164.420980
3620,2015,5,31,20,0.000000,0.000000,0.000000,117.459009,117.459009,156.612011
3621,2015,5,31,21,0.000000,0.000000,0.000000,112.235303,112.235303,149.647071
3622,2015,5,31,22,0.000000,0.000000,0.000000,104.997352,104.997352,139.996469
3623,2015,5,31,23,0.000000,0.000000,0.000000,98.358880,98.358880,131.145173
3624,2015,5,31,24,0.000000,0.000000,0.000000,97.675031,97.675031,130.233375
3625,2015,6,1,1,0.000000,0.000000,0.000000,101.924616,101.924616,135.899489
3626,2015,6,1,2,0.000000,0.000000,0.000000,103.950676,103.950676,138.600901
3627,2015,6,1,3,0.000000,0.000000,0.000000,101.152880,101.152880,134.870507
3628,2015,6,1,4,0.000000,0.000000,0.000000,98.291166,98.291166,131.054888
3629,2015,6,1,5,0.000000,0.000000,0.000000,99.133403,99.133403,132.177870
3630,2015,6,1,6,0.000000,0.000000,0.000000,104.916847,104.916847,139.889129
3631,2015,6,1,7,0.000000,0.000000,0.000000,113.480934,113.480934,151.307913
3632,2015,6,1,8,0.000000,0.000000,0.000000,130.403121,130.403121,173.870828
3633,2015,6,1,9,0.000000,0.000000,0.000000,135.909602,135.909602,181.212803
3634,2015,6,1,10,0.000000,0.000000,0.000000,135.561953,135.561953,180.749271
3635,2015,6,1,11,0.000000,0.000000,0.000000,131.950212,131.950212,175.933616
3636,2015,6,1,12,0.000000,0.000000,0.000000,129.483516,129.483516,172.644688
3637,2015,6,1,13,0.000000,0.000000,0.000000,129.089924,129.089924,172.119899
3638,2015,6,1,14,0.000000,0.000000,0.000000,128.595547,128.595547,171.460730
3639,2015,6,1,15,0.000000,0.000000,0.000000,128.372782,128.372782,171.163710
3640,2015,6,1,16,0.000000,0.000000,0.000000,128.263424,128.263424,171.017898
3641,2015,6,1,17,0.000000,0.000000,0.000000,132.582420,132.582420,176.776560
3642,2015,6,1,18,0.000000,0.000000,0.000000,149.381393,149.381393,199.175190
3643,2015,6,1,19,0.000000,0.000000,0.000000,152.426088,152.426088,203.234784
3644,2015,6,1,20,0.000000,0.000000,0.000000,142.261719,142.261719,189.682293
3645,2015,6,1,21,0.000000,0.000000,0.000000,136.114868,136.114868,181.486491
3646,2015,6,1,22,0.000000,0.000000,0.000000,131.371287,131.371287,175.161716
3647,2015,6,1,23,0.000000,0.000000,0.000000,120.241664,120.241664,160.322219
3648,2015,6,1,24,0.000000,0.000000,0.000000,119.708424,119.708424,159.611232
3649,2015,6,2,1,0.000000,0.000000,0.000000,115.610597,115.610597,154.147463
3650,2015,6,2,2,0.000000,0.000000,0.000000,116.473821,116.473821,155.298428
3651,2015,6,2,3,0.000000,0.000000,0.000000,113.799946,113.799946,151.733261
3652,2015,6,2,4,0.000000,0.000000,0.000000,111.377336,111.377336,148.503114
3653,2015,6,2,5,0.000000,0.000000,0.000000,110.988892,110.988892,147.985190
3654,2015,6,2,6,0.000000,0.000000,0.000000,113.870937,113.870937,151.827916
3655,2015,6,2,7,0.000000,0.000000,0.000000,125.579992,125.579992,167.439989
3656,2015,6,2,8,0.000000,0.000000,0.000000,143.096123,143.096123,190.794831
3657,2015,6,2,9,0.000000,0.000000,0.000000,152.059942,152.059942,202.746589
3658,2015,6,2,10,0.000000,0.000000,0.000000,149.185434,149.185434,198.913912
3659,2015,6,2,11,0.000000,0.000000,0.000000,141.787956,141.787956,189.050608
3660,2015,6,2,12,0.000000,0.000000,0.000000,136.619893,136.619893,182.159858
3661,2015,6,2,13,0.000000,0.000000,0.000000,132.858814,132.858814,177.145085
3662,2015,6,2,14,0.000000,0.000000,0.000000,131.738502,131.738502,175.651335
3663,2015,6,2,15,0.000000,0.000000,0.000000,129.448811,129.448811,172.598414
3664,2015,6,2,16,0.000000,0.000000,0.000000,128.674871,128.674871,171.566495
3665,2015,6,2,17,0.000000,0.000000,0.000000,131.210781,131.210781,174.947709
3666,2015,6,2,18,0.000000,0.000000,0.000000,151.601333,151.601333,202.135110
3667,2015,6,2,19,0.000000,0.000000,0.000000,156.700677,156.700677,208.934236
3668,2015,6,2,20,0.000000,0.000000,0.000000,144.794872,144.794872,193.059830
3669,2015,6,2,21,0.000000,0.000000,0.000000,136.156081,136.156081,181.541441
3670,2015,6,2,22,0.000000,0.000000,0.000000,129.819636,129.819636,173.092848
3671,2015,6,2,23,0.000000,0.000000,0.000000,117.831735,117.831735,157.108980
3672,2015,6,2,24,0.000000,0.000000,0.000000,114.145011,114.145011,152.193348
3673,2015,6,3,1,0.000000,0.000000,0.000000,108.659983,108.659983,144.879977
3674,2015,6,3,2,0.000000,0.000000,0.000000,109.891008,109.891008,146.521344
3675,2015,6,3,3,0.000000,0.000000,0.000000,106.345954,106.345954,141.794605
3676,2015,6,3,4,0.000000,0.000000,0.000000,103.685412,103.685412,138.247216
3677,2015,6,3,5,0.000000,0.000000,0.000000,103.206807,103.206807,137.609076
3678,2015,6,3,6,0.000000,0.000000,0.000000,105.556699,105.556699,140.742265
3679,2015,6,3,7,0.000000,0.000000,0.000000,116.895270,116.895270,155.860360
3680,2015,6,3,8,0.000000,0.000000,0.000000,134.624469,134.624469,179.499293
3681,2015,6,3,9,0.000000,0.000000,0.000000,139.449662,139.449662,185.932882
3682,2015,6,3,10,0.000000,0.000000,0.000000,138.350740,138.350740,184.467653
3683,2015,6,3,11,0.000000,0.000000,0.000000,132.412637,132.412637,176.550183
3684,2015,6,3,12,0.000000,0.000000,0.000000,128.425236,128.425236,171.233647
3685,2015,6,3,13,0.000000,0.000000,0.000000,125.417554,125.417554,167.223405
3686,2015,6,3,14,0.000000,0.000000,0.000000,124.566492,124.566492,166.088656
3687,2015,6,3,15,0.000000,0.000000,0.000000,122.760194,122.760194,163.680259
3688,2015,6,3,16,0.000000,0.000000,0.000000,121.662399,121.662399,162.216533
3689,2015,6,3,17,0.000000,0.000000,0.000000,125.173657,125.173657,166.898209
3690,2015,6,3,18,0.000000,0.000000,0.000000,141.077159,141.077159,188.102878
3691,2015,6,3,19,0.000000,0.000000,0.000000,147.574805,147.574805,196.766407
3692,2015,6,3,20,0.000000,0.000000,0.000000,138.536094,138.536094,184.714792
3693,2015,6,3,21,0.000000,0.000000,0.000000,132.436383,132.436383,176.581843
3694,2015,6,3,22,0.000000,0.000000,0.000000,126.912970,126.912970,169.217293
3695,2015,6,3,23,0.000000,0.000000,0.000000,113.264114,113.264114,151.018819
3696,2015,6,3,24,0.000000,0.000000,0.000000,113.139821,113.139821,150.853094
3697,2015,6,4,1,0.000000,0.000000,0.000000,107.739727,107.739727,143.652969
3698,2015,6,4,2,0.000000,0.000000,0.000000,109.253409,109.253409,145.671212
3699,2015,6,4,3,0.000000,0.000000,0.000000,105.866146,105.866146,141.154862
3700,2015,6,4,4,0.000000,0.000000,0.000000,103.454009,103.454009,137.938679
3701,2015,6,4,5,0.000000,0.000000,0.000000,102.807184,102.807184,137.076245
3702,2015,6,4,6,0.000000,0.000000,0.000000,105.631810,105.631810,140.842413
3703,2015,6,4,7,0.000000,0.000000,0.000000,117.775876,117.775876,157.034502
3704,2015,6,4,8,0.000000,0.000000,0.000000,136.809291,136.809291,182.412388
3705,2015,6,4,9,0.000000,0.000000,0.000000,147.384008,147.384008,196.512011
3706,2015,6,4,10,0.000000,0.000000,0.000000,146.506307,146.506307,195.341743
3707,2015,6,4,11,0.000000,0.000000,0.000000,139.732347,139.732347,186.309796
3708,2015,6,4,12,0.000000,0.000000,0.000000,133.883361,133.883361,178.511147
3709,2015,6,4,13,0.000000,0.000000,0.000000,129.382452,129.382452,172.509937
3710,2015,6,4,14,0.000000,0.000000,0.000000,126.667911,126.667911,168.890547
3711,2015,6,4,15,0.000000,0.000000,0.000000,125.280775,125.280775,167.041033
3712,2015,6,4,16,0.000000,0.000000,0.000000,123.847841,123.847841,165.130454
3713,2015,6,4,17,0.000000,0.000000,0.000000,127.284136,127.284136,169.712181
3714,2015,6,4,18,0.000000,0.000000,0.000000,146.111334,146.111334,194.815113
3715,2015,6,4,19,0.000000,0.000000,0.000000,154.058510,154.058510,205.411347
3716,2015,6,4,20,0.000000,0.000000,0.000000,146.012729,146.012729,194.683639
3717,2015,6,4,21,0.000000,0.000000,0.000000,137.052810,137.052810,182.737080
3718,2015,6,4,22,0.000000,0.000000,0.000000,129.713259,129.713259,172.951011
3719,2015,6,4,23,0.000000,0.000000,0.000000,118.364592,118.364592,157.819456
3720,2015,6,4,24,0.000000,0.000000,0.000000,116.518006,116.518006,155.357342
3721,2015,6,5,1,0.000000,0.000000,0.000000,108.781480,108.781480,145.041973
3722,2015,6,5,2,0.000000,0.000000,0.000000,110.091676,110.091676,146.788901
3723,2015,6,5,3,0.000000,0.000000,0.000000,106.246264,106.246264,141.661685
3724,2015,6,5,4,0.000000,0.000000,0.000000,104.140962,104.140962,138.854617
3725,2015,6,5,5,0.000000,0.000000,0.000000,103.700359,103.700359,138.267145
3726,2015,6,5,6,0.000000,0.000000,0.000000,106.201877,106.201877,141.602503
3727,2015,6,5,7,0.000000,0.000000,0.000000,119.298082,119.298082,159.064110
3728,2015,6,5,8,0.000000,0.000000,0.000000,137.638086,137.638086,183.517448
3729,2015,6,5,9,0.000000,0.000000,0.000000,149.212064,149.212064,198.949418
3730,2015,6,5,10,0.000000,0.000000,0.000000,148.941278,148.941278,198.588370
3731,2015,6,5,11,0.000000,0.000000,0.000000,142.803372,142.803372,190.404496
3732,2015,6,5,12,0.000000,0.000000,0.000000,139.238133,139.238133,185.650844
3733,2015,6,5,13,0.000000,0.000000,0.000000,134.646302,134.646302,179.528403
3734,2015,6,5,14,0.000000,0.000000,0.000000,133.668286,133.668286,178.224381
3735,2015,6,5,15,0.000000,0.000000,0.000000,128.929431,128.929431,171.905908
3736,2015,6,5,16,0.000000,0.000000,0.000000,127.368238,127.368238,169.824318
3737,2015,6,5,17,0.000000,0.000000,0.000000,131.991437,131.991437,175.988583
3738,2015,6,5,18,0.000000,0.000000,0.000000,148.362642,148.362642,197.816856
3739,2015,6,5,19,0.000000,0.000000,0.000000,150.573211,150.573211,200.764281
3740,2015,6,5,20,0.000000,0.000000,0.000000,141.995816,141.995816,189.327755
3741,2015,6,5,21,0.000000,0.000000,0.000000,133.704940,133.704940,178.273253
3742,2015,6,5,22,0.000000,0.000000,0.000000,127.818585,127.818585,170.424780
3743,2015,6,5,23,0.000000,0.000000,0.000000,116.843358,116.843358,155.791143
3744,2015,6,5,24,0.000000,0.000000,0.000000,116.019903,116.019903,154.693204
3745,2015,6,6,1,0.000000,0.000000,0.000000,108.195255,108.195255,144.260340
3746,2015,6,6,2,0.000000,0.000000,0.000000,108.867050,108.867050,145.156066
3747,2015,6,6,3,0.000000,0.000000,0.000000,104.875065,104.875065,139.833420
3748,2015,6,6,4,0.000000,0.000000,0.000000,101.554383,101.554383,135.405845
3749,2015,6,6,5,0.000000,0.000000,0.000000,99.653805,99.653805,132.871740
3750,2015,6,6,6,0.000000,0.000000,0.000000,100.194648,100.194648,133.592863
3751,2015,6,6,7,0.000000,0.000000,0.000000,103.194858,103.194858,137.593144
3752,2015,6,6,8,0.000000,0.000000,0.000000,106.413262,106.413262,141.884349
3753,2015,6,6,9,0.000000,0.000000,0.000000,112.665272,112.665272,150.220363
3754,2015,6,6,10,0.000000,0.000000,0.000000,117.193742,117.193742,156.258322
3755,2015,6,6,11,0.000000,0.000000,0.000000,113.309991,113.309991,151.079988
3756,2015,6,6,12,0.000000,0.000000,0.000000,108.152703,108.152703,144.203604
3757,2015,6,6,13,0.000000,0.000000,0.000000,105.473990,105.473990,140.631987
3758,2015,6,6,14,0.000000,0.000000,0.000000,105.891680,105.891680,141.188906
3759,2015,6,6,15,0.000000,0.000000,0.000000,105.557225,105.557225,140.742967
3760,2015,6,6,16,0.000000,0.000000,0.000000,106.415674,106.415674,141.887565
3761,2015,6,6,17,0.000000,0.000000,0.000000,113.974338,113.974338,151.965784
3762,2015,6,6,18,0.000000,0.000000,0.000000,126.421532,126.421532,168.562042
3763,2015,6,6,19,0.000000,0.000000,0.000000,127.970409,127.970409,170.627212
3764,2015,6,6,20,0.000000,0.000000,0.000000,121.722650,121.722650,162.296867
3765,2015,6,6,21,0.000000,0.000000,0.000000,115.458913,115.458913,153.945217
3766,2015,6,6,22,0.000000,0.000000,0.000000,110.888192,110.888192,147.850923
3767,2015,6,6,23,0.000000,0.000000,0.000000,108.784534,108.784534,145.046046
3768,2015,6,6,24,0.000000,0.000000,0.000000,108.863196,108.863196,145.150929
3769,2015,6,7,1,0.000000,0.000000,0.000000,106.076665,106.076665,141.435553
3770,2015,6,7,2,0.000000,0.000000,0.000000,106.231035,106.231035,141.641380
3771,2015,6,7,3,0.000000,0.000000,0.000000,101.572665,101.572665,135.430220
3772,2015,6,7,4,0.000000,0.000000,0.000000,98.948736,98.948736,131.931648
3773,2015,6,7,5,0.000000,0.000000,0.000000,95.998918,95.998918,127.998558
3774,2015,6,7,6,0.000000,0.000000,0.000000,95.809384,95.809384,127.745845
3775,2015,6,7,7,0.000000,0.000000,0.000000,98.026156,98.026156,130.701542
3776,2015,6,7,8,0.000000,0.000000,0.000000,101.202383,101.202383,134.936511
3777,2015,6,7,9,0.000000,0.000000,0.000000,105.599648,105.599648,140.799531
3778,2015,6,7,10,0.000000,0.000000,0.000000,107.432079,107.432079,143.242772
3779,2015,6,7,11,0.000000,0.000000,0.000000,105.590261,105.590261,140.787015
3780,2015,6,7,12,0.000000,0.000000,0.000000,104.532861,104.532861,139.377148
3781,2015,6,7,13,0.000000,0.000000,0.000000,103.060465,103.060465,137.413953
3782,2015,6,7,14,0.000000,0.000000,0.000000,102.974034,102.974034,137.298712
3783,2015,6,7,15,0.000000,0.000000,0.000000,102.776708,102.776708,137.035611
3784,2015,6,7,16,0.000000,0.000000,0.000000,104.216421,104.216421,138.955228
3785,2015,6,7,17,0.000000,0.000000,0.000000,110.135650,110.135650,146.847534
3786,2015,6,7,18,0.000000,0.000000,0.000000,127.278613,127.278613,169.704817
3787,2015,6,7,19,0.000000,0.000000,0.000000,133.304432,133.304432,177.739243
3788,2015,6,7,20,0.000000,0.000000,0.000000,130.051683,130.051683,173.402244
3789,2015,6,7,21,0.000000,0.000000,0.000000,127.738982,127.738982,170.318643
3790,2015,6,7,22,0.000000,0.000000,0.000000,119.526401,119.526401,159.368534
3791,2015,6,7,23,0.000000,0.000000,0.000000,112.300477,112.300477,149.733969
3792,2015,6,7,24,0.000000,0.000000,0.000000,111.400694,111.400694,148.534259
3793,2015,6,8,1,0.000000,0.000000,0.000000,110.698181,110.698181,147.597575
3794,2015,6,8,2,0.000000,0.000000,0.000000,112.135480,112.135480,149.513973
3795,2015,6,8,3,0.000000,0.000000,0.000000,108.969987,108.969987,145.293315
3796,2015,6,8,4,0.000000,0.000000,0.000000,106.649069,106.649069,142.198759
3797,2015,6,8,5,0.000000,0.000000,0.000000,105.855425,105.855425,141.140567
3798,2015,6,8,6,0.000000,0.000000,0.000000,106.555910,106.555910,142.074547
3799,2015,6,8,7,0.000000,0.000000,0.000000,109.162196,109.162196,145.549594
3800,2015,6,8,8,0.000000,0.000000,0.000000,109.145143,109.145143,145.526857
3801,2015,6,8,9,0.000000,0.000000,0.000000,111.745887,111.745887,148.994516
3802,2015,6,8,10,0.000000,0.000000,0.000000,112.398034,112.398034,149.864045
3803,2015,6,8,11,0.000000,0.000000,0.000000,117.312045,117.312045,156.416060
3804,2015,6,8,12,0.000000,0.000000,0.000000,111.440013,111.440013,148.586683
3805,2015,6,8,13,0.000000,0.000000,0.000000,109.424372,109.424372,145.899162
3806,2015,6,8,14,0.000000,0.000000,0.000000,109.408717,109.408717,145.878290
3807,2015,6,8,15,0.000000,0.000000,0.000000,108.680488,108.680488,144.907317
3808,2015,6,8,16,0.000000,0.000000,0.000000,109.369951,109.369951,145.826601
3809,2015,6,8,17,0.000000,0.000000,0.000000,116.231716,116.231716,154.975621
3810,2015,6,8,18,0.000000,0.000000,0.000000,134.184598,134.184598,178.912797
3811,2015,6,8,19,0.000000,0.000000,0.000000,140.103268,140.103268,186.804357
3812,2015,6,8,20,0.000000,0.000000,0.000000,135.836713,135.836713,181.115617
3813,2015,6,8,21,0.000000,0.000000,0.000000,132.693185,132.693185,176.924246
3814,2015,6,8,22,0.000000,0.000000,0.000000,125.604367,125.604367,167.472490
3815,2015,6,8,23,0.000000,0.000000,0.000000,115.285857,115.285857,153.714475
3816,2015,6,8,24,0.000000,0.000000,0.000000,114.685622,114.685622,152.914162
3817,2015,6,9,1,0.000000,0.000000,0.000000,112.813131,112.813131,150.417508
3818,2015,6,9,2,0.000000,0.000000,0.000000,115.071855,115.071855,153.429139
3819,2015,6,9,3,0.000000,0.000000,0.000000,110.695886,110.695886,147.594515
3820,2015,6,9,4,0.000000,0.000000,0.000000,107.884864,107.884864,143.846486
3821,2015,6,9,5,0.000000,0.000000,0.000000,106.948447,106.948447,142.597929
3822,2015,6,9,6,0.000000,0.000000,0.000000,108.835804,108.835804,145.114405
3823,2015,6,9,7,0.000000,0.000000,0.000000,121.235048,121.235048,161.646731
3824,2015,6,9,8,0.000000,0.000000,0.000000,137.034811,137.034811,182.713081
3825,2015,6,9,9,0.000000,0.000000,0.000000,149.209479,149.209479,198.945971
3826,2015,6,9,10,0.000000,0.000000,0.000000,150.183155,150.183155,200.244207
3827,2015,6,9,11,0.000000,0.000000,0.000000,145.039094,145.039094,193.385458
3828,2015,6,9,12,0.000000,0.000000,0.000000,135.366323,135.366323,180.488431
3829,2015,6,9,13,0.000000,0.000000,0.000000,129.171446,129.171446,172.228594
3830,2015,6,9,14,0.000000,0.000000,0.000000,128.137957,128.137957,170.850610
3831,2015,6,9,15,0.000000,0.000000,0.000000,127.227249,127.227249,169.636333
3832,2015,6,9,16,0.000000,0.000000,0.000000,127.027258,127.027258,169.369677
3833,2015,6,9,17,0.000000,0.000000,0.000000,136.115822,136.115822,181.487763
3834,2015,6,9,18,0.000000,0.000000,0.000000,153.342696,153.342696,204.456928
3835,2015,6,9,19,0.000000,0.000000,0.000000,152.605867,152.605867,203.474489
3836,2015,6,9,20,0.000000,0.000000,0.000000,142.228464,142.228464,189.637951
3837,2015,6,9,21,0.000000,0.000000,0.000000,133.534458,133.534458,178.045944
3838,2015,6,9,22,0.000000,0.000000,0.000000,126.968999,126.968999,169.291998
3839,2015,6,9,23,0.000000,0.000000,0.000000,112.206915,112.206915,149.609220
3840,2015,6,9,24,0.000000,0.000000,0.000000,110.144829,110.144829,146.859772
3841,2015,6,10,1,0.000000,0.000000,0.000000,106.513264,106.513264,142.017685
3842,2015,6,10,2,0.000000,0.000000,0.000000,107.933574,107.933574,143.911432
3843,2015,6,10,3,0.000000,0.000000,0.000000,104.492196,104.492196,139.322927
3844,2015,6,10,4,0.000000,0.000000,0.000000,102.741259,102.741259,136.988345
3845,2015,6,10,5,0.000000,0.000000,0.000000,102.148431,102.148431,136.197908
3846,2015,6,10,6,0.000000,0.000000,0.000000,104.767431,104.767431,139.689909
3847,2015,6,10,7,0.000000,0.000000,0.000000,117.527879,117.527879,156.703839
3848,2015,6,10,8,0.000000,0.000000,0.000000,136.378890,136.378890,181.838521
3849,2015,6,10,9,0.000000,0.000000,0.000000,151.511672,151.511672,202.015562
3850,2015,6,10,10,0.000000,0.000000,0.000000,153.496298,153.496298,204.661731
3851,2015,6,10,11,0.000000,0.000000,0.000000,145.612992,145.612992,194.150656
3852,2015,6,10,12,0.000000,0.000000,0.000000,133.443582,133.443582,177.924775
3853,2015,6,10,13,0.000000,0.000000,0.000000,130.996257,130.996257,174.661676
3854,2015,6,10,14,0.000000,0.000000,0.000000,133.783478,133.783478,178.377971
3855,2015,6,10,15,0.000000,0.000000,0.000000,132.836012,132.836012,177.114683
3856,2015,6,10,16,0.000000,0.000000,0.000000,130.884781,130.884781,174.513041
3857,2015,6,10,17,0.000000,0.000000,0.000000,136.880181,136.880181,182.506908
3858,2015,6,10,18,0.000000,0.000000,0.000000,155.818717,155.818717,207.758290
3859,2015,6,10,19,0.000000,0.000000,0.000000,157.198110,157.198110,209.597480
3860,2015,6,10,20,0.000000,0.000000,0.000000,148.523586,148.523586,198.031448
3861,2015,6,10,21,0.000000,0.000000,0.000000,138.285694,138.285694,184.380926
3862,2015,6,10,22,0.000000,0.000000,0.000000,130.280057,130.280057,173.706743
3863,2015,6,10,23,0.000000,0.000000,0.000000,116.245873,116.245873,154.994498
3864,2015,6,10,24,0.000000,0.000000,0.000000,114.092825,114.092825,152.123767
3865,2015,6,11,1,0.000000,0.000000,0.000000,109.916040,109.916040,146.554720
3866,2015,6,11,2,0.000000,0.000000,0.000000,111.545459,111.545459,148.727278
3867,2015,6,11,3,0.000000,0.000000,0.000000,108.369477,108.369477,144.492636
3868,2015,6,11,4,0.000000,0.000000,0.000000,106.204368,106.204368,141.605824
3869,2015,6,11,5,0.000000,0.000000,0.000000,105.714417,105.714417,140.952556
3870,2015,6,11,6,0.000000,0.000000,0.000000,109.014675,109.014675,145.352901
3871,2015,6,11,7,0.000000,0.000000,0.000000,124.017018,124.017018,165.356024
3872,2015,6,11,8,0.000000,0.000000,0.000000,143.657414,143.657414,191.543219
3873,2015,6,11,9,0.000000,0.000000,0.000000,154.730321,154.730321,206.307094
3874,2015,6,11,10,0.000000,0.000000,0.000000,152.529988,152.529988,203.373317
3875,2015,6,11,11,0.000000,0.000000,0.000000,147.233118,147.233118,196.310824
3876,2015,6,11,12,0.000000,0.000000,0.000000,140.298031,140.298031,187.064041
3877,2015,6,11,13,0.000000,0.000000,0.000000,137.269992,137.269992,183.026656
3878,2015,6,11,14,0.000000,0.000000,0.000000,136.163619,136.163619,181.551493
3879,2015,6,11,15,0.000000,0.000000,0.000000,136.361687,136.361687,181.815583
3880,2015,6,11,16,0.000000,0.000000,0.000000,135.925848,135.925848,181.234463
3881,2015,6,11,17,0.000000,0.000000,0.000000,141.140617,141.140617,188.187489
3882,2015,6,11,18,0.000000,0.000000,0.000000,160.067256,160.067256,213.423008
3883,2015,6,11,19,0.000000,0.000000,0.000000,162.502209,162.502209,216.669613
3884,2015,6,11,20,0.000000,0.000000,0.000000,153.186491,153.186491,204.248654
3885,2015,6,11,21,0.000000,0.000000,0.000000,142.506127,142.506127,190.008170
3886,2015,6,11,22,0.000000,0.000000,0.000000,134.878769,134.878769,179.838359
3887,2015,6,11,23,0.000000,0.000000,0.000000,121.468358,121.468358,161.957810
3888,2015,6,11,24,0.000000,0.000000,0.000000,118.976920,118.976920,158.635894
3889,2015,6,12,1,0.000000,0.000000,0.000000,113.309878,113.309878,151.079838
3890,2015,6,12,2,0.000000,0.000000,0.000000,115.606676,115.606676,154.142235
3891,2015,6,12,3,0.000000,0.000000,0.000000,112.636112,112.636112,150.181482
3892,2015,6,12,4,0.000000,0.000000,0.000000,110.192585,110.192585,146.923447
3893,2015,6,12,5,0.000000,0.000000,0.000000,109.266198,109.266198,145.688264
3894,2015,6,12,6,0.000000,0.000000,0.000000,112.428348,112.428348,149.904464
3895,2015,6,12,7,0.000000,0.000000,0.000000,120.976599,120.976599,161.302132
3896,2015,6,12,8,0.000000,0.000000,0.000000,137.963962,137.963962,183.951949
3897,2015,6,12,9,0.000000,0.000000,0.000000,144.603188,144.603188,192.804251
3898,2015,6,12,10,0.000000,0.000000,0.000000,144.226625,144.226625,192.302167
3899,2015,6,12,11,0.000000,0.000000,0.000000,139.534189,139.534189,186.045585
3900,2015,6,12,12,0.000000,0.000000,0.000000,137.737827,137.737827,183.650436
3901,2015,6,12,13,0.000000,0.000000,0.000000,135.426510,135.426510,180.568680
3902,2015,6,12,14,0.000000,0.000000,0.000000,138.067657,138.067657,184.090210
3903,2015,6,12,15,0.000000,0.000000,0.000000,134.584306,134.584306,179.445741
3904,2015,6,12,16,0.000000,0.000000,0.000000,131.912531,131.912531,175.883374
3905,2015,6,12,17,0.000000,0.000000,0.000000,134.501576,134.501576,179.335434
3906,2015,6,12,18,0.000000,0.000000,0.000000,147.607058,147.607058,196.809410
3907,2015,6,12,19,0.000000,0.000000,0.000000,149.823739,149.823739,199.764985
3908,2015,6,12,20,0.000000,0.000000,0.000000,141.423047,141.423047,188.564063
3909,2015,6,12,21,0.000000,0.000000,0.000000,134.670350,134.670350,179.560467
3910,2015,6,12,22,0.000000,0.000000,0.000000,129.655076,129.655076,172.873435
3911,2015,6,12,23,0.000000,0.000000,0.000000,120.586765,120.586765,160.782354
3912,2015,6,12,24,0.000000,0.000000,0.000000,122.868989,122.868989,163.825319
3913,2015,6,13,1,0.000000,0.000000,0.000000,113.378105,113.378105,151.170807
3914,2015,6,13,2,0.000000,0.000000,0.000000,115.210502,115.210502,153.614002
3915,2015,6,13,3,0.000000,0.000000,0.000000,109.973826,109.973826,146.631768
3916,2015,6,13,4,0.000000,0.000000,0.000000,106.166586,106.166586,141.555448
3917,2015,6,13,5,0.000000,0.000000,0.000000,104.444279,104.444279,139.259039
3918,2015,6,13,6,0.000000,0.000000,0.000000,104.183324,104.183324,138.911098
3919,2015,6,13,7,0.000000,0.000000,0.000000,106.306700,106.306700,141.742266
3920,2015,6,13,8,0.000000,0.000000,0.000000,109.237723,109.237723,145.650298
3921,2015,6,13,9,0.000000,0.000000,0.000000,118.000639,118.000639,157.334186
3922,2015,6,13,10,0.000000,0.000000,0.000000,125.508587,125.508587,167.344782
3923,2015,6,13,11,0.000000,0.000000,0.000000,123.237315,123.237315,164.316420
3924,2015,6,13,12,0.000000,0.000000,0.000000,116.744215,116.744215,155.658954
3925,2015,6,13,13,0.000000,0.000000,0.000000,115.365562,115.365562,153.820749
3926,2015,6,13,14,0.000000,0.000000,0.000000,114.473261,114.473261,152.631015
3927,2015,6,13,15,0.000000,0.000000,0.000000,112.905432,112.905432,150.540576
3928,2015,6,13,16,0.000000,0.000000,0.000000,113.272294,113.272294,151.029725
3929,2015,6,13,17,0.000000,0.000000,0.000000,118.315075,118.315075,157.753434
3930,2015,6,13,18,0.000000,0.000000,0.000000,132.661718,132.661718,176.882291
3931,2015,6,13,19,0.000000,0.000000,0.000000,137.472583,137.472583,183.296777
3932,2015,6,13,20,0.000000,0.000000,0.000000,133.539411,133.539411,178.052548
3933,2015,6,13,21,0.000000,0.000000,0.000000,129.826628,129.826628,173.102171
3934,2015,6,13,22,0.000000,0.000000,0.000000,123.711415,123.711415,164.948553
3935,2015,6,13,23,0.000000,0.000000,0.000000,117.248797,117.248797,156.331730
3936,2015,6,13,24,0.000000,0.000000,0.000000,117.119143,117.119143,156.158857
3937,2015,6,14,1,0.000000,0.000000,0.000000,113.274906,113.274906,151.033208
3938,2015,6,14,2,0.000000,0.000000,0.000000,114.113026,114.113026,152.150702
3939,2015,6,14,3,0.000000,0.000000,0.000000,109.443034,109.443034,145.924045
3940,2015,6,14,4,0.000000,0.000000,0.000000,105.206372,105.206372,140.275162
3941,2015,6,14,5,0.000000,0.000000,0.000000,102.621222,102.621222,136.828296
3942,2015,6,14,6,0.000000,0.000000,0.000000,102.027301,102.027301,136.036401
3943,2015,6,14,7,0.000000,0.000000,0.000000,103.704796,103.704796,138.273061
3944,2015,6,14,8,0.000000,0.000000,0.000000,105.488943,105.488943,140.651924
3945,2015,6,14,9,0.000000,0.000000,0.000000,109.892287,109.892287,146.523049
3946,2015,6,14,10,0.000000,0.000000,0.000000,112.643768,112.643768,150.191691
3947,2015,6,14,11,0.000000,0.000000,0.000000,113.576554,113.576554,151.435405
3948,2015,6,14,12,0.000000,0.000000,0.000000,110.337327,110.337327,147.116436
3949,2015,6,14,13,0.000000,0.000000,0.000000,108.765059,108.765059,145.020078
3950,2015,6,14,14,0.000000,0.000000,0.000000,107.927226,107.927226,143.902968
3951,2015,6,14,15,0.000000,0.000000,0.000000,106.743720,106.743720,142.324960
3952,2015,6,14,16,0.000000,0.000000,0.000000,108.233404,108.233404,144.311205
3953,2015,6,14,17,0.000000,0.000000,0.000000,114.797101,114.797101,153.062802
3954,2015,6,14,18,0.000000,0.000000,0.000000,128.846183,128.846183,171.794911
3955,2015,6,14,19,0.000000,0.000000,0.000000,132.504346,132.504346,176.672462
3956,2015,6,14,20,0.000000,0.000000,0.000000,128.670972,128.670972,171.561296
3957,2015,6,14,21,0.000000,0.000000,0.000000,124.893546,124.893546,166.524728
3958,2015,6,14,22,0.000000,0.000000,0.000000,118.392277,118.392277,157.856369
3959,2015,6,14,23,0.000000,0.000000,0.000000,113.380434,113.380434,151.173912
3960,2015,6,14,24,0.000000,0.000000,0.000000,112.589078,112.589078,150.118771
3961,2015,6,15,1,0.000000,0.000000,0.000000,108.744174,108.744174,144.992231
3962,2015,6,15,2,0.000000,0.000000,0.000000,110.341268,110.341268,147.121691
3963,2015,6,15,3,0.000000,0.000000,0.000000,107.556232,107.556232,143.408309
3964,2015,6,15,4,0.000000,0.000000,0.000000,105.476094,105.476094,140.634791
3965,2015,6,15,5,0.000000,0.000000,0.000000,104.517497,104.517497,139.356662
3966,2015,6,15,6,0.000000,0.000000,0.000000,107.274094,107.274094,143.032125
3967,2015,6,15,7,0.000000,0.000000,0.000000,122.389107,122.389107,163.185475
3968,2015,6,15,8,0.000000,0.000000,0.000000,143.501775,143.501775,191.335700
3969,2015,6,15,9,0.000000,0.000000,0.000000,157.244817,157.244817,209.659756
3970,2015,6,15,10,0.000000,0.000000,0.000000,154.144966,154.144966,205.526622
3971,2015,6,15,11,0.000000,0.000000,0.000000,146.885286,146.885286,195.847048
3972,2015,6,15,12,0.000000,0.000000,0.000000,140.247561,140.247561,186.996748
3973,2015,6,15,13,0.000000,0.000000,0.000000,134.257781,134.257781,179.010375
3974,2015,6,15,14,0.000000,0.000000,0.000000,131.322705,131.322705,175.096940
3975,2015,6,15,15,0.000000,0.000000,0.000000,128.523920,128.523920,171.365226
3976,2015,6,15,16,0.000000,0.000000,0.000000,127.365320,127.365320,169.820427
3977,2015,6,15,17,0.000000,0.000000,0.000000,132.072222,132.072222,176.096296
3978,2015,6,15,18,0.000000,0.000000,0.000000,157.054043,157.054043,209.405390
3979,2015,6,15,19,0.000000,0.000000,0.000000,162.799820,162.799820,217.066427
3980,2015,6,15,20,0.000000,0.000000,0.000000,153.682248,153.682248,204.909665
3981,2015,6,15,21,0.000000,0.000000,0.000000,144.750960,144.750960,193.001280
3982,2015,6,15,22,0.000000,0.000000,0.000000,133.061569,133.061569,177.415425
3983,2015,6,15,23,0.000000,0.000000,0.000000,123.509175,123.509175,164.678900
3984,2015,6,15,24,0.000000,0.000000,0.000000,121.057301,121.057301,161.409735
3985,2015,6,16,1,0.000000,0.000000,0.000000,107.435692,107.435692,143.247589
3986,2015,6,16,2,0.000000,0.000000,0.000000,109.394410,109.394410,145.859213
3987,2015,6,16,3,0.000000,0.000000,0.000000,106.360542,106.360542,141.814056
3988,2015,6,16,4,0.000000,0.000000,0.000000,103.731047,103.731047,138.308063
3989,2015,6,16,5,0.000000,0.000000,0.000000,103.200897,103.200897,137.601197
3990,2015,6,16,6,0.000000,0.000000,0.000000,106.229165,106.229165,141.638886
3991,2015,6,16,7,0.000000,0.000000,0.000000,119.751538,119.751538,159.668717
3992,2015,6,16,8,0.000000,0.000000,0.000000,138.771126,138.771126,185.028168
3993,2015,6,16,9,0.000000,0.000000,0.000000,152.490333,152.490333,203.320443
3994,2015,6,16,10,0.000000,0.000000,0.000000,152.638708,152.638708,203.518277
3995,2015,6,16,11,0.000000,0.000000,0.000000,145.318909,145.318909,193.758546
3996,2015,6,16,12,0.000000,0.000000,0.000000,136.737224,136.737224,182.316299
3997,2015,6,16,13,0.000000,0.000000,0.000000,133.656703,133.656703,178.208937
3998,2015,6,16,14,0.000000,0.000000,0.000000,134.146607,134.146607,178.862143
3999,2015,6,16,15,0.000000,0.000000,0.000000,132.055178,132.055178,176.073570
4000,2015,6,16,16,0.000000,0.000000,0.000000,131.323377,131.323377,175.097836
4001,2015,6,16,17,0.000000,0.000000,0.000000,138.144997,138.144997,184.193329
4002,2015,6,16,18,0.000000,0.000000,0.000000,159.479369,159.479369,212.639159
4003,2015,6,16,19,0.000000,0.000000,0.000000,165.357796,165.357796,220.477061
4004,2015,6,16,20,0.000000,0.000000,0.000000,158.115860,158.115860,210.821147
4005,2015,6,16,21,0.000000,0.000000,0.000000,147.106874,147.106874,196.142498
4006,2015,6,16,22,0.000000,0.000000,0.000000,134.045948,134.045948,178.727931
4007,2015,6,16,23,0.000000,0.000000,0.000000,122.544191,122.544191,163.392254
4008,2015,6,16,24,0.000000,0.000000,0.000000,119.113206,119.113206,158.817607
4009,2015,6,17,1,0.000000,0.000000,0.000000,110.178356,110.178356,146.904475
4010,2015,6,17,2,0.000000,0.000000,0.000000,111.481597,111.481597,148.642129
4011,2015,6,17,3,0.000000,0.000000,0.000000,107.426480,107.426480,143.235306
4012,2015,6,17,4,0.000000,0.000000,0.000000,104.220539,104.220539,138.960718
4013,2015,6,17,5,0.000000,0.000000,0.000000,103.633754,103.633754,138.178339
4014,2015,6,17,6,0.000000,0.000000,0.000000,106.632618,106.632618,142.176824
4015,2015,6,17,7,0.000000,0.000000,0.000000,123.412602,123.412602,164.550136
4016,2015,6,17,8,0.000000,0.000000,0.000000,143.825880,143.825880,191.767839
4017,2015,6,17,9,0.000000,0.000000,0.000000,155.608933,155.608933,207.478577
4018,2015,6,17,10,0.000000,0.000000,0.000000,156.586139,156.586139,208.781518
4019,2015,6,17,11,0.000000,0.000000,0.000000,148.804753,148.804753,198.406338
4020,2015,6,17,12,0.000000,0.000000,0.000000,141.284907,141.284907,188.379876
4021,2015,6,17,13,0.000000,0.000000,0.000000,138.273729,138.273729,184.364973
4022,2015,6,17,14,0.000000,0.000000,0.000000,138.752700,138.752700,185.003601
4023,2015,6,17,15,0.000000,0.000000,0.000000,133.793724,133.793724,178.391632
4024,2015,6,17,16,0.000000,0.000000,0.000000,132.919215,132.919215,177.225620
4025,2015,6,17,17,0.000000,0.000000,0.000000,139.575379,139.575379,186.100505
4026,2015,6,17,18,0.000000,0.000000,0.000000,156.061714,156.061714,208.082285
4027,2015,6,17,19,0.000000,0.000000,0.000000,154.377924,154.377924,205.837232
4028,2015,6,17,20,0.000000,0.000000,0.000000,142.489949,142.489949,189.986599
4029,2015,6,17,21,0.000000,0.000000,0.000000,133.321616,133.321616,177.762154
4030,2015,6,17,22,0.000000,0.000000,0.000000,125.630737,125.630737,167.507650
4031,2015,6,17,23,0.000000,0.000000,0.000000,112.953318,112.953318,150.604424
4032,2015,6,17,24,0.000000,0.000000,0.000000,112.240801,112.240801,149.654401
4033,2015,6,18,1,0.000000,0.000000,0.000000,107.530923,107.530923,143.374564
4034,2015,6,18,2,0.000000,0.000000,0.000000,108.306840,108.306840,144.409120
4035,2015,6,18,3,0.000000,0.000000,0.000000,105.069573,105.069573,140.092763
4036,2015,6,18,4,0.000000,0.000000,0.000000,102.810320,102.810320,137.080427
4037,2015,6,18,5,0.000000,0.000000,0.000000,100.430066,100.430066,133.906755
4038,2015,6,18,6,0.000000,0.000000,0.000000,103.640416,103.640416,138.187222
4039,2015,6,18,7,0.000000,0.000000,0.000000,112.655392,112.655392,150.207190
4040,2015,6,18,8,0.000000,0.000000,0.000000,130.414301,130.414301,173.885735
4041,2015,6,18,9,0.000000,0.000000,0.000000,134.816398,134.816398,179.755197
4042,2015,6,18,10,0.000000,0.000000,0.000000,134.558967,134.558967,179.411956
4043,2015,6,18,11,0.000000,0.000000,0.000000,137.088235,137.088235,182.784313
4044,2015,6,18,12,0.000000,0.000000,0.000000,137.858748,137.858748,183.811664
4045,2015,6,18,13,0.000000,0.000000,0.000000,130.889207,130.889207,174.518943
4046,2015,6,18,14,0.000000,0.000000,0.000000,131.730315,131.730315,175.640420
4047,2015,6,18,15,0.000000,0.000000,0.000000,130.912328,130.912328,174.549771
4048,2015,6,18,16,0.000000,0.000000,0.000000,129.637395,129.637395,172.849860
4049,2015,6,18,17,0.000000,0.000000,0.000000,133.451556,133.451556,177.935408
4050,2015,6,18,18,0.000000,0.000000,0.000000,156.116251,156.116251,208.155001
4051,2015,6,18,19,0.000000,0.000000,0.000000,162.574828,162.574828,216.766437
4052,2015,6,18,20,0.000000,0.000000,0.000000,151.835364,151.835364,202.447151
4053,2015,6,18,21,0.000000,0.000000,0.000000,142.513315,142.513315,190.017754
4054,2015,6,18,22,0.000000,0.000000,0.000000,135.374745,135.374745,180.499661
4055,2015,6,18,23,0.000000,0.000000,0.000000,124.959702,124.959702,166.612936
4056,2015,6,18,24,0.000000,0.000000,0.000000,123.839029,123.839029,165.118706
4057,2015,6,19,1,0.000000,0.000000,0.000000,116.912209,116.912209,155.882946
4058,2015,6,19,2,0.000000,0.000000,0.000000,118.391806,118.391806,157.855741
4059,2015,6,19,3,0.000000,0.000000,0.000000,114.863055,114.863055,153.150740
4060,2015,6,19,4,0.000000,0.000000,0.000000,112.458204,112.458204,149.944272
4061,2015,6,19,5,0.000000,0.000000,0.000000,112.059507,112.059507,149.412676
4062,2015,6,19,6,0.000000,0.000000,0.000000,115.030551,115.030551,153.374068
4063,2015,6,19,7,0.000000,0.000000,0.000000,128.061341,128.061341,170.748455
4064,2015,6,19,8,0.000000,0.000000,0.000000,143.993348,143.993348,191.991130
4065,2015,6,19,9,0.000000,0.000000,0.000000,155.247691,155.247691,206.996922
4066,2015,6,19,10,0.000000,0.000000,0.000000,150.343086,150.343086,200.457447
4067,2015,6,19,11,0.000000,0.000000,0.000000,142.609001,142.609001,190.145335
4068,2015,6,19,12,0.000000,0.000000,0.000000,137.995220,137.995220,183.993626
4069,2015,6,19,13,0.000000,0.000000,0.000000,133.173691,133.173691,177.564921
4070,2015,6,19,14,0.000000,0.000000,0.000000,132.477263,132.477263,176.636351
4071,2015,6,19,15,0.000000,0.000000,0.000000,131.100090,131.100090,174.800119
4072,2015,6,19,16,0.000000,0.000000,0.000000,130.780168,130.780168,174.373557
4073,2015,6,19,17,0.000000,0.000000,0.000000,134.559622,134.559622,179.412830
4074,2015,6,19,18,0.000000,0.000000,0.000000,150.383549,150.383549,200.511399
4075,2015,6,19,19,0.000000,0.000000,0.000000,153.102280,153.102280,204.136373
4076,2015,6,19,20,0.000000,0.000000,0.000000,142.584333,142.584333,190.112445
4077,2015,6,19,21,0.000000,0.000000,0.000000,138.094328,138.094328,184.125770
4078,2015,6,19,22,0.000000,0.000000,0.000000,131.913791,131.913791,175.885054
4079,2015,6,19,23,0.000000,0.000000,0.000000,122.247299,122.247299,162.996398
4080,2015,6,19,24,0.000000,0.000000,0.000000,122.778883,122.778883,163.705178
4081,2015,6,20,1,0.000000,0.000000,0.000000,116.588171,116.588171,155.450894
4082,2015,6,20,2,0.000000,0.000000,0.000000,117.006982,117.006982,156.009310
4083,2015,6,20,3,0.000000,0.000000,0.000000,112.273936,112.273936,149.698582
4084,2015,6,20,4,0.000000,0.000000,0.000000,110.111503,110.111503,146.815338
4085,2015,6,20,5,0.000000,0.000000,0.000000,108.775853,108.775853,145.034470
4086,2015,6,20,6,0.000000,0.000000,0.000000,109.188022,109.188022,145.584029
4087,2015,6,20,7,0.000000,0.000000,0.000000,110.916773,110.916773,147.889031
4088,2015,6,20,8,0.000000,0.000000,0.000000,114.701348,114.701348,152.935130
4089,2015,6,20,9,0.000000,0.000000,0.000000,120.101530,120.101530,160.135374
4090,2015,6,20,10,0.000000,0.000000,0.000000,122.323380,122.323380,163.097841
4091,2015,6,20,11,0.000000,0.000000,0.000000,118.117682,118.117682,157.490242
4092,2015,6,20,12,0.000000,0.000000,0.000000,114.370250,114.370250,152.493666
4093,2015,6,20,13,0.000000,0.000000,0.000000,111.149741,111.149741,148.199654
4094,2015,6,20,14,0.000000,0.000000,0.000000,110.059437,110.059437,146.745916
4095,2015,6,20,15,0.000000,0.000000,0.000000,108.817040,108.817040,145.089387
4096,2015,6,20,16,0.000000,0.000000,0.000000,108.402346,108.402346,144.536461
4097,2015,6,20,17,0.000000,0.000000,0.000000,112.445471,112.445471,149.927295
4098,2015,6,20,18,0.000000,0.000000,0.000000,129.901957,129.901957,173.202609
4099,2015,6,20,19,0.000000,0.000000,0.000000,133.305328,133.305328,177.740438
4100,2015,6,20,20,0.000000,0.000000,0.000000,129.827583,129.827583,173.103444
4101,2015,6,20,21,0.000000,0.000000,0.000000,123.405574,123.405574,164.540765
4102,2015,6,20,22,0.000000,0.000000,0.000000,118.559037,118.559037,158.078716
4103,2015,6,20,23,0.000000,0.000000,0.000000,115.538231,115.538231,154.050975
4104,2015,6,20,24,0.000000,0.000000,0.000000,116.918626,116.918626,155.891501
4105,2015,6,21,1,0.000000,0.000000,0.000000,114.214479,114.214479,152.285972
4106,2015,6,21,2,0.000000,0.000000,0.000000,115.851671,115.851671,154.468895
4107,2015,6,21,3,0.000000,0.000000,0.000000,111.268307,111.268307,148.357742
4108,2015,6,21,4,0.000000,0.000000,0.000000,108.251043,108.251043,144.334724
4109,2015,6,21,5,0.000000,0.000000,0.000000,105.545695,105.545695,140.727593
4110,2015,6,21,6,0.000000,0.000000,0.000000,104.950209,104.950209,139.933612
4111,2015,6,21,7,0.000000,0.000000,0.000000,107.384642,107.384642,143.179523
4112,2015,6,21,8,0.000000,0.000000,0.000000,109.894996,109.894996,146.526662
4113,2015,6,21,9,0.000000,0.000000,0.000000,114.385998,114.385998,152.514664
4114,2015,6,21,10,0.000000,0.000000,0.000000,116.286390,116.286390,155.048521
4115,2015,6,21,11,0.000000,0.000000,0.000000,116.813621,116.813621,155.751495
4116,2015,6,21,12,0.000000,0.000000,0.000000,115.873417,115.873417,154.497889
4117,2015,6,21,13,0.000000,0.000000,0.000000,115.148838,115.148838,153.531784
4118,2015,6,21,14,0.000000,0.000000,0.000000,113.971783,113.971783,151.962378
4119,2015,6,21,15,0.000000,0.000000,0.000000,112.005500,112.005500,149.340667
4120,2015,6,21,16,0.000000,0.000000,0.000000,112.297678,112.297678,149.730238
4121,2015,6,21,17,0.000000,0.000000,0.000000,116.297201,116.297201,155.062935
4122,2015,6,21,18,0.000000,0.000000,0.000000,133.062979,133.062979,177.417305
4123,2015,6,21,19,0.000000,0.000000,0.000000,138.168618,138.168618,184.224825
4124,2015,6,21,20,0.000000,0.000000,0.000000,134.438218,134.438218,179.250957
4125,2015,6,21,21,0.000000,0.000000,0.000000,131.264425,131.264425,175.019234
4126,2015,6,21,22,0.000000,0.000000,0.000000,123.666803,123.666803,164.889071
4127,2015,6,21,23,0.000000,0.000000,0.000000,115.213832,115.213832,153.618443
4128,2015,6,21,24,0.000000,0.000000,0.000000,114.556653,114.556653,152.742204
4129,2015,6,22,1,0.000000,0.000000,0.000000,111.571633,111.571633,148.762177
4130,2015,6,22,2,0.000000,0.000000,0.000000,113.230164,113.230164,150.973552
4131,2015,6,22,3,0.000000,0.000000,0.000000,110.554429,110.554429,147.405906
4132,2015,6,22,4,0.000000,0.000000,0.000000,108.420384,108.420384,144.560512
4133,2015,6,22,5,0.000000,0.000000,0.000000,107.053176,107.053176,142.737569
4134,2015,6,22,6,0.000000,0.000000,0.000000,109.967368,109.967368,146.623157
4135,2015,6,22,7,0.000000,0.000000,0.000000,125.770192,125.770192,167.693589
4136,2015,6,22,8,0.000000,0.000000,0.000000,147.660203,147.660203,196.880270
4137,2015,6,22,9,0.000000,0.000000,0.000000,161.341832,161.341832,215.122443
4138,2015,6,22,10,0.000000,0.000000,0.000000,158.104485,158.104485,210.805980
4139,2015,6,22,11,0.000000,0.000000,0.000000,150.251045,150.251045,200.334726
4140,2015,6,22,12,0.000000,0.000000,0.000000,143.711301,143.711301,191.615068
4141,2015,6,22,13,0.000000,0.000000,0.000000,137.697242,137.697242,183.596322
4142,2015,6,22,14,0.000000,0.000000,0.000000,134.463440,134.463440,179.284587
4143,2015,6,22,15,0.000000,0.000000,0.000000,131.381210,131.381210,175.174946
4144,2015,6,22,16,0.000000,0.000000,0.000000,129.982292,129.982292,173.309722
4145,2015,6,22,17,0.000000,0.000000,0.000000,134.164851,134.164851,178.886468
4146,2015,6,22,18,0.000000,0.000000,0.000000,158.692908,158.692908,211.590543
4147,2015,6,22,19,0.000000,0.000000,0.000000,164.393920,164.393920,219.191893
4148,2015,6,22,20,0.000000,0.000000,0.000000,154.648557,154.648557,206.198076
4149,2015,6,22,21,0.000000,0.000000,0.000000,145.232610,145.232610,193.643480
4150,2015,6,22,22,0.000000,0.000000,0.000000,133.100727,133.100727,177.467636
4151,2015,6,22,23,0.000000,0.000000,0.000000,123.499630,123.499630,164.666174
4152,2015,6,22,24,0.000000,0.000000,0.000000,121.312722,121.312722,161.750295
4153,2015,6,23,1,0.000000,0.000000,0.000000,112.237000,112.237000,149.649333
4154,2015,6,23,2,0.000000,0.000000,0.000000,114.601823,114.601823,152.802431
4155,2015,6,23,3,0.000000,0.000000,0.000000,108.755581,108.755581,145.007441
4156,2015,6,23,4,0.000000,0.000000,0.000000,106.411283,106.411283,141.881710
4157,2015,6,23,5,0.000000,0.000000,0.000000,105.814795,105.814795,141.086393
4158,2015,6,23,6,0.000000,0.000000,0.000000,107.933356,107.933356,143.911142
4159,2015,6,23,7,0.000000,0.000000,0.000000,125.339320,125.339320,167.119093
4160,2015,6,23,8,0.000000,0.000000,0.000000,146.134382,146.134382,194.845843
4161,2015,6,23,9,0.000000,0.000000,0.000000,157.691575,157.691575,210.255433
4162,2015,6,23,10,0.000000,0.000000,0.000000,157.187706,157.187706,209.583608
4163,2015,6,23,11,0.000000,0.000000,0.000000,150.262658,150.262658,200.350211
4164,2015,6,23,12,0.000000,0.000000,0.000000,143.770713,143.770713,191.694284
4165,2015,6,23,13,0.000000,0.000000,0.000000,138.686604,138.686604,184.915472
4166,2015,6,23,14,0.000000,0.000000,0.000000,138.143768,138.143768,184.191691
4167,2015,6,23,15,0.000000,0.000000,0.000000,132.716511,132.716511,176.955348
4168,2015,6,23,16,0.000000,0.000000,0.000000,130.560889,130.560889,174.081185
4169,2015,6,23,17,0.000000,0.000000,0.000000,138.331055,138.331055,184.441407
4170,2015,6,23,18,0.000000,0.000000,0.000000,159.730390,159.730390,212.973854
4171,2015,6,23,19,0.000000,0.000000,0.000000,162.246763,162.246763,216.329018
4172,2015,6,23,20,0.000000,0.000000,0.000000,153.317249,153.317249,204.422999
4173,2015,6,23,21,0.000000,0.000000,0.000000,142.325696,142.325696,189.767595
4174,2015,6,23,22,0.000000,0.000000,0.000000,130.734599,130.734599,174.312799
4175,2015,6,23,23,0.000000,0.000000,0.000000,118.988605,118.988605,158.651474
4176,2015,6,23,24,0.000000,0.000000,0.000000,116.295187,116.295187,155.060250
4177,2015,6,24,1,0.000000,0.000000,0.000000,108.985570,108.985570,145.314093
4178,2015,6,24,2,0.000000,0.000000,0.000000,111.049288,111.049288,148.065717
4179,2015,6,24,3,0.000000,0.000000,0.000000,106.849001,106.849001,142.465335
4180,2015,6,24,4,0.000000,0.000000,0.000000,103.833831,103.833831,138.445108
4181,2015,6,24,5,0.000000,0.000000,0.000000,103.226385,103.226385,137.635180
4182,2015,6,24,6,0.000000,0.000000,0.000000,106.415779,106.415779,141.887706
4183,2015,6,24,7,0.000000,0.000000,0.000000,122.558681,122.558681,163.411575
4184,2015,6,24,8,0.000000,0.000000,0.000000,142.047054,142.047054,189.396072
4185,2015,6,24,9,0.000000,0.000000,0.000000,151.142364,151.142364,201.523152
4186,2015,6,24,10,0.000000,0.000000,0.000000,151.545501,151.545501,202.060669
4187,2015,6,24,11,0.000000,0.000000,0.000000,143.549984,143.549984,191.399978
4188,2015,6,24,12,0.000000,0.000000,0.000000,138.028837,138.028837,184.038449
4189,2015,6,24,13,0.000000,0.000000,0.000000,132.830697,132.830697,177.107596
4190,2015,6,24,14,0.000000,0.000000,0.000000,131.759552,131.759552,175.679403
4191,2015,6,24,15,0.000000,0.000000,0.000000,128.230369,128.230369,170.973826
4192,2015,6,24,16,0.000000,0.000000,0.000000,127.165638,127.165638,169.554183
4193,2015,6,24,17,0.000000,0.000000,0.000000,129.102530,129.102530,172.136706
4194,2015,6,24,18,0.000000,0.000000,0.000000,148.133512,148.133512,197.511350
4195,2015,6,24,19,0.000000,0.000000,0.000000,152.422639,152.422639,203.230185
4196,2015,6,24,20,0.000000,0.000000,0.000000,143.789969,143.789969,191.719958
4197,2015,6,24,21,0.000000,0.000000,0.000000,134.855791,134.855791,179.807722
4198,2015,6,24,22,0.000000,0.000000,0.000000,128.244566,128.244566,170.992755
4199,2015,6,24,23,0.000000,0.000000,0.000000,114.647357,114.647357,152.863143
4200,2015,6,24,24,0.000000,0.000000,0.000000,113.210864,113.210864,150.947818
4201,2015,6,25,1,0.000000,0.000000,0.000000,107.839866,107.839866,143.786488
4202,2015,6,25,2,0.000000,0.000000,0.000000,108.320005,108.320005,144.426674
4203,2015,6,25,3,0.000000,0.000000,0.000000,104.731399,104.731399,139.641866
4204,2015,6,25,4,0.000000,0.000000,0.000000,101.702799,101.702799,135.603732
4205,2015,6,25,5,0.000000,0.000000,0.000000,101.174258,101.174258,134.899011
4206,2015,6,25,6,0.000000,0.000000,0.000000,104.904642,104.904642,139.872856
4207,2015,6,25,7,0.000000,0.000000,0.000000,115.600201,115.600201,154.133601
4208,2015,6,25,8,0.000000,0.000000,0.000000,131.984037,131.984037,175.978716
4209,2015,6,25,9,0.000000,0.000000,0.000000,137.134088,137.134088,182.845451
4210,2015,6,25,10,0.000000,0.000000,0.000000,135.441699,135.441699,180.588932
4211,2015,6,25,11,0.000000,0.000000,0.000000,130.658484,130.658484,174.211312
4212,2015,6,25,12,0.000000,0.000000,0.000000,126.247034,126.247034,168.329379
4213,2015,6,25,13,0.000000,0.000000,0.000000,124.329007,124.329007,165.772009
4214,2015,6,25,14,0.000000,0.000000,0.000000,124.250267,124.250267,165.667022
4215,2015,6,25,15,0.000000,0.000000,0.000000,123.180178,123.180178,164.240237
4216,2015,6,25,16,0.000000,0.000000,0.000000,124.569161,124.569161,166.092215
4217,2015,6,25,17,0.000000,0.000000,0.000000,128.597795,128.597795,171.463727
4218,2015,6,25,18,0.000000,0.000000,0.000000,143.641700,143.641700,191.522267
4219,2015,6,25,19,0.000000,0.000000,0.000000,148.080001,148.080001,197.440001
4220,2015,6,25,20,0.000000,0.000000,0.000000,140.340120,140.340120,187.120160
4221,2015,6,25,21,0.000000,0.000000,0.000000,135.420890,135.420890,180.561187
4222,2015,6,25,22,0.000000,0.000000,0.000000,126.409001,126.409001,168.545335
4223,2015,6,25,23,0.000000,0.000000,0.000000,116.304522,116.304522,155.072696
4224,2015,6,25,24,0.000000,0.000000,0.000000,115.555273,115.555273,154.073697
4225,2015,6,26,1,0.000000,0.000000,0.000000,110.315984,110.315984,147.087978
4226,2015,6,26,2,0.000000,0.000000,0.000000,110.913773,110.913773,147.885031
4227,2015,6,26,3,0.000000,0.000000,0.000000,106.226546,106.226546,141.635395
4228,2015,6,26,4,0.000000,0.000000,0.000000,103.002446,103.002446,137.336595
4229,2015,6,26,5,0.000000,0.000000,0.000000,101.284607,101.284607,135.046143
4230,2015,6,26,6,0.000000,0.000000,0.000000,105.764302,105.764302,141.019069
4231,2015,6,26,7,0.000000,0.000000,0.000000,114.095520,114.095520,152.127360
4232,2015,6,26,8,0.000000,0.000000,0.000000,132.243472,132.243472,176.324629
4233,2015,6,26,9,0.000000,0.000000,0.000000,139.196096,139.196096,185.594795
4234,2015,6,26,10,0.000000,0.000000,0.000000,142.551536,142.551536,190.068715
4235,2015,6,26,11,0.000000,0.000000,0.000000,140.245710,140.245710,186.994280
4236,2015,6,26,12,0.000000,0.000000,0.000000,136.872218,136.872218,182.496291
4237,2015,6,26,13,0.000000,0.000000,0.000000,135.040852,135.040852,180.054469
4238,2015,6,26,14,0.000000,0.000000,0.000000,134.521424,134.521424,179.361899
4239,2015,6,26,15,0.000000,0.000000,0.000000,135.639293,135.639293,180.852391
4240,2015,6,26,16,0.000000,0.000000,0.000000,136.590777,136.590777,182.121036
4241,2015,6,26,17,0.000000,0.000000,0.000000,138.395811,138.395811,184.527748
4242,2015,6,26,18,0.000000,0.000000,0.000000,151.651551,151.651551,202.202068
4243,2015,6,26,19,0.000000,0.000000,0.000000,150.111960,150.111960,200.149279
4244,2015,6,26,20,0.000000,0.000000,0.000000,141.393321,141.393321,188.524428
4245,2015,6,26,21,0.000000,0.000000,0.000000,136.253550,136.253550,181.671400
4246,2015,6,26,22,0.000000,0.000000,0.000000,129.036786,129.036786,172.049047
4247,2015,6,26,23,0.000000,0.000000,0.000000,120.432657,120.432657,160.576876
4248,2015,6,26,24,0.000000,0.000000,0.000000,121.482876,121.482876,161.977168
4249,2015,6,27,1,0.000000,0.000000,0.000000,116.409166,116.409166,155.212222
4250,2015,6,27,2,0.000000,0.000000,0.000000,116.410758,116.410758,155.214344
4251,2015,6,27,3,0.000000,0.000000,0.000000,113.878666,113.878666,151.838221
4252,2015,6,27,4,0.000000,0.000000,0.000000,110.480967,110.480967,147.307956
4253,2015,6,27,5,0.000000,0.000000,0.000000,108.653560,108.653560,144.871413
4254,2015,6,27,6,0.000000,0.000000,0.000000,108.590002,108.590002,144.786669
4255,2015,6,27,7,0.000000,0.000000,0.000000,113.232174,113.232174,150.976232
4256,2015,6,27,8,0.000000,0.000000,0.000000,116.948522,116.948522,155.931363
4257,2015,6,27,9,0.000000,0.000000,0.000000,125.454240,125.454240,167.272320
4258,2015,6,27,10,0.000000,0.000000,0.000000,133.141197,133.141197,177.521596
4259,2015,6,27,11,0.000000,0.000000,0.000000,131.511442,131.511442,175.348590
4260,2015,6,27,12,0.000000,0.000000,0.000000,126.975097,126.975097,169.300129
4261,2015,6,27,13,0.000000,0.000000,0.000000,122.730899,122.730899,163.641199
4262,2015,6,27,14,0.000000,0.000000,0.000000,120.534963,120.534963,160.713284
4263,2015,6,27,15,0.000000,0.000000,0.000000,119.678366,119.678366,159.571154
4264,2015,6,27,16,0.000000,0.000000,0.000000,120.261394,120.261394,160.348525
4265,2015,6,27,17,0.000000,0.000000,0.000000,125.555050,125.555050,167.406734
4266,2015,6,27,18,0.000000,0.000000,0.000000,138.149615,138.149615,184.199486
4267,2015,6,27,19,0.000000,0.000000,0.000000,143.013934,143.013934,190.685245
4268,2015,6,27,20,0.000000,0.000000,0.000000,137.958161,137.958161,183.944215
4269,2015,6,27,21,0.000000,0.000000,0.000000,134.189228,134.189228,178.918971
4270,2015,6,27,22,0.000000,0.000000,0.000000,126.110307,126.110307,168.147076
4271,2015,6,27,23,0.000000,0.000000,0.000000,119.168661,119.168661,158.891548
4272,2015,6,27,24,0.000000,0.000000,0.000000,120.055259,120.055259,160.073678
4273,2015,6,28,1,0.000000,0.000000,0.000000,115.835084,115.835084,154.446779
4274,2015,6,28,2,0.000000,0.000000,0.000000,116.939808,116.939808,155.919744
4275,2015,6,28,3,0.000000,0.000000,0.000000,113.488989,113.488989,151.318652
4276,2015,6,28,4,0.000000,0.000000,0.000000,110.577740,110.577740,147.436987
4277,2015,6,28,5,0.000000,0.000000,0.000000,108.306867,108.306867,144.409156
4278,2015,6,28,6,0.000000,0.000000,0.000000,107.795156,107.795156,143.726875
4279,2015,6,28,7,0.000000,0.000000,0.000000,109.174415,109.174415,145.565886
4280,2015,6,28,8,0.000000,0.000000,0.000000,111.094269,111.094269,148.125692
4281,2015,6,28,9,0.000000,0.000000,0.000000,115.209253,115.209253,153.612338
4282,2015,6,28,10,0.000000,0.000000,0.000000,118.561979,118.561979,158.082638
4283,2015,6,28,11,0.000000,0.000000,0.000000,117.831126,117.831126,157.108167
4284,2015,6,28,12,0.000000,0.000000,0.000000,112.144029,112.144029,149.525372
4285,2015,6,28,13,0.000000,0.000000,0.000000,109.768205,109.768205,146.357606
4286,2015,6,28,14,0.000000,0.000000,0.000000,109.095894,109.095894,145.461192
4287,2015,6,28,15,0.000000,0.000000,0.000000,107.679601,107.679601,143.572801
4288,2015,6,28,16,0.000000,0.000000,0.000000,107.899612,107.899612,143.866150
4289,2015,6,28,17,0.000000,0.000000,0.000000,112.717726,112.717726,150.290301
4290,2015,6,28,18,0.000000,0.000000,0.000000,129.079170,129.079170,172.105561
4291,2015,6,28,19,0.000000,0.000000,0.000000,137.732906,137.732906,183.643874
4292,2015,6,28,20,0.000000,0.000000,0.000000,133.267511,133.267511,177.690014
4293,2015,6,28,21,0.000000,0.000000,0.000000,130.627169,130.627169,174.169559
4294,2015,6,28,22,0.000000,0.000000,0.000000,124.832792,124.832792,166.443722
4295,2015,6,28,23,0.000000,0.000000,0.000000,114.805163,114.805163,153.073551
4296,2015,6,28,24,0.000000,0.000000,0.000000,113.017550,113.017550,150.690066
4297,2015,6,29,1,0.000000,0.000000,0.000000,109.503395,109.503395,146.004527
4298,2015,6,29,2,0.000000,0.000000,0.000000,111.451068,111.451068,148.601425
4299,2015,6,29,3,0.000000,0.000000,0.000000,107.631013,107.631013,143.508018
4300,2015,6,29,4,0.000000,0.000000,0.000000,105.153431,105.153431,140.204574
4301,2015,6,29,5,0.000000,0.000000,0.000000,104.488142,104.488142,139.317522
4302,2015,6,29,6,0.000000,0.000000,0.000000,106.990849,106.990849,142.654465
4303,2015,6,29,7,0.000000,0.000000,0.000000,118.734101,118.734101,158.312135
4304,2015,6,29,8,0.000000,0.000000,0.000000,133.537594,133.537594,178.050126
4305,2015,6,29,9,0.000000,0.000000,0.000000,148.318314,148.318314,197.757752
4306,2015,6,29,10,0.000000,0.000000,0.000000,152.873262,152.873262,203.831016
4307,2015,6,29,11,0.000000,0.000000,0.000000,146.763046,146.763046,195.684062
4308,2015,6,29,12,0.000000,0.000000,0.000000,139.459662,139.459662,185.946216
4309,2015,6,29,13,0.000000,0.000000,0.000000,133.994567,133.994567,178.659422
4310,2015,6,29,14,0.000000,0.000000,0.000000,134.340864,134.340864,179.121153
4311,2015,6,29,15,0.000000,0.000000,0.000000,130.606347,130.606347,174.141796
4312,2015,6,29,16,0.000000,0.000000,0.000000,131.813568,131.813568,175.751423
4313,2015,6,29,17,0.000000,0.000000,0.000000,136.280907,136.280907,181.707876
4314,2015,6,29,18,0.000000,0.000000,0.000000,156.875277,156.875277,209.167037
4315,2015,6,29,19,0.000000,0.000000,0.000000,161.298017,161.298017,215.064023
4316,2015,6,29,20,0.000000,0.000000,0.000000,150.700913,150.700913,200.934550
4317,2015,6,29,21,0.000000,0.000000,0.000000,139.457793,139.457793,185.943724
4318,2015,6,29,22,0.000000,0.000000,0.000000,130.344574,130.344574,173.792765
4319,2015,6,29,23,0.000000,0.000000,0.000000,118.114597,118.114597,157.486130
4320,2015,6,29,24,0.000000,0.000000,0.000000,115.332309,115.332309,153.776412
4321,2015,6,30,1,0.000000,0.000000,0.000000,109.875132,109.875132,146.500176
4322,2015,6,30,2,0.000000,0.000000,0.000000,111.796256,111.796256,149.061674
4323,2015,6,30,3,0.000000,0.000000,0.000000,107.983556,107.983556,143.978075
4324,2015,6,30,4,0.000000,0.000000,0.000000,105.184132,105.184132,140.245510
4325,2015,6,30,5,0.000000,0.000000,0.000000,104.107671,104.107671,138.810228
4326,2015,6,30,6,0.000000,0.000000,0.000000,106.766092,106.766092,142.354789
4327,2015,6,30,7,0.000000,0.000000,0.000000,119.839769,119.839769,159.786358
4328,2015,6,30,8,0.000000,0.000000,0.000000,134.136171,134.136171,178.848228
4329,2015,6,30,9,0.000000,0.000000,0.000000,152.249019,152.249019,202.998692
4330,2015,6,30,10,0.000000,0.000000,0.000000,160.858295,160.858295,214.477727
4331,2015,6,30,11,0.000000,0.000000,0.000000,159.125072,159.125072,212.166762
4332,2015,6,30,12,0.000000,0.000000,0.000000,156.892494,156.892494,209.189991
4333,2015,6,30,13,0.000000,0.000000,0.000000,155.673024,155.673024,207.564033
4334,2015,6,30,14,0.000000,0.000000,0.000000,155.161808,155.161808,206.882410
4335,2015,6,30,15,0.000000,0.000000,0.000000,155.055792,155.055792,206.741055
4336,2015,6,30,16,0.000000,0.000000,0.000000,155.123300,155.123300,206.831067
4337,2015,6,30,17,0.000000,0.000000,0.000000,155.944368,155.944368,207.925824
4338,2015,6,30,18,0.000000,0.000000,0.000000,166.509451,166.509451,222.012602
4339,2015,6,30,19,0.000000,0.000000,0.000000,165.488023,165.488023,220.650697
4340,2015,6,30,20,0.000000,0.000000,0.000000,158.904311,158.904311,211.872415
4341,2015,6,30,21,0.000000,0.000000,0.000000,144.253464,144.253464,192.337951
4342,2015,6,30,22,0.000000,0.000000,0.000000,134.839511,134.839511,179.786015
4343,2015,6,30,23,0.000000,0.000000,0.000000,126.413795,126.413795,168.551727
4344,2015,6,30,24,0.000000,0.000000,0.000000,123.215489,123.215489,164.287319
4345,2015,7,1,1,0.000000,0.000000,0.000000,111.431243,111.431243,148.574991
4346,2015,7,1,2,0.000000,0.000000,0.000000,112.789942,112.789942,150.386589
4347,2015,7,1,3,0.000000,0.000000,0.000000,109.476612,109.476612,145.968816
4348,2015,7,1,4,0.000000,0.000000,0.000000,106.526819,106.526819,142.035758
4349,2015,7,1,5,0.000000,0.000000,0.000000,105.416368,105.416368,140.555157
4350,2015,7,1,6,0.000000,0.000000,0.000000,108.160857,108.160857,144.214476
4351,2015,7,1,7,0.000000,0.000000,0.000000,116.518522,116.518522,155.358030
4352,2015,7,1,8,0.000000,0.000000,0.000000,131.326966,131.326966,175.102622
4353,2015,7,1,9,0.000000,0.000000,0.000000,139.248755,139.248755,185.665007
4354,2015,7,1,10,0.000000,0.000000,0.000000,140.946534,140.946534,187.928712
4355,2015,7,1,11,0.000000,0.000000,0.000000,135.265556,135.265556,180.354075
4356,2015,7,1,12,0.000000,0.000000,0.000000,132.357153,132.357153,176.476204
4357,2015,7,1,13,0.000000,0.000000,0.000000,129.669293,129.669293,172.892390
4358,2015,7,1,14,0.000000,0.000000,0.000000,131.092734,131.092734,174.790312
4359,2015,7,1,15,0.000000,0.000000,0.000000,128.627887,128.627887,171.503850
4360,2015,7,1,16,0.000000,0.000000,0.000000,128.101282,128.101282,170.801709
4361,2015,7,1,17,0.000000,0.000000,0.000000,130.576188,130.576188,174.101584
4362,2015,7,1,18,0.000000,0.000000,0.000000,144.230038,144.230038,192.306718
4363,2015,7,1,19,0.000000,0.000000,0.000000,149.797716,149.797716,199.730288
4364,2015,7,1,20,0.000000,0.000000,0.000000,140.372387,140.372387,187.163182
4365,2015,7,1,21,0.000000,0.000000,0.000000,135.317557,135.317557,180.423409
4366,2015,7,1,22,0.000000,0.000000,0.000000,128.869366,128.869366,171.825822
4367,2015,7,1,23,0.000000,0.000000,0.000000,117.014749,117.014749,156.019665
4368,2015,7,1,24,0.000000,0.000000,0.000000,116.298814,116.298814,155.065086
4369,2015,7,2,1,0.000000,0.000000,0.000000,111.391677,111.391677,148.522236
4370,2015,7,2,2,0.000000,0.000000,0.000000,112.735025,112.735025,150.313367
4371,2015,7,2,3,0.000000,0.000000,0.000000,108.751776,108.751776,145.002368
4372,2015,7,2,4,0.000000,0.000000,0.000000,105.671947,105.671947,140.895929
4373,2015,7,2,5,0.000000,0.000000,0.000000,104.543025,104.543025,139.390700
4374,2015,7,2,6,0.000000,0.000000,0.000000,106.958875,106.958875,142.611834
4375,2015,7,2,7,0.000000,0.000000,0.000000,114.951428,114.951428,153.268570
4376,2015,7,2,8,0.000000,0.000000,0.000000,130.090015,130.090015,173.453353
4377,2015,7,2,9,0.000000,0.000000,0.000000,136.484052,136.484052,181.978736
4378,2015,7,2,10,0.000000,0.000000,0.000000,138.022708,138.022708,184.030277
4379,2015,7,2,11,0.000000,0.000000,0.000000,133.061573,133.061573,177.415431
4380,2015,7,2,12,0.000000,0.000000,0.000000,129.742557,129.742557,172.990076
4381,2015,7,2,13,0.000000,0.000000,0.000000,129.230966,129.230966,172.307955
4382,2015,7,2,14,0.000000,0.000000,0.000000,129.160186,129.160186,172.213582
4383,2015,7,2,15,0.000000,0.000000,0.000000,127.501997,127.501997,170.002662
4384,2015,7,2,16,0.000000,0.000000,0.000000,130.398810,130.398810,173.865080
4385,2015,7,2,17,0.000000,0.000000,0.000000,134.503810,134.503810,179.338414
4386,2015,7,2,18,0.000000,0.000000,0.000000,149.278650,149.278650,199.038200
4387,2015,7,2,19,0.000000,0.000000,0.000000,150.926522,150.926522,201.235362
4388,2015,7,2,20,0.000000,0.000000,0.000000,138.612920,138.612920,184.817227
4389,2015,7,2,21,0.000000,0.000000,0.000000,133.144079,133.144079,177.525439
4390,2015,7,2,22,0.000000,0.000000,0.000000,127.657093,127.657093,170.209457
4391,2015,7,2,23,0.000000,0.000000,0.000000,116.184624,116.184624,154.912832
4392,2015,7,2,24,0.000000,0.000000,0.000000,115.115232,115.115232,153.486977
4393,2015,7,3,1,0.000000,0.000000,0.000000,115.512022,115.512022,154.016029
4394,2015,7,3,2,0.000000,0.000000,0.000000,116.945823,116.945823,155.927764
4395,2015,7,3,3,0.000000,0.000000,0.000000,113.207286,113.207286,150.943048
4396,2015,7,3,4,0.000000,0.000000,0.000000,110.195810,110.195810,146.927746
4397,2015,7,3,5,0.000000,0.000000,0.000000,109.682531,109.682531,146.243375
4398,2015,7,3,6,0.000000,0.000000,0.000000,111.983603,111.983603,149.311470
4399,2015,7,3,7,0.000000,0.000000,0.000000,119.086140,119.086140,158.781521
4400,2015,7,3,8,0.000000,0.000000,0.000000,134.373952,134.373952,179.165270
4401,2015,7,3,9,0.000000,0.000000,0.000000,142.806181,142.806181,190.408241
4402,2015,7,3,10,0.000000,0.000000,0.000000,146.083510,146.083510,194.778013
4403,2015,7,3,11,0.000000,0.000000,0.000000,141.035784,141.035784,188.047712
4404,2015,7,3,12,0.000000,0.000000,0.000000,135.783185,135.783185,181.044246
4405,2015,7,3,13,0.000000,0.000000,0.000000,133.144904,133.144904,177.526539
4406,2015,7,3,14,0.000000,0.000000,0.000000,132.427129,132.427129,176.569505
4407,2015,7,3,15,0.000000,0.000000,0.000000,129.817177,129.817177,173.089570
4408,2015,7,3,16,0.000000,0.000000,0.000000,129.755616,129.755616,173.007487
4409,2015,7,3,17,0.000000,0.000000,0.000000,131.925298,131.925298,175.900397
4410,2015,7,3,18,0.000000,0.000000,0.000000,145.587672,145.587672,194.116896
4411,2015,7,3,19,0.000000,0.000000,0.000000,149.414095,149.414095,199.218794
4412,2015,7,3,20,0.000000,0.000000,0.000000,140.674248,140.674248,187.565664
4413,2015,7,3,21,0.000000,0.000000,0.000000,136.315880,136.315880,181.754507
4414,2015,7,3,22,0.000000,0.000000,0.000000,128.631468,128.631468,171.508624
4415,2015,7,3,23,0.000000,0.000000,0.000000,119.980359,119.980359,159.973812
4416,2015,7,3,24,0.000000,0.000000,0.000000,121.214674,121.214674,161.619565
4417,2015,7,4,1,0.000000,0.000000,0.000000,115.727176,115.727176,154.302902
4418,2015,7,4,2,0.000000,0.000000,0.000000,116.304971,116.304971,155.073294
4419,2015,7,4,3,0.000000,0.000000,0.000000,111.814037,111.814037,149.085383
4420,2015,7,4,4,0.000000,0.000000,0.000000,108.918537,108.918537,145.224716
4421,2015,7,4,5,0.000000,0.000000,0.000000,106.340412,106.340412,141.787215
4422,2015,7,4,6,0.000000,0.000000,0.000000,106.567288,106.567288,142.089717
4423,2015,7,4,7,0.000000,0.000000,0.000000,109.738527,109.738527,146.318036
4424,2015,7,4,8,0.000000,0.000000,0.000000,112.007196,112.007196,149.342928
4425,2015,7,4,9,0.000000,0.000000,0.000000,116.741563,116.741563,155.655417
4426,2015,7,4,10,0.000000,0.000000,0.000000,119.413417,119.413417,159.217889
4427,2015,7,4,11,0.000000,0.000000,0.000000,116.879975,116.879975,155.839967
4428,2015,7,4,12,0.000000,0.000000,0.000000,113.443577,113.443577,151.258103
4429,2015,7,4,13,0.000000,0.000000,0.000000,110.742106,110.742106,147.656141
4430,2015,7,4,14,0.000000,0.000000,0.000000,110.843774,110.843774,147.791699
4431,2015,7,4,15,0.000000,0.000000,0.000000,109.774645,109.774645,146.366193
4432,2015,7,4,16,0.000000,0.000000,0.000000,110.978665,110.978665,147.971554
4433,2015,7,4,17,0.000000,0.000000,0.000000,113.754682,113.754682,151.672909
4434,2015,7,4,18,0.000000,0.000000,0.000000,129.210868,129.210868,172.281158
4435,2015,7,4,19,0.000000,0.000000,0.000000,134.551424,134.551424,179.401899
4436,2015,7,4,20,0.000000,0.000000,0.000000,129.736689,129.736689,172.982252
4437,2015,7,4,21,0.000000,0.000000,0.000000,122.811925,122.811925,163.749234
4438,2015,7,4,22,0.000000,0.000000,0.000000,119.106539,119.106539,158.808719
4439,2015,7,4,23,0.000000,0.000000,0.000000,116.578047,116.578047,155.437395
4440,2015,7,4,24,0.000000,0.000000,0.000000,117.784225,117.784225,157.045634
4441,2015,7,5,1,0.000000,0.000000,0.000000,114.655557,114.655557,152.874076
4442,2015,7,5,2,0.000000,0.000000,0.000000,116.432471,116.432471,155.243295
4443,2015,7,5,3,0.000000,0.000000,0.000000,112.255113,112.255113,149.673484
4444,2015,7,5,4,0.000000,0.000000,0.000000,108.585612,108.585612,144.780816
4445,2015,7,5,5,0.000000,0.000000,0.000000,106.280385,106.280385,141.707180
4446,2015,7,5,6,0.000000,0.000000,0.000000,105.680037,105.680037,140.906717
4447,2015,7,5,7,0.000000,0.000000,0.000000,105.958501,105.958501,141.278002
4448,2015,7,5,8,0.000000,0.000000,0.000000,107.597975,107.597975,143.463967
4449,2015,7,5,9,0.000000,0.000000,0.000000,112.110278,112.110278,149.480371
4450,2015,7,5,10,0.000000,0.000000,0.000000,114.005250,114.005250,152.007000
4451,2015,7,5,11,0.000000,0.000000,0.000000,112.422114,112.422114,149.896153
4452,2015,7,5,12,0.000000,0.000000,0.000000,110.196588,110.196588,146.928783
4453,2015,7,5,13,0.000000,0.000000,0.000000,108.055679,108.055679,144.074238
4454,2015,7,5,14,0.000000,0.000000,0.000000,108.258287,108.258287,144.344382
4455,2015,7,5,15,0.000000,0.000000,0.000000,108.097377,108.097377,144.129837
4456,2015,7,5,16,0.000000,0.000000,0.000000,110.047281,110.047281,146.729707
4457,2015,7,5,17,0.000000,0.000000,0.000000,114.359844,114.359844,152.479792
4458,2015,7,5,18,0.000000,0.000000,0.000000,130.083781,130.083781,173.445041
4459,2015,7,5,19,0.000000,0.000000,0.000000,136.508520,136.508520,182.011360
4460,2015,7,5,20,0.000000,0.000000,0.000000,134.622076,134.622076,179.496101
4461,2015,7,5,21,0.000000,0.000000,0.000000,131.160947,131.160947,174.881262
4462,2015,7,5,22,0.000000,0.000000,0.000000,123.179618,123.179618,164.239490
4463,2015,7,5,23,0.000000,0.000000,0.000000,116.705650,116.705650,155.607533
4464,2015,7,5,24,0.000000,0.000000,0.000000,117.207825,117.207825,156.277100
4465,2015,7,6,1,0.000000,0.000000,0.000000,114.599839,114.599839,152.799785
4466,2015,7,6,2,0.000000,0.000000,0.000000,116.153802,116.153802,154.871736
4467,2015,7,6,3,0.000000,0.000000,0.000000,112.464950,112.464950,149.953266
4468,2015,7,6,4,0.000000,0.000000,0.000000,109.814675,109.814675,146.419567
4469,2015,7,6,5,0.000000,0.000000,0.000000,108.833519,108.833519,145.111359
4470,2015,7,6,6,0.000000,0.000000,0.000000,111.581245,111.581245,148.774994
4471,2015,7,6,7,0.000000,0.000000,0.000000,118.118957,118.118957,157.491942
4472,2015,7,6,8,0.000000,0.000000,0.000000,135.134205,135.134205,180.178940
4473,2015,7,6,9,0.000000,0.000000,0.000000,145.507905,145.507905,194.010540
4474,2015,7,6,10,0.000000,0.000000,0.000000,150.823266,150.823266,201.097688
4475,2015,7,6,11,0.000000,0.000000,0.000000,144.060720,144.060720,192.080960
4476,2015,7,6,12,0.000000,0.000000,0.000000,142.911007,142.911007,190.548010
4477,2015,7,6,13,0.000000,0.000000,0.000000,142.669687,142.669687,190.226249
4478,2015,7,6,14,0.000000,0.000000,0.000000,141.013189,141.013189,188.017585
4479,2015,7,6,15,0.000000,0.000000,0.000000,134.934095,134.934095,179.912127
4480,2015,7,6,16,0.000000,0.000000,0.000000,133.416644,133.416644,177.888859
4481,2015,7,6,17,0.000000,0.000000,0.000000,136.987201,136.987201,182.649601
4482,2015,7,6,18,0.000000,0.000000,0.000000,156.487490,156.487490,208.649987
4483,2015,7,6,19,0.000000,0.000000,0.000000,159.740805,159.740805,212.987740
4484,2015,7,6,20,0.000000,0.000000,0.000000,149.265316,149.265316,199.020421
4485,2015,7,6,21,0.000000,0.000000,0.000000,139.492205,139.492205,185.989606
4486,2015,7,6,22,0.000000,0.000000,0.000000,131.870287,131.870287,175.827049
4487,2015,7,6,23,0.000000,0.000000,0.000000,119.615151,119.615151,159.486868
4488,2015,7,6,24,0.000000,0.000000,0.000000,118.388968,118.388968,157.851957
4489,2015,7,7,1,0.000000,0.000000,0.000000,111.521841,111.521841,148.695788
4490,2015,7,7,2,0.000000,0.000000,0.000000,114.082925,114.082925,152.110567
4491,2015,7,7,3,0.000000,0.000000,0.000000,109.247393,109.247393,145.663190
4492,2015,7,7,4,0.000000,0.000000,0.000000,106.920244,106.920244,142.560326
4493,2015,7,7,5,0.000000,0.000000,0.000000,106.386071,106.386071,141.848094
4494,2015,7,7,6,0.000000,0.000000,0.000000,108.529775,108.529775,144.706366
4495,2015,7,7,7,0.000000,0.000000,0.000000,122.301682,122.301682,163.068909
4496,2015,7,7,8,0.000000,0.000000,0.000000,134.499649,134.499649,179.332865
4497,2015,7,7,9,0.000000,0.000000,0.000000,149.694198,149.694198,199.592263
4498,2015,7,7,10,0.000000,0.000000,0.000000,151.474036,151.474036,201.965382
4499,2015,7,7,11,0.000000,0.000000,0.000000,143.567011,143.567011,191.422681
4500,2015,7,7,12,0.000000,0.000000,0.000000,131.717990,131.717990,175.623987
4501,2015,7,7,13,0.000000,0.000000,0.000000,127.437483,127.437483,169.916645
4502,2015,7,7,14,0.000000,0.000000,0.000000,127.714827,127.714827,170.286436
4503,2015,7,7,15,0.000000,0.000000,0.000000,125.039345,125.039345,166.719127
4504,2015,7,7,16,0.000000,0.000000,0.000000,124.862393,124.862393,166.483190
4505,2015,7,7,17,0.000000,0.000000,0.000000,128.281707,128.281707,171.042276
4506,2015,7,7,18,0.000000,0.000000,0.000000,150.807454,150.807454,201.076605
4507,2015,7,7,19,0.000000,0.000000,0.000000,160.616197,160.616197,214.154929
4508,2015,7,7,20,0.000000,0.000000,0.000000,152.333712,152.333712,203.111616
4509,2015,7,7,21,0.000000,0.000000,0.000000,144.029585,144.029585,192.039447
4510,2015,7,7,22,0.000000,0.000000,0.000000,134.055452,134.055452,178.740603
4511,2015,7,7,23,0.000000,0.000000,0.000000,126.100174,126.100174,168.133565
4512,2015,7,7,24,0.000000,0.000000,0.000000,121.494134,121.494134,161.992178
4513,2015,7,8,1,0.000000,0.000000,0.000000,112.085206,112.085206,149.446942
4514,2015,7,8,2,0.000000,0.000000,0.000000,114.887691,114.887691,153.183588
4515,2015,7,8,3,0.000000,0.000000,0.000000,110.089876,110.089876,146.786501
4516,2015,7,8,4,0.000000,0.000000,0.000000,107.579374,107.579374,143.439166
4517,2015,7,8,5,0.000000,0.000000,0.000000,106.809962,106.809962,142.413282
4518,2015,7,8,6,0.000000,0.000000,0.000000,108.489845,108.489845,144.653127
4519,2015,7,8,7,0.000000,0.000000,0.000000,121.739748,121.739748,162.319665
4520,2015,7,8,8,0.000000,0.000000,0.000000,135.200093,135.200093,180.266791
4521,2015,7,8,9,0.000000,0.000000,0.000000,153.996451,153.996451,205.328602
4522,2015,7,8,10,0.000000,0.000000,0.000000,157.213771,157.213771,209.618361
4523,2015,7,8,11,0.000000,0.000000,0.000000,146.730181,146.730181,195.640242
4524,2015,7,8,12,0.000000,0.000000,0.000000,133.103219,133.103219,177.470959
4525,2015,7,8,13,0.000000,0.000000,0.000000,128.000219,128.000219,170.666958
4526,2015,7,8,14,0.000000,0.000000,0.000000,127.699565,127.699565,170.266087
4527,2015,7,8,15,0.000000,0.000000,0.000000,125.585034,125.585034,167.446712
4528,2015,7,8,16,0.000000,0.000000,0.000000,124.370993,124.370993,165.827991
4529,2015,7,8,17,0.000000,0.000000,0.000000,126.990466,126.990466,169.320621
4530,2015,7,8,18,0.000000,0.000000,0.000000,148.057069,148.057069,197.409425
4531,2015,7,8,19,0.000000,0.000000,0.000000,157.262269,157.262269,209.683025
4532,2015,7,8,20,0.000000,0.000000,0.000000,149.458485,149.458485,199.277980
4533,2015,7,8,21,0.000000,0.000000,0.000000,139.775266,139.775266,186.367021
4534,2015,7,8,22,0.000000,0.000000,0.000000,131.700589,131.700589,175.600785
4535,2015,7,8,23,0.000000,0.000000,0.000000,120.636899,120.636899,160.849199
4536,2015,7,8,24,0.000000,0.000000,0.000000,118.220511,118.220511,157.627348
4537,2015,7,9,1,0.000000,0.000000,0.000000,110.607619,110.607619,147.476826
4538,2015,7,9,2,0.000000,0.000000,0.000000,112.296024,112.296024,149.728032
4539,2015,7,9,3,0.000000,0.000000,0.000000,107.726457,107.726457,143.635276
4540,2015,7,9,4,0.000000,0.000000,0.000000,104.915576,104.915576,139.887434
4541,2015,7,9,5,0.000000,0.000000,0.000000,103.928258,103.928258,138.571010
4542,2015,7,9,6,0.000000,0.000000,0.000000,106.010826,106.010826,141.347768
4543,2015,7,9,7,0.000000,0.000000,0.000000,117.738430,117.738430,156.984573
4544,2015,7,9,8,0.000000,0.000000,0.000000,132.364908,132.364908,176.486544
4545,2015,7,9,9,0.000000,0.000000,0.000000,148.725869,148.725869,198.301159
4546,2015,7,9,10,0.000000,0.000000,0.000000,152.175959,152.175959,202.901279
4547,2015,7,9,11,0.000000,0.000000,0.000000,140.837172,140.837172,187.782896
4548,2015,7,9,12,0.000000,0.000000,0.000000,129.606616,129.606616,172.808821
4549,2015,7,9,13,0.000000,0.000000,0.000000,127.103982,127.103982,169.471976
4550,2015,7,9,14,0.000000,0.000000,0.000000,126.002588,126.002588,168.003451
4551,2015,7,9,15,0.000000,0.000000,0.000000,125.335020,125.335020,167.113361
4552,2015,7,9,16,0.000000,0.000000,0.000000,125.343150,125.343150,167.124200
4553,2015,7,9,17,0.000000,0.000000,0.000000,127.250597,127.250597,169.667463
4554,2015,7,9,18,0.000000,0.000000,0.000000,142.413265,142.413265,189.884354
4555,2015,7,9,19,0.000000,0.000000,0.000000,154.620473,154.620473,206.160630
4556,2015,7,9,20,0.000000,0.000000,0.000000,146.670149,146.670149,195.560199
4557,2015,7,9,21,0.000000,0.000000,0.000000,139.785368,139.785368,186.380490
4558,2015,7,9,22,0.000000,0.000000,0.000000,133.468325,133.468325,177.957766
4559,2015,7,9,23,0.000000,0.000000,0.000000,123.299712,123.299712,164.399616
4560,2015,7,9,24,0.000000,0.000000,0.000000,122.305714,122.305714,163.074285
4561,2015,7,10,1,0.000000,0.000000,0.000000,112.965592,112.965592,150.620789
4562,2015,7,10,2,0.000000,0.000000,0.000000,113.565118,113.565118,151.420158
4563,2015,7,10,3,0.000000,0.000000,0.000000,109.126248,109.126248,145.501664
4564,2015,7,10,4,0.000000,0.000000,0.000000,106.019932,106.019932,141.359909
4565,2015,7,10,5,0.000000,0.000000,0.000000,104.435309,104.435309,139.247079
4566,2015,7,10,6,0.000000,0.000000,0.000000,106.237576,106.237576,141.650101
4567,2015,7,10,7,0.000000,0.000000,0.000000,115.620474,115.620474,154.160633
4568,2015,7,10,8,0.000000,0.000000,0.000000,130.718316,130.718316,174.291089
4569,2015,7,10,9,0.000000,0.000000,0.000000,140.956458,140.956458,187.941944
4570,2015,7,10,10,0.000000,0.000000,0.000000,144.394171,144.394171,192.525561
4571,2015,7,10,11,0.000000,0.000000,0.000000,137.185793,137.185793,182.914391
4572,2015,7,10,12,0.000000,0.000000,0.000000,131.841714,131.841714,175.788952
4573,2015,7,10,13,0.000000,0.000000,0.000000,129.114339,129.114339,172.152451
4574,2015,7,10,14,0.000000,0.000000,0.000000,127.289638,127.289638,169.719518
4575,2015,7,10,15,0.000000,0.000000,0.000000,128.893796,128.893796,171.858394
4576,2015,7,10,16,0.000000,0.000000,0.000000,128.416888,128.416888,171.222517
4577,2015,7,10,17,0.000000,0.000000,0.000000,131.046128,131.046128,174.728170
4578,2015,7,10,18,0.000000,0.000000,0.000000,146.046755,146.046755,194.729006
4579,2015,7,10,19,0.000000,0.000000,0.000000,146.944994,146.944994,195.926658
4580,2015,7,10,20,0.000000,0.000000,0.000000,137.951196,137.951196,183.934928
4581,2015,7,10,21,0.000000,0.000000,0.000000,133.882717,133.882717,178.510289
4582,2015,7,10,22,0.000000,0.000000,0.000000,125.740283,125.740283,167.653711
4583,2015,7,10,23,0.000000,0.000000,0.000000,118.019106,118.019106,157.358808
4584,2015,7,10,24,0.000000,0.000000,0.000000,118.375415,118.375415,157.833887
4585,2015,7,11,1,0.000000,0.000000,0.000000,111.363361,111.363361,148.484481
4586,2015,7,11,2,0.000000,0.000000,0.000000,112.436419,112.436419,149.915226
4587,2015,7,11,3,0.000000,0.000000,0.000000,108.407325,108.407325,144.543100
4588,2015,7,11,4,0.000000,0.000000,0.000000,104.896085,104.896085,139.861446
4589,2015,7,11,5,0.000000,0.000000,0.000000,102.898777,102.898777,137.198369
4590,2015,7,11,6,0.000000,0.000000,0.000000,102.950429,102.950429,137.267238
4591,2015,7,11,7,0.000000,0.000000,0.000000,107.083637,107.083637,142.778183
4592,2015,7,11,8,0.000000,0.000000,0.000000,111.216505,111.216505,148.288674
4593,2015,7,11,9,0.000000,0.000000,0.000000,117.600049,117.600049,156.800065
4594,2015,7,11,10,0.000000,0.000000,0.000000,121.934204,121.934204,162.578939
4595,2015,7,11,11,0.000000,0.000000,0.000000,119.151898,119.151898,158.869198
4596,2015,7,11,12,0.000000,0.000000,0.000000,117.753241,117.753241,157.004322
4597,2015,7,11,13,0.000000,0.000000,0.000000,115.833094,115.833094,154.444126
4598,2015,7,11,14,0.000000,0.000000,0.000000,112.831374,112.831374,150.441832
4599,2015,7,11,15,0.000000,0.000000,0.000000,109.324752,109.324752,145.766335
4600,2015,7,11,16,0.000000,0.000000,0.000000,110.044917,110.044917,146.726555
4601,2015,7,11,17,0.000000,0.000000,0.000000,112.526150,112.526150,150.034867
4602,2015,7,11,18,0.000000,0.000000,0.000000,125.956395,125.956395,167.941860
4603,2015,7,11,19,0.000000,0.000000,0.000000,129.881885,129.881885,173.175847
4604,2015,7,11,20,0.000000,0.000000,0.000000,125.077925,125.077925,166.770567
4605,2015,7,11,21,0.000000,0.000000,0.000000,118.810294,118.810294,158.413725
4606,2015,7,11,22,0.000000,0.000000,0.000000,112.730987,112.730987,150.307983
4607,2015,7,11,23,0.000000,0.000000,0.000000,111.279514,111.279514,148.372685
4608,2015,7,11,24,0.000000,0.000000,0.000000,112.532576,112.532576,150.043435
4609,2015,7,12,1,0.000000,0.000000,0.000000,109.482693,109.482693,145.976923
4610,2015,7,12,2,0.000000,0.000000,0.000000,111.169953,111.169953,148.226604
4611,2015,7,12,3,0.000000,0.000000,0.000000,108.552767,108.552767,144.737022
4612,2015,7,12,4,0.000000,0.000000,0.000000,106.257831,106.257831,141.677107
4613,2015,7,12,5,0.000000,0.000000,0.000000,104.316233,104.316233,139.088311
4614,2015,7,12,6,0.000000,0.000000,0.000000,104.913741,104.913741,139.884988
4615,2015,7,12,7,0.000000,0.000000,0.000000,106.134776,106.134776,141.513035
4616,2015,7,12,8,0.000000,0.000000,0.000000,107.861942,107.861942,143.815923
4617,2015,7,12,9,0.000000,0.000000,0.000000,112.071981,112.071981,149.429308
4618,2015,7,12,10,0.000000,0.000000,0.000000,113.376958,113.376958,151.169277
4619,2015,7,12,11,0.000000,0.000000,0.000000,111.437812,111.437812,148.583749
4620,2015,7,12,12,0.000000,0.000000,0.000000,109.198964,109.198964,145.598618
4621,2015,7,12,13,0.000000,0.000000,0.000000,107.155920,107.155920,142.874560
4622,2015,7,12,14,0.000000,0.000000,0.000000,107.032547,107.032547,142.710062
4623,2015,7,12,15,0.000000,0.000000,0.000000,107.091363,107.091363,142.788483
4624,2015,7,12,16,0.000000,0.000000,0.000000,107.877430,107.877430,143.836573
4625,2015,7,12,17,0.000000,0.000000,0.000000,112.112247,112.112247,149.482996
4626,2015,7,12,18,0.000000,0.000000,0.000000,128.792705,128.792705,171.723607
4627,2015,7,12,19,0.000000,0.000000,0.000000,135.968649,135.968649,181.291532
4628,2015,7,12,20,0.000000,0.000000,0.000000,132.284654,132.284654,176.379538
4629,2015,7,12,21,0.000000,0.000000,0.000000,127.122295,127.122295,169.496393
4630,2015,7,12,22,0.000000,0.000000,0.000000,120.603522,120.603522,160.804697
4631,2015,7,12,23,0.000000,0.000000,0.000000,116.286659,116.286659,155.048878
4632,2015,7,12,24,0.000000,0.000000,0.000000,115.853249,115.853249,154.470999
4633,2015,7,13,1,0.000000,0.000000,0.000000,113.727840,113.727840,151.637120
4634,2015,7,13,2,0.000000,0.000000,0.000000,115.833280,115.833280,154.444373
4635,2015,7,13,3,0.000000,0.000000,0.000000,112.795838,112.795838,150.394450
4636,2015,7,13,4,0.000000,0.000000,0.000000,110.686032,110.686032,147.581376
4637,2015,7,13,5,0.000000,0.000000,0.000000,109.978657,109.978657,146.638210
4638,2015,7,13,6,0.000000,0.000000,0.000000,112.393540,112.393540,149.858053
4639,2015,7,13,7,0.000000,0.000000,0.000000,119.763082,119.763082,159.684110
4640,2015,7,13,8,0.000000,0.000000,0.000000,137.588140,137.588140,183.450854
4641,2015,7,13,9,0.000000,0.000000,0.000000,149.154544,149.154544,198.872725
4642,2015,7,13,10,0.000000,0.000000,0.000000,149.551427,149.551427,199.401902
4643,2015,7,13,11,0.000000,0.000000,0.000000,142.513746,142.513746,190.018328
4644,2015,7,13,12,0.000000,0.000000,0.000000,137.798530,137.798530,183.731373
4645,2015,7,13,13,0.000000,0.000000,0.000000,135.426054,135.426054,180.568072
4646,2015,7,13,14,0.000000,0.000000,0.000000,133.726714,133.726714,178.302285
4647,2015,7,13,15,0.000000,0.000000,0.000000,132.037763,132.037763,176.050351
4648,2015,7,13,16,0.000000,0.000000,0.000000,132.589947,132.589947,176.786597
4649,2015,7,13,17,0.000000,0.000000,0.000000,142.516776,142.516776,190.022368
4650,2015,7,13,18,0.000000,0.000000,0.000000,164.131985,164.131985,218.842647
4651,2015,7,13,19,0.000000,0.000000,0.000000,166.965208,166.965208,222.620277
4652,2015,7,13,20,0.000000,0.000000,0.000000,154.681752,154.681752,206.242336
4653,2015,7,13,21,0.000000,0.000000,0.000000,143.861159,143.861159,191.814878
4654,2015,7,13,22,0.000000,0.000000,0.000000,135.084486,135.084486,180.112648
4655,2015,7,13,23,0.000000,0.000000,0.000000,122.709482,122.709482,163.612643
4656,2015,7,13,24,0.000000,0.000000,0.000000,121.665426,121.665426,162.220568
4657,2015,7,14,1,0.000000,0.000000,0.000000,116.349558,116.349558,155.132744
4658,2015,7,14,2,0.000000,0.000000,0.000000,119.300686,119.300686,159.067581
4659,2015,7,14,3,0.000000,0.000000,0.000000,115.173904,115.173904,153.565205
4660,2015,7,14,4,0.000000,0.000000,0.000000,113.290212,113.290212,151.053616
4661,2015,7,14,5,0.000000,0.000000,0.000000,112.439917,112.439917,149.919889
4662,2015,7,14,6,0.000000,0.000000,0.000000,114.587616,114.587616,152.783488
4663,2015,7,14,7,0.000000,0.000000,0.000000,127.034572,127.034572,169.379430
4664,2015,7,14,8,0.000000,0.000000,0.000000,142.711777,142.711777,190.282370
4665,2015,7,14,9,0.000000,0.000000,0.000000,155.975186,155.975186,207.966914
4666,2015,7,14,10,0.000000,0.000000,0.000000,154.545065,154.545065,206.060087
4667,2015,7,14,11,0.000000,0.000000,0.000000,148.412106,148.412106,197.882808
4668,2015,7,14,12,0.000000,0.000000,0.000000,142.449247,142.449247,189.932330
4669,2015,7,14,13,0.000000,0.000000,0.000000,136.666155,136.666155,182.221540
4670,2015,7,14,14,0.000000,0.000000,0.000000,134.776076,134.776076,179.701434
4671,2015,7,14,15,0.000000,0.000000,0.000000,133.061081,133.061081,177.414775
4672,2015,7,14,16,0.000000,0.000000,0.000000,131.990061,131.990061,175.986748
4673,2015,7,14,17,0.000000,0.000000,0.000000,138.386214,138.386214,184.514952
4674,2015,7,14,18,0.000000,0.000000,0.000000,159.578164,159.578164,212.770886
4675,2015,7,14,19,0.000000,0.000000,0.000000,165.484378,165.484378,220.645838
4676,2015,7,14,20,0.000000,0.000000,0.000000,156.617725,156.617725,208.823633
4677,2015,7,14,21,0.000000,0.000000,0.000000,146.063580,146.063580,194.751440
4678,2015,7,14,22,0.000000,0.000000,0.000000,133.841273,133.841273,178.455031
4679,2015,7,14,23,0.000000,0.000000,0.000000,123.072839,123.072839,164.097119
4680,2015,7,14,24,0.000000,0.000000,0.000000,119.694964,119.694964,159.593286
4681,2015,7,15,1,0.000000,0.000000,0.000000,112.093679,112.093679,149.458239
4682,2015,7,15,2,0.000000,0.000000,0.000000,114.713346,114.713346,152.951128
4683,2015,7,15,3,0.000000,0.000000,0.000000,109.867269,109.867269,146.489692
4684,2015,7,15,4,0.000000,0.000000,0.000000,107.577094,107.577094,143.436126
4685,2015,7,15,5,0.000000,0.000000,0.000000,106.674992,106.674992,142.233323
4686,2015,7,15,6,0.000000,0.000000,0.000000,108.968499,108.968499,145.291332
4687,2015,7,15,7,0.000000,0.000000,0.000000,123.541529,123.541529,164.722038
4688,2015,7,15,8,0.000000,0.000000,0.000000,141.421757,141.421757,188.562343
4689,2015,7,15,9,0.000000,0.000000,0.000000,153.996615,153.996615,205.328820
4690,2015,7,15,10,0.000000,0.000000,0.000000,149.783931,149.783931,199.711908
4691,2015,7,15,11,0.000000,0.000000,0.000000,141.324998,141.324998,188.433331
4692,2015,7,15,12,0.000000,0.000000,0.000000,135.431649,135.431649,180.575532
4693,2015,7,15,13,0.000000,0.000000,0.000000,132.527664,132.527664,176.703552
4694,2015,7,15,14,0.000000,0.000000,0.000000,133.274952,133.274952,177.699936
4695,2015,7,15,15,0.000000,0.000000,0.000000,128.983244,128.983244,171.977658
4696,2015,7,15,16,0.000000,0.000000,0.000000,127.192366,127.192366,169.589821
4697,2015,7,15,17,0.000000,0.000000,0.000000,131.440575,131.440575,175.254101
4698,2015,7,15,18,0.000000,0.000000,0.000000,153.040714,153.040714,204.054286
4699,2015,7,15,19,0.000000,0.000000,0.000000,161.585551,161.585551,215.447401
4700,2015,7,15,20,0.000000,0.000000,0.000000,151.726435,151.726435,202.301914
4701,2015,7,15,21,0.000000,0.000000,0.000000,143.304244,143.304244,191.072325
4702,2015,7,15,22,0.000000,0.000000,0.000000,133.248468,133.248468,177.664625
4703,2015,7,15,23,0.000000,0.000000,0.000000,122.910655,122.910655,163.880873
4704,2015,7,15,24,0.000000,0.000000,0.000000,120.372050,120.372050,160.496066
4705,2015,7,16,1,0.000000,0.000000,0.000000,113.152800,113.152800,150.870400
4706,2015,7,16,2,0.000000,0.000000,0.000000,117.401964,117.401964,156.535952
4707,2015,7,16,3,0.000000,0.000000,0.000000,111.143420,111.143420,148.191226
4708,2015,7,16,4,0.000000,0.000000,0.000000,108.402539,108.402539,144.536718
4709,2015,7,16,5,0.000000,0.000000,0.000000,107.241393,107.241393,142.988524
4710,2015,7,16,6,0.000000,0.000000,0.000000,109.443575,109.443575,145.924766
4711,2015,7,16,7,0.000000,0.000000,0.000000,124.677909,124.677909,166.237212
4712,2015,7,16,8,0.000000,0.000000,0.000000,142.741576,142.741576,190.322101
4713,2015,7,16,9,0.000000,0.000000,0.000000,156.556996,156.556996,208.742661
4714,2015,7,16,10,0.000000,0.000000,0.000000,152.682938,152.682938,203.577251
4715,2015,7,16,11,0.000000,0.000000,0.000000,143.380203,143.380203,191.173603
4716,2015,7,16,12,0.000000,0.000000,0.000000,134.562560,134.562560,179.416746
4717,2015,7,16,13,0.000000,0.000000,0.000000,129.608120,129.608120,172.810827
4718,2015,7,16,14,0.000000,0.000000,0.000000,129.162233,129.162233,172.216311
4719,2015,7,16,15,0.000000,0.000000,0.000000,127.911109,127.911109,170.548145
4720,2015,7,16,16,0.000000,0.000000,0.000000,125.506180,125.506180,167.341573
4721,2015,7,16,17,0.000000,0.000000,0.000000,127.767891,127.767891,170.357189
4722,2015,7,16,18,0.000000,0.000000,0.000000,148.465600,148.465600,197.954133
4723,2015,7,16,19,0.000000,0.000000,0.000000,161.009513,161.009513,214.679350
4724,2015,7,16,20,0.000000,0.000000,0.000000,153.346586,153.346586,204.462115
4725,2015,7,16,21,0.000000,0.000000,0.000000,144.454201,144.454201,192.605601
4726,2015,7,16,22,0.000000,0.000000,0.000000,133.205222,133.205222,177.606962
4727,2015,7,16,23,0.000000,0.000000,0.000000,124.607899,124.607899,166.143865
4728,2015,7,16,24,0.000000,0.000000,0.000000,121.845671,121.845671,162.460894
4729,2015,7,17,1,0.000000,0.000000,0.000000,112.305602,112.305602,149.740802
4730,2015,7,17,2,0.000000,0.000000,0.000000,115.373635,115.373635,153.831513
4731,2015,7,17,3,0.000000,0.000000,0.000000,109.618303,109.618303,146.157738
4732,2015,7,17,4,0.000000,0.000000,0.000000,107.138032,107.138032,142.850710
4733,2015,7,17,5,0.000000,0.000000,0.000000,106.462497,106.462497,141.949996
4734,2015,7,17,6,0.000000,0.000000,0.000000,108.696737,108.696737,144.928982
4735,2015,7,17,7,0.000000,0.000000,0.000000,125.438670,125.438670,167.251560
4736,2015,7,17,8,0.000000,0.000000,0.000000,145.635235,145.635235,194.180314
4737,2015,7,17,9,0.000000,0.000000,0.000000,159.384181,159.384181,212.512241
4738,2015,7,17,10,0.000000,0.000000,0.000000,156.289604,156.289604,208.386139
4739,2015,7,17,11,0.000000,0.000000,0.000000,144.593883,144.593883,192.791845
4740,2015,7,17,12,0.000000,0.000000,0.000000,134.208595,134.208595,178.944793
4741,2015,7,17,13,0.000000,0.000000,0.000000,128.665957,128.665957,171.554609
4742,2015,7,17,14,0.000000,0.000000,0.000000,128.107481,128.107481,170.809975
4743,2015,7,17,15,0.000000,0.000000,0.000000,124.724732,124.724732,166.299643
4744,2015,7,17,16,0.000000,0.000000,0.000000,122.818551,122.818551,163.758068
4745,2015,7,17,17,0.000000,0.000000,0.000000,125.946785,125.946785,167.929047
4746,2015,7,17,18,0.000000,0.000000,0.000000,143.681122,143.681122,191.574830
4747,2015,7,17,19,0.000000,0.000000,0.000000,154.064987,154.064987,205.419983
4748,2015,7,17,20,0.000000,0.000000,0.000000,144.015215,144.015215,192.020287
4749,2015,7,17,21,0.000000,0.000000,0.000000,134.769638,134.769638,179.692851
4750,2015,7,17,22,0.000000,0.000000,0.000000,128.499495,128.499495,171.332660
4751,2015,7,17,23,0.000000,0.000000,0.000000,118.458353,118.458353,157.944471
4752,2015,7,17,24,0.000000,0.000000,0.000000,121.385176,121.385176,161.846902
4753,2015,7,18,1,0.000000,0.000000,0.000000,112.074750,112.074750,149.433001
4754,2015,7,18,2,0.000000,0.000000,0.000000,113.121005,113.121005,150.828006
4755,2015,7,18,3,0.000000,0.000000,0.000000,106.981511,106.981511,142.642014
4756,2015,7,18,4,0.000000,0.000000,0.000000,104.852990,104.852990,139.803987
4757,2015,7,18,5,0.000000,0.000000,0.000000,103.494293,103.494293,137.992391
4758,2015,7,18,6,0.000000,0.000000,0.000000,104.146501,104.146501,138.862002
4759,2015,7,18,7,0.000000,0.000000,0.000000,106.614186,106.614186,142.152248
4760,2015,7,18,8,0.000000,0.000000,0.000000,108.538999,108.538999,144.718665
4761,2015,7,18,9,0.000000,0.000000,0.000000,114.927919,114.927919,153.237226
4762,2015,7,18,10,0.000000,0.000000,0.000000,120.463136,120.463136,160.617515
4763,2015,7,18,11,0.000000,0.000000,0.000000,116.553031,116.553031,155.404041
4764,2015,7,18,12,0.000000,0.000000,0.000000,110.803701,110.803701,147.738269
4765,2015,7,18,13,0.000000,0.000000,0.000000,105.636559,105.636559,140.848746
4766,2015,7,18,14,0.000000,0.000000,0.000000,102.929754,102.929754,137.239673
4767,2015,7,18,15,0.000000,0.000000,0.000000,102.013343,102.013343,136.017791
4768,2015,7,18,16,0.000000,0.000000,0.000000,103.369124,103.369124,137.825498
4769,2015,7,18,17,0.000000,0.000000,0.000000,108.033035,108.033035,144.044047
4770,2015,7,18,18,0.000000,0.000000,0.000000,124.608366,124.608366,166.144489
4771,2015,7,18,19,0.000000,0.000000,0.000000,132.185964,132.185964,176.247952
4772,2015,7,18,20,0.000000,0.000000,0.000000,125.977319,125.977319,167.969759
4773,2015,7,18,21,0.000000,0.000000,0.000000,121.520147,121.520147,162.026863
4774,2015,7,18,22,0.000000,0.000000,0.000000,116.549641,116.549641,155.399521
4775,2015,7,18,23,0.000000,0.000000,0.000000,112.963848,112.963848,150.618464
4776,2015,7,18,24,0.000000,0.000000,0.000000,114.519850,114.519850,152.693133
4777,2015,7,19,1,0.000000,0.000000,0.000000,112.072396,112.072396,149.429862
4778,2015,7,19,2,0.000000,0.000000,0.000000,113.745401,113.745401,151.660535
4779,2015,7,19,3,0.000000,0.000000,0.000000,110.559213,110.559213,147.412285
4780,2015,7,19,4,0.000000,0.000000,0.000000,107.398482,107.398482,143.197976
4781,2015,7,19,5,0.000000,0.000000,0.000000,104.553488,104.553488,139.404650
4782,2015,7,19,6,0.000000,0.000000,0.000000,103.753075,103.753075,138.337433
4783,2015,7,19,7,0.000000,0.000000,0.000000,104.204865,104.204865,138.939820
4784,2015,7,19,8,0.000000,0.000000,0.000000,105.360618,105.360618,140.480824
4785,2015,7,19,9,0.000000,0.000000,0.000000,109.101810,109.101810,145.469081
4786,2015,7,19,10,0.000000,0.000000,0.000000,109.553579,109.553579,146.071438
4787,2015,7,19,11,0.000000,0.000000,0.000000,106.218233,106.218233,141.624310
4788,2015,7,19,12,0.000000,0.000000,0.000000,102.779777,102.779777,137.039703
4789,2015,7,19,13,0.000000,0.000000,0.000000,100.131347,100.131347,133.508462
4790,2015,7,19,14,0.000000,0.000000,0.000000,98.899919,98.899919,131.866558
4791,2015,7,19,15,0.000000,0.000000,0.000000,97.794218,97.794218,130.392291
4792,2015,7,19,16,0.000000,0.000000,0.000000,98.691874,98.691874,131.589165
4793,2015,7,19,17,0.000000,0.000000,0.000000,101.918571,101.918571,135.891428
4794,2015,7,19,18,0.000000,0.000000,0.000000,113.242013,113.242013,150.989351
4795,2015,7,19,19,0.000000,0.000000,0.000000,128.348162,128.348162,171.130882
4796,2015,7,19,20,0.000000,0.000000,0.000000,126.125692,126.125692,168.167589
4797,2015,7,19,21,0.000000,0.000000,0.000000,122.392655,122.392655,163.190207
4798,2015,7,19,22,0.000000,0.000000,0.000000,117.117157,117.117157,156.156209
4799,2015,7,19,23,0.000000,0.000000,0.000000,114.098172,114.098172,152.130896
4800,2015,7,19,24,0.000000,0.000000,0.000000,113.345249,113.345249,151.126999
4801,2015,7,20,1,0.000000,0.000000,0.000000,110.612019,110.612019,147.482692
4802,2015,7,20,2,0.000000,0.000000,0.000000,113.465956,113.465956,151.287942
4803,2015,7,20,3,0.000000,0.000000,0.000000,109.576795,109.576795,146.102393
4804,2015,7,20,4,0.000000,0.000000,0.000000,106.700210,106.700210,142.266947
4805,2015,7,20,5,0.000000,0.000000,0.000000,105.887484,105.887484,141.183313
4806,2015,7,20,6,0.000000,0.000000,0.000000,109.439038,109.439038,145.918718
4807,2015,7,20,7,0.000000,0.000000,0.000000,117.784282,117.784282,157.045709
4808,2015,7,20,8,0.000000,0.000000,0.000000,135.343633,135.343633,180.458177
4809,2015,7,20,9,0.000000,0.000000,0.000000,139.194162,139.194162,185.592216
4810,2015,7,20,10,0.000000,0.000000,0.000000,137.463886,137.463886,183.285181
4811,2015,7,20,11,0.000000,0.000000,0.000000,132.952685,132.952685,177.270246
4812,2015,7,20,12,0.000000,0.000000,0.000000,129.824671,129.824671,173.099561
4813,2015,7,20,13,0.000000,0.000000,0.000000,126.700053,126.700053,168.933404
4814,2015,7,20,14,0.000000,0.000000,0.000000,125.949387,125.949387,167.932516
4815,2015,7,20,15,0.000000,0.000000,0.000000,125.214301,125.214301,166.952401
4816,2015,7,20,16,0.000000,0.000000,0.000000,122.836648,122.836648,163.782197
4817,2015,7,20,17,0.000000,0.000000,0.000000,125.964290,125.964290,167.952387
4818,2015,7,20,18,0.000000,0.000000,0.000000,135.433915,135.433915,180.578553
4819,2015,7,20,19,0.000000,0.000000,0.000000,144.896839,144.896839,193.195786
4820,2015,7,20,20,0.000000,0.000000,0.000000,137.930450,137.930450,183.907266
4821,2015,7,20,21,0.000000,0.000000,0.000000,134.509941,134.509941,179.346589
4822,2015,7,20,22,0.000000,0.000000,0.000000,125.786066,125.786066,167.714754
4823,2015,7,20,23,0.000000,0.000000,0.000000,116.164225,116.164225,154.885633
4824,2015,7,20,24,0.000000,0.000000,0.000000,115.791725,115.791725,154.388967
4825,2015,7,21,1,0.000000,0.000000,0.000000,112.788963,112.788963,150.385284
4826,2015,7,21,2,0.000000,0.000000,0.000000,114.990513,114.990513,153.320684
4827,2015,7,21,3,0.000000,0.000000,0.000000,111.499900,111.499900,148.666534
4828,2015,7,21,4,0.000000,0.000000,0.000000,107.572176,107.572176,143.429568
4829,2015,7,21,5,0.000000,0.000000,0.000000,106.332444,106.332444,141.776592
4830,2015,7,21,6,0.000000,0.000000,0.000000,108.992661,108.992661,145.323548
4831,2015,7,21,7,0.000000,0.000000,0.000000,117.542385,117.542385,156.723180
4832,2015,7,21,8,0.000000,0.000000,0.000000,135.211443,135.211443,180.281924
4833,2015,7,21,9,0.000000,0.000000,0.000000,138.270187,138.270187,184.360250
4834,2015,7,21,10,0.000000,0.000000,0.000000,136.562153,136.562153,182.082871
4835,2015,7,21,11,0.000000,0.000000,0.000000,132.732152,132.732152,176.976203
4836,2015,7,21,12,0.000000,0.000000,0.000000,131.504185,131.504185,175.338914
4837,2015,7,21,13,0.000000,0.000000,0.000000,129.219079,129.219079,172.292105
4838,2015,7,21,14,0.000000,0.000000,0.000000,126.896126,126.896126,169.194834
4839,2015,7,21,15,0.000000,0.000000,0.000000,122.574490,122.574490,163.432654
4840,2015,7,21,16,0.000000,0.000000,0.000000,125.268011,125.268011,167.024015
4841,2015,7,21,17,0.000000,0.000000,0.000000,128.040098,128.040098,170.720131
4842,2015,7,21,18,0.000000,0.000000,0.000000,138.150288,138.150288,184.200384
4843,2015,7,21,19,0.000000,0.000000,0.000000,145.478248,145.478248,193.970997
4844,2015,7,21,20,0.000000,0.000000,0.000000,140.047304,140.047304,186.729739
4845,2015,7,21,21,0.000000,0.000000,0.000000,134.957159,134.957159,179.942878
4846,2015,7,21,22,0.000000,0.000000,0.000000,125.564263,125.564263,167.419017
4847,2015,7,21,23,0.000000,0.000000,0.000000,117.757807,117.757807,157.010410
4848,2015,7,21,24,0.000000,0.000000,0.000000,117.188846,117.188846,156.251795
4849,2015,7,22,1,0.000000,0.000000,0.000000,112.819352,112.819352,150.425802
4850,2015,7,22,2,0.000000,0.000000,0.000000,114.932723,114.932723,153.243631
4851,2015,7,22,3,0.000000,0.000000,0.000000,110.131764,110.131764,146.842352
4852,2015,7,22,4,0.000000,0.000000,0.000000,105.689529,105.689529,140.919373
4853,2015,7,22,5,0.000000,0.000000,0.000000,104.624829,104.624829,139.499773
4854,2015,7,22,6,0.000000,0.000000,0.000000,107.699327,107.699327,143.599102
4855,2015,7,22,7,0.000000,0.000000,0.000000,115.426386,115.426386,153.901849
4856,2015,7,22,8,0.000000,0.000000,0.000000,132.127836,132.127836,176.170448
4857,2015,7,22,9,0.000000,0.000000,0.000000,135.816582,135.816582,181.088777
4858,2015,7,22,10,0.000000,0.000000,0.000000,133.911603,133.911603,178.548804
4859,2015,7,22,11,0.000000,0.000000,0.000000,129.348770,129.348770,172.465026
4860,2015,7,22,12,0.000000,0.000000,0.000000,127.293030,127.293030,169.724041
4861,2015,7,22,13,0.000000,0.000000,0.000000,126.334153,126.334153,168.445537
4862,2015,7,22,14,0.000000,0.000000,0.000000,126.409145,126.409145,168.545527
4863,2015,7,22,15,0.000000,0.000000,0.000000,126.350758,126.350758,168.467677
4864,2015,7,22,16,0.000000,0.000000,0.000000,128.362753,128.362753,171.150337
4865,2015,7,22,17,0.000000,0.000000,0.000000,134.463937,134.463937,179.285250
4866,2015,7,22,18,0.000000,0.000000,0.000000,151.161444,151.161444,201.548592
4867,2015,7,22,19,0.000000,0.000000,0.000000,155.481979,155.481979,207.309305
4868,2015,7,22,20,0.000000,0.000000,0.000000,145.177122,145.177122,193.569496
4869,2015,7,22,21,0.000000,0.000000,0.000000,138.485904,138.485904,184.647872
4870,2015,7,22,22,0.000000,0.000000,0.000000,131.783435,131.783435,175.711247
4871,2015,7,22,23,0.000000,0.000000,0.000000,119.054063,119.054063,158.738750
4872,2015,7,22,24,0.000000,0.000000,0.000000,118.984908,118.984908,158.646544
4873,2015,7,23,1,0.000000,0.000000,0.000000,114.665395,114.665395,152.887194
4874,2015,7,23,2,0.000000,0.000000,0.000000,115.838414,115.838414,154.451219
4875,2015,7,23,3,0.000000,0.000000,0.000000,112.503051,112.503051,150.004068
4876,2015,7,23,4,0.000000,0.000000,0.000000,110.026349,110.026349,146.701799
4877,2015,7,23,5,0.000000,0.000000,0.000000,108.733353,108.733353,144.977804
4878,2015,7,23,6,0.000000,0.000000,0.000000,111.382580,111.382580,148.510106
4879,2015,7,23,7,0.000000,0.000000,0.000000,122.624501,122.624501,163.499334
4880,2015,7,23,8,0.000000,0.000000,0.000000,141.204359,141.204359,188.272479
4881,2015,7,23,9,0.000000,0.000000,0.000000,150.731826,150.731826,200.975767
4882,2015,7,23,10,0.000000,0.000000,0.000000,149.845587,149.845587,199.794117
4883,2015,7,23,11,0.000000,0.000000,0.000000,141.111291,141.111291,188.148388
4884,2015,7,23,12,0.000000,0.000000,0.000000,136.723326,136.723326,182.297768
4885,2015,7,23,13,0.000000,0.000000,0.000000,132.612511,132.612511,176.816681
4886,2015,7,23,14,0.000000,0.000000,0.000000,132.396291,132.396291,176.528387
4887,2015,7,23,15,0.000000,0.000000,0.000000,129.858140,129.858140,173.144187
4888,2015,7,23,16,0.000000,0.000000,0.000000,129.736434,129.736434,172.981912
4889,2015,7,23,17,0.000000,0.000000,0.000000,132.640051,132.640051,176.853401
4890,2015,7,23,18,0.000000,0.000000,0.000000,149.678210,149.678210,199.570947
4891,2015,7,23,19,0.000000,0.000000,0.000000,162.844920,162.844920,217.126560
4892,2015,7,23,20,0.000000,0.000000,0.000000,157.622671,157.622671,210.163561
4893,2015,7,23,21,0.000000,0.000000,0.000000,149.470840,149.470840,199.294453
4894,2015,7,23,22,0.000000,0.000000,0.000000,137.358394,137.358394,183.144525
4895,2015,7,23,23,0.000000,0.000000,0.000000,127.927140,127.927140,170.569520
4896,2015,7,23,24,0.000000,0.000000,0.000000,126.660475,126.660475,168.880634
4897,2015,7,24,1,0.000000,0.000000,0.000000,118.811459,118.811459,158.415278
4898,2015,7,24,2,0.000000,0.000000,0.000000,121.800873,121.800873,162.401164
4899,2015,7,24,3,0.000000,0.000000,0.000000,116.194957,116.194957,154.926610
4900,2015,7,24,4,0.000000,0.000000,0.000000,112.509552,112.509552,150.012736
4901,2015,7,24,5,0.000000,0.000000,0.000000,110.091208,110.091208,146.788277
4902,2015,7,24,6,0.000000,0.000000,0.000000,111.763697,111.763697,149.018263
4903,2015,7,24,7,0.000000,0.000000,0.000000,127.994651,127.994651,170.659535
4904,2015,7,24,8,0.000000,0.000000,0.000000,146.561128,146.561128,195.414837
4905,2015,7,24,9,0.000000,0.000000,0.000000,157.448530,157.448530,209.931373
4906,2015,7,24,10,0.000000,0.000000,0.000000,151.903056,151.903056,202.537408
4907,2015,7,24,11,0.000000,0.000000,0.000000,140.198390,140.198390,186.931186
4908,2015,7,24,12,0.000000,0.000000,0.000000,132.309399,132.309399,176.412533
4909,2015,7,24,13,0.000000,0.000000,0.000000,127.778231,127.778231,170.370975
4910,2015,7,24,14,0.000000,0.000000,0.000000,127.450145,127.450145,169.933527
4911,2015,7,24,15,0.000000,0.000000,0.000000,126.812324,126.812324,169.083098
4912,2015,7,24,16,0.000000,0.000000,0.000000,126.818720,126.818720,169.091627
4913,2015,7,24,17,0.000000,0.000000,0.000000,129.703951,129.703951,172.938601
4914,2015,7,24,18,0.000000,0.000000,0.000000,140.278806,140.278806,187.038408
4915,2015,7,24,19,0.000000,0.000000,0.000000,148.685089,148.685089,198.246786
4916,2015,7,24,20,0.000000,0.000000,0.000000,140.868935,140.868935,187.825247
4917,2015,7,24,21,0.000000,0.000000,0.000000,136.772907,136.772907,182.363875
4918,2015,7,24,22,0.000000,0.000000,0.000000,130.401012,130.401012,173.868016
4919,2015,7,24,23,0.000000,0.000000,0.000000,120.597076,120.597076,160.796102
4920,2015,7,24,24,0.000000,0.000000,0.000000,121.424222,121.424222,161.898963
4921,2015,7,25,1,0.000000,0.000000,0.000000,113.497698,113.497698,151.330264
4922,2015,7,25,2,0.000000,0.000000,0.000000,113.693685,113.693685,151.591580
4923,2015,7,25,3,0.000000,0.000000,0.000000,108.451535,108.451535,144.602047
4924,2015,7,25,4,0.000000,0.000000,0.000000,104.781403,104.781403,139.708537
4925,2015,7,25,5,0.000000,0.000000,0.000000,102.289616,102.289616,136.386155
4926,2015,7,25,6,0.000000,0.000000,0.000000,102.152645,102.152645,136.203527
4927,2015,7,25,7,0.000000,0.000000,0.000000,104.745009,104.745009,139.660012
4928,2015,7,25,8,0.000000,0.000000,0.000000,107.540071,107.540071,143.386762
4929,2015,7,25,9,0.000000,0.000000,0.000000,113.250190,113.250190,151.000254
4930,2015,7,25,10,0.000000,0.000000,0.000000,117.353630,117.353630,156.471506
4931,2015,7,25,11,0.000000,0.000000,0.000000,114.528966,114.528966,152.705287
4932,2015,7,25,12,0.000000,0.000000,0.000000,110.945703,110.945703,147.927604
4933,2015,7,25,13,0.000000,0.000000,0.000000,105.033962,105.033962,140.045283
4934,2015,7,25,14,0.000000,0.000000,0.000000,102.681047,102.681047,136.908063
4935,2015,7,25,15,0.000000,0.000000,0.000000,101.961093,101.961093,135.948124
4936,2015,7,25,16,0.000000,0.000000,0.000000,102.059016,102.059016,136.078688
4937,2015,7,25,17,0.000000,0.000000,0.000000,105.010525,105.010525,140.014034
4938,2015,7,25,18,0.000000,0.000000,0.000000,118.604786,118.604786,158.139715
4939,2015,7,25,19,0.000000,0.000000,0.000000,130.969545,130.969545,174.626060
4940,2015,7,25,20,0.000000,0.000000,0.000000,129.004830,129.004830,172.006440
4941,2015,7,25,21,0.000000,0.000000,0.000000,122.935962,122.935962,163.914616
4942,2015,7,25,22,0.000000,0.000000,0.000000,117.636256,117.636256,156.848342
4943,2015,7,25,23,0.000000,0.000000,0.000000,114.463925,114.463925,152.618567
4944,2015,7,25,24,0.000000,0.000000,0.000000,115.796098,115.796098,154.394798
4945,2015,7,26,1,0.000000,0.000000,0.000000,112.468353,112.468353,149.957803
4946,2015,7,26,2,0.000000,0.000000,0.000000,115.037001,115.037001,153.382668
4947,2015,7,26,3,0.000000,0.000000,0.000000,112.083737,112.083737,149.444983
4948,2015,7,26,4,0.000000,0.000000,0.000000,109.065058,109.065058,145.420077
4949,2015,7,26,5,0.000000,0.000000,0.000000,106.111136,106.111136,141.481515
4950,2015,7,26,6,0.000000,0.000000,0.000000,106.445811,106.445811,141.927747
4951,2015,7,26,7,0.000000,0.000000,0.000000,108.276119,108.276119,144.368159
4952,2015,7,26,8,0.000000,0.000000,0.000000,110.169215,110.169215,146.892287
4953,2015,7,26,9,0.000000,0.000000,0.000000,114.128103,114.128103,152.170804
4954,2015,7,26,10,0.000000,0.000000,0.000000,114.912291,114.912291,153.216389
4955,2015,7,26,11,0.000000,0.000000,0.000000,113.092313,113.092313,150.789750
4956,2015,7,26,12,0.000000,0.000000,0.000000,109.579403,109.579403,146.105870
4957,2015,7,26,13,0.000000,0.000000,0.000000,107.252093,107.252093,143.002791
4958,2015,7,26,14,0.000000,0.000000,0.000000,105.680344,105.680344,140.907125
4959,2015,7,26,15,0.000000,0.000000,0.000000,103.647364,103.647364,138.196485
4960,2015,7,26,16,0.000000,0.000000,0.000000,103.634384,103.634384,138.179178
4961,2015,7,26,17,0.000000,0.000000,0.000000,106.095030,106.095030,141.460040
4962,2015,7,26,18,0.000000,0.000000,0.000000,123.480033,123.480033,164.640044
4963,2015,7,26,19,0.000000,0.000000,0.000000,131.927812,131.927812,175.903750
4964,2015,7,26,20,0.000000,0.000000,0.000000,130.231509,130.231509,173.642011
4965,2015,7,26,21,0.000000,0.000000,0.000000,127.603445,127.603445,170.137927
4966,2015,7,26,22,0.000000,0.000000,0.000000,117.818241,117.818241,157.090988
4967,2015,7,26,23,0.000000,0.000000,0.000000,110.677194,110.677194,147.569592
4968,2015,7,26,24,0.000000,0.000000,0.000000,110.296331,110.296331,147.061775
4969,2015,7,27,1,0.000000,0.000000,0.000000,107.416908,107.416908,143.222544
4970,2015,7,27,2,0.000000,0.000000,0.000000,109.731204,109.731204,146.308271
4971,2015,7,27,3,0.000000,0.000000,0.000000,106.318451,106.318451,141.757935
4972,2015,7,27,4,0.000000,0.000000,0.000000,103.188134,103.188134,137.584179
4973,2015,7,27,5,0.000000,0.000000,0.000000,102.038757,102.038757,136.051676
4974,2015,7,27,6,0.000000,0.000000,0.000000,104.593775,104.593775,139.458367
4975,2015,7,27,7,0.000000,0.000000,0.000000,113.901624,113.901624,151.868832
4976,2015,7,27,8,0.000000,0.000000,0.000000,133.184449,133.184449,177.579266
4977,2015,7,27,9,0.000000,0.000000,0.000000,144.314509,144.314509,192.419345
4978,2015,7,27,10,0.000000,0.000000,0.000000,139.796081,139.796081,186.394775
4979,2015,7,27,11,0.000000,0.000000,0.000000,137.955487,137.955487,183.940650
4980,2015,7,27,12,0.000000,0.000000,0.000000,130.222856,130.222856,173.630474
4981,2015,7,27,13,0.000000,0.000000,0.000000,127.785849,127.785849,170.381132
4982,2015,7,27,14,0.000000,0.000000,0.000000,127.581058,127.581058,170.108077
4983,2015,7,27,15,0.000000,0.000000,0.000000,125.942339,125.942339,167.923119
4984,2015,7,27,16,0.000000,0.000000,0.000000,125.448837,125.448837,167.265116
4985,2015,7,27,17,0.000000,0.000000,0.000000,129.513646,129.513646,172.684862
4986,2015,7,27,18,0.000000,0.000000,0.000000,148.293826,148.293826,197.725101
4987,2015,7,27,19,0.000000,0.000000,0.000000,156.530229,156.530229,208.706972
4988,2015,7,27,20,0.000000,0.000000,0.000000,147.404450,147.404450,196.539267
4989,2015,7,27,21,0.000000,0.000000,0.000000,137.534969,137.534969,183.379958
4990,2015,7,27,22,0.000000,0.000000,0.000000,129.720056,129.720056,172.960075
4991,2015,7,27,23,0.000000,0.000000,0.000000,117.586832,117.586832,156.782443
4992,2015,7,27,24,0.000000,0.000000,0.000000,115.458484,115.458484,153.944645
4993,2015,7,28,1,0.000000,0.000000,0.000000,110.222409,110.222409,146.963212
4994,2015,7,28,2,0.000000,0.000000,0.000000,112.254399,112.254399,149.672533
4995,2015,7,28,3,0.000000,0.000000,0.000000,108.349779,108.349779,144.466372
4996,2015,7,28,4,0.000000,0.000000,0.000000,105.255952,105.255952,140.341269
4997,2015,7,28,5,0.000000,0.000000,0.000000,104.130866,104.130866,138.841155
4998,2015,7,28,6,0.000000,0.000000,0.000000,107.031158,107.031158,142.708210
4999,2015,7,28,7,0.000000,0.000000,0.000000,120.206109,120.206109,160.274812
5000,2015,7,28,8,0.000000,0.000000,0.000000,137.562015,137.562015,183.416020
5001,2015,7,28,9,0.000000,0.000000,0.000000,148.081500,148.081500,197.442000
5002,2015,7,28,10,0.000000,0.000000,0.000000,144.435644,144.435644,192.580858
5003,2015,7,28,11,0.000000,0.000000,0.000000,135.583759,135.583759,180.778346
5004,2015,7,28,12,0.000000,0.000000,0.000000,130.469154,130.469154,173.958872
5005,2015,7,28,13,0.000000,0.000000,0.000000,128.070198,128.070198,170.760264
5006,2015,7,28,14,0.000000,0.000000,0.000000,129.089029,129.089029,172.118705
5007,2015,7,28,15,0.000000,0.000000,0.000000,130.124692,130.124692,173.499590
5008,2015,7,28,16,0.000000,0.000000,0.000000,129.319022,129.319022,172.425363
5009,2015,7,28,17,0.000000,0.000000,0.000000,131.611712,131.611712,175.482283
5010,2015,7,28,18,0.000000,0.000000,0.000000,145.967931,145.967931,194.623908
5011,2015,7,28,19,0.000000,0.000000,0.000000,158.089580,158.089580,210.786107
5012,2015,7,28,20,0.000000,0.000000,0.000000,147.963007,147.963007,197.284009
5013,2015,7,28,21,0.000000,0.000000,0.000000,139.810344,139.810344,186.413792
5014,2015,7,28,22,0.000000,0.000000,0.000000,133.505384,133.505384,178.007179
5015,2015,7,28,23,0.000000,0.000000,0.000000,120.417134,120.417134,160.556178
5016,2015,7,28,24,0.000000,0.000000,0.000000,118.862270,118.862270,158.483026
5017,2015,7,29,1,0.000000,0.000000,0.000000,114.664055,114.664055,152.885406
5018,2015,7,29,2,0.000000,0.000000,0.000000,116.012185,116.012185,154.682913
5019,2015,7,29,3,0.000000,0.000000,0.000000,112.665202,112.665202,150.220269
5020,2015,7,29,4,0.000000,0.000000,0.000000,109.561584,109.561584,146.082112
5021,2015,7,29,5,0.000000,0.000000,0.000000,107.442217,107.442217,143.256290
5022,2015,7,29,6,0.000000,0.000000,0.000000,108.979020,108.979020,145.305361
5023,2015,7,29,7,0.000000,0.000000,0.000000,120.443975,120.443975,160.591966
5024,2015,7,29,8,0.000000,0.000000,0.000000,137.351354,137.351354,183.135138
5025,2015,7,29,9,0.000000,0.000000,0.000000,146.301320,146.301320,195.068426
5026,2015,7,29,10,0.000000,0.000000,0.000000,144.812817,144.812817,193.083756
5027,2015,7,29,11,0.000000,0.000000,0.000000,136.170532,136.170532,181.560709
5028,2015,7,29,12,0.000000,0.000000,0.000000,132.004055,132.004055,176.005406
5029,2015,7,29,13,0.000000,0.000000,0.000000,128.634672,128.634672,171.512896
5030,2015,7,29,14,0.000000,0.000000,0.000000,128.521326,128.521326,171.361768
5031,2015,7,29,15,0.000000,0.000000,0.000000,127.064837,127.064837,169.419783
5032,2015,7,29,16,0.000000,0.000000,0.000000,126.610135,126.610135,168.813514
5033,2015,7,29,17,0.000000,0.000000,0.000000,130.622397,130.622397,174.163196
5034,2015,7,29,18,0.000000,0.000000,0.000000,143.702712,143.702712,191.603616
5035,2015,7,29,19,0.000000,0.000000,0.000000,151.365505,151.365505,201.820673
5036,2015,7,29,20,0.000000,0.000000,0.000000,140.415906,140.415906,187.221207
5037,2015,7,29,21,0.000000,0.000000,0.000000,135.126211,135.126211,180.168281
5038,2015,7,29,22,0.000000,0.000000,0.000000,129.609343,129.609343,172.812458
5039,2015,7,29,23,0.000000,0.000000,0.000000,116.638531,116.638531,155.518041
5040,2015,7,29,24,0.000000,0.000000,0.000000,116.241388,116.241388,154.988517
5041,2015,7,30,1,0.000000,0.000000,0.000000,112.410565,112.410565,149.880753
5042,2015,7,30,2,0.000000,0.000000,0.000000,114.906579,114.906579,153.208773
5043,2015,7,30,3,0.000000,0.000000,0.000000,111.473906,111.473906,148.631874
5044,2015,7,30,4,0.000000,0.000000,0.000000,107.484548,107.484548,143.312731
5045,2015,7,30,5,0.000000,0.000000,0.000000,105.743036,105.743036,140.990715
5046,2015,7,30,6,0.000000,0.000000,0.000000,108.459910,108.459910,144.613214
5047,2015,7,30,7,0.000000,0.000000,0.000000,119.157980,119.157980,158.877307
5048,2015,7,30,8,0.000000,0.000000,0.000000,136.247643,136.247643,181.663525
5049,2015,7,30,9,0.000000,0.000000,0.000000,143.161791,143.161791,190.882388
5050,2015,7,30,10,0.000000,0.000000,0.000000,140.837385,140.837385,187.783180
5051,2015,7,30,11,0.000000,0.000000,0.000000,134.373627,134.373627,179.164836
5052,2015,7,30,12,0.000000,0.000000,0.000000,131.022866,131.022866,174.697155
5053,2015,7,30,13,0.000000,0.000000,0.000000,127.679661,127.679661,170.239548
5054,2015,7,30,14,0.000000,0.000000,0.000000,128.084424,128.084424,170.779232
5055,2015,7,30,15,0.000000,0.000000,0.000000,128.033649,128.033649,170.711532
5056,2015,7,30,16,0.000000,0.000000,0.000000,127.996872,127.996872,170.662496
5057,2015,7,30,17,0.000000,0.000000,0.000000,131.832323,131.832323,175.776430
5058,2015,7,30,18,0.000000,0.000000,0.000000,147.705131,147.705131,196.940174
5059,2015,7,30,19,0.000000,0.000000,0.000000,153.849443,153.849443,205.132591
5060,2015,7,30,20,0.000000,0.000000,0.000000,142.777385,142.777385,190.369847
5061,2015,7,30,21,0.000000,0.000000,0.000000,135.383195,135.383195,180.510927
5062,2015,7,30,22,0.000000,0.000000,0.000000,128.697412,128.697412,171.596549
5063,2015,7,30,23,0.000000,0.000000,0.000000,115.397654,115.397654,153.863539
5064,2015,7,30,24,0.000000,0.000000,0.000000,114.425208,114.425208,152.566944
5065,2015,7,31,1,0.000000,0.000000,0.000000,109.785535,109.785535,146.380714
5066,2015,7,31,2,0.000000,0.000000,0.000000,111.750187,111.750187,149.000249
5067,2015,7,31,3,0.000000,0.000000,0.000000,108.281282,108.281282,144.375043
5068,2015,7,31,4,0.000000,0.000000,0.000000,105.038096,105.038096,140.050794
5069,2015,7,31,5,0.000000,0.000000,0.000000,103.419122,103.419122,137.892163
5070,2015,7,31,6,0.000000,0.000000,0.000000,106.027961,106.027961,141.370615
5071,2015,7,31,7,0.000000,0.000000,0.000000,117.788769,117.788769,157.051692
5072,2015,7,31,8,0.000000,0.000000,0.000000,132.638190,132.638190,176.850920
5073,2015,7,31,9,0.000000,0.000000,0.000000,138.453627,138.453627,184.604837
5074,2015,7,31,10,0.000000,0.000000,0.000000,136.650189,136.650189,182.200252
5075,2015,7,31,11,0.000000,0.000000,0.000000,130.007104,130.007104,173.342806
5076,2015,7,31,12,0.000000,0.000000,0.000000,126.577624,126.577624,168.770166
5077,2015,7,31,13,0.000000,0.000000,0.000000,124.226296,124.226296,165.635061
5078,2015,7,31,14,0.000000,0.000000,0.000000,125.065788,125.065788,166.754383
5079,2015,7,31,15,0.000000,0.000000,0.000000,124.141172,124.141172,165.521563
5080,2015,7,31,16,0.000000,0.000000,0.000000,122.678980,122.678980,163.571973
5081,2015,7,31,17,0.000000,0.000000,0.000000,124.628858,124.628858,166.171811
5082,2015,7,31,18,0.000000,0.000000,0.000000,133.982334,133.982334,178.643112
5083,2015,7,31,19,0.000000,0.000000,0.000000,144.530569,144.530569,192.707425
5084,2015,7,31,20,0.000000,0.000000,0.000000,138.110724,138.110724,184.147631
5085,2015,7,31,21,0.000000,0.000000,0.000000,133.465102,133.465102,177.953469
5086,2015,7,31,22,0.000000,0.000000,0.000000,126.513343,126.513343,168.684457
5087,2015,7,31,23,0.000000,0.000000,0.000000,117.120118,117.120118,156.160157
5088,2015,7,31,24,0.000000,0.000000,0.000000,118.500589,118.500589,158.000785
5089,2015,8,1,1,0.000000,0.000000,0.000000,113.056755,113.056755,150.742340
5090,2015,8,1,2,0.000000,0.000000,0.000000,115.497660,115.497660,153.996880
5091,2015,8,1,3,0.000000,0.000000,0.000000,111.612079,111.612079,148.816106
5092,2015,8,1,4,0.000000,0.000000,0.000000,107.683330,107.683330,143.577773
5093,2015,8,1,5,0.000000,0.000000,0.000000,103.835628,103.835628,138.447503
5094,2015,8,1,6,0.000000,0.000000,0.000000,104.131538,104.131538,138.842050
5095,2015,8,1,7,0.000000,0.000000,0.000000,108.074297,108.074297,144.099063
5096,2015,8,1,8,0.000000,0.000000,0.000000,111.910760,111.910760,149.214347
5097,2015,8,1,9,0.000000,0.000000,0.000000,115.959585,115.959585,154.612780
5098,2015,8,1,10,0.000000,0.000000,0.000000,117.983968,117.983968,157.311957
5099,2015,8,1,11,0.000000,0.000000,0.000000,113.979108,113.979108,151.972144
5100,2015,8,1,12,0.000000,0.000000,0.000000,110.117347,110.117347,146.823130
5101,2015,8,1,13,0.000000,0.000000,0.000000,106.835402,106.835402,142.447203
5102,2015,8,1,14,0.000000,0.000000,0.000000,105.520223,105.520223,140.693631
5103,2015,8,1,15,0.000000,0.000000,0.000000,104.020130,104.020130,138.693507
5104,2015,8,1,16,0.000000,0.000000,0.000000,104.817305,104.817305,139.756407
5105,2015,8,1,17,0.000000,0.000000,0.000000,108.125999,108.125999,144.167998
5106,2015,8,1,18,0.000000,0.000000,0.000000,123.413199,123.413199,164.550932
5107,2015,8,1,19,0.000000,0.000000,0.000000,131.451520,131.451520,175.268693
5108,2015,8,1,20,0.000000,0.000000,0.000000,129.558196,129.558196,172.744262
5109,2015,8,1,21,0.000000,0.000000,0.000000,122.837148,122.837148,163.782863
5110,2015,8,1,22,0.000000,0.000000,0.000000,116.394126,116.394126,155.192168
5111,2015,8,1,23,0.000000,0.000000,0.000000,111.749266,111.749266,148.999022
5112,2015,8,1,24,0.000000,0.000000,0.000000,113.014865,113.014865,150.686487
5113,2015,8,2,1,0.000000,0.000000,0.000000,111.116025,111.116025,148.154700
5114,2015,8,2,2,0.000000,0.000000,0.000000,112.679844,112.679844,150.239791
5115,2015,8,2,3,0.000000,0.000000,0.000000,108.544506,108.544506,144.726008
5116,2015,8,2,4,0.000000,0.000000,0.000000,104.186008,104.186008,138.914678
5117,2015,8,2,5,0.000000,0.000000,0.000000,99.966854,99.966854,133.289138
5118,2015,8,2,6,0.000000,0.000000,0.000000,99.445886,99.445886,132.594514
5119,2015,8,2,7,0.000000,0.000000,0.000000,100.233487,100.233487,133.644649
5120,2015,8,2,8,0.000000,0.000000,0.000000,101.525031,101.525031,135.366709
5121,2015,8,2,9,0.000000,0.000000,0.000000,106.717729,106.717729,142.290306
5122,2015,8,2,10,0.000000,0.000000,0.000000,107.311501,107.311501,143.082001
5123,2015,8,2,11,0.000000,0.000000,0.000000,105.217154,105.217154,140.289539
5124,2015,8,2,12,0.000000,0.000000,0.000000,103.680401,103.680401,138.240535
5125,2015,8,2,13,0.000000,0.000000,0.000000,101.817321,101.817321,135.756428
5126,2015,8,2,14,0.000000,0.000000,0.000000,100.454998,100.454998,133.939997
5127,2015,8,2,15,0.000000,0.000000,0.000000,99.117226,99.117226,132.156301
5128,2015,8,2,16,0.000000,0.000000,0.000000,100.146111,100.146111,133.528147
5129,2015,8,2,17,0.000000,0.000000,0.000000,103.833875,103.833875,138.445167
5130,2015,8,2,18,0.000000,0.000000,0.000000,114.161532,114.161532,152.215376
5131,2015,8,2,19,0.000000,0.000000,0.000000,126.206690,126.206690,168.275587
5132,2015,8,2,20,0.000000,0.000000,0.000000,123.837830,123.837830,165.117107
5133,2015,8,2,21,0.000000,0.000000,0.000000,119.729868,119.729868,159.639824
5134,2015,8,2,22,0.000000,0.000000,0.000000,114.290345,114.290345,152.387126
5135,2015,8,2,23,0.000000,0.000000,0.000000,111.614906,111.614906,148.819875
5136,2015,8,2,24,0.000000,0.000000,0.000000,111.527827,111.527827,148.703770
5137,2015,8,3,1,0.000000,0.000000,0.000000,108.405063,108.405063,144.540083
5138,2015,8,3,2,0.000000,0.000000,0.000000,110.637600,110.637600,147.516800
5139,2015,8,3,3,0.000000,0.000000,0.000000,105.847880,105.847880,141.130507
5140,2015,8,3,4,0.000000,0.000000,0.000000,101.310489,101.310489,135.080652
5141,2015,8,3,5,0.000000,0.000000,0.000000,100.123310,100.123310,133.497746
5142,2015,8,3,6,0.000000,0.000000,0.000000,103.557238,103.557238,138.076317
5143,2015,8,3,7,0.000000,0.000000,0.000000,112.954040,112.954040,150.605387
5144,2015,8,3,8,0.000000,0.000000,0.000000,131.662065,131.662065,175.549420
5145,2015,8,3,9,0.000000,0.000000,0.000000,136.752634,136.752634,182.336845
5146,2015,8,3,10,0.000000,0.000000,0.000000,136.064804,136.064804,181.419739
5147,2015,8,3,11,0.000000,0.000000,0.000000,131.365660,131.365660,175.154213
5148,2015,8,3,12,0.000000,0.000000,0.000000,127.363461,127.363461,169.817947
5149,2015,8,3,13,0.000000,0.000000,0.000000,124.926370,124.926370,166.568493
5150,2015,8,3,14,0.000000,0.000000,0.000000,124.993927,124.993927,166.658569
5151,2015,8,3,15,0.000000,0.000000,0.000000,123.852893,123.852893,165.137191
5152,2015,8,3,16,0.000000,0.000000,0.000000,123.293021,123.293021,164.390694
5153,2015,8,3,17,0.000000,0.000000,0.000000,126.977931,126.977931,169.303908
5154,2015,8,3,18,0.000000,0.000000,0.000000,139.473016,139.473016,185.964021
5155,2015,8,3,19,0.000000,0.000000,0.000000,152.850625,152.850625,203.800833
5156,2015,8,3,20,0.000000,0.000000,0.000000,145.127305,145.127305,193.503074
5157,2015,8,3,21,0.000000,0.000000,0.000000,138.780109,138.780109,185.040145
5158,2015,8,3,22,0.000000,0.000000,0.000000,132.213544,132.213544,176.284725
5159,2015,8,3,23,0.000000,0.000000,0.000000,118.608519,118.608519,158.144692
5160,2015,8,3,24,0.000000,0.000000,0.000000,117.439047,117.439047,156.585396
5161,2015,8,4,1,0.000000,0.000000,0.000000,115.127305,115.127305,153.503073
5162,2015,8,4,2,0.000000,0.000000,0.000000,117.489179,117.489179,156.652238
5163,2015,8,4,3,0.000000,0.000000,0.000000,114.228575,114.228575,152.304767
5164,2015,8,4,4,0.000000,0.000000,0.000000,110.628194,110.628194,147.504259
5165,2015,8,4,5,0.000000,0.000000,0.000000,109.650969,109.650969,146.201292
5166,2015,8,4,6,0.000000,0.000000,0.000000,113.175417,113.175417,150.900555
5167,2015,8,4,7,0.000000,0.000000,0.000000,124.954804,124.954804,166.606405
5168,2015,8,4,8,0.000000,0.000000,0.000000,142.132777,142.132777,189.510369
5169,2015,8,4,9,0.000000,0.000000,0.000000,153.525263,153.525263,204.700351
5170,2015,8,4,10,0.000000,0.000000,0.000000,150.159317,150.159317,200.212422
5171,2015,8,4,11,0.000000,0.000000,0.000000,145.134152,145.134152,193.512202
5172,2015,8,4,12,0.000000,0.000000,0.000000,138.532796,138.532796,184.710395
5173,2015,8,4,13,0.000000,0.000000,0.000000,133.335012,133.335012,177.780017
5174,2015,8,4,14,0.000000,0.000000,0.000000,132.593381,132.593381,176.791175
5175,2015,8,4,15,0.000000,0.000000,0.000000,131.963719,131.963719,175.951625
5176,2015,8,4,16,0.000000,0.000000,0.000000,131.600888,131.600888,175.467850
5177,2015,8,4,17,0.000000,0.000000,0.000000,136.975394,136.975394,182.633859
5178,2015,8,4,18,0.000000,0.000000,0.000000,156.166806,156.166806,208.222407
5179,2015,8,4,19,0.000000,0.000000,0.000000,164.358893,164.358893,219.145191
5180,2015,8,4,20,0.000000,0.000000,0.000000,155.609208,155.609208,207.478943
5181,2015,8,4,21,0.000000,0.000000,0.000000,145.386855,145.386855,193.849140
5182,2015,8,4,22,0.000000,0.000000,0.000000,135.282196,135.282196,180.376262
5183,2015,8,4,23,0.000000,0.000000,0.000000,122.506745,122.506745,163.342327
5184,2015,8,4,24,0.000000,0.000000,0.000000,119.256034,119.256034,159.008046
5185,2015,8,5,1,0.000000,0.000000,0.000000,111.909969,111.909969,149.213292
5186,2015,8,5,2,0.000000,0.000000,0.000000,111.898741,111.898741,149.198321
5187,2015,8,5,3,0.000000,0.000000,0.000000,107.706738,107.706738,143.608984
5188,2015,8,5,4,0.000000,0.000000,0.000000,105.202769,105.202769,140.270358
5189,2015,8,5,5,0.000000,0.000000,0.000000,104.699038,104.699038,139.598718
5190,2015,8,5,6,0.000000,0.000000,0.000000,107.656109,107.656109,143.541479
5191,2015,8,5,7,0.000000,0.000000,0.000000,120.039617,120.039617,160.052822
5192,2015,8,5,8,0.000000,0.000000,0.000000,137.117474,137.117474,182.823299
5193,2015,8,5,9,0.000000,0.000000,0.000000,144.913125,144.913125,193.217500
5194,2015,8,5,10,0.000000,0.000000,0.000000,143.539799,143.539799,191.386398
5195,2015,8,5,11,0.000000,0.000000,0.000000,135.825925,135.825925,181.101234
5196,2015,8,5,12,0.000000,0.000000,0.000000,130.712786,130.712786,174.283715
5197,2015,8,5,13,0.000000,0.000000,0.000000,127.204123,127.204123,169.605497
5198,2015,8,5,14,0.000000,0.000000,0.000000,127.631021,127.631021,170.174695
5199,2015,8,5,15,0.000000,0.000000,0.000000,126.393951,126.393951,168.525268
5200,2015,8,5,16,0.000000,0.000000,0.000000,127.187931,127.187931,169.583908
5201,2015,8,5,17,0.000000,0.000000,0.000000,129.593747,129.593747,172.791663
5202,2015,8,5,18,0.000000,0.000000,0.000000,138.912605,138.912605,185.216807
5203,2015,8,5,19,0.000000,0.000000,0.000000,150.466486,150.466486,200.621982
5204,2015,8,5,20,0.000000,0.000000,0.000000,142.919126,142.919126,190.558834
5205,2015,8,5,21,0.000000,0.000000,0.000000,137.376905,137.376905,183.169206
5206,2015,8,5,22,0.000000,0.000000,0.000000,129.712788,129.712788,172.950384
5207,2015,8,5,23,0.000000,0.000000,0.000000,115.140401,115.140401,153.520535
5208,2015,8,5,24,0.000000,0.000000,0.000000,113.749790,113.749790,151.666387
5209,2015,8,6,1,0.000000,0.000000,0.000000,109.560608,109.560608,146.080810
5210,2015,8,6,2,0.000000,0.000000,0.000000,111.047488,111.047488,148.063318
5211,2015,8,6,3,0.000000,0.000000,0.000000,107.022965,107.022965,142.697287
5212,2015,8,6,4,0.000000,0.000000,0.000000,102.774430,102.774430,137.032573
5213,2015,8,6,5,0.000000,0.000000,0.000000,99.900070,99.900070,133.200093
5214,2015,8,6,6,0.000000,0.000000,0.000000,102.740338,102.740338,136.987117
5215,2015,8,6,7,0.000000,0.000000,0.000000,111.361490,111.361490,148.481987
5216,2015,8,6,8,0.000000,0.000000,0.000000,128.761134,128.761134,171.681512
5217,2015,8,6,9,0.000000,0.000000,0.000000,131.548048,131.548048,175.397398
5218,2015,8,6,10,0.000000,0.000000,0.000000,127.851235,127.851235,170.468314
5219,2015,8,6,11,0.000000,0.000000,0.000000,123.855119,123.855119,165.140159
5220,2015,8,6,12,0.000000,0.000000,0.000000,121.935511,121.935511,162.580681
5221,2015,8,6,13,0.000000,0.000000,0.000000,119.277412,119.277412,159.036549
5222,2015,8,6,14,0.000000,0.000000,0.000000,118.255746,118.255746,157.674328
5223,2015,8,6,15,0.000000,0.000000,0.000000,117.277747,117.277747,156.370329
5224,2015,8,6,16,0.000000,0.000000,0.000000,115.473793,115.473793,153.965057
5225,2015,8,6,17,0.000000,0.000000,0.000000,119.242154,119.242154,158.989539
5226,2015,8,6,18,0.000000,0.000000,0.000000,126.684696,126.684696,168.912928
5227,2015,8,6,19,0.000000,0.000000,0.000000,134.124286,134.124286,178.832381
5228,2015,8,6,20,0.000000,0.000000,0.000000,131.259556,131.259556,175.012742
5229,2015,8,6,21,0.000000,0.000000,0.000000,127.303868,127.303868,169.738490
5230,2015,8,6,22,0.000000,0.000000,0.000000,116.820355,116.820355,155.760473
5231,2015,8,6,23,0.000000,0.000000,0.000000,110.410296,110.410296,147.213729
5232,2015,8,6,24,0.000000,0.000000,0.000000,110.644589,110.644589,147.526119
5233,2015,8,7,1,0.000000,0.000000,0.000000,107.902556,107.902556,143.870075
5234,2015,8,7,2,0.000000,0.000000,0.000000,110.176788,110.176788,146.902384
5235,2015,8,7,3,0.000000,0.000000,0.000000,105.510686,105.510686,140.680914
5236,2015,8,7,4,0.000000,0.000000,0.000000,101.230724,101.230724,134.974298
5237,2015,8,7,5,0.000000,0.000000,0.000000,100.079773,100.079773,133.439698
5238,2015,8,7,6,0.000000,0.000000,0.000000,103.832249,103.832249,138.442999
5239,2015,8,7,7,0.000000,0.000000,0.000000,112.571053,112.571053,150.094737
5240,2015,8,7,8,0.000000,0.000000,0.000000,129.514122,129.514122,172.685496
5241,2015,8,7,9,0.000000,0.000000,0.000000,135.954209,135.954209,181.272279
5242,2015,8,7,10,0.000000,0.000000,0.000000,133.690678,133.690678,178.254237
5243,2015,8,7,11,0.000000,0.000000,0.000000,130.829167,130.829167,174.438890
5244,2015,8,7,12,0.000000,0.000000,0.000000,125.606154,125.606154,167.474872
5245,2015,8,7,13,0.000000,0.000000,0.000000,126.029353,126.029353,168.039138
5246,2015,8,7,14,0.000000,0.000000,0.000000,126.182820,126.182820,168.243761
5247,2015,8,7,15,0.000000,0.000000,0.000000,125.340662,125.340662,167.120882
5248,2015,8,7,16,0.000000,0.000000,0.000000,124.025090,124.025090,165.366787
5249,2015,8,7,17,0.000000,0.000000,0.000000,126.694853,126.694853,168.926470
5250,2015,8,7,18,0.000000,0.000000,0.000000,135.124523,135.124523,180.166031
5251,2015,8,7,19,0.000000,0.000000,0.000000,148.140530,148.140530,197.520707
5252,2015,8,7,20,0.000000,0.000000,0.000000,143.021343,143.021343,190.695124
5253,2015,8,7,21,0.000000,0.000000,0.000000,139.576717,139.576717,186.102290
5254,2015,8,7,22,0.000000,0.000000,0.000000,135.870853,135.870853,181.161138
5255,2015,8,7,23,0.000000,0.000000,0.000000,128.904996,128.904996,171.873328
5256,2015,8,7,24,0.000000,0.000000,0.000000,129.799339,129.799339,173.065786
5257,2015,8,8,1,0.000000,0.000000,0.000000,120.282219,120.282219,160.376291
5258,2015,8,8,2,0.000000,0.000000,0.000000,123.125972,123.125972,164.167962
5259,2015,8,8,3,0.000000,0.000000,0.000000,116.486563,116.486563,155.315417
5260,2015,8,8,4,0.000000,0.000000,0.000000,113.408424,113.408424,151.211233
5261,2015,8,8,5,0.000000,0.000000,0.000000,111.560811,111.560811,148.747748
5262,2015,8,8,6,0.000000,0.000000,0.000000,111.791617,111.791617,149.055489
5263,2015,8,8,7,0.000000,0.000000,0.000000,115.056004,115.056004,153.408006
5264,2015,8,8,8,0.000000,0.000000,0.000000,117.303724,117.303724,156.404965
5265,2015,8,8,9,0.000000,0.000000,0.000000,125.436563,125.436563,167.248750
5266,2015,8,8,10,0.000000,0.000000,0.000000,128.155830,128.155830,170.874440
5267,2015,8,8,11,0.000000,0.000000,0.000000,120.399003,120.399003,160.532003
5268,2015,8,8,12,0.000000,0.000000,0.000000,113.317611,113.317611,151.090148
5269,2015,8,8,13,0.000000,0.000000,0.000000,109.352726,109.352726,145.803635
5270,2015,8,8,14,0.000000,0.000000,0.000000,107.378326,107.378326,143.171102
5271,2015,8,8,15,0.000000,0.000000,0.000000,105.952017,105.952017,141.269356
5272,2015,8,8,16,0.000000,0.000000,0.000000,106.387984,106.387984,141.850646
5273,2015,8,8,17,0.000000,0.000000,0.000000,109.424296,109.424296,145.899061
5274,2015,8,8,18,0.000000,0.000000,0.000000,120.612323,120.612323,160.816431
5275,2015,8,8,19,0.000000,0.000000,0.000000,134.429497,134.429497,179.239330
5276,2015,8,8,20,0.000000,0.000000,0.000000,133.585042,133.585042,178.113390
5277,2015,8,8,21,0.000000,0.000000,0.000000,127.662522,127.662522,170.216696
5278,2015,8,8,22,0.000000,0.000000,0.000000,121.613946,121.613946,162.151928
5279,2015,8,8,23,0.000000,0.000000,0.000000,117.671308,117.671308,156.895077
5280,2015,8,8,24,0.000000,0.000000,0.000000,118.702891,118.702891,158.270521
5281,2015,8,9,1,0.000000,0.000000,0.000000,115.643884,115.643884,154.191845
5282,2015,8,9,2,0.000000,0.000000,0.000000,116.939327,116.939327,155.919103
5283,2015,8,9,3,0.000000,0.000000,0.000000,112.653770,112.653770,150.205026
5284,2015,8,9,4,0.000000,0.000000,0.000000,109.034642,109.034642,145.379523
5285,2015,8,9,5,0.000000,0.000000,0.000000,105.231093,105.231093,140.308124
5286,2015,8,9,6,0.000000,0.000000,0.000000,103.556892,103.556892,138.075855
5287,2015,8,9,7,0.000000,0.000000,0.000000,103.127101,103.127101,137.502801
5288,2015,8,9,8,0.000000,0.000000,0.000000,103.749276,103.749276,138.332367
5289,2015,8,9,9,0.000000,0.000000,0.000000,107.708160,107.708160,143.610881
5290,2015,8,9,10,0.000000,0.000000,0.000000,108.638733,108.638733,144.851645
5291,2015,8,9,11,0.000000,0.000000,0.000000,107.406993,107.406993,143.209324
5292,2015,8,9,12,0.000000,0.000000,0.000000,104.664152,104.664152,139.552202
5293,2015,8,9,13,0.000000,0.000000,0.000000,102.378393,102.378393,136.504524
5294,2015,8,9,14,0.000000,0.000000,0.000000,101.495077,101.495077,135.326769
5295,2015,8,9,15,0.000000,0.000000,0.000000,101.238756,101.238756,134.985008
5296,2015,8,9,16,0.000000,0.000000,0.000000,102.764138,102.764138,137.018850
5297,2015,8,9,17,0.000000,0.000000,0.000000,107.063269,107.063269,142.751026
5298,2015,8,9,18,0.000000,0.000000,0.000000,123.204847,123.204847,164.273129
5299,2015,8,9,19,0.000000,0.000000,0.000000,132.458989,132.458989,176.611985
5300,2015,8,9,20,0.000000,0.000000,0.000000,132.340561,132.340561,176.454081
5301,2015,8,9,21,0.000000,0.000000,0.000000,129.008071,129.008071,172.010762
5302,2015,8,9,22,0.000000,0.000000,0.000000,120.896935,120.896935,161.195914
5303,2015,8,9,23,0.000000,0.000000,0.000000,111.710947,111.710947,148.947929
5304,2015,8,9,24,0.000000,0.000000,0.000000,110.709525,110.709525,147.612700
5305,2015,8,10,1,0.000000,0.000000,0.000000,108.509521,108.509521,144.679361
5306,2015,8,10,2,0.000000,0.000000,0.000000,111.472723,111.472723,148.630298
5307,2015,8,10,3,0.000000,0.000000,0.000000,107.292732,107.292732,143.056976
5308,2015,8,10,4,0.000000,0.000000,0.000000,104.225745,104.225745,138.967660
5309,2015,8,10,5,0.000000,0.000000,0.000000,102.703243,102.703243,136.937657
5310,2015,8,10,6,0.000000,0.000000,0.000000,105.057040,105.057040,140.076053
5311,2015,8,10,7,0.000000,0.000000,0.000000,115.246510,115.246510,153.662014
5312,2015,8,10,8,0.000000,0.000000,0.000000,132.036248,132.036248,176.048331
5313,2015,8,10,9,0.000000,0.000000,0.000000,139.063548,139.063548,185.418064
5314,2015,8,10,10,0.000000,0.000000,0.000000,141.916549,141.916549,189.222065
5315,2015,8,10,11,0.000000,0.000000,0.000000,135.913189,135.913189,181.217586
5316,2015,8,10,12,0.000000,0.000000,0.000000,132.484664,132.484664,176.646219
5317,2015,8,10,13,0.000000,0.000000,0.000000,130.039705,130.039705,173.386273
5318,2015,8,10,14,0.000000,0.000000,0.000000,132.862619,132.862619,177.150159
5319,2015,8,10,15,0.000000,0.000000,0.000000,126.444993,126.444993,168.593324
5320,2015,8,10,16,0.000000,0.000000,0.000000,127.905954,127.905954,170.541272
5321,2015,8,10,17,0.000000,0.000000,0.000000,132.662350,132.662350,176.883133
5322,2015,8,10,18,0.000000,0.000000,0.000000,149.392233,149.392233,199.189644
5323,2015,8,10,19,0.000000,0.000000,0.000000,157.607216,157.607216,210.142954
5324,2015,8,10,20,0.000000,0.000000,0.000000,146.396012,146.396012,195.194683
5325,2015,8,10,21,0.000000,0.000000,0.000000,137.716561,137.716561,183.622081
5326,2015,8,10,22,0.000000,0.000000,0.000000,130.021119,130.021119,173.361492
5327,2015,8,10,23,0.000000,0.000000,0.000000,113.977123,113.977123,151.969498
5328,2015,8,10,24,0.000000,0.000000,0.000000,112.987734,112.987734,150.650312
5329,2015,8,11,1,0.000000,0.000000,0.000000,108.057055,108.057055,144.076073
5330,2015,8,11,2,0.000000,0.000000,0.000000,110.326224,110.326224,147.101632
5331,2015,8,11,3,0.000000,0.000000,0.000000,106.287570,106.287570,141.716760
5332,2015,8,11,4,0.000000,0.000000,0.000000,102.676489,102.676489,136.901985
5333,2015,8,11,5,0.000000,0.000000,0.000000,102.050833,102.050833,136.067777
5334,2015,8,11,6,0.000000,0.000000,0.000000,104.589547,104.589547,139.452729
5335,2015,8,11,7,0.000000,0.000000,0.000000,115.909249,115.909249,154.545665
5336,2015,8,11,8,0.000000,0.000000,0.000000,135.206888,135.206888,180.275851
5337,2015,8,11,9,0.000000,0.000000,0.000000,145.840486,145.840486,194.453981
5338,2015,8,11,10,0.000000,0.000000,0.000000,147.737686,147.737686,196.983582
5339,2015,8,11,11,0.000000,0.000000,0.000000,142.199621,142.199621,189.599495
5340,2015,8,11,12,0.000000,0.000000,0.000000,136.598459,136.598459,182.131278
5341,2015,8,11,13,0.000000,0.000000,0.000000,133.459872,133.459872,177.946496
5342,2015,8,11,14,0.000000,0.000000,0.000000,133.193141,133.193141,177.590855
5343,2015,8,11,15,0.000000,0.000000,0.000000,129.608591,129.608591,172.811455
5344,2015,8,11,16,0.000000,0.000000,0.000000,129.547202,129.547202,172.729603
5345,2015,8,11,17,0.000000,0.000000,0.000000,134.368640,134.368640,179.158186
5346,2015,8,11,18,0.000000,0.000000,0.000000,144.255921,144.255921,192.341227
5347,2015,8,11,19,0.000000,0.000000,0.000000,155.491949,155.491949,207.322599
5348,2015,8,11,20,0.000000,0.000000,0.000000,147.457951,147.457951,196.610601
5349,2015,8,11,21,0.000000,0.000000,0.000000,139.015196,139.015196,185.353595
5350,2015,8,11,22,0.000000,0.000000,0.000000,131.776738,131.776738,175.702318
5351,2015,8,11,23,0.000000,0.000000,0.000000,121.202522,121.202522,161.603363
5352,2015,8,11,24,0.000000,0.000000,0.000000,120.505724,120.505724,160.674299
5353,2015,8,12,1,0.000000,0.000000,0.000000,114.215489,114.215489,152.287319
5354,2015,8,12,2,0.000000,0.000000,0.000000,116.237827,116.237827,154.983770
5355,2015,8,12,3,0.000000,0.000000,0.000000,111.429905,111.429905,148.573207
5356,2015,8,12,4,0.000000,0.000000,0.000000,109.150170,109.150170,145.533560
5357,2015,8,12,5,0.000000,0.000000,0.000000,107.613365,107.613365,143.484487
5358,2015,8,12,6,0.000000,0.000000,0.000000,110.016613,110.016613,146.688817
5359,2015,8,12,7,0.000000,0.000000,0.000000,125.729941,125.729941,167.639922
5360,2015,8,12,8,0.000000,0.000000,0.000000,141.736647,141.736647,188.982196
5361,2015,8,12,9,0.000000,0.000000,0.000000,154.127718,154.127718,205.503623
5362,2015,8,12,10,0.000000,0.000000,0.000000,152.968896,152.968896,203.958528
5363,2015,8,12,11,0.000000,0.000000,0.000000,146.647012,146.647012,195.529349
5364,2015,8,12,12,0.000000,0.000000,0.000000,141.789782,141.789782,189.053043
5365,2015,8,12,13,0.000000,0.000000,0.000000,136.728423,136.728423,182.304563
5366,2015,8,12,14,0.000000,0.000000,0.000000,136.679106,136.679106,182.238808
5367,2015,8,12,15,0.000000,0.000000,0.000000,133.741657,133.741657,178.322210
5368,2015,8,12,16,0.000000,0.000000,0.000000,131.557038,131.557038,175.409384
5369,2015,8,12,17,0.000000,0.000000,0.000000,135.995524,135.995524,181.327365
5370,2015,8,12,18,0.000000,0.000000,0.000000,148.000012,148.000012,197.333349
5371,2015,8,12,19,0.000000,0.000000,0.000000,157.587798,157.587798,210.117064
5372,2015,8,12,20,0.000000,0.000000,0.000000,148.678140,148.678140,198.237520
5373,2015,8,12,21,0.000000,0.000000,0.000000,137.940554,137.940554,183.920738
5374,2015,8,12,22,0.000000,0.000000,0.000000,130.170696,130.170696,173.560929
5375,2015,8,12,23,0.000000,0.000000,0.000000,116.380582,116.380582,155.174109
5376,2015,8,12,24,0.000000,0.000000,0.000000,115.012523,115.012523,153.350031
5377,2015,8,13,1,0.000000,0.000000,0.000000,109.822253,109.822253,146.429671
5378,2015,8,13,2,0.000000,0.000000,0.000000,111.122768,111.122768,148.163690
5379,2015,8,13,3,0.000000,0.000000,0.000000,107.052717,107.052717,142.736956
5380,2015,8,13,4,0.000000,0.000000,0.000000,104.252893,104.252893,139.003857
5381,2015,8,13,5,0.000000,0.000000,0.000000,103.072462,103.072462,137.429949
5382,2015,8,13,6,0.000000,0.000000,0.000000,105.892368,105.892368,141.189824
5383,2015,8,13,7,0.000000,0.000000,0.000000,119.218634,119.218634,158.958178
5384,2015,8,13,8,0.000000,0.000000,0.000000,133.162252,133.162252,177.549670
5385,2015,8,13,9,0.000000,0.000000,0.000000,139.986088,139.986088,186.648117
5386,2015,8,13,10,0.000000,0.000000,0.000000,134.835556,134.835556,179.780742
5387,2015,8,13,11,0.000000,0.000000,0.000000,127.435579,127.435579,169.914106
5388,2015,8,13,12,0.000000,0.000000,0.000000,123.501057,123.501057,164.668076
5389,2015,8,13,13,0.000000,0.000000,0.000000,119.830512,119.830512,159.774016
5390,2015,8,13,14,0.000000,0.000000,0.000000,118.387960,118.387960,157.850614
5391,2015,8,13,15,0.000000,0.000000,0.000000,116.273308,116.273308,155.031078
5392,2015,8,13,16,0.000000,0.000000,0.000000,116.790159,116.790159,155.720212
5393,2015,8,13,17,0.000000,0.000000,0.000000,119.832884,119.832884,159.777178
5394,2015,8,13,18,0.000000,0.000000,0.000000,127.985543,127.985543,170.647390
5395,2015,8,13,19,0.000000,0.000000,0.000000,142.850558,142.850558,190.467410
5396,2015,8,13,20,0.000000,0.000000,0.000000,137.972445,137.972445,183.963260
5397,2015,8,13,21,0.000000,0.000000,0.000000,131.885738,131.885738,175.847650
5398,2015,8,13,22,0.000000,0.000000,0.000000,124.440991,124.440991,165.921322
5399,2015,8,13,23,0.000000,0.000000,0.000000,113.137013,113.137013,150.849351
5400,2015,8,13,24,0.000000,0.000000,0.000000,112.825105,112.825105,150.433474
5401,2015,8,14,1,0.000000,0.000000,0.000000,107.869135,107.869135,143.825514
5402,2015,8,14,2,0.000000,0.000000,0.000000,109.627193,109.627193,146.169591
5403,2015,8,14,3,0.000000,0.000000,0.000000,106.258621,106.258621,141.678162
5404,2015,8,14,4,0.000000,0.000000,0.000000,103.665719,103.665719,138.220959
5405,2015,8,14,5,0.000000,0.000000,0.000000,103.048809,103.048809,137.398412
5406,2015,8,14,6,0.000000,0.000000,0.000000,106.062112,106.062112,141.416150
5407,2015,8,14,7,0.000000,0.000000,0.000000,116.908663,116.908663,155.878218
5408,2015,8,14,8,0.000000,0.000000,0.000000,131.969760,131.969760,175.959680
5409,2015,8,14,9,0.000000,0.000000,0.000000,136.796740,136.796740,182.395653
5410,2015,8,14,10,0.000000,0.000000,0.000000,134.465855,134.465855,179.287807
5411,2015,8,14,11,0.000000,0.000000,0.000000,128.126461,128.126461,170.835282
5412,2015,8,14,12,0.000000,0.000000,0.000000,123.503694,123.503694,164.671592
5413,2015,8,14,13,0.000000,0.000000,0.000000,120.775546,120.775546,161.034061
5414,2015,8,14,14,0.000000,0.000000,0.000000,118.698014,118.698014,158.264018
5415,2015,8,14,15,0.000000,0.000000,0.000000,116.205876,116.205876,154.941168
5416,2015,8,14,16,0.000000,0.000000,0.000000,113.336933,113.336933,151.115911
5417,2015,8,14,17,0.000000,0.000000,0.000000,114.372000,114.372000,152.496000
5418,2015,8,14,18,0.000000,0.000000,0.000000,122.936872,122.936872,163.915829
5419,2015,8,14,19,0.000000,0.000000,0.000000,130.740211,130.740211,174.320281
5420,2015,8,14,20,0.000000,0.000000,0.000000,130.270405,130.270405,173.693873
5421,2015,8,14,21,0.000000,0.000000,0.000000,126.184217,126.184217,168.245623
5422,2015,8,14,22,0.000000,0.000000,0.000000,116.794955,116.794955,155.726606
5423,2015,8,14,23,0.000000,0.000000,0.000000,110.311977,110.311977,147.082636
5424,2015,8,14,24,0.000000,0.000000,0.000000,110.990511,110.990511,147.987348
5425,2015,8,15,1,0.000000,0.000000,0.000000,106.416271,106.416271,141.888362
5426,2015,8,15,2,0.000000,0.000000,0.000000,107.458522,107.458522,143.278029
5427,2015,8,15,3,0.000000,0.000000,0.000000,103.379251,103.379251,137.839001
5428,2015,8,15,4,0.000000,0.000000,0.000000,99.641127,99.641127,132.854836
5429,2015,8,15,5,0.000000,0.000000,0.000000,97.074906,97.074906,129.433208
5430,2015,8,15,6,0.000000,0.000000,0.000000,97.162162,97.162162,129.549549
5431,2015,8,15,7,0.000000,0.000000,0.000000,101.676822,101.676822,135.569096
5432,2015,8,15,8,0.000000,0.000000,0.000000,104.284368,104.284368,139.045824
5433,2015,8,15,9,0.000000,0.000000,0.000000,108.538424,108.538424,144.717899
5434,2015,8,15,10,0.000000,0.000000,0.000000,107.978685,107.978685,143.971580
5435,2015,8,15,11,0.000000,0.000000,0.000000,104.959583,104.959583,139.946110
5436,2015,8,15,12,0.000000,0.000000,0.000000,101.921656,101.921656,135.895541
5437,2015,8,15,13,0.000000,0.000000,0.000000,98.581389,98.581389,131.441853
5438,2015,8,15,14,0.000000,0.000000,0.000000,96.666520,96.666520,128.888693
5439,2015,8,15,15,0.000000,0.000000,0.000000,94.893017,94.893017,126.524022
5440,2015,8,15,16,0.000000,0.000000,0.000000,95.549377,95.549377,127.399170
5441,2015,8,15,17,0.000000,0.000000,0.000000,97.729738,97.729738,130.306317
5442,2015,8,15,18,0.000000,0.000000,0.000000,103.354150,103.354150,137.805534
5443,2015,8,15,19,0.000000,0.000000,0.000000,114.433323,114.433323,152.577764
5444,2015,8,15,20,0.000000,0.000000,0.000000,112.872762,112.872762,150.497016
5445,2015,8,15,21,0.000000,0.000000,0.000000,109.788136,109.788136,146.384181
5446,2015,8,15,22,0.000000,0.000000,0.000000,107.506323,107.506323,143.341763
5447,2015,8,15,23,0.000000,0.000000,0.000000,104.041276,104.041276,138.721701
5448,2015,8,15,24,0.000000,0.000000,0.000000,105.628823,105.628823,140.838430
5449,2015,8,16,1,0.000000,0.000000,0.000000,102.067011,102.067011,136.089348
5450,2015,8,16,2,0.000000,0.000000,0.000000,103.679564,103.679564,138.239419
5451,2015,8,16,3,0.000000,0.000000,0.000000,98.439240,98.439240,131.252321
5452,2015,8,16,4,0.000000,0.000000,0.000000,93.469297,93.469297,124.625730
5453,2015,8,16,5,0.000000,0.000000,0.000000,89.585620,89.585620,119.447493
5454,2015,8,16,6,0.000000,0.000000,0.000000,89.590131,89.590131,119.453508
5455,2015,8,16,7,0.000000,0.000000,0.000000,91.253532,91.253532,121.671376
5456,2015,8,16,8,0.000000,0.000000,0.000000,94.071555,94.071555,125.428740
5457,2015,8,16,9,0.000000,0.000000,0.000000,101.734648,101.734648,135.646198
5458,2015,8,16,10,0.000000,0.000000,0.000000,104.370238,104.370238,139.160318
5459,2015,8,16,11,0.000000,0.000000,0.000000,105.182683,105.182683,140.243578
5460,2015,8,16,12,0.000000,0.000000,0.000000,104.166239,104.166239,138.888319
5461,2015,8,16,13,0.000000,0.000000,0.000000,103.894005,103.894005,138.525340
5462,2015,8,16,14,0.000000,0.000000,0.000000,103.267726,103.267726,137.690301
5463,2015,8,16,15,0.000000,0.000000,0.000000,103.023597,103.023597,137.364796
5464,2015,8,16,16,0.000000,0.000000,0.000000,103.528230,103.528230,138.037639
5465,2015,8,16,17,0.000000,0.000000,0.000000,106.618354,106.618354,142.157805
5466,2015,8,16,18,0.000000,0.000000,0.000000,113.291820,113.291820,151.055760
5467,2015,8,16,19,0.000000,0.000000,0.000000,129.903122,129.903122,173.204162
5468,2015,8,16,20,0.000000,0.000000,0.000000,129.729861,129.729861,172.973148
5469,2015,8,16,21,0.000000,0.000000,0.000000,123.593003,123.593003,164.790671
5470,2015,8,16,22,0.000000,0.000000,0.000000,118.440402,118.440402,157.920536
5471,2015,8,16,23,0.000000,0.000000,0.000000,113.998725,113.998725,151.998300
5472,2015,8,16,24,0.000000,0.000000,0.000000,112.880467,112.880467,150.507290
5473,2015,8,17,1,0.000000,0.000000,0.000000,110.257910,110.257910,147.010546
5474,2015,8,17,2,0.000000,0.000000,0.000000,113.032452,113.032452,150.709937
5475,2015,8,17,3,0.000000,0.000000,0.000000,109.912199,109.912199,146.549599
5476,2015,8,17,4,0.000000,0.000000,0.000000,106.843597,106.843597,142.458130
5477,2015,8,17,5,0.000000,0.000000,0.000000,105.912753,105.912753,141.217004
5478,2015,8,17,6,0.000000,0.000000,0.000000,109.812264,109.812264,146.416353
5479,2015,8,17,7,0.000000,0.000000,0.000000,118.728229,118.728229,158.304305
5480,2015,8,17,8,0.000000,0.000000,0.000000,136.029772,136.029772,181.373030
5481,2015,8,17,9,0.000000,0.000000,0.000000,141.492619,141.492619,188.656825
5482,2015,8,17,10,0.000000,0.000000,0.000000,139.758295,139.758295,186.344394
5483,2015,8,17,11,0.000000,0.000000,0.000000,134.121698,134.121698,178.828931
5484,2015,8,17,12,0.000000,0.000000,0.000000,130.360283,130.360283,173.813711
5485,2015,8,17,13,0.000000,0.000000,0.000000,127.487714,127.487714,169.983619
5486,2015,8,17,14,0.000000,0.000000,0.000000,127.739310,127.739310,170.319080
5487,2015,8,17,15,0.000000,0.000000,0.000000,125.598494,125.598494,167.464658
5488,2015,8,17,16,0.000000,0.000000,0.000000,125.521421,125.521421,167.361895
5489,2015,8,17,17,0.000000,0.000000,0.000000,128.310864,128.310864,171.081152
5490,2015,8,17,18,0.000000,0.000000,0.000000,136.081260,136.081260,181.441680
5491,2015,8,17,19,0.000000,0.000000,0.000000,150.103969,150.103969,200.138625
5492,2015,8,17,20,0.000000,0.000000,0.000000,143.788335,143.788335,191.717779
5493,2015,8,17,21,0.000000,0.000000,0.000000,139.194440,139.194440,185.592586
5494,2015,8,17,22,0.000000,0.000000,0.000000,132.328733,132.328733,176.438311
5495,2015,8,17,23,0.000000,0.000000,0.000000,120.024331,120.024331,160.032442
5496,2015,8,17,24,0.000000,0.000000,0.000000,119.111044,119.111044,158.814725
5497,2015,8,18,1,0.000000,0.000000,0.000000,114.479262,114.479262,152.639016
5498,2015,8,18,2,0.000000,0.000000,0.000000,116.210369,116.210369,154.947159
5499,2015,8,18,3,0.000000,0.000000,0.000000,113.584115,113.584115,151.445487
5500,2015,8,18,4,0.000000,0.000000,0.000000,111.365879,111.365879,148.487839
5501,2015,8,18,5,0.000000,0.000000,0.000000,110.969102,110.969102,147.958802
5502,2015,8,18,6,0.000000,0.000000,0.000000,114.196324,114.196324,152.261766
5503,2015,8,18,7,0.000000,0.000000,0.000000,128.524981,128.524981,171.366641
5504,2015,8,18,8,0.000000,0.000000,0.000000,141.858329,141.858329,189.144439
5505,2015,8,18,9,0.000000,0.000000,0.000000,148.609499,148.609499,198.145999
5506,2015,8,18,10,0.000000,0.000000,0.000000,145.497091,145.497091,193.996122
5507,2015,8,18,11,0.000000,0.000000,0.000000,137.393690,137.393690,183.191586
5508,2015,8,18,12,0.000000,0.000000,0.000000,133.435697,133.435697,177.914263
5509,2015,8,18,13,0.000000,0.000000,0.000000,130.089739,130.089739,173.452986
5510,2015,8,18,14,0.000000,0.000000,0.000000,129.141778,129.141778,172.189038
5511,2015,8,18,15,0.000000,0.000000,0.000000,126.943684,126.943684,169.258245
5512,2015,8,18,16,0.000000,0.000000,0.000000,125.490750,125.490750,167.321000
5513,2015,8,18,17,0.000000,0.000000,0.000000,127.537710,127.537710,170.050280
5514,2015,8,18,18,0.000000,0.000000,0.000000,133.499282,133.499282,177.999043
5515,2015,8,18,19,0.000000,0.000000,0.000000,146.692577,146.692577,195.590103
5516,2015,8,18,20,0.000000,0.000000,0.000000,143.287362,143.287362,191.049817
5517,2015,8,18,21,0.000000,0.000000,0.000000,137.646953,137.646953,183.529271
5518,2015,8,18,22,0.000000,0.000000,0.000000,129.392692,129.392692,172.523590
5519,2015,8,18,23,0.000000,0.000000,0.000000,117.544297,117.544297,156.725729
5520,2015,8,18,24,0.000000,0.000000,0.000000,117.107716,117.107716,156.143621
5521,2015,8,19,1,0.000000,0.000000,0.000000,113.272369,113.272369,151.029825
5522,2015,8,19,2,0.000000,0.000000,0.000000,114.575643,114.575643,152.767524
5523,2015,8,19,3,0.000000,0.000000,0.000000,110.285540,110.285540,147.047386
5524,2015,8,19,4,0.000000,0.000000,0.000000,106.528723,106.528723,142.038298
5525,2015,8,19,5,0.000000,0.000000,0.000000,104.429108,104.429108,139.238811
5526,2015,8,19,6,0.000000,0.000000,0.000000,107.137155,107.137155,142.849540
5527,2015,8,19,7,0.000000,0.000000,0.000000,114.133833,114.133833,152.178444
5528,2015,8,19,8,0.000000,0.000000,0.000000,129.923083,129.923083,173.230778
5529,2015,8,19,9,0.000000,0.000000,0.000000,133.578972,133.578972,178.105296
5530,2015,8,19,10,0.000000,0.000000,0.000000,130.643008,130.643008,174.190678
5531,2015,8,19,11,0.000000,0.000000,0.000000,125.593353,125.593353,167.457804
5532,2015,8,19,12,0.000000,0.000000,0.000000,121.297097,121.297097,161.729463
5533,2015,8,19,13,0.000000,0.000000,0.000000,116.882234,116.882234,155.842979
5534,2015,8,19,14,0.000000,0.000000,0.000000,113.925599,113.925599,151.900798
5535,2015,8,19,15,0.000000,0.000000,0.000000,112.036338,112.036338,149.381784
5536,2015,8,19,16,0.000000,0.000000,0.000000,111.154609,111.154609,148.206146
5537,2015,8,19,17,0.000000,0.000000,0.000000,112.850499,112.850499,150.467332
5538,2015,8,19,18,0.000000,0.000000,0.000000,121.765202,121.765202,162.353603
5539,2015,8,19,19,0.000000,0.000000,0.000000,131.774826,131.774826,175.699767
5540,2015,8,19,20,0.000000,0.000000,0.000000,132.558985,132.558985,176.745314
5541,2015,8,19,21,0.000000,0.000000,0.000000,127.793267,127.793267,170.391023
5542,2015,8,19,22,0.000000,0.000000,0.000000,117.194219,117.194219,156.258959
5543,2015,8,19,23,0.000000,0.000000,0.000000,110.440162,110.440162,147.253549
5544,2015,8,19,24,0.000000,0.000000,0.000000,110.434628,110.434628,147.246171
5545,2015,8,20,1,0.000000,0.000000,0.000000,107.476575,107.476575,143.302100
5546,2015,8,20,2,0.000000,0.000000,0.000000,109.290762,109.290762,145.721016
5547,2015,8,20,3,0.000000,0.000000,0.000000,105.631944,105.631944,140.842592
5548,2015,8,20,4,0.000000,0.000000,0.000000,102.732889,102.732889,136.977186
5549,2015,8,20,5,0.000000,0.000000,0.000000,102.953806,102.953806,137.271741
5550,2015,8,20,6,0.000000,0.000000,0.000000,105.604015,105.604015,140.805354
5551,2015,8,20,7,0.000000,0.000000,0.000000,113.851796,113.851796,151.802395
5552,2015,8,20,8,0.000000,0.000000,0.000000,131.569659,131.569659,175.426212
5553,2015,8,20,9,0.000000,0.000000,0.000000,137.233143,137.233143,182.977524
5554,2015,8,20,10,0.000000,0.000000,0.000000,136.564491,136.564491,182.085988
5555,2015,8,20,11,0.000000,0.000000,0.000000,131.826820,131.826820,175.769093
5556,2015,8,20,12,0.000000,0.000000,0.000000,129.114846,129.114846,172.153127
5557,2015,8,20,13,0.000000,0.000000,0.000000,125.971768,125.971768,167.962358
5558,2015,8,20,14,0.000000,0.000000,0.000000,125.533754,125.533754,167.378338
5559,2015,8,20,15,0.000000,0.000000,0.000000,124.586132,124.586132,166.114842
5560,2015,8,20,16,0.000000,0.000000,0.000000,123.442426,123.442426,164.589902
5561,2015,8,20,17,0.000000,0.000000,0.000000,124.916231,124.916231,166.554975
5562,2015,8,20,18,0.000000,0.000000,0.000000,131.439722,131.439722,175.252962
5563,2015,8,20,19,0.000000,0.000000,0.000000,142.203417,142.203417,189.604555
5564,2015,8,20,20,0.000000,0.000000,0.000000,140.309729,140.309729,187.079638
5565,2015,8,20,21,0.000000,0.000000,0.000000,136.150626,136.150626,181.534168
5566,2015,8,20,22,0.000000,0.000000,0.000000,125.375780,125.375780,167.167706
5567,2015,8,20,23,0.000000,0.000000,0.000000,117.077644,117.077644,156.103526
5568,2015,8,20,24,0.000000,0.000000,0.000000,115.971250,115.971250,154.628334
5569,2015,8,21,1,0.000000,0.000000,0.000000,111.970735,111.970735,149.294314
5570,2015,8,21,2,0.000000,0.000000,0.000000,113.564988,113.564988,151.419984
5571,2015,8,21,3,0.000000,0.000000,0.000000,108.736478,108.736478,144.981971
5572,2015,8,21,4,0.000000,0.000000,0.000000,103.093139,103.093139,137.457518
5573,2015,8,21,5,0.000000,0.000000,0.000000,100.422266,100.422266,133.896355
5574,2015,8,21,6,0.000000,0.000000,0.000000,104.032821,104.032821,138.710428
5575,2015,8,21,7,0.000000,0.000000,0.000000,113.344077,113.344077,151.125436
5576,2015,8,21,8,0.000000,0.000000,0.000000,126.117344,126.117344,168.156459
5577,2015,8,21,9,0.000000,0.000000,0.000000,133.703988,133.703988,178.271984
5578,2015,8,21,10,0.000000,0.000000,0.000000,130.805274,130.805274,174.407032
5579,2015,8,21,11,0.000000,0.000000,0.000000,126.175069,126.175069,168.233425
5580,2015,8,21,12,0.000000,0.000000,0.000000,125.270569,125.270569,167.027425
5581,2015,8,21,13,0.000000,0.000000,0.000000,121.723019,121.723019,162.297359
5582,2015,8,21,14,0.000000,0.000000,0.000000,119.515917,119.515917,159.354555
5583,2015,8,21,15,0.000000,0.000000,0.000000,116.009971,116.009971,154.679962
5584,2015,8,21,16,0.000000,0.000000,0.000000,115.711353,115.711353,154.281804
5585,2015,8,21,17,0.000000,0.000000,0.000000,116.601015,116.601015,155.468020
5586,2015,8,21,18,0.000000,0.000000,0.000000,124.858853,124.858853,166.478470
5587,2015,8,21,19,0.000000,0.000000,0.000000,133.462141,133.462141,177.949521
5588,2015,8,21,20,0.000000,0.000000,0.000000,132.495807,132.495807,176.661076
5589,2015,8,21,21,0.000000,0.000000,0.000000,128.806687,128.806687,171.742249
5590,2015,8,21,22,0.000000,0.000000,0.000000,122.038610,122.038610,162.718146
5591,2015,8,21,23,0.000000,0.000000,0.000000,113.435504,113.435504,151.247338
5592,2015,8,21,24,0.000000,0.000000,0.000000,115.278483,115.278483,153.704645
5593,2015,8,22,1,0.000000,0.000000,0.000000,109.430765,109.430765,145.907687
5594,2015,8,22,2,0.000000,0.000000,0.000000,110.529307,110.529307,147.372409
5595,2015,8,22,3,0.000000,0.000000,0.000000,106.688080,106.688080,142.250773
5596,2015,8,22,4,0.000000,0.000000,0.000000,103.882922,103.882922,138.510562
5597,2015,8,22,5,0.000000,0.000000,0.000000,101.656525,101.656525,135.542033
5598,2015,8,22,6,0.000000,0.000000,0.000000,102.452100,102.452100,136.602800
5599,2015,8,22,7,0.000000,0.000000,0.000000,105.682049,105.682049,140.909398
5600,2015,8,22,8,0.000000,0.000000,0.000000,108.765818,108.765818,145.021091
5601,2015,8,22,9,0.000000,0.000000,0.000000,113.190743,113.190743,150.920991
5602,2015,8,22,10,0.000000,0.000000,0.000000,113.724902,113.724902,151.633202
5603,2015,8,22,11,0.000000,0.000000,0.000000,110.241887,110.241887,146.989183
5604,2015,8,22,12,0.000000,0.000000,0.000000,106.946372,106.946372,142.595162
5605,2015,8,22,13,0.000000,0.000000,0.000000,104.192008,104.192008,138.922677
5606,2015,8,22,14,0.000000,0.000000,0.000000,103.577529,103.577529,138.103372
5607,2015,8,22,15,0.000000,0.000000,0.000000,102.925634,102.925634,137.234178
5608,2015,8,22,16,0.000000,0.000000,0.000000,104.771001,104.771001,139.694669
5609,2015,8,22,17,0.000000,0.000000,0.000000,106.800216,106.800216,142.400288
5610,2015,8,22,18,0.000000,0.000000,0.000000,113.131897,113.131897,150.842529
5611,2015,8,22,19,0.000000,0.000000,0.000000,125.913352,125.913352,167.884469
5612,2015,8,22,20,0.000000,0.000000,0.000000,122.590390,122.590390,163.453854
5613,2015,8,22,21,0.000000,0.000000,0.000000,119.008273,119.008273,158.677698
5614,2015,8,22,22,0.000000,0.000000,0.000000,116.802821,116.802821,155.737095
5615,2015,8,22,23,0.000000,0.000000,0.000000,114.332165,114.332165,152.442887
5616,2015,8,22,24,0.000000,0.000000,0.000000,114.898747,114.898747,153.198329
5617,2015,8,23,1,0.000000,0.000000,0.000000,111.224104,111.224104,148.298805
5618,2015,8,23,2,0.000000,0.000000,0.000000,112.697458,112.697458,150.263278
5619,2015,8,23,3,0.000000,0.000000,0.000000,108.191960,108.191960,144.255946
5620,2015,8,23,4,0.000000,0.000000,0.000000,103.492012,103.492012,137.989349
5621,2015,8,23,5,0.000000,0.000000,0.000000,101.528368,101.528368,135.371157
5622,2015,8,23,6,0.000000,0.000000,0.000000,101.246440,101.246440,134.995254
5623,2015,8,23,7,0.000000,0.000000,0.000000,103.157172,103.157172,137.542896
5624,2015,8,23,8,0.000000,0.000000,0.000000,103.507033,103.507033,138.009378
5625,2015,8,23,9,0.000000,0.000000,0.000000,107.682959,107.682959,143.577278
5626,2015,8,23,10,0.000000,0.000000,0.000000,106.737034,106.737034,142.316045
5627,2015,8,23,11,0.000000,0.000000,0.000000,103.564949,103.564949,138.086599
5628,2015,8,23,12,0.000000,0.000000,0.000000,99.547207,99.547207,132.729610
5629,2015,8,23,13,0.000000,0.000000,0.000000,96.240636,96.240636,128.320848
5630,2015,8,23,14,0.000000,0.000000,0.000000,94.677312,94.677312,126.236416
5631,2015,8,23,15,0.000000,0.000000,0.000000,94.041471,94.041471,125.388628
5632,2015,8,23,16,0.000000,0.000000,0.000000,95.121756,95.121756,126.829008
5633,2015,8,23,17,0.000000,0.000000,0.000000,98.239032,98.239032,130.985376
5634,2015,8,23,18,0.000000,0.000000,0.000000,104.135585,104.135585,138.847447
5635,2015,8,23,19,0.000000,0.000000,0.000000,113.147676,113.147676,150.863569
5636,2015,8,23,20,0.000000,0.000000,0.000000,114.578782,114.578782,152.771709
5637,2015,8,23,21,0.000000,0.000000,0.000000,112.918037,112.918037,150.557382
5638,2015,8,23,22,0.000000,0.000000,0.000000,110.659040,110.659040,147.545387
5639,2015,8,23,23,0.000000,0.000000,0.000000,107.483067,107.483067,143.310756
5640,2015,8,23,24,0.000000,0.000000,0.000000,108.067397,108.067397,144.089863
5641,2015,8,24,1,0.000000,0.000000,0.000000,105.790676,105.790676,141.054234
5642,2015,8,24,2,0.000000,0.000000,0.000000,109.448276,109.448276,145.931035
5643,2015,8,24,3,0.000000,0.000000,0.000000,103.720858,103.720858,138.294477
5644,2015,8,24,4,0.000000,0.000000,0.000000,99.404595,99.404595,132.539460
5645,2015,8,24,5,0.000000,0.000000,0.000000,97.890748,97.890748,130.520997
5646,2015,8,24,6,0.000000,0.000000,0.000000,103.236620,103.236620,137.648826
5647,2015,8,24,7,0.000000,0.000000,0.000000,113.655489,113.655489,151.540652
5648,2015,8,24,8,0.000000,0.000000,0.000000,124.502099,124.502099,166.002799
5649,2015,8,24,9,0.000000,0.000000,0.000000,133.117940,133.117940,177.490587
5650,2015,8,24,10,0.000000,0.000000,0.000000,131.363182,131.363182,175.150909
5651,2015,8,24,11,0.000000,0.000000,0.000000,126.098896,126.098896,168.131861
5652,2015,8,24,12,0.000000,0.000000,0.000000,121.544233,121.544233,162.058977
5653,2015,8,24,13,0.000000,0.000000,0.000000,117.608231,117.608231,156.810974
5654,2015,8,24,14,0.000000,0.000000,0.000000,115.886068,115.886068,154.514758
5655,2015,8,24,15,0.000000,0.000000,0.000000,115.574754,115.574754,154.099672
5656,2015,8,24,16,0.000000,0.000000,0.000000,114.650153,114.650153,152.866871
5657,2015,8,24,17,0.000000,0.000000,0.000000,123.663339,123.663339,164.884452
5658,2015,8,24,18,0.000000,0.000000,0.000000,133.821456,133.821456,178.428608
5659,2015,8,24,19,0.000000,0.000000,0.000000,140.050613,140.050613,186.734151
5660,2015,8,24,20,0.000000,0.000000,0.000000,136.691420,136.691420,182.255226
5661,2015,8,24,21,0.000000,0.000000,0.000000,133.165679,133.165679,177.554238
5662,2015,8,24,22,0.000000,0.000000,0.000000,123.178850,123.178850,164.238467
5663,2015,8,24,23,0.000000,0.000000,0.000000,115.385140,115.385140,153.846853
5664,2015,8,24,24,0.000000,0.000000,0.000000,116.645189,116.645189,155.526918
5665,2015,8,25,1,0.000000,0.000000,0.000000,113.720127,113.720127,151.626835
5666,2015,8,25,2,0.000000,0.000000,0.000000,115.399373,115.399373,153.865831
5667,2015,8,25,3,0.000000,0.000000,0.000000,111.681840,111.681840,148.909120
5668,2015,8,25,4,0.000000,0.000000,0.000000,108.737545,108.737545,144.983394
5669,2015,8,25,5,0.000000,0.000000,0.000000,107.929448,107.929448,143.905931
5670,2015,8,25,6,0.000000,0.000000,0.000000,111.971421,111.971421,149.295228
5671,2015,8,25,7,0.000000,0.000000,0.000000,122.273278,122.273278,163.031037
5672,2015,8,25,8,0.000000,0.000000,0.000000,137.407351,137.407351,183.209801
5673,2015,8,25,9,0.000000,0.000000,0.000000,141.069080,141.069080,188.092107
5674,2015,8,25,10,0.000000,0.000000,0.000000,138.314438,138.314438,184.419251
5675,2015,8,25,11,0.000000,0.000000,0.000000,132.859108,132.859108,177.145478
5676,2015,8,25,12,0.000000,0.000000,0.000000,128.971543,128.971543,171.962057
5677,2015,8,25,13,0.000000,0.000000,0.000000,126.855390,126.855390,169.140520
5678,2015,8,25,14,0.000000,0.000000,0.000000,128.473128,128.473128,171.297504
5679,2015,8,25,15,0.000000,0.000000,0.000000,128.205335,128.205335,170.940446
5680,2015,8,25,16,0.000000,0.000000,0.000000,127.569802,127.569802,170.093070
5681,2015,8,25,17,0.000000,0.000000,0.000000,132.863723,132.863723,177.151630
5682,2015,8,25,18,0.000000,0.000000,0.000000,151.700826,151.700826,202.267768
5683,2015,8,25,19,0.000000,0.000000,0.000000,155.198976,155.198976,206.931968
5684,2015,8,25,20,0.000000,0.000000,0.000000,147.993226,147.993226,197.324301
5685,2015,8,25,21,0.000000,0.000000,0.000000,140.654327,140.654327,187.539103
5686,2015,8,25,22,0.000000,0.000000,0.000000,133.952597,133.952597,178.603462
5687,2015,8,25,23,0.000000,0.000000,0.000000,120.426583,120.426583,160.568778
5688,2015,8,25,24,0.000000,0.000000,0.000000,120.013386,120.013386,160.017847
5689,2015,8,26,1,0.000000,0.000000,0.000000,116.457922,116.457922,155.277229
5690,2015,8,26,2,0.000000,0.000000,0.000000,118.469227,118.469227,157.958969
5691,2015,8,26,3,0.000000,0.000000,0.000000,114.853965,114.853965,153.138620
5692,2015,8,26,4,0.000000,0.000000,0.000000,112.261637,112.261637,149.682183
5693,2015,8,26,5,0.000000,0.000000,0.000000,111.936220,111.936220,149.248293
5694,2015,8,26,6,0.000000,0.000000,0.000000,113.983898,113.983898,151.978530
5695,2015,8,26,7,0.000000,0.000000,0.000000,124.656377,124.656377,166.208502
5696,2015,8,26,8,0.000000,0.000000,0.000000,139.216898,139.216898,185.622531
5697,2015,8,26,9,0.000000,0.000000,0.000000,147.206597,147.206597,196.275463
5698,2015,8,26,10,0.000000,0.000000,0.000000,143.681000,143.681000,191.574667
5699,2015,8,26,11,0.000000,0.000000,0.000000,136.033153,136.033153,181.377537
5700,2015,8,26,12,0.000000,0.000000,0.000000,131.771655,131.771655,175.695540
5701,2015,8,26,13,0.000000,0.000000,0.000000,127.995944,127.995944,170.661259
5702,2015,8,26,14,0.000000,0.000000,0.000000,129.042252,129.042252,172.056337
5703,2015,8,26,15,0.000000,0.000000,0.000000,129.212364,129.212364,172.283152
5704,2015,8,26,16,0.000000,0.000000,0.000000,127.794420,127.794420,170.392560
5705,2015,8,26,17,0.000000,0.000000,0.000000,129.715513,129.715513,172.954018
5706,2015,8,26,18,0.000000,0.000000,0.000000,136.250789,136.250789,181.667719
5707,2015,8,26,19,0.000000,0.000000,0.000000,145.652484,145.652484,194.203312
5708,2015,8,26,20,0.000000,0.000000,0.000000,139.818520,139.818520,186.424694
5709,2015,8,26,21,0.000000,0.000000,0.000000,135.314243,135.314243,180.418990
5710,2015,8,26,22,0.000000,0.000000,0.000000,126.078354,126.078354,168.104473
5711,2015,8,26,23,0.000000,0.000000,0.000000,117.478625,117.478625,156.638166
5712,2015,8,26,24,0.000000,0.000000,0.000000,117.288808,117.288808,156.385078
5713,2015,8,27,1,0.000000,0.000000,0.000000,113.949258,113.949258,151.932344
5714,2015,8,27,2,0.000000,0.000000,0.000000,115.417631,115.417631,153.890175
5715,2015,8,27,3,0.000000,0.000000,0.000000,111.781843,111.781843,149.042457
5716,2015,8,27,4,0.000000,0.000000,0.000000,109.250052,109.250052,145.666736
5717,2015,8,27,5,0.000000,0.000000,0.000000,108.182263,108.182263,144.243017
5718,2015,8,27,6,0.000000,0.000000,0.000000,111.604884,111.604884,148.806512
5719,2015,8,27,7,0.000000,0.000000,0.000000,120.448996,120.448996,160.598662
5720,2015,8,27,8,0.000000,0.000000,0.000000,135.919761,135.919761,181.226348
5721,2015,8,27,9,0.000000,0.000000,0.000000,138.698389,138.698389,184.931185
5722,2015,8,27,10,0.000000,0.000000,0.000000,135.186146,135.186146,180.248195
5723,2015,8,27,11,0.000000,0.000000,0.000000,130.442630,130.442630,173.923506
5724,2015,8,27,12,0.000000,0.000000,0.000000,126.361786,126.361786,168.482382
5725,2015,8,27,13,0.000000,0.000000,0.000000,122.484759,122.484759,163.313013
5726,2015,8,27,14,0.000000,0.000000,0.000000,118.904888,118.904888,158.539851
5727,2015,8,27,15,0.000000,0.000000,0.000000,118.452199,118.452199,157.936266
5728,2015,8,27,16,0.000000,0.000000,0.000000,117.060465,117.060465,156.080619
5729,2015,8,27,17,0.000000,0.000000,0.000000,120.498242,120.498242,160.664323
5730,2015,8,27,18,0.000000,0.000000,0.000000,128.716244,128.716244,171.621659
5731,2015,8,27,19,0.000000,0.000000,0.000000,137.434290,137.434290,183.245721
5732,2015,8,27,20,0.000000,0.000000,0.000000,137.527178,137.527178,183.369571
5733,2015,8,27,21,0.000000,0.000000,0.000000,134.659489,134.659489,179.545985
5734,2015,8,27,22,0.000000,0.000000,0.000000,124.844095,124.844095,166.458793
5735,2015,8,27,23,0.000000,0.000000,0.000000,117.306378,117.306378,156.408504
5736,2015,8,27,24,0.000000,0.000000,0.000000,117.131067,117.131067,156.174756
5737,2015,8,28,1,0.000000,0.000000,0.000000,113.199422,113.199422,150.932562
5738,2015,8,28,2,0.000000,0.000000,0.000000,115.485340,115.485340,153.980454
5739,2015,8,28,3,0.000000,0.000000,0.000000,111.845514,111.845514,149.127352
5740,2015,8,28,4,0.000000,0.000000,0.000000,109.766385,109.766385,146.355180
5741,2015,8,28,5,0.000000,0.000000,0.000000,109.057141,109.057141,145.409521
5742,2015,8,28,6,0.000000,0.000000,0.000000,112.038873,112.038873,149.385164
5743,2015,8,28,7,0.000000,0.000000,0.000000,120.489493,120.489493,160.652657
5744,2015,8,28,8,0.000000,0.000000,0.000000,135.731215,135.731215,180.974954
5745,2015,8,28,9,0.000000,0.000000,0.000000,137.790126,137.790126,183.720167
5746,2015,8,28,10,0.000000,0.000000,0.000000,135.336581,135.336581,180.448775
5747,2015,8,28,11,0.000000,0.000000,0.000000,131.580169,131.580169,175.440225
5748,2015,8,28,12,0.000000,0.000000,0.000000,124.609605,124.609605,166.146140
5749,2015,8,28,13,0.000000,0.000000,0.000000,124.667937,124.667937,166.223916
5750,2015,8,28,14,0.000000,0.000000,0.000000,121.442392,121.442392,161.923189
5751,2015,8,28,15,0.000000,0.000000,0.000000,120.434791,120.434791,160.579721
5752,2015,8,28,16,0.000000,0.000000,0.000000,116.917720,116.917720,155.890293
5753,2015,8,28,17,0.000000,0.000000,0.000000,117.786484,117.786484,157.048646
5754,2015,8,28,18,0.000000,0.000000,0.000000,125.970329,125.970329,167.960439
5755,2015,8,28,19,0.000000,0.000000,0.000000,134.558300,134.558300,179.411066
5756,2015,8,28,20,0.000000,0.000000,0.000000,133.047984,133.047984,177.397313
5757,2015,8,28,21,0.000000,0.000000,0.000000,126.177710,126.177710,168.236946
5758,2015,8,28,22,0.000000,0.000000,0.000000,119.060296,119.060296,158.747061
5759,2015,8,28,23,0.000000,0.000000,0.000000,115.341370,115.341370,153.788494
5760,2015,8,28,24,0.000000,0.000000,0.000000,116.042644,116.042644,154.723525
5761,2015,8,29,1,0.000000,0.000000,0.000000,111.760431,111.760431,149.013908
5762,2015,8,29,2,0.000000,0.000000,0.000000,112.910107,112.910107,150.546809
5763,2015,8,29,3,0.000000,0.000000,0.000000,108.725251,108.725251,144.967001
5764,2015,8,29,4,0.000000,0.000000,0.000000,103.908249,103.908249,138.544331
5765,2015,8,29,5,0.000000,0.000000,0.000000,102.278350,102.278350,136.371133
5766,2015,8,29,6,0.000000,0.000000,0.000000,103.721268,103.721268,138.295025
5767,2015,8,29,7,0.000000,0.000000,0.000000,107.631063,107.631063,143.508084
5768,2015,8,29,8,0.000000,0.000000,0.000000,110.649070,110.649070,147.532094
5769,2015,8,29,9,0.000000,0.000000,0.000000,115.191934,115.191934,153.589246
5770,2015,8,29,10,0.000000,0.000000,0.000000,115.923181,115.923181,154.564241
5771,2015,8,29,11,0.000000,0.000000,0.000000,114.887198,114.887198,153.182931
5772,2015,8,29,12,0.000000,0.000000,0.000000,112.357848,112.357848,149.810464
5773,2015,8,29,13,0.000000,0.000000,0.000000,108.902100,108.902100,145.202800
5774,2015,8,29,14,0.000000,0.000000,0.000000,106.033559,106.033559,141.378079
5775,2015,8,29,15,0.000000,0.000000,0.000000,103.903004,103.903004,138.537339
5776,2015,8,29,16,0.000000,0.000000,0.000000,103.674047,103.674047,138.232063
5777,2015,8,29,17,0.000000,0.000000,0.000000,104.247313,104.247313,138.996417
5778,2015,8,29,18,0.000000,0.000000,0.000000,110.977433,110.977433,147.969910
5779,2015,8,29,19,0.000000,0.000000,0.000000,120.042805,120.042805,160.057073
5780,2015,8,29,20,0.000000,0.000000,0.000000,116.423907,116.423907,155.231876
5781,2015,8,29,21,0.000000,0.000000,0.000000,113.283948,113.283948,151.045264
5782,2015,8,29,22,0.000000,0.000000,0.000000,111.373442,111.373442,148.497922
5783,2015,8,29,23,0.000000,0.000000,0.000000,109.355671,109.355671,145.807562
5784,2015,8,29,24,0.000000,0.000000,0.000000,110.619302,110.619302,147.492402
5785,2015,8,30,1,0.000000,0.000000,0.000000,108.973830,108.973830,145.298440
5786,2015,8,30,2,0.000000,0.000000,0.000000,110.660361,110.660361,147.547147
5787,2015,8,30,3,0.000000,0.000000,0.000000,106.315461,106.315461,141.753948
5788,2015,8,30,4,0.000000,0.000000,0.000000,101.665291,101.665291,135.553722
5789,2015,8,30,5,0.000000,0.000000,0.000000,97.980952,97.980952,130.641269
5790,2015,8,30,6,0.000000,0.000000,0.000000,96.872747,96.872747,129.163663
5791,2015,8,30,7,0.000000,0.000000,0.000000,99.005517,99.005517,132.007356
5792,2015,8,30,8,0.000000,0.000000,0.000000,100.777247,100.777247,134.369663
5793,2015,8,30,9,0.000000,0.000000,0.000000,105.462540,105.462540,140.616720
5794,2015,8,30,10,0.000000,0.000000,0.000000,106.090608,106.090608,141.454143
5795,2015,8,30,11,0.000000,0.000000,0.000000,104.997323,104.997323,139.996431
5796,2015,8,30,12,0.000000,0.000000,0.000000,103.176175,103.176175,137.568233
5797,2015,8,30,13,0.000000,0.000000,0.000000,102.185736,102.185736,136.247647
5798,2015,8,30,14,0.000000,0.000000,0.000000,100.636490,100.636490,134.181987
5799,2015,8,30,15,0.000000,0.000000,0.000000,98.670735,98.670735,131.560980
5800,2015,8,30,16,0.000000,0.000000,0.000000,99.007876,99.007876,132.010502
5801,2015,8,30,17,0.000000,0.000000,0.000000,102.208561,102.208561,136.278081
5802,2015,8,30,18,0.000000,0.000000,0.000000,111.457581,111.457581,148.610108
5803,2015,8,30,19,0.000000,0.000000,0.000000,128.301737,128.301737,171.068983
5804,2015,8,30,20,0.000000,0.000000,0.000000,128.497826,128.497826,171.330435
5805,2015,8,30,21,0.000000,0.000000,0.000000,124.759317,124.759317,166.345756
5806,2015,8,30,22,0.000000,0.000000,0.000000,117.237148,117.237148,156.316198
5807,2015,8,30,23,0.000000,0.000000,0.000000,112.050271,112.050271,149.400362
5808,2015,8,30,24,0.000000,0.000000,0.000000,112.508908,112.508908,150.011877
5809,2015,8,31,1,0.000000,0.000000,0.000000,110.358657,110.358657,147.144876
5810,2015,8,31,2,0.000000,0.000000,0.000000,113.092206,113.092206,150.789608
5811,2015,8,31,3,0.000000,0.000000,0.000000,109.776559,109.776559,146.368745
5812,2015,8,31,4,0.000000,0.000000,0.000000,106.132829,106.132829,141.510438
5813,2015,8,31,5,0.000000,0.000000,0.000000,104.887068,104.887068,139.849424
5814,2015,8,31,6,0.000000,0.000000,0.000000,109.516766,109.516766,146.022355
5815,2015,8,31,7,0.000000,0.000000,0.000000,117.928724,117.928724,157.238298
5816,2015,8,31,8,0.000000,0.000000,0.000000,134.750899,134.750899,179.667865
5817,2015,8,31,9,0.000000,0.000000,0.000000,139.770964,139.770964,186.361285
5818,2015,8,31,10,0.000000,0.000000,0.000000,137.672748,137.672748,183.563664
5819,2015,8,31,11,0.000000,0.000000,0.000000,132.123316,132.123316,176.164421
5820,2015,8,31,12,0.000000,0.000000,0.000000,128.570807,128.570807,171.427743
5821,2015,8,31,13,0.000000,0.000000,0.000000,126.826235,126.826235,169.101647
5822,2015,8,31,14,0.000000,0.000000,0.000000,126.887971,126.887971,169.183961
5823,2015,8,31,15,0.000000,0.000000,0.000000,125.807704,125.807704,167.743606
5824,2015,8,31,16,0.000000,0.000000,0.000000,124.500518,124.500518,166.000690
5825,2015,8,31,17,0.000000,0.000000,0.000000,125.220893,125.220893,166.961191
5826,2015,8,31,18,0.000000,0.000000,0.000000,131.682018,131.682018,175.576024
5827,2015,8,31,19,0.000000,0.000000,0.000000,144.822862,144.822862,193.097149
5828,2015,8,31,20,0.000000,0.000000,0.000000,142.286137,142.286137,189.714850
5829,2015,8,31,21,0.000000,0.000000,0.000000,136.970653,136.970653,182.627537
5830,2015,8,31,22,0.000000,0.000000,0.000000,129.119430,129.119430,172.159241
5831,2015,8,31,23,0.000000,0.000000,0.000000,118.447512,118.447512,157.930016
5832,2015,8,31,24,0.000000,0.000000,0.000000,118.458580,118.458580,157.944773
5833,2015,9,1,1,0.000000,0.000000,0.000000,114.400942,114.400942,152.534589
5834,2015,9,1,2,0.000000,0.000000,0.000000,116.599856,116.599856,155.466475
5835,2015,9,1,3,0.000000,0.000000,0.000000,113.124933,113.124933,150.833244
5836,2015,9,1,4,0.000000,0.000000,0.000000,110.390115,110.390115,147.186820
5837,2015,9,1,5,0.000000,0.000000,0.000000,110.279660,110.279660,147.039547
5838,2015,9,1,6,0.000000,0.000000,0.000000,113.123222,113.123222,150.830963
5839,2015,9,1,7,0.000000,0.000000,0.000000,125.855895,125.855895,167.807860
5840,2015,9,1,8,0.000000,0.000000,0.000000,138.906398,138.906398,185.208530
5841,2015,9,1,9,0.000000,0.000000,0.000000,143.325323,143.325323,191.100431
5842,2015,9,1,10,0.000000,0.000000,0.000000,137.065591,137.065591,182.754122
5843,2015,9,1,11,0.000000,0.000000,0.000000,132.984581,132.984581,177.312775
5844,2015,9,1,12,0.000000,0.000000,0.000000,129.001546,129.001546,172.002061
5845,2015,9,1,13,0.000000,0.000000,0.000000,126.225989,126.225989,168.301319
5846,2015,9,1,14,0.000000,0.000000,0.000000,124.380987,124.380987,165.841316
5847,2015,9,1,15,0.000000,0.000000,0.000000,123.994718,123.994718,165.326291
5848,2015,9,1,16,0.000000,0.000000,0.000000,124.986361,124.986361,166.648482
5849,2015,9,1,17,0.000000,0.000000,0.000000,128.737397,128.737397,171.649863
5850,2015,9,1,18,0.000000,0.000000,0.000000,136.031377,136.031377,181.375170
5851,2015,9,1,19,0.000000,0.000000,0.000000,150.446018,150.446018,200.594691
5852,2015,9,1,20,0.000000,0.000000,0.000000,147.442739,147.442739,196.590319
5853,2015,9,1,21,0.000000,0.000000,0.000000,140.499003,140.499003,187.332004
5854,2015,9,1,22,0.000000,0.000000,0.000000,134.528248,134.528248,179.370998
5855,2015,9,1,23,0.000000,0.000000,0.000000,121.479529,121.479529,161.972705
5856,2015,9,1,24,0.000000,0.000000,0.000000,120.406591,120.406591,160.542122
5857,2015,9,2,1,0.000000,0.000000,0.000000,115.598359,115.598359,154.131145
5858,2015,9,2,2,0.000000,0.000000,0.000000,117.361996,117.361996,156.482661
5859,2015,9,2,3,0.000000,0.000000,0.000000,113.002351,113.002351,150.669801
5860,2015,9,2,4,0.000000,0.000000,0.000000,109.929598,109.929598,146.572797
5861,2015,9,2,5,0.000000,0.000000,0.000000,107.839925,107.839925,143.786567
5862,2015,9,2,6,0.000000,0.000000,0.000000,109.589667,109.589667,146.119556
5863,2015,9,2,7,0.000000,0.000000,0.000000,117.191543,117.191543,156.255390
5864,2015,9,2,8,0.000000,0.000000,0.000000,130.319381,130.319381,173.759174
5865,2015,9,2,9,0.000000,0.000000,0.000000,132.887197,132.887197,177.182929
5866,2015,9,2,10,0.000000,0.000000,0.000000,127.669725,127.669725,170.226300
5867,2015,9,2,11,0.000000,0.000000,0.000000,123.927107,123.927107,165.236143
5868,2015,9,2,12,0.000000,0.000000,0.000000,116.916786,116.916786,155.889048
5869,2015,9,2,13,0.000000,0.000000,0.000000,113.435542,113.435542,151.247389
5870,2015,9,2,14,0.000000,0.000000,0.000000,111.176635,111.176635,148.235513
5871,2015,9,2,15,0.000000,0.000000,0.000000,108.744653,108.744653,144.992871
5872,2015,9,2,16,0.000000,0.000000,0.000000,106.053063,106.053063,141.404084
5873,2015,9,2,17,0.000000,0.000000,0.000000,109.404457,109.404457,145.872609
5874,2015,9,2,18,0.000000,0.000000,0.000000,116.104310,116.104310,154.805746
5875,2015,9,2,19,0.000000,0.000000,0.000000,127.904833,127.904833,170.539777
5876,2015,9,2,20,0.000000,0.000000,0.000000,128.153217,128.153217,170.870956
5877,2015,9,2,21,0.000000,0.000000,0.000000,121.799561,121.799561,162.399415
5878,2015,9,2,22,0.000000,0.000000,0.000000,113.222805,113.222805,150.963740
5879,2015,9,2,23,0.000000,0.000000,0.000000,107.679844,107.679844,143.573125
5880,2015,9,2,24,0.000000,0.000000,0.000000,107.920152,107.920152,143.893536
5881,2015,9,3,1,0.000000,0.000000,0.000000,104.925898,104.925898,139.901197
5882,2015,9,3,2,0.000000,0.000000,0.000000,107.094257,107.094257,142.792343
5883,2015,9,3,3,0.000000,0.000000,0.000000,102.278985,102.278985,136.371979
5884,2015,9,3,4,0.000000,0.000000,0.000000,97.582516,97.582516,130.110021
5885,2015,9,3,5,0.000000,0.000000,0.000000,95.832297,95.832297,127.776395
5886,2015,9,3,6,0.000000,0.000000,0.000000,99.810482,99.810482,133.080643
5887,2015,9,3,7,0.000000,0.000000,0.000000,108.531456,108.531456,144.708609
5888,2015,9,3,8,0.000000,0.000000,0.000000,119.757431,119.757431,159.676575
5889,2015,9,3,9,0.000000,0.000000,0.000000,124.236081,124.236081,165.648109
5890,2015,9,3,10,0.000000,0.000000,0.000000,119.746955,119.746955,159.662606
5891,2015,9,3,11,0.000000,0.000000,0.000000,116.917511,116.917511,155.890015
5892,2015,9,3,12,0.000000,0.000000,0.000000,114.386403,114.386403,152.515204
5893,2015,9,3,13,0.000000,0.000000,0.000000,112.166966,112.166966,149.555954
5894,2015,9,3,14,0.000000,0.000000,0.000000,112.059353,112.059353,149.412471
5895,2015,9,3,15,0.000000,0.000000,0.000000,111.093105,111.093105,148.124139
5896,2015,9,3,16,0.000000,0.000000,0.000000,110.368501,110.368501,147.158002
5897,2015,9,3,17,0.000000,0.000000,0.000000,114.073861,114.073861,152.098482
5898,2015,9,3,18,0.000000,0.000000,0.000000,120.027068,120.027068,160.036091
5899,2015,9,3,19,0.000000,0.000000,0.000000,129.292144,129.292144,172.389525
5900,2015,9,3,20,0.000000,0.000000,0.000000,130.549561,130.549561,174.066082
5901,2015,9,3,21,0.000000,0.000000,0.000000,127.522132,127.522132,170.029509
5902,2015,9,3,22,0.000000,0.000000,0.000000,119.211438,119.211438,158.948584
5903,2015,9,3,23,0.000000,0.000000,0.000000,113.692206,113.692206,151.589608
5904,2015,9,3,24,0.000000,0.000000,0.000000,115.101693,115.101693,153.468924
5905,2015,9,4,1,0.000000,0.000000,0.000000,111.729330,111.729330,148.972440
5906,2015,9,4,2,0.000000,0.000000,0.000000,113.467496,113.467496,151.289994
5907,2015,9,4,3,0.000000,0.000000,0.000000,109.496103,109.496103,145.994804
5908,2015,9,4,4,0.000000,0.000000,0.000000,106.324111,106.324111,141.765481
5909,2015,9,4,5,0.000000,0.000000,0.000000,105.430950,105.430950,140.574600
5910,2015,9,4,6,0.000000,0.000000,0.000000,109.837427,109.837427,146.449903
5911,2015,9,4,7,0.000000,0.000000,0.000000,118.136275,118.136275,157.515033
5912,2015,9,4,8,0.000000,0.000000,0.000000,132.282443,132.282443,176.376591
5913,2015,9,4,9,0.000000,0.000000,0.000000,136.586784,136.586784,182.115712
5914,2015,9,4,10,0.000000,0.000000,0.000000,131.603434,131.603434,175.471245
5915,2015,9,4,11,0.000000,0.000000,0.000000,129.063522,129.063522,172.084695
5916,2015,9,4,12,0.000000,0.000000,0.000000,125.501107,125.501107,167.334810
5917,2015,9,4,13,0.000000,0.000000,0.000000,121.195738,121.195738,161.594318
5918,2015,9,4,14,0.000000,0.000000,0.000000,121.445879,121.445879,161.927838
5919,2015,9,4,15,0.000000,0.000000,0.000000,121.712999,121.712999,162.283998
5920,2015,9,4,16,0.000000,0.000000,0.000000,123.536613,123.536613,164.715484
5921,2015,9,4,17,0.000000,0.000000,0.000000,129.871637,129.871637,173.162183
5922,2015,9,4,18,0.000000,0.000000,0.000000,133.360066,133.360066,177.813421
5923,2015,9,4,19,0.000000,0.000000,0.000000,140.663598,140.663598,187.551465
5924,2015,9,4,20,0.000000,0.000000,0.000000,139.168322,139.168322,185.557762
5925,2015,9,4,21,0.000000,0.000000,0.000000,136.247513,136.247513,181.663350
5926,2015,9,4,22,0.000000,0.000000,0.000000,130.220263,130.220263,173.627018
5927,2015,9,4,23,0.000000,0.000000,0.000000,122.088479,122.088479,162.784638
5928,2015,9,4,24,0.000000,0.000000,0.000000,122.394304,122.394304,163.192406
5929,2015,9,5,1,0.000000,0.000000,0.000000,115.288201,115.288201,153.717601
5930,2015,9,5,2,0.000000,0.000000,0.000000,116.340949,116.340949,155.121265
5931,2015,9,5,3,0.000000,0.000000,0.000000,110.583259,110.583259,147.444345
5932,2015,9,5,4,0.000000,0.000000,0.000000,106.824772,106.824772,142.433030
5933,2015,9,5,5,0.000000,0.000000,0.000000,104.269891,104.269891,139.026521
5934,2015,9,5,6,0.000000,0.000000,0.000000,104.808856,104.808856,139.745141
5935,2015,9,5,7,0.000000,0.000000,0.000000,107.276888,107.276888,143.035851
5936,2015,9,5,8,0.000000,0.000000,0.000000,110.420816,110.420816,147.227754
5937,2015,9,5,9,0.000000,0.000000,0.000000,115.418168,115.418168,153.890891
5938,2015,9,5,10,0.000000,0.000000,0.000000,113.320432,113.320432,151.093909
5939,2015,9,5,11,0.000000,0.000000,0.000000,109.924615,109.924615,146.566154
5940,2015,9,5,12,0.000000,0.000000,0.000000,105.375723,105.375723,140.500964
5941,2015,9,5,13,0.000000,0.000000,0.000000,102.245620,102.245620,136.327494
5942,2015,9,5,14,0.000000,0.000000,0.000000,101.485234,101.485234,135.313645
5943,2015,9,5,15,0.000000,0.000000,0.000000,101.261598,101.261598,135.015464
5944,2015,9,5,16,0.000000,0.000000,0.000000,103.482335,103.482335,137.976446
5945,2015,9,5,17,0.000000,0.000000,0.000000,107.174906,107.174906,142.899875
5946,2015,9,5,18,0.000000,0.000000,0.000000,114.320665,114.320665,152.427553
5947,2015,9,5,19,0.000000,0.000000,0.000000,126.989435,126.989435,169.319247
5948,2015,9,5,20,0.000000,0.000000,0.000000,127.557326,127.557326,170.076435
5949,2015,9,5,21,0.000000,0.000000,0.000000,120.889578,120.889578,161.186104
5950,2015,9,5,22,0.000000,0.000000,0.000000,116.442003,116.442003,155.256004
5951,2015,9,5,23,0.000000,0.000000,0.000000,112.067186,112.067186,149.422915
5952,2015,9,5,24,0.000000,0.000000,0.000000,113.603703,113.603703,151.471604
5953,2015,9,6,1,0.000000,0.000000,0.000000,110.969870,110.969870,147.959827
5954,2015,9,6,2,0.000000,0.000000,0.000000,112.976942,112.976942,150.635923
5955,2015,9,6,3,0.000000,0.000000,0.000000,109.094559,109.094559,145.459412
5956,2015,9,6,4,0.000000,0.000000,0.000000,105.209713,105.209713,140.279617
5957,2015,9,6,5,0.000000,0.000000,0.000000,101.819728,101.819728,135.759637
5958,2015,9,6,6,0.000000,0.000000,0.000000,99.805750,99.805750,133.074333
5959,2015,9,6,7,0.000000,0.000000,0.000000,101.219996,101.219996,134.959995
5960,2015,9,6,8,0.000000,0.000000,0.000000,103.794738,103.794738,138.392984
5961,2015,9,6,9,0.000000,0.000000,0.000000,109.362528,109.362528,145.816703
5962,2015,9,6,10,0.000000,0.000000,0.000000,107.255799,107.255799,143.007731
5963,2015,9,6,11,0.000000,0.000000,0.000000,107.317711,107.317711,143.090282
5964,2015,9,6,12,0.000000,0.000000,0.000000,104.409823,104.409823,139.213098
5965,2015,9,6,13,0.000000,0.000000,0.000000,102.146644,102.146644,136.195525
5966,2015,9,6,14,0.000000,0.000000,0.000000,100.984316,100.984316,134.645755
5967,2015,9,6,15,0.000000,0.000000,0.000000,100.302294,100.302294,133.736393
5968,2015,9,6,16,0.000000,0.000000,0.000000,102.186274,102.186274,136.248365
5969,2015,9,6,17,0.000000,0.000000,0.000000,105.318978,105.318978,140.425303
5970,2015,9,6,18,0.000000,0.000000,0.000000,110.672003,110.672003,147.562671
5971,2015,9,6,19,0.000000,0.000000,0.000000,120.696509,120.696509,160.928678
5972,2015,9,6,20,0.000000,0.000000,0.000000,121.116457,121.116457,161.488609
5973,2015,9,6,21,0.000000,0.000000,0.000000,118.108316,118.108316,157.477754
5974,2015,9,6,22,0.000000,0.000000,0.000000,114.036504,114.036504,152.048672
5975,2015,9,6,23,0.000000,0.000000,0.000000,110.850221,110.850221,147.800295
5976,2015,9,6,24,0.000000,0.000000,0.000000,111.285748,111.285748,148.380998
5977,2015,9,7,1,0.000000,0.000000,0.000000,108.948287,108.948287,145.264383
5978,2015,9,7,2,0.000000,0.000000,0.000000,110.734760,110.734760,147.646347
5979,2015,9,7,3,0.000000,0.000000,0.000000,106.058326,106.058326,141.411101
5980,2015,9,7,4,0.000000,0.000000,0.000000,102.657473,102.657473,136.876631
5981,2015,9,7,5,0.000000,0.000000,0.000000,101.215081,101.215081,134.953442
5982,2015,9,7,6,0.000000,0.000000,0.000000,104.747852,104.747852,139.663803
5983,2015,9,7,7,0.000000,0.000000,0.000000,112.361309,112.361309,149.815078
5984,2015,9,7,8,0.000000,0.000000,0.000000,126.830815,126.830815,169.107753
5985,2015,9,7,9,0.000000,0.000000,0.000000,130.468714,130.468714,173.958285
5986,2015,9,7,10,0.000000,0.000000,0.000000,127.537813,127.537813,170.050417
5987,2015,9,7,11,0.000000,0.000000,0.000000,125.201010,125.201010,166.934681
5988,2015,9,7,12,0.000000,0.000000,0.000000,121.441930,121.441930,161.922573
5989,2015,9,7,13,0.000000,0.000000,0.000000,119.779033,119.779033,159.705377
5990,2015,9,7,14,0.000000,0.000000,0.000000,118.627802,118.627802,158.170403
5991,2015,9,7,15,0.000000,0.000000,0.000000,117.557651,117.557651,156.743534
5992,2015,9,7,16,0.000000,0.000000,0.000000,117.552206,117.552206,156.736275
5993,2015,9,7,17,0.000000,0.000000,0.000000,121.040282,121.040282,161.387042
5994,2015,9,7,18,0.000000,0.000000,0.000000,128.353940,128.353940,171.138587
5995,2015,9,7,19,0.000000,0.000000,0.000000,136.952090,136.952090,182.602787
5996,2015,9,7,20,0.000000,0.000000,0.000000,136.649706,136.649706,182.199607
5997,2015,9,7,21,0.000000,0.000000,0.000000,134.211207,134.211207,178.948276
5998,2015,9,7,22,0.000000,0.000000,0.000000,123.444222,123.444222,164.592295
5999,2015,9,7,23,0.000000,0.000000,0.000000,116.048767,116.048767,154.731689
6000,2015,9,7,24,0.000000,0.000000,0.000000,116.305941,116.305941,155.074588
6001,2015,9,8,1,0.000000,0.000000,0.000000,112.922829,112.922829,150.563772
6002,2015,9,8,2,0.000000,0.000000,0.000000,114.692015,114.692015,152.922686
6003,2015,9,8,3,0.000000,0.000000,0.000000,110.946988,110.946988,147.929317
6004,2015,9,8,4,0.000000,0.000000,0.000000,107.209087,107.209087,142.945450
6005,2015,9,8,5,0.000000,0.000000,0.000000,106.972732,106.972732,142.630310
6006,2015,9,8,6,0.000000,0.000000,0.000000,110.650929,110.650929,147.534572
6007,2015,9,8,7,0.000000,0.000000,0.000000,119.192369,119.192369,158.923159
6008,2015,9,8,8,0.000000,0.000000,0.000000,134.069983,134.069983,178.759977
6009,2015,9,8,9,0.000000,0.000000,0.000000,137.563670,137.563670,183.418227
6010,2015,9,8,10,0.000000,0.000000,0.000000,133.518322,133.518322,178.024430
6011,2015,9,8,11,0.000000,0.000000,0.000000,129.317877,129.317877,172.423837
6012,2015,9,8,12,0.000000,0.000000,0.000000,122.918599,122.918599,163.891465
6013,2015,9,8,13,0.000000,0.000000,0.000000,121.496863,121.496863,161.995817
6014,2015,9,8,14,0.000000,0.000000,0.000000,120.360009,120.360009,160.480012
6015,2015,9,8,15,0.000000,0.000000,0.000000,119.293421,119.293421,159.057895
6016,2015,9,8,16,0.000000,0.000000,0.000000,120.387658,120.387658,160.516878
6017,2015,9,8,17,0.000000,0.000000,0.000000,125.076589,125.076589,166.768786
6018,2015,9,8,18,0.000000,0.000000,0.000000,134.783674,134.783674,179.711565
6019,2015,9,8,19,0.000000,0.000000,0.000000,145.376473,145.376473,193.835297
6020,2015,9,8,20,0.000000,0.000000,0.000000,139.890454,139.890454,186.520605
6021,2015,9,8,21,0.000000,0.000000,0.000000,133.214617,133.214617,177.619489
6022,2015,9,8,22,0.000000,0.000000,0.000000,123.741335,123.741335,164.988447
6023,2015,9,8,23,0.000000,0.000000,0.000000,112.354442,112.354442,149.805923
6024,2015,9,8,24,0.000000,0.000000,0.000000,112.199162,112.199162,149.598882
6025,2015,9,9,1,0.000000,0.000000,0.000000,109.367795,109.367795,145.823726
6026,2015,9,9,2,0.000000,0.000000,0.000000,111.228581,111.228581,148.304774
6027,2015,9,9,3,0.000000,0.000000,0.000000,107.313207,107.313207,143.084276
6028,2015,9,9,4,0.000000,0.000000,0.000000,104.347251,104.347251,139.129668
6029,2015,9,9,5,0.000000,0.000000,0.000000,103.653553,103.653553,138.204737
6030,2015,9,9,6,0.000000,0.000000,0.000000,105.653365,105.653365,140.871153
6031,2015,9,9,7,0.000000,0.000000,0.000000,114.742699,114.742699,152.990265
6032,2015,9,9,8,0.000000,0.000000,0.000000,131.728482,131.728482,175.637976
6033,2015,9,9,9,0.000000,0.000000,0.000000,138.661250,138.661250,184.881667
6034,2015,9,9,10,0.000000,0.000000,0.000000,134.840544,134.840544,179.787393
6035,2015,9,9,11,0.000000,0.000000,0.000000,132.584213,132.584213,176.778951
6036,2015,9,9,12,0.000000,0.000000,0.000000,129.368891,129.368891,172.491854
6037,2015,9,9,13,0.000000,0.000000,0.000000,127.897503,127.897503,170.530004
6038,2015,9,9,14,0.000000,0.000000,0.000000,127.094914,127.094914,169.459885
6039,2015,9,9,15,0.000000,0.000000,0.000000,126.918905,126.918905,169.225207
6040,2015,9,9,16,0.000000,0.000000,0.000000,127.538317,127.538317,170.051089
6041,2015,9,9,17,0.000000,0.000000,0.000000,131.820491,131.820491,175.760654
6042,2015,9,9,18,0.000000,0.000000,0.000000,139.375694,139.375694,185.834259
6043,2015,9,9,19,0.000000,0.000000,0.000000,152.576605,152.576605,203.435473
6044,2015,9,9,20,0.000000,0.000000,0.000000,145.684390,145.684390,194.245853
6045,2015,9,9,21,0.000000,0.000000,0.000000,137.967301,137.967301,183.956401
6046,2015,9,9,22,0.000000,0.000000,0.000000,131.622810,131.622810,175.497081
6047,2015,9,9,23,0.000000,0.000000,0.000000,118.611828,118.611828,158.149104
6048,2015,9,9,24,0.000000,0.000000,0.000000,118.922469,118.922469,158.563292
6049,2015,9,10,1,0.000000,0.000000,0.000000,114.498473,114.498473,152.664631
6050,2015,9,10,2,0.000000,0.000000,0.000000,116.128292,116.128292,154.837723
6051,2015,9,10,3,0.000000,0.000000,0.000000,111.740247,111.740247,148.986997
6052,2015,9,10,4,0.000000,0.000000,0.000000,108.887384,108.887384,145.183179
6053,2015,9,10,5,0.000000,0.000000,0.000000,108.124455,108.124455,144.165940
6054,2015,9,10,6,0.000000,0.000000,0.000000,111.056000,111.056000,148.074666
6055,2015,9,10,7,0.000000,0.000000,0.000000,121.581957,121.581957,162.109276
6056,2015,9,10,8,0.000000,0.000000,0.000000,135.003602,135.003602,180.004802
6057,2015,9,10,9,0.000000,0.000000,0.000000,140.410102,140.410102,187.213469
6058,2015,9,10,10,0.000000,0.000000,0.000000,136.880220,136.880220,182.506960
6059,2015,9,10,11,0.000000,0.000000,0.000000,132.621007,132.621007,176.828009
6060,2015,9,10,12,0.000000,0.000000,0.000000,129.236461,129.236461,172.315282
6061,2015,9,10,13,0.000000,0.000000,0.000000,125.211952,125.211952,166.949269
6062,2015,9,10,14,0.000000,0.000000,0.000000,123.442463,123.442463,164.589951
6063,2015,9,10,15,0.000000,0.000000,0.000000,120.682960,120.682960,160.910613
6064,2015,9,10,16,0.000000,0.000000,0.000000,120.883084,120.883084,161.177446
6065,2015,9,10,17,0.000000,0.000000,0.000000,124.753077,124.753077,166.337436
6066,2015,9,10,18,0.000000,0.000000,0.000000,129.906396,129.906396,173.208529
6067,2015,9,10,19,0.000000,0.000000,0.000000,142.485344,142.485344,189.980459
6068,2015,9,10,20,0.000000,0.000000,0.000000,142.756673,142.756673,190.342230
6069,2015,9,10,21,0.000000,0.000000,0.000000,136.496681,136.496681,181.995575
6070,2015,9,10,22,0.000000,0.000000,0.000000,129.479296,129.479296,172.639061
6071,2015,9,10,23,0.000000,0.000000,0.000000,117.268292,117.268292,156.357723
6072,2015,9,10,24,0.000000,0.000000,0.000000,115.352855,115.352855,153.803807
6073,2015,9,11,1,0.000000,0.000000,0.000000,106.366659,106.366659,141.822212
6074,2015,9,11,2,0.000000,0.000000,0.000000,108.717862,108.717862,144.957149
6075,2015,9,11,3,0.000000,0.000000,0.000000,105.162119,105.162119,140.216158
6076,2015,9,11,4,0.000000,0.000000,0.000000,101.496840,101.496840,135.329120
6077,2015,9,11,5,0.000000,0.000000,0.000000,100.562302,100.562302,134.083069
6078,2015,9,11,6,0.000000,0.000000,0.000000,104.086290,104.086290,138.781720
6079,2015,9,11,7,0.000000,0.000000,0.000000,111.756161,111.756161,149.008214
6080,2015,9,11,8,0.000000,0.000000,0.000000,126.173800,126.173800,168.231734
6081,2015,9,11,9,0.000000,0.000000,0.000000,128.456622,128.456622,171.275496
6082,2015,9,11,10,0.000000,0.000000,0.000000,124.172212,124.172212,165.562950
6083,2015,9,11,11,0.000000,0.000000,0.000000,119.871058,119.871058,159.828078
6084,2015,9,11,12,0.000000,0.000000,0.000000,114.169875,114.169875,152.226500
6085,2015,9,11,13,0.000000,0.000000,0.000000,109.598016,109.598016,146.130688
6086,2015,9,11,14,0.000000,0.000000,0.000000,107.395021,107.395021,143.193362
6087,2015,9,11,15,0.000000,0.000000,0.000000,105.435983,105.435983,140.581310
6088,2015,9,11,16,0.000000,0.000000,0.000000,104.272505,104.272505,139.030007
6089,2015,9,11,17,0.000000,0.000000,0.000000,107.549553,107.549553,143.399404
6090,2015,9,11,18,0.000000,0.000000,0.000000,111.314964,111.314964,148.419952
6091,2015,9,11,19,0.000000,0.000000,0.000000,121.749835,121.749835,162.333113
6092,2015,9,11,20,0.000000,0.000000,0.000000,119.379362,119.379362,159.172483
6093,2015,9,11,21,0.000000,0.000000,0.000000,115.104748,115.104748,153.472997
6094,2015,9,11,22,0.000000,0.000000,0.000000,110.148153,110.148153,146.864204
6095,2015,9,11,23,0.000000,0.000000,0.000000,107.729971,107.729971,143.639962
6096,2015,9,11,24,0.000000,0.000000,0.000000,108.580083,108.580083,144.773444
6097,2015,9,12,1,0.000000,0.000000,0.000000,104.336883,104.336883,139.115844
6098,2015,9,12,2,0.000000,0.000000,0.000000,104.859040,104.859040,139.812053
6099,2015,9,12,3,0.000000,0.000000,0.000000,99.133320,99.133320,132.177760
6100,2015,9,12,4,0.000000,0.000000,0.000000,95.229200,95.229200,126.972267
6101,2015,9,12,5,0.000000,0.000000,0.000000,92.572213,92.572213,123.429617
6102,2015,9,12,6,0.000000,0.000000,0.000000,94.159550,94.159550,125.546066
6103,2015,9,12,7,0.000000,0.000000,0.000000,96.812793,96.812793,129.083724
6104,2015,9,12,8,0.000000,0.000000,0.000000,100.157612,100.157612,133.543483
6105,2015,9,12,9,0.000000,0.000000,0.000000,103.829388,103.829388,138.439183
6106,2015,9,12,10,0.000000,0.000000,0.000000,102.627189,102.627189,136.836253
6107,2015,9,12,11,0.000000,0.000000,0.000000,101.468066,101.468066,135.290755
6108,2015,9,12,12,0.000000,0.000000,0.000000,99.377975,99.377975,132.503967
6109,2015,9,12,13,0.000000,0.000000,0.000000,97.707289,97.707289,130.276385
6110,2015,9,12,14,0.000000,0.000000,0.000000,97.091600,97.091600,129.455467
6111,2015,9,12,15,0.000000,0.000000,0.000000,97.444905,97.444905,129.926540
6112,2015,9,12,16,0.000000,0.000000,0.000000,99.175052,99.175052,132.233403
6113,2015,9,12,17,0.000000,0.000000,0.000000,103.302131,103.302131,137.736174
6114,2015,9,12,18,0.000000,0.000000,0.000000,108.529747,108.529747,144.706329
6115,2015,9,12,19,0.000000,0.000000,0.000000,114.633567,114.633567,152.844756
6116,2015,9,12,20,0.000000,0.000000,0.000000,115.949399,115.949399,154.599199
6117,2015,9,12,21,0.000000,0.000000,0.000000,113.989065,113.989065,151.985420
6118,2015,9,12,22,0.000000,0.000000,0.000000,111.725513,111.725513,148.967350
6119,2015,9,12,23,0.000000,0.000000,0.000000,111.140252,111.140252,148.187003
6120,2015,9,12,24,0.000000,0.000000,0.000000,113.301052,113.301052,151.068069
6121,2015,9,13,1,0.000000,0.000000,0.000000,109.512723,109.512723,146.016965
6122,2015,9,13,2,0.000000,0.000000,0.000000,110.494447,110.494447,147.325930
6123,2015,9,13,3,0.000000,0.000000,0.000000,104.519970,104.519970,139.359960
6124,2015,9,13,4,0.000000,0.000000,0.000000,99.910955,99.910955,133.214606
6125,2015,9,13,5,0.000000,0.000000,0.000000,96.406935,96.406935,128.542580
6126,2015,9,13,6,0.000000,0.000000,0.000000,96.439789,96.439789,128.586386
6127,2015,9,13,7,0.000000,0.000000,0.000000,99.188031,99.188031,132.250708
6128,2015,9,13,8,0.000000,0.000000,0.000000,101.435651,101.435651,135.247535
6129,2015,9,13,9,0.000000,0.000000,0.000000,106.900775,106.900775,142.534367
6130,2015,9,13,10,0.000000,0.000000,0.000000,106.684720,106.684720,142.246294
6131,2015,9,13,11,0.000000,0.000000,0.000000,106.343248,106.343248,141.790998
6132,2015,9,13,12,0.000000,0.000000,0.000000,101.644606,101.644606,135.526141
6133,2015,9,13,13,0.000000,0.000000,0.000000,97.913419,97.913419,130.551226
6134,2015,9,13,14,0.000000,0.000000,0.000000,95.378029,95.378029,127.170705
6135,2015,9,13,15,0.000000,0.000000,0.000000,92.866535,92.866535,123.822047
6136,2015,9,13,16,0.000000,0.000000,0.000000,93.156311,93.156311,124.208415
6137,2015,9,13,17,0.000000,0.000000,0.000000,96.446575,96.446575,128.595433
6138,2015,9,13,18,0.000000,0.000000,0.000000,101.958618,101.958618,135.944824
6139,2015,9,13,19,0.000000,0.000000,0.000000,110.301500,110.301500,147.068667
6140,2015,9,13,20,0.000000,0.000000,0.000000,112.886700,112.886700,150.515599
6141,2015,9,13,21,0.000000,0.000000,0.000000,110.881746,110.881746,147.842328
6142,2015,9,13,22,0.000000,0.000000,0.000000,108.336565,108.336565,144.448753
6143,2015,9,13,23,0.000000,0.000000,0.000000,106.100927,106.100927,141.467902
6144,2015,9,13,24,0.000000,0.000000,0.000000,108.301361,108.301361,144.401814
6145,2015,9,14,1,0.000000,0.000000,0.000000,108.419661,108.419661,144.559548
6146,2015,9,14,2,0.000000,0.000000,0.000000,112.417589,112.417589,149.890118
6147,2015,9,14,3,0.000000,0.000000,0.000000,108.737595,108.737595,144.983460
6148,2015,9,14,4,0.000000,0.000000,0.000000,105.463586,105.463586,140.618114
6149,2015,9,14,5,0.000000,0.000000,0.000000,105.724253,105.724253,140.965670
6150,2015,9,14,6,0.000000,0.000000,0.000000,111.048796,111.048796,148.065061
6151,2015,9,14,7,0.000000,0.000000,0.000000,119.185026,119.185026,158.913368
6152,2015,9,14,8,0.000000,0.000000,0.000000,134.111324,134.111324,178.815099
6153,2015,9,14,9,0.000000,0.000000,0.000000,136.991490,136.991490,182.655320
6154,2015,9,14,10,0.000000,0.000000,0.000000,131.541059,131.541059,175.388079
6155,2015,9,14,11,0.000000,0.000000,0.000000,129.751390,129.751390,173.001853
6156,2015,9,14,12,0.000000,0.000000,0.000000,126.322662,126.322662,168.430216
6157,2015,9,14,13,0.000000,0.000000,0.000000,123.562427,123.562427,164.749903
6158,2015,9,14,14,0.000000,0.000000,0.000000,122.598079,122.598079,163.464105
6159,2015,9,14,15,0.000000,0.000000,0.000000,118.824070,118.824070,158.432093
6160,2015,9,14,16,0.000000,0.000000,0.000000,118.978560,118.978560,158.638080
6161,2015,9,14,17,0.000000,0.000000,0.000000,121.891915,121.891915,162.522554
6162,2015,9,14,18,0.000000,0.000000,0.000000,128.993390,128.993390,171.991187
6163,2015,9,14,19,0.000000,0.000000,0.000000,135.528904,135.528904,180.705206
6164,2015,9,14,20,0.000000,0.000000,0.000000,134.720197,134.720197,179.626929
6165,2015,9,14,21,0.000000,0.000000,0.000000,130.873556,130.873556,174.498074
6166,2015,9,14,22,0.000000,0.000000,0.000000,124.128915,124.128915,165.505219
6167,2015,9,14,23,0.000000,0.000000,0.000000,117.104420,117.104420,156.139227
6168,2015,9,14,24,0.000000,0.000000,0.000000,118.512972,118.512972,158.017295
6169,2015,9,15,1,0.000000,0.000000,0.000000,115.437282,115.437282,153.916376
6170,2015,9,15,2,0.000000,0.000000,0.000000,117.711892,117.711892,156.949189
6171,2015,9,15,3,0.000000,0.000000,0.000000,114.589842,114.589842,152.786456
6172,2015,9,15,4,0.000000,0.000000,0.000000,112.024812,112.024812,149.366416
6173,2015,9,15,5,0.000000,0.000000,0.000000,111.508755,111.508755,148.678340
6174,2015,9,15,6,0.000000,0.000000,0.000000,114.278186,114.278186,152.370915
6175,2015,9,15,7,0.000000,0.000000,0.000000,124.383932,124.383932,165.845243
6176,2015,9,15,8,0.000000,0.000000,0.000000,137.025505,137.025505,182.700673
6177,2015,9,15,9,0.000000,0.000000,0.000000,138.257408,138.257408,184.343210
6178,2015,9,15,10,0.000000,0.000000,0.000000,132.592165,132.592165,176.789553
6179,2015,9,15,11,0.000000,0.000000,0.000000,127.702813,127.702813,170.270417
6180,2015,9,15,12,0.000000,0.000000,0.000000,123.390905,123.390905,164.521206
6181,2015,9,15,13,0.000000,0.000000,0.000000,119.499166,119.499166,159.332221
6182,2015,9,15,14,0.000000,0.000000,0.000000,117.626956,117.626956,156.835942
6183,2015,9,15,15,0.000000,0.000000,0.000000,115.758942,115.758942,154.345255
6184,2015,9,15,16,0.000000,0.000000,0.000000,114.864945,114.864945,153.153260
6185,2015,9,15,17,0.000000,0.000000,0.000000,117.043846,117.043846,156.058461
6186,2015,9,15,18,0.000000,0.000000,0.000000,121.542216,121.542216,162.056288
6187,2015,9,15,19,0.000000,0.000000,0.000000,128.209677,128.209677,170.946235
6188,2015,9,15,20,0.000000,0.000000,0.000000,129.877783,129.877783,173.170377
6189,2015,9,15,21,0.000000,0.000000,0.000000,126.373240,126.373240,168.497654
6190,2015,9,15,22,0.000000,0.000000,0.000000,117.444142,117.444142,156.592189
6191,2015,9,15,23,0.000000,0.000000,0.000000,109.526066,109.526066,146.034755
6192,2015,9,15,24,0.000000,0.000000,0.000000,108.739075,108.739075,144.985433
6193,2015,9,16,1,0.000000,0.000000,0.000000,104.735602,104.735602,139.647469
6194,2015,9,16,2,0.000000,0.000000,0.000000,106.176210,106.176210,141.568281
6195,2015,9,16,3,0.000000,0.000000,0.000000,102.522950,102.522950,136.697266
6196,2015,9,16,4,0.000000,0.000000,0.000000,98.359548,98.359548,131.146064
6197,2015,9,16,5,0.000000,0.000000,0.000000,97.089939,97.089939,129.453252
6198,2015,9,16,6,0.000000,0.000000,0.000000,101.548477,101.548477,135.397970
6199,2015,9,16,7,0.000000,0.000000,0.000000,108.748909,108.748909,144.998545
6200,2015,9,16,8,0.000000,0.000000,0.000000,119.534094,119.534094,159.378792
6201,2015,9,16,9,0.000000,0.000000,0.000000,125.198430,125.198430,166.931240
6202,2015,9,16,10,0.000000,0.000000,0.000000,119.744344,119.744344,159.659125
6203,2015,9,16,11,0.000000,0.000000,0.000000,117.348882,117.348882,156.465176
6204,2015,9,16,12,0.000000,0.000000,0.000000,113.181366,113.181366,150.908488
6205,2015,9,16,13,0.000000,0.000000,0.000000,111.578925,111.578925,148.771900
6206,2015,9,16,14,0.000000,0.000000,0.000000,109.629136,109.629136,146.172181
6207,2015,9,16,15,0.000000,0.000000,0.000000,108.758965,108.758965,145.011953
6208,2015,9,16,16,0.000000,0.000000,0.000000,107.135429,107.135429,142.847238
6209,2015,9,16,17,0.000000,0.000000,0.000000,111.184798,111.184798,148.246398
6210,2015,9,16,18,0.000000,0.000000,0.000000,117.602201,117.602201,156.802935
6211,2015,9,16,19,0.000000,0.000000,0.000000,123.369600,123.369600,164.492801
6212,2015,9,16,20,0.000000,0.000000,0.000000,120.112002,120.112002,160.149336
6213,2015,9,16,21,0.000000,0.000000,0.000000,113.443531,113.443531,151.258041
6214,2015,9,16,22,0.000000,0.000000,0.000000,108.420897,108.420897,144.561196
6215,2015,9,16,23,0.000000,0.000000,0.000000,105.685672,105.685672,140.914230
6216,2015,9,16,24,0.000000,0.000000,0.000000,107.318941,107.318941,143.091922
6217,2015,9,17,1,0.000000,0.000000,0.000000,103.806953,103.806953,138.409271
6218,2015,9,17,2,0.000000,0.000000,0.000000,104.933258,104.933258,139.911011
6219,2015,9,17,3,0.000000,0.000000,0.000000,98.759631,98.759631,131.679508
6220,2015,9,17,4,0.000000,0.000000,0.000000,94.330551,94.330551,125.774069
6221,2015,9,17,5,0.000000,0.000000,0.000000,93.796456,93.796456,125.061942
6222,2015,9,17,6,0.000000,0.000000,0.000000,98.474361,98.474361,131.299148
6223,2015,9,17,7,0.000000,0.000000,0.000000,106.466743,106.466743,141.955657
6224,2015,9,17,8,0.000000,0.000000,0.000000,114.938290,114.938290,153.251054
6225,2015,9,17,9,0.000000,0.000000,0.000000,122.054137,122.054137,162.738849
6226,2015,9,17,10,0.000000,0.000000,0.000000,119.002459,119.002459,158.669945
6227,2015,9,17,11,0.000000,0.000000,0.000000,117.838177,117.838177,157.117570
6228,2015,9,17,12,0.000000,0.000000,0.000000,117.698541,117.698541,156.931387
6229,2015,9,17,13,0.000000,0.000000,0.000000,117.208555,117.208555,156.278074
6230,2015,9,17,14,0.000000,0.000000,0.000000,115.059355,115.059355,153.412473
6231,2015,9,17,15,0.000000,0.000000,0.000000,114.111628,114.111628,152.148837
6232,2015,9,17,16,0.000000,0.000000,0.000000,118.098537,118.098537,157.464716
6233,2015,9,17,17,0.000000,0.000000,0.000000,124.993754,124.993754,166.658338
6234,2015,9,17,18,0.000000,0.000000,0.000000,130.964380,130.964380,174.619174
6235,2015,9,17,19,0.000000,0.000000,0.000000,137.109225,137.109225,182.812300
6236,2015,9,17,20,0.000000,0.000000,0.000000,136.001520,136.001520,181.335360
6237,2015,9,17,21,0.000000,0.000000,0.000000,132.034185,132.034185,176.045580
6238,2015,9,17,22,0.000000,0.000000,0.000000,120.330945,120.330945,160.441260
6239,2015,9,17,23,0.000000,0.000000,0.000000,113.819677,113.819677,151.759569
6240,2015,9,17,24,0.000000,0.000000,0.000000,114.547586,114.547586,152.730115
6241,2015,9,18,1,0.000000,0.000000,0.000000,110.484960,110.484960,147.313279
6242,2015,9,18,2,0.000000,0.000000,0.000000,112.129759,112.129759,149.506345
6243,2015,9,18,3,0.000000,0.000000,0.000000,108.304471,108.304471,144.405961
6244,2015,9,18,4,0.000000,0.000000,0.000000,105.098130,105.098130,140.130841
6245,2015,9,18,5,0.000000,0.000000,0.000000,103.141239,103.141239,137.521652
6246,2015,9,18,6,0.000000,0.000000,0.000000,106.969626,106.969626,142.626168
6247,2015,9,18,7,0.000000,0.000000,0.000000,114.283462,114.283462,152.377950
6248,2015,9,18,8,0.000000,0.000000,0.000000,128.781941,128.781941,171.709255
6249,2015,9,18,9,0.000000,0.000000,0.000000,133.836990,133.836990,178.449320
6250,2015,9,18,10,0.000000,0.000000,0.000000,129.899330,129.899330,173.199107
6251,2015,9,18,11,0.000000,0.000000,0.000000,126.437032,126.437032,168.582709
6252,2015,9,18,12,0.000000,0.000000,0.000000,124.663154,124.663154,166.217539
6253,2015,9,18,13,0.000000,0.000000,0.000000,121.970465,121.970465,162.627286
6254,2015,9,18,14,0.000000,0.000000,0.000000,118.766812,118.766812,158.355749
6255,2015,9,18,15,0.000000,0.000000,0.000000,115.468244,115.468244,153.957659
6256,2015,9,18,16,0.000000,0.000000,0.000000,114.796993,114.796993,153.062658
6257,2015,9,18,17,0.000000,0.000000,0.000000,115.474672,115.474672,153.966230
6258,2015,9,18,18,0.000000,0.000000,0.000000,118.678232,118.678232,158.237643
6259,2015,9,18,19,0.000000,0.000000,0.000000,128.818469,128.818469,171.757959
6260,2015,9,18,20,0.000000,0.000000,0.000000,129.985604,129.985604,173.314138
6261,2015,9,18,21,0.000000,0.000000,0.000000,123.469735,123.469735,164.626314
6262,2015,9,18,22,0.000000,0.000000,0.000000,115.273531,115.273531,153.698042
6263,2015,9,18,23,0.000000,0.000000,0.000000,111.337237,111.337237,148.449649
6264,2015,9,18,24,0.000000,0.000000,0.000000,111.187952,111.187952,148.250602
6265,2015,9,19,1,0.000000,0.000000,0.000000,105.715402,105.715402,140.953870
6266,2015,9,19,2,0.000000,0.000000,0.000000,106.836130,106.836130,142.448173
6267,2015,9,19,3,0.000000,0.000000,0.000000,102.272387,102.272387,136.363183
6268,2015,9,19,4,0.000000,0.000000,0.000000,98.163823,98.163823,130.885097
6269,2015,9,19,5,0.000000,0.000000,0.000000,95.726682,95.726682,127.635576
6270,2015,9,19,6,0.000000,0.000000,0.000000,97.813490,97.813490,130.417987
6271,2015,9,19,7,0.000000,0.000000,0.000000,100.873535,100.873535,134.498046
6272,2015,9,19,8,0.000000,0.000000,0.000000,103.444073,103.444073,137.925431
6273,2015,9,19,9,0.000000,0.000000,0.000000,106.570976,106.570976,142.094634
6274,2015,9,19,10,0.000000,0.000000,0.000000,104.656547,104.656547,139.542063
6275,2015,9,19,11,0.000000,0.000000,0.000000,103.625630,103.625630,138.167507
6276,2015,9,19,12,0.000000,0.000000,0.000000,99.786492,99.786492,133.048656
6277,2015,9,19,13,0.000000,0.000000,0.000000,96.878683,96.878683,129.171577
6278,2015,9,19,14,0.000000,0.000000,0.000000,95.363373,95.363373,127.151165
6279,2015,9,19,15,0.000000,0.000000,0.000000,94.010551,94.010551,125.347401
6280,2015,9,19,16,0.000000,0.000000,0.000000,95.650251,95.650251,127.533669
6281,2015,9,19,17,0.000000,0.000000,0.000000,99.400490,99.400490,132.533987
6282,2015,9,19,18,0.000000,0.000000,0.000000,103.843981,103.843981,138.458641
6283,2015,9,19,19,0.000000,0.000000,0.000000,110.933528,110.933528,147.911370
6284,2015,9,19,20,0.000000,0.000000,0.000000,112.230208,112.230208,149.640277
6285,2015,9,19,21,0.000000,0.000000,0.000000,109.911120,109.911120,146.548160
6286,2015,9,19,22,0.000000,0.000000,0.000000,107.744710,107.744710,143.659613
6287,2015,9,19,23,0.000000,0.000000,0.000000,106.067096,106.067096,141.422794
6288,2015,9,19,24,0.000000,0.000000,0.000000,106.732614,106.732614,142.310152
6289,2015,9,20,1,0.000000,0.000000,0.000000,103.010472,103.010472,137.347296
6290,2015,9,20,2,0.000000,0.000000,0.000000,105.186442,105.186442,140.248589
6291,2015,9,20,3,0.000000,0.000000,0.000000,101.226113,101.226113,134.968151
6292,2015,9,20,4,0.000000,0.000000,0.000000,96.836170,96.836170,129.114893
6293,2015,9,20,5,0.000000,0.000000,0.000000,94.499894,94.499894,125.999859
6294,2015,9,20,6,0.000000,0.000000,0.000000,94.897789,94.897789,126.530386
6295,2015,9,20,7,0.000000,0.000000,0.000000,95.677197,95.677197,127.569595
6296,2015,9,20,8,0.000000,0.000000,0.000000,99.307494,99.307494,132.409992
6297,2015,9,20,9,0.000000,0.000000,0.000000,104.448811,104.448811,139.265081
6298,2015,9,20,10,0.000000,0.000000,0.000000,103.775500,103.775500,138.367333
6299,2015,9,20,11,0.000000,0.000000,0.000000,104.492326,104.492326,139.323102
6300,2015,9,20,12,0.000000,0.000000,0.000000,101.825038,101.825038,135.766718
6301,2015,9,20,13,0.000000,0.000000,0.000000,99.231070,99.231070,132.308094
6302,2015,9,20,14,0.000000,0.000000,0.000000,97.375736,97.375736,129.834314
6303,2015,9,20,15,0.000000,0.000000,0.000000,96.480228,96.480228,128.640304
6304,2015,9,20,16,0.000000,0.000000,0.000000,98.487324,98.487324,131.316431
6305,2015,9,20,17,0.000000,0.000000,0.000000,102.113245,102.113245,136.150994
6306,2015,9,20,18,0.000000,0.000000,0.000000,107.804470,107.804470,143.739293
6307,2015,9,20,19,0.000000,0.000000,0.000000,115.534313,115.534313,154.045751
6308,2015,9,20,20,0.000000,0.000000,0.000000,118.982262,118.982262,158.643016
6309,2015,9,20,21,0.000000,0.000000,0.000000,116.392862,116.392862,155.190483
6310,2015,9,20,22,0.000000,0.000000,0.000000,113.653194,113.653194,151.537592
6311,2015,9,20,23,0.000000,0.000000,0.000000,111.131828,111.131828,148.175771
6312,2015,9,20,24,0.000000,0.000000,0.000000,111.690801,111.690801,148.921069
6313,2015,9,21,1,0.000000,0.000000,0.000000,108.443637,108.443637,144.591516
6314,2015,9,21,2,0.000000,0.000000,0.000000,111.640749,111.640749,148.854332
6315,2015,9,21,3,0.000000,0.000000,0.000000,109.508617,109.508617,146.011489
6316,2015,9,21,4,0.000000,0.000000,0.000000,107.131324,107.131324,142.841765
6317,2015,9,21,5,0.000000,0.000000,0.000000,106.481961,106.481961,141.975949
6318,2015,9,21,6,0.000000,0.000000,0.000000,110.285121,110.285121,147.046828
6319,2015,9,21,7,0.000000,0.000000,0.000000,115.572782,115.572782,154.097043
6320,2015,9,21,8,0.000000,0.000000,0.000000,122.187969,122.187969,162.917292
6321,2015,9,21,9,0.000000,0.000000,0.000000,128.224137,128.224137,170.965516
6322,2015,9,21,10,0.000000,0.000000,0.000000,124.740781,124.740781,166.321041
6323,2015,9,21,11,0.000000,0.000000,0.000000,121.009473,121.009473,161.345964
6324,2015,9,21,12,0.000000,0.000000,0.000000,117.345556,117.345556,156.460742
6325,2015,9,21,13,0.000000,0.000000,0.000000,113.278687,113.278687,151.038249
6326,2015,9,21,14,0.000000,0.000000,0.000000,111.813699,111.813699,149.084932
6327,2015,9,21,15,0.000000,0.000000,0.000000,109.050560,109.050560,145.400747
6328,2015,9,21,16,0.000000,0.000000,0.000000,109.745143,109.745143,146.326858
6329,2015,9,21,17,0.000000,0.000000,0.000000,111.332028,111.332028,148.442704
6330,2015,9,21,18,0.000000,0.000000,0.000000,120.574883,120.574883,160.766511
6331,2015,9,21,19,0.000000,0.000000,0.000000,127.373168,127.373168,169.830891
6332,2015,9,21,20,0.000000,0.000000,0.000000,123.139755,123.139755,164.186340
6333,2015,9,21,21,0.000000,0.000000,0.000000,116.112712,116.112712,154.816949
6334,2015,9,21,22,0.000000,0.000000,0.000000,111.870696,111.870696,149.160928
6335,2015,9,21,23,0.000000,0.000000,0.000000,110.902802,110.902802,147.870402
6336,2015,9,21,24,0.000000,0.000000,0.000000,112.048238,112.048238,149.397651
6337,2015,9,22,1,0.000000,0.000000,0.000000,108.006118,108.006118,144.008158
6338,2015,9,22,2,0.000000,0.000000,0.000000,110.329301,110.329301,147.105734
6339,2015,9,22,3,0.000000,0.000000,0.000000,106.631851,106.631851,142.175801
6340,2015,9,22,4,0.000000,0.000000,0.000000,103.195544,103.195544,137.594059
6341,2015,9,22,5,0.000000,0.000000,0.000000,100.208444,100.208444,133.611258
6342,2015,9,22,6,0.000000,0.000000,0.000000,104.317535,104.317535,139.090046
6343,2015,9,22,7,0.000000,0.000000,0.000000,109.387478,109.387478,145.849971
6344,2015,9,22,8,0.000000,0.000000,0.000000,117.140069,117.140069,156.186758
6345,2015,9,22,9,0.000000,0.000000,0.000000,126.080449,126.080449,168.107265
6346,2015,9,22,10,0.000000,0.000000,0.000000,122.732821,122.732821,163.643761
6347,2015,9,22,11,0.000000,0.000000,0.000000,119.369885,119.369885,159.159847
6348,2015,9,22,12,0.000000,0.000000,0.000000,115.503465,115.503465,154.004619
6349,2015,9,22,13,0.000000,0.000000,0.000000,111.988485,111.988485,149.317980
6350,2015,9,22,14,0.000000,0.000000,0.000000,111.899888,111.899888,149.199851
6351,2015,9,22,15,0.000000,0.000000,0.000000,109.782399,109.782399,146.376532
6352,2015,9,22,16,0.000000,0.000000,0.000000,109.853593,109.853593,146.471457
6353,2015,9,22,17,0.000000,0.000000,0.000000,113.305280,113.305280,151.073707
6354,2015,9,22,18,0.000000,0.000000,0.000000,119.016791,119.016791,158.689055
6355,2015,9,22,19,0.000000,0.000000,0.000000,126.711488,126.711488,168.948651
6356,2015,9,22,20,0.000000,0.000000,0.000000,127.185712,127.185712,169.580950
6357,2015,9,22,21,0.000000,0.000000,0.000000,119.542467,119.542467,159.389956
6358,2015,9,22,22,0.000000,0.000000,0.000000,110.825039,110.825039,147.766719
6359,2015,9,22,23,0.000000,0.000000,0.000000,106.812319,106.812319,142.416425
6360,2015,9,22,24,0.000000,0.000000,0.000000,107.680268,107.680268,143.573690
6361,2015,9,23,1,0.000000,0.000000,0.000000,103.500491,103.500491,138.000655
6362,2015,9,23,2,0.000000,0.000000,0.000000,104.885698,104.885698,139.847597
6363,2015,9,23,3,0.000000,0.000000,0.000000,100.230810,100.230810,133.641080
6364,2015,9,23,4,0.000000,0.000000,0.000000,95.315973,95.315973,127.087964
6365,2015,9,23,5,0.000000,0.000000,0.000000,94.933809,94.933809,126.578412
6366,2015,9,23,6,0.000000,0.000000,0.000000,99.758686,99.758686,133.011582
6367,2015,9,23,7,0.000000,0.000000,0.000000,107.884360,107.884360,143.845814
6368,2015,9,23,8,0.000000,0.000000,0.000000,113.909071,113.909071,151.878761
6369,2015,9,23,9,0.000000,0.000000,0.000000,122.582710,122.582710,163.443613
6370,2015,9,23,10,0.000000,0.000000,0.000000,122.998620,122.998620,163.998160
6371,2015,9,23,11,0.000000,0.000000,0.000000,121.633198,121.633198,162.177598
6372,2015,9,23,12,0.000000,0.000000,0.000000,117.329415,117.329415,156.439221
6373,2015,9,23,13,0.000000,0.000000,0.000000,114.116818,114.116818,152.155757
6374,2015,9,23,14,0.000000,0.000000,0.000000,110.741291,110.741291,147.655055
6375,2015,9,23,15,0.000000,0.000000,0.000000,110.011757,110.011757,146.682342
6376,2015,9,23,16,0.000000,0.000000,0.000000,109.764628,109.764628,146.352838
6377,2015,9,23,17,0.000000,0.000000,0.000000,113.516983,113.516983,151.355978
6378,2015,9,23,18,0.000000,0.000000,0.000000,119.201704,119.201704,158.935605
6379,2015,9,23,19,0.000000,0.000000,0.000000,128.439316,128.439316,171.252421
6380,2015,9,23,20,0.000000,0.000000,0.000000,130.948986,130.948986,174.598648
6381,2015,9,23,21,0.000000,0.000000,0.000000,124.899924,124.899924,166.533232
6382,2015,9,23,22,0.000000,0.000000,0.000000,117.245927,117.245927,156.327903
6383,2015,9,23,23,0.000000,0.000000,0.000000,113.105636,113.105636,150.807514
6384,2015,9,23,24,0.000000,0.000000,0.000000,114.721674,114.721674,152.962232
6385,2015,9,24,1,0.000000,0.000000,0.000000,111.271931,111.271931,148.362575
6386,2015,9,24,2,0.000000,0.000000,0.000000,112.852251,112.852251,150.469668
6387,2015,9,24,3,0.000000,0.000000,0.000000,108.245761,108.245761,144.327681
6388,2015,9,24,4,0.000000,0.000000,0.000000,103.180612,103.180612,137.574149
6389,2015,9,24,5,0.000000,0.000000,0.000000,100.158608,100.158608,133.544811
6390,2015,9,24,6,0.000000,0.000000,0.000000,101.813416,101.813416,135.751221
6391,2015,9,24,7,0.000000,0.000000,0.000000,107.325539,107.325539,143.100719
6392,2015,9,24,8,0.000000,0.000000,0.000000,112.779256,112.779256,150.372342
6393,2015,9,24,9,0.000000,0.000000,0.000000,120.709666,120.709666,160.946221
6394,2015,9,24,10,0.000000,0.000000,0.000000,120.010310,120.010310,160.013747
6395,2015,9,24,11,0.000000,0.000000,0.000000,120.466988,120.466988,160.622651
6396,2015,9,24,12,0.000000,0.000000,0.000000,120.956332,120.956332,161.275109
6397,2015,9,24,13,0.000000,0.000000,0.000000,119.543826,119.543826,159.391768
6398,2015,9,24,14,0.000000,0.000000,0.000000,116.276107,116.276107,155.034809
6399,2015,9,24,15,0.000000,0.000000,0.000000,113.668983,113.668983,151.558644
6400,2015,9,24,16,0.000000,0.000000,0.000000,115.858524,115.858524,154.478032
6401,2015,9,24,17,0.000000,0.000000,0.000000,115.935958,115.935958,154.581277
6402,2015,9,24,18,0.000000,0.000000,0.000000,120.595700,120.595700,160.794266
6403,2015,9,24,19,0.000000,0.000000,0.000000,130.077764,130.077764,173.437019
6404,2015,9,24,20,0.000000,0.000000,0.000000,132.899221,132.899221,177.198961
6405,2015,9,24,21,0.000000,0.000000,0.000000,126.605462,126.605462,168.807282
6406,2015,9,24,22,0.000000,0.000000,0.000000,119.470197,119.470197,159.293595
6407,2015,9,24,23,0.000000,0.000000,0.000000,115.599894,115.599894,154.133191
6408,2015,9,24,24,0.000000,0.000000,0.000000,115.873722,115.873722,154.498296
6409,2015,9,25,1,0.000000,0.000000,0.000000,110.811798,110.811798,147.749064
6410,2015,9,25,2,0.000000,0.000000,0.000000,112.085206,112.085206,149.446941
6411,2015,9,25,3,0.000000,0.000000,0.000000,107.347028,107.347028,143.129370
6412,2015,9,25,4,0.000000,0.000000,0.000000,102.807190,102.807190,137.076254
6413,2015,9,25,5,0.000000,0.000000,0.000000,101.772517,101.772517,135.696689
6414,2015,9,25,6,0.000000,0.000000,0.000000,105.432503,105.432503,140.576671
6415,2015,9,25,7,0.000000,0.000000,0.000000,112.948293,112.948293,150.597724
6416,2015,9,25,8,0.000000,0.000000,0.000000,115.540811,115.540811,154.054414
6417,2015,9,25,9,0.000000,0.000000,0.000000,124.524536,124.524536,166.032715
6418,2015,9,25,10,0.000000,0.000000,0.000000,125.282332,125.282332,167.043109
6419,2015,9,25,11,0.000000,0.000000,0.000000,123.560955,123.560955,164.747939
6420,2015,9,25,12,0.000000,0.000000,0.000000,122.052412,122.052412,162.736550
6421,2015,9,25,13,0.000000,0.000000,0.000000,121.028361,121.028361,161.371148
6422,2015,9,25,14,0.000000,0.000000,0.000000,120.612102,120.612102,160.816136
6423,2015,9,25,15,0.000000,0.000000,0.000000,119.289387,119.289387,159.052516
6424,2015,9,25,16,0.000000,0.000000,0.000000,120.832719,120.832719,161.110293
6425,2015,9,25,17,0.000000,0.000000,0.000000,127.949910,127.949910,170.599879
6426,2015,9,25,18,0.000000,0.000000,0.000000,134.974674,134.974674,179.966232
6427,2015,9,25,19,0.000000,0.000000,0.000000,141.538855,141.538855,188.718473
6428,2015,9,25,20,0.000000,0.000000,0.000000,138.888831,138.888831,185.185108
6429,2015,9,25,21,0.000000,0.000000,0.000000,133.966124,133.966124,178.621499
6430,2015,9,25,22,0.000000,0.000000,0.000000,124.202401,124.202401,165.603202
6431,2015,9,25,23,0.000000,0.000000,0.000000,117.419496,117.419496,156.559328
6432,2015,9,25,24,0.000000,0.000000,0.000000,118.100631,118.100631,157.467508
6433,2015,9,26,1,0.000000,0.000000,0.000000,113.987146,113.987146,151.982861
6434,2015,9,26,2,0.000000,0.000000,0.000000,115.499368,115.499368,153.999158
6435,2015,9,26,3,0.000000,0.000000,0.000000,111.300855,111.300855,148.401140
6436,2015,9,26,4,0.000000,0.000000,0.000000,106.978470,106.978470,142.637960
6437,2015,9,26,5,0.000000,0.000000,0.000000,104.320512,104.320512,139.094016
6438,2015,9,26,6,0.000000,0.000000,0.000000,104.744932,104.744932,139.659909
6439,2015,9,26,7,0.000000,0.000000,0.000000,108.544590,108.544590,144.726120
6440,2015,9,26,8,0.000000,0.000000,0.000000,111.027604,111.027604,148.036805
6441,2015,9,26,9,0.000000,0.000000,0.000000,114.564217,114.564217,152.752290
6442,2015,9,26,10,0.000000,0.000000,0.000000,113.375123,113.375123,151.166831
6443,2015,9,26,11,0.000000,0.000000,0.000000,112.577096,112.577096,150.102795
6444,2015,9,26,12,0.000000,0.000000,0.000000,108.875994,108.875994,145.167992
6445,2015,9,26,13,0.000000,0.000000,0.000000,105.798054,105.798054,141.064071
6446,2015,9,26,14,0.000000,0.000000,0.000000,104.024742,104.024742,138.699656
6447,2015,9,26,15,0.000000,0.000000,0.000000,104.428276,104.428276,139.237701
6448,2015,9,26,16,0.000000,0.000000,0.000000,106.584430,106.584430,142.112573
6449,2015,9,26,17,0.000000,0.000000,0.000000,108.844185,108.844185,145.125580
6450,2015,9,26,18,0.000000,0.000000,0.000000,111.069223,111.069223,148.092297
6451,2015,9,26,19,0.000000,0.000000,0.000000,118.103032,118.103032,157.470709
6452,2015,9,26,20,0.000000,0.000000,0.000000,122.096992,122.096992,162.795990
6453,2015,9,26,21,0.000000,0.000000,0.000000,119.280179,119.280179,159.040239
6454,2015,9,26,22,0.000000,0.000000,0.000000,116.152127,116.152127,154.869503
6455,2015,9,26,23,0.000000,0.000000,0.000000,113.907063,113.907063,151.876084
6456,2015,9,26,24,0.000000,0.000000,0.000000,114.640825,114.640825,152.854433
6457,2015,9,27,1,0.000000,0.000000,0.000000,111.705892,111.705892,148.941189
6458,2015,9,27,2,0.000000,0.000000,0.000000,113.337466,113.337466,151.116621
6459,2015,9,27,3,0.000000,0.000000,0.000000,108.416748,108.416748,144.555665
6460,2015,9,27,4,0.000000,0.000000,0.000000,103.016883,103.016883,137.355844
6461,2015,9,27,5,0.000000,0.000000,0.000000,99.018121,99.018121,132.024161
6462,2015,9,27,6,0.000000,0.000000,0.000000,98.928579,98.928579,131.904772
6463,2015,9,27,7,0.000000,0.000000,0.000000,101.160081,101.160081,134.880108
6464,2015,9,27,8,0.000000,0.000000,0.000000,104.650522,104.650522,139.534029
6465,2015,9,27,9,0.000000,0.000000,0.000000,108.760788,108.760788,145.014384
6466,2015,9,27,10,0.000000,0.000000,0.000000,107.490162,107.490162,143.320216
6467,2015,9,27,11,0.000000,0.000000,0.000000,108.469940,108.469940,144.626587
6468,2015,9,27,12,0.000000,0.000000,0.000000,106.422354,106.422354,141.896472
6469,2015,9,27,13,0.000000,0.000000,0.000000,104.097094,104.097094,138.796126
6470,2015,9,27,14,0.000000,0.000000,0.000000,102.307461,102.307461,136.409949
6471,2015,9,27,15,0.000000,0.000000,0.000000,101.831762,101.831762,135.775683
6472,2015,9,27,16,0.000000,0.000000,0.000000,104.269134,104.269134,139.025512
6473,2015,9,27,17,0.000000,0.000000,0.000000,108.681298,108.681298,144.908398
6474,2015,9,27,18,0.000000,0.000000,0.000000,118.046190,118.046190,157.394920
6475,2015,9,27,19,0.000000,0.000000,0.000000,129.906943,129.906943,173.209257
6476,2015,9,27,20,0.000000,0.000000,0.000000,130.217871,130.217871,173.623828
6477,2015,9,27,21,0.000000,0.000000,0.000000,126.349178,126.349178,168.465571
6478,2015,9,27,22,0.000000,0.000000,0.000000,119.461847,119.461847,159.282462
6479,2015,9,27,23,0.000000,0.000000,0.000000,114.871101,114.871101,153.161468
6480,2015,9,27,24,0.000000,0.000000,0.000000,114.539371,114.539371,152.719162
6481,2015,9,28,1,0.000000,0.000000,0.000000,111.222346,111.222346,148.296461
6482,2015,9,28,2,0.000000,0.000000,0.000000,112.885618,112.885618,150.514157
6483,2015,9,28,3,0.000000,0.000000,0.000000,110.414005,110.414005,147.218674
6484,2015,9,28,4,0.000000,0.000000,0.000000,107.217386,107.217386,142.956515
6485,2015,9,28,5,0.000000,0.000000,0.000000,105.678951,105.678951,140.905268
6486,2015,9,28,6,0.000000,0.000000,0.000000,109.490408,109.490408,145.987211
6487,2015,9,28,7,0.000000,0.000000,0.000000,115.754361,115.754361,154.339149
6488,2015,9,28,8,0.000000,0.000000,0.000000,127.285625,127.285625,169.714166
6489,2015,9,28,9,0.000000,0.000000,0.000000,137.385771,137.385771,183.181028
6490,2015,9,28,10,0.000000,0.000000,0.000000,136.587657,136.587657,182.116876
6491,2015,9,28,11,0.000000,0.000000,0.000000,136.113604,136.113604,181.484806
6492,2015,9,28,12,0.000000,0.000000,0.000000,132.129021,132.129021,176.172028
6493,2015,9,28,13,0.000000,0.000000,0.000000,128.988710,128.988710,171.984946
6494,2015,9,28,14,0.000000,0.000000,0.000000,127.044528,127.044528,169.392705
6495,2015,9,28,15,0.000000,0.000000,0.000000,125.405991,125.405991,167.207988
6496,2015,9,28,16,0.000000,0.000000,0.000000,124.619138,124.619138,166.158851
6497,2015,9,28,17,0.000000,0.000000,0.000000,125.831758,125.831758,167.775678
6498,2015,9,28,18,0.000000,0.000000,0.000000,132.504597,132.504597,176.672796
6499,2015,9,28,19,0.000000,0.000000,0.000000,140.534201,140.534201,187.378935
6500,2015,9,28,20,0.000000,0.000000,0.000000,142.236960,142.236960,189.649280
6501,2015,9,28,21,0.000000,0.000000,0.000000,138.239274,138.239274,184.319032
6502,2015,9,28,22,0.000000,0.000000,0.000000,132.784519,132.784519,177.046025
6503,2015,9,28,23,0.000000,0.000000,0.000000,121.220643,121.220643,161.627524
6504,2015,9,28,24,0.000000,0.000000,0.000000,120.391483,120.391483,160.521977
6505,2015,9,29,1,0.000000,0.000000,0.000000,115.929457,115.929457,154.572609
6506,2015,9,29,2,0.000000,0.000000,0.000000,117.378406,117.378406,156.504542
6507,2015,9,29,3,0.000000,0.000000,0.000000,114.124317,114.124317,152.165756
6508,2015,9,29,4,0.000000,0.000000,0.000000,111.537959,111.537959,148.717278
6509,2015,9,29,5,0.000000,0.000000,0.000000,110.859336,110.859336,147.812448
6510,2015,9,29,6,0.000000,0.000000,0.000000,113.164952,113.164952,150.886603
6511,2015,9,29,7,0.000000,0.000000,0.000000,118.986317,118.986317,158.648423
6512,2015,9,29,8,0.000000,0.000000,0.000000,131.053861,131.053861,174.738482
6513,2015,9,29,9,0.000000,0.000000,0.000000,136.110087,136.110087,181.480116
6514,2015,9,29,10,0.000000,0.000000,0.000000,131.912681,131.912681,175.883575
6515,2015,9,29,11,0.000000,0.000000,0.000000,128.053693,128.053693,170.738257
6516,2015,9,29,12,0.000000,0.000000,0.000000,123.589541,123.589541,164.786055
6517,2015,9,29,13,0.000000,0.000000,0.000000,118.977847,118.977847,158.637129
6518,2015,9,29,14,0.000000,0.000000,0.000000,118.372001,118.372001,157.829335
6519,2015,9,29,15,0.000000,0.000000,0.000000,116.654916,116.654916,155.539889
6520,2015,9,29,16,0.000000,0.000000,0.000000,115.667200,115.667200,154.222934
6521,2015,9,29,17,0.000000,0.000000,0.000000,117.230207,117.230207,156.306943
6522,2015,9,29,18,0.000000,0.000000,0.000000,122.623825,122.623825,163.498433
6523,2015,9,29,19,0.000000,0.000000,0.000000,131.211417,131.211417,174.948556
6524,2015,9,29,20,0.000000,0.000000,0.000000,132.404593,132.404593,176.539458
6525,2015,9,29,21,0.000000,0.000000,0.000000,125.134000,125.134000,166.845333
6526,2015,9,29,22,0.000000,0.000000,0.000000,117.141579,117.141579,156.188772
6527,2015,9,29,23,0.000000,0.000000,0.000000,111.608021,111.608021,148.810695
6528,2015,9,29,24,0.000000,0.000000,0.000000,110.524433,110.524433,147.365911
6529,2015,9,30,1,0.000000,0.000000,0.000000,105.741543,105.741543,140.988723
6530,2015,9,30,2,0.000000,0.000000,0.000000,106.685303,106.685303,142.247071
6531,2015,9,30,3,0.000000,0.000000,0.000000,100.889864,100.889864,134.519819
6532,2015,9,30,4,0.000000,0.000000,0.000000,95.945093,95.945093,127.926791
6533,2015,9,30,5,0.000000,0.000000,0.000000,94.371470,94.371470,125.828627
6534,2015,9,30,6,0.000000,0.000000,0.000000,98.227130,98.227130,130.969506
6535,2015,9,30,7,0.000000,0.000000,0.000000,106.061665,106.061665,141.415553
6536,2015,9,30,8,0.000000,0.000000,0.000000,110.767405,110.767405,147.689873
6537,2015,9,30,9,0.000000,0.000000,0.000000,115.832150,115.832150,154.442867
6538,2015,9,30,10,0.000000,0.000000,0.000000,112.705154,112.705154,150.273538
6539,2015,9,30,11,0.000000,0.000000,0.000000,110.820413,110.820413,147.760551
6540,2015,9,30,12,0.000000,0.000000,0.000000,108.499664,108.499664,144.666219
6541,2015,9,30,13,0.000000,0.000000,0.000000,106.395858,106.395858,141.861144
6542,2015,9,30,14,0.000000,0.000000,0.000000,104.723452,104.723452,139.631269
6543,2015,9,30,15,0.000000,0.000000,0.000000,104.855268,104.855268,139.807023
6544,2015,9,30,16,0.000000,0.000000,0.000000,105.365311,105.365311,140.487081
6545,2015,9,30,17,0.000000,0.000000,0.000000,109.363148,109.363148,145.817530
6546,2015,9,30,18,0.000000,0.000000,0.000000,112.887246,112.887246,150.516327
6547,2015,9,30,19,0.000000,0.000000,0.000000,118.640099,118.640099,158.186798
6548,2015,9,30,20,0.000000,0.000000,0.000000,121.401234,121.401234,161.868313
6549,2015,9,30,21,0.000000,0.000000,0.000000,114.759642,114.759642,153.012856
6550,2015,9,30,22,0.000000,0.000000,0.000000,109.329205,109.329205,145.772274
6551,2015,9,30,23,0.000000,0.000000,0.000000,107.743577,107.743577,143.658103
6552,2015,9,30,24,0.000000,0.000000,0.000000,109.189491,109.189491,145.585988
6553,2015,10,1,1,0.000000,0.000000,0.000000,105.434502,105.434502,140.579336
6554,2015,10,1,2,0.000000,0.000000,0.000000,107.976081,107.976081,143.968109
6555,2015,10,1,3,0.000000,0.000000,0.000000,103.299155,103.299155,137.732207
6556,2015,10,1,4,0.000000,0.000000,0.000000,99.993476,99.993476,133.324635
6557,2015,10,1,5,0.000000,0.000000,0.000000,99.980452,99.980452,133.307270
6558,2015,10,1,6,0.000000,0.000000,0.000000,102.946039,102.946039,137.261385
6559,2015,10,1,7,0.000000,0.000000,0.000000,108.509115,108.509115,144.678820
6560,2015,10,1,8,0.000000,0.000000,0.000000,114.199395,114.199395,152.265860
6561,2015,10,1,9,0.000000,0.000000,0.000000,122.852486,122.852486,163.803314
6562,2015,10,1,10,0.000000,0.000000,0.000000,124.358519,124.358519,165.811358
6563,2015,10,1,11,0.000000,0.000000,0.000000,121.534727,121.534727,162.046302
6564,2015,10,1,12,0.000000,0.000000,0.000000,119.773595,119.773595,159.698126
6565,2015,10,1,13,0.000000,0.000000,0.000000,115.481643,115.481643,153.975523
6566,2015,10,1,14,0.000000,0.000000,0.000000,114.729118,114.729118,152.972158
6567,2015,10,1,15,0.000000,0.000000,0.000000,114.254890,114.254890,152.339853
6568,2015,10,1,16,0.000000,0.000000,0.000000,115.359172,115.359172,153.812230
6569,2015,10,1,17,0.000000,0.000000,0.000000,117.530320,117.530320,156.707093
6570,2015,10,1,18,0.000000,0.000000,0.000000,125.031480,125.031480,166.708641
6571,2015,10,1,19,0.000000,0.000000,0.000000,133.447309,133.447309,177.929745
6572,2015,10,1,20,0.000000,0.000000,0.000000,135.248452,135.248452,180.331269
6573,2015,10,1,21,0.000000,0.000000,0.000000,130.532262,130.532262,174.043017
6574,2015,10,1,22,0.000000,0.000000,0.000000,122.729425,122.729425,163.639234
6575,2015,10,1,23,0.000000,0.000000,0.000000,116.949599,116.949599,155.932799
6576,2015,10,1,24,0.000000,0.000000,0.000000,117.236697,117.236697,156.315596
6577,2015,10,2,1,0.000000,0.000000,0.000000,113.855645,113.855645,151.807526
6578,2015,10,2,2,0.000000,0.000000,0.000000,115.009185,115.009185,153.345581
6579,2015,10,2,3,0.000000,0.000000,0.000000,110.079601,110.079601,146.772802
6580,2015,10,2,4,0.000000,0.000000,0.000000,104.519537,104.519537,139.359382
6581,2015,10,2,5,0.000000,0.000000,0.000000,103.188728,103.188728,137.584971
6582,2015,10,2,6,0.000000,0.000000,0.000000,106.773916,106.773916,142.365222
6583,2015,10,2,7,0.000000,0.000000,0.000000,112.205025,112.205025,149.606700
6584,2015,10,2,8,0.000000,0.000000,0.000000,119.403271,119.403271,159.204362
6585,2015,10,2,9,0.000000,0.000000,0.000000,129.515809,129.515809,172.687745
6586,2015,10,2,10,0.000000,0.000000,0.000000,127.966787,127.966787,170.622383
6587,2015,10,2,11,0.000000,0.000000,0.000000,123.536200,123.536200,164.714933
6588,2015,10,2,12,0.000000,0.000000,0.000000,117.391892,117.391892,156.522523
6589,2015,10,2,13,0.000000,0.000000,0.000000,116.008439,116.008439,154.677919
6590,2015,10,2,14,0.000000,0.000000,0.000000,112.892217,112.892217,150.522956
6591,2015,10,2,15,0.000000,0.000000,0.000000,111.181180,111.181180,148.241573
6592,2015,10,2,16,0.000000,0.000000,0.000000,111.731130,111.731130,148.974839
6593,2015,10,2,17,0.000000,0.000000,0.000000,116.287363,116.287363,155.049817
6594,2015,10,2,18,0.000000,0.000000,0.000000,123.429721,123.429721,164.572962
6595,2015,10,2,19,0.000000,0.000000,0.000000,129.121117,129.121117,172.161489
6596,2015,10,2,20,0.000000,0.000000,0.000000,130.160754,130.160754,173.547672
6597,2015,10,2,21,0.000000,0.000000,0.000000,125.551163,125.551163,167.401551
6598,2015,10,2,22,0.000000,0.000000,0.000000,115.412430,115.412430,153.883240
6599,2015,10,2,23,0.000000,0.000000,0.000000,110.148314,110.148314,146.864418
6600,2015,10,2,24,0.000000,0.000000,0.000000,111.013214,111.013214,148.017618
6601,2015,10,3,1,0.000000,0.000000,0.000000,106.947117,106.947117,142.596155
6602,2015,10,3,2,0.000000,0.000000,0.000000,108.206950,108.206950,144.275934
6603,2015,10,3,3,0.000000,0.000000,0.000000,103.728677,103.728677,138.304902
6604,2015,10,3,4,0.000000,0.000000,0.000000,99.467019,99.467019,132.622691
6605,2015,10,3,5,0.000000,0.000000,0.000000,97.112917,97.112917,129.483889
6606,2015,10,3,6,0.000000,0.000000,0.000000,98.115103,98.115103,130.820137
6607,2015,10,3,7,0.000000,0.000000,0.000000,100.698743,100.698743,134.264990
6608,2015,10,3,8,0.000000,0.000000,0.000000,103.531228,103.531228,138.041638
6609,2015,10,3,9,0.000000,0.000000,0.000000,106.178108,106.178108,141.570810
6610,2015,10,3,10,0.000000,0.000000,0.000000,105.844010,105.844010,141.125347
6611,2015,10,3,11,0.000000,0.000000,0.000000,103.141058,103.141058,137.521410
6612,2015,10,3,12,0.000000,0.000000,0.000000,99.221209,99.221209,132.294945
6613,2015,10,3,13,0.000000,0.000000,0.000000,95.633466,95.633466,127.511288
6614,2015,10,3,14,0.000000,0.000000,0.000000,93.916179,93.916179,125.221572
6615,2015,10,3,15,0.000000,0.000000,0.000000,94.129571,94.129571,125.506095
6616,2015,10,3,16,0.000000,0.000000,0.000000,96.176249,96.176249,128.234999
6617,2015,10,3,17,0.000000,0.000000,0.000000,99.678742,99.678742,132.904990
6618,2015,10,3,18,0.000000,0.000000,0.000000,105.399104,105.399104,140.532138
6619,2015,10,3,19,0.000000,0.000000,0.000000,113.682532,113.682532,151.576709
6620,2015,10,3,20,0.000000,0.000000,0.000000,117.688595,117.688595,156.918127
6621,2015,10,3,21,0.000000,0.000000,0.000000,114.726800,114.726800,152.969067
6622,2015,10,3,22,0.000000,0.000000,0.000000,112.266039,112.266039,149.688052
6623,2015,10,3,23,0.000000,0.000000,0.000000,110.231488,110.231488,146.975317
6624,2015,10,3,24,0.000000,0.000000,0.000000,111.545015,111.545015,148.726686
6625,2015,10,4,1,0.000000,0.000000,0.000000,108.180549,108.180549,144.240733
6626,2015,10,4,2,0.000000,0.000000,0.000000,109.894896,109.894896,146.526528
6627,2015,10,4,3,0.000000,0.000000,0.000000,106.626725,106.626725,142.168966
6628,2015,10,4,4,0.000000,0.000000,0.000000,103.601839,103.601839,138.135785
6629,2015,10,4,5,0.000000,0.000000,0.000000,101.736297,101.736297,135.648396
6630,2015,10,4,6,0.000000,0.000000,0.000000,102.947953,102.947953,137.263937
6631,2015,10,4,7,0.000000,0.000000,0.000000,105.818803,105.818803,141.091737
6632,2015,10,4,8,0.000000,0.000000,0.000000,107.617970,107.617970,143.490627
6633,2015,10,4,9,0.000000,0.000000,0.000000,109.429378,109.429378,145.905837
6634,2015,10,4,10,0.000000,0.000000,0.000000,108.504039,108.504039,144.672052
6635,2015,10,4,11,0.000000,0.000000,0.000000,104.728802,104.728802,139.638403
6636,2015,10,4,12,0.000000,0.000000,0.000000,100.739831,100.739831,134.319775
6637,2015,10,4,13,0.000000,0.000000,0.000000,97.531411,97.531411,130.041882
6638,2015,10,4,14,0.000000,0.000000,0.000000,96.201542,96.201542,128.268722
6639,2015,10,4,15,0.000000,0.000000,0.000000,95.714923,95.714923,127.619898
6640,2015,10,4,16,0.000000,0.000000,0.000000,98.621964,98.621964,131.495952
6641,2015,10,4,17,0.000000,0.000000,0.000000,102.479912,102.479912,136.639883
6642,2015,10,4,18,0.000000,0.000000,0.000000,107.714142,107.714142,143.618856
6643,2015,10,4,19,0.000000,0.000000,0.000000,113.318634,113.318634,151.091512
6644,2015,10,4,20,0.000000,0.000000,0.000000,117.539488,117.539488,156.719317
6645,2015,10,4,21,0.000000,0.000000,0.000000,114.816607,114.816607,153.088809
6646,2015,10,4,22,0.000000,0.000000,0.000000,110.436303,110.436303,147.248403
6647,2015,10,4,23,0.000000,0.000000,0.000000,106.165684,106.165684,141.554245
6648,2015,10,4,24,0.000000,0.000000,0.000000,106.496929,106.496929,141.995906
6649,2015,10,5,1,0.000000,0.000000,0.000000,103.204552,103.204552,137.606070
6650,2015,10,5,2,0.000000,0.000000,0.000000,106.255244,106.255244,141.673659
6651,2015,10,5,3,0.000000,0.000000,0.000000,103.456669,103.456669,137.942225
6652,2015,10,5,4,0.000000,0.000000,0.000000,101.482231,101.482231,135.309641
6653,2015,10,5,5,0.000000,0.000000,0.000000,103.137293,103.137293,137.516391
6654,2015,10,5,6,0.000000,0.000000,0.000000,110.019321,110.019321,146.692428
6655,2015,10,5,7,0.000000,0.000000,0.000000,128.715928,128.715928,171.621237
6656,2015,10,5,8,0.000000,0.000000,0.000000,129.626229,129.626229,172.834971
6657,2015,10,5,9,0.000000,0.000000,0.000000,128.601139,128.601139,171.468185
6658,2015,10,5,10,0.000000,0.000000,0.000000,125.242956,125.242956,166.990608
6659,2015,10,5,11,0.000000,0.000000,0.000000,120.598193,120.598193,160.797591
6660,2015,10,5,12,0.000000,0.000000,0.000000,117.069479,117.069479,156.092639
6661,2015,10,5,13,0.000000,0.000000,0.000000,114.141863,114.141863,152.189150
6662,2015,10,5,14,0.000000,0.000000,0.000000,112.488552,112.488552,149.984735
6663,2015,10,5,15,0.000000,0.000000,0.000000,109.966604,109.966604,146.622138
6664,2015,10,5,16,0.000000,0.000000,0.000000,111.778150,111.778150,149.037534
6665,2015,10,5,17,0.000000,0.000000,0.000000,113.877890,113.877890,151.837186
6666,2015,10,5,18,0.000000,0.000000,0.000000,117.585338,117.585338,156.780451
6667,2015,10,5,19,0.000000,0.000000,0.000000,124.474111,124.474111,165.965481
6668,2015,10,5,20,0.000000,0.000000,0.000000,126.984103,126.984103,169.312138
6669,2015,10,5,21,0.000000,0.000000,0.000000,117.337434,117.337434,156.449912
6670,2015,10,5,22,0.000000,0.000000,0.000000,107.975595,107.975595,143.967461
6671,2015,10,5,23,0.000000,0.000000,0.000000,104.484838,104.484838,139.313118
6672,2015,10,5,24,0.000000,0.000000,0.000000,107.239392,107.239392,142.985856
6673,2015,10,6,1,0.000000,0.000000,0.000000,105.153661,105.153661,140.204881
6674,2015,10,6,2,0.000000,0.000000,0.000000,107.013780,107.013780,142.685040
6675,2015,10,6,3,0.000000,0.000000,0.000000,103.745955,103.745955,138.327940
6676,2015,10,6,4,0.000000,0.000000,0.000000,102.560101,102.560101,136.746802
6677,2015,10,6,5,0.000000,0.000000,0.000000,103.878394,103.878394,138.504525
6678,2015,10,6,6,0.000000,0.000000,0.000000,110.756263,110.756263,147.675017
6679,2015,10,6,7,0.000000,0.000000,0.000000,131.842379,131.842379,175.789839
6680,2015,10,6,8,0.000000,0.000000,0.000000,132.451747,132.451747,176.602329
6681,2015,10,6,9,0.000000,0.000000,0.000000,131.432201,131.432201,175.242935
6682,2015,10,6,10,0.000000,0.000000,0.000000,127.395845,127.395845,169.861127
6683,2015,10,6,11,0.000000,0.000000,0.000000,123.459185,123.459185,164.612246
6684,2015,10,6,12,0.000000,0.000000,0.000000,120.164040,120.164040,160.218720
6685,2015,10,6,13,0.000000,0.000000,0.000000,116.340119,116.340119,155.120159
6686,2015,10,6,14,0.000000,0.000000,0.000000,114.121231,114.121231,152.161642
6687,2015,10,6,15,0.000000,0.000000,0.000000,114.414591,114.414591,152.552788
6688,2015,10,6,16,0.000000,0.000000,0.000000,116.080673,116.080673,154.774231
6689,2015,10,6,17,0.000000,0.000000,0.000000,119.358334,119.358334,159.144445
6690,2015,10,6,18,0.000000,0.000000,0.000000,124.225316,124.225316,165.633755
6691,2015,10,6,19,0.000000,0.000000,0.000000,128.963584,128.963584,171.951445
6692,2015,10,6,20,0.000000,0.000000,0.000000,130.606212,130.606212,174.141616
6693,2015,10,6,21,0.000000,0.000000,0.000000,123.588887,123.588887,164.785183
6694,2015,10,6,22,0.000000,0.000000,0.000000,111.135732,111.135732,148.180976
6695,2015,10,6,23,0.000000,0.000000,0.000000,106.553920,106.553920,142.071893
6696,2015,10,6,24,0.000000,0.000000,0.000000,107.749531,107.749531,143.666042
6697,2015,10,7,1,0.000000,0.000000,0.000000,106.026866,106.026866,141.369155
6698,2015,10,7,2,0.000000,0.000000,0.000000,109.156436,109.156436,145.541915
6699,2015,10,7,3,0.000000,0.000000,0.000000,106.536308,106.536308,142.048411
6700,2015,10,7,4,0.000000,0.000000,0.000000,103.880365,103.880365,138.507153
6701,2015,10,7,5,0.000000,0.000000,0.000000,105.382844,105.382844,140.510459
6702,2015,10,7,6,0.000000,0.000000,0.000000,114.256824,114.256824,152.342432
6703,2015,10,7,7,0.000000,0.000000,0.000000,136.381974,136.381974,181.842632
6704,2015,10,7,8,0.000000,0.000000,0.000000,135.488446,135.488446,180.651261
6705,2015,10,7,9,0.000000,0.000000,0.000000,132.535877,132.535877,176.714503
6706,2015,10,7,10,0.000000,0.000000,0.000000,128.591281,128.591281,171.455042
6707,2015,10,7,11,0.000000,0.000000,0.000000,124.849753,124.849753,166.466337
6708,2015,10,7,12,0.000000,0.000000,0.000000,121.069322,121.069322,161.425762
6709,2015,10,7,13,0.000000,0.000000,0.000000,117.425501,117.425501,156.567335
6710,2015,10,7,14,0.000000,0.000000,0.000000,114.993302,114.993302,153.324403
6711,2015,10,7,15,0.000000,0.000000,0.000000,112.685925,112.685925,150.247899
6712,2015,10,7,16,0.000000,0.000000,0.000000,115.624100,115.624100,154.165467
6713,2015,10,7,17,0.000000,0.000000,0.000000,118.816839,118.816839,158.422452
6714,2015,10,7,18,0.000000,0.000000,0.000000,121.729767,121.729767,162.306357
6715,2015,10,7,19,0.000000,0.000000,0.000000,126.320633,126.320633,168.427511
6716,2015,10,7,20,0.000000,0.000000,0.000000,129.324871,129.324871,172.433162
6717,2015,10,7,21,0.000000,0.000000,0.000000,123.817960,123.817960,165.090614
6718,2015,10,7,22,0.000000,0.000000,0.000000,112.057462,112.057462,149.409950
6719,2015,10,7,23,0.000000,0.000000,0.000000,106.101378,106.101378,141.468505
6720,2015,10,7,24,0.000000,0.000000,0.000000,108.768828,108.768828,145.025104
6721,2015,10,8,1,0.000000,0.000000,0.000000,107.717774,107.717774,143.623699
6722,2015,10,8,2,0.000000,0.000000,0.000000,110.347032,110.347032,147.129375
6723,2015,10,8,3,0.000000,0.000000,0.000000,107.654158,107.654158,143.538878
6724,2015,10,8,4,0.000000,0.000000,0.000000,106.091284,106.091284,141.455045
6725,2015,10,8,5,0.000000,0.000000,0.000000,107.987004,107.987004,143.982672
6726,2015,10,8,6,0.000000,0.000000,0.000000,116.733581,116.733581,155.644775
6727,2015,10,8,7,0.000000,0.000000,0.000000,137.934435,137.934435,183.912580
6728,2015,10,8,8,0.000000,0.000000,0.000000,136.564215,136.564215,182.085620
6729,2015,10,8,9,0.000000,0.000000,0.000000,133.185440,133.185440,177.580587
6730,2015,10,8,10,0.000000,0.000000,0.000000,129.886471,129.886471,173.181962
6731,2015,10,8,11,0.000000,0.000000,0.000000,126.236446,126.236446,168.315261
6732,2015,10,8,12,0.000000,0.000000,0.000000,121.913870,121.913870,162.551827
6733,2015,10,8,13,0.000000,0.000000,0.000000,119.459648,119.459648,159.279530
6734,2015,10,8,14,0.000000,0.000000,0.000000,118.327289,118.327289,157.769719
6735,2015,10,8,15,0.000000,0.000000,0.000000,116.279508,116.279508,155.039344
6736,2015,10,8,16,0.000000,0.000000,0.000000,116.454518,116.454518,155.272691
6737,2015,10,8,17,0.000000,0.000000,0.000000,120.381192,120.381192,160.508256
6738,2015,10,8,18,0.000000,0.000000,0.000000,125.536412,125.536412,167.381883
6739,2015,10,8,19,0.000000,0.000000,0.000000,130.618373,130.618373,174.157831
6740,2015,10,8,20,0.000000,0.000000,0.000000,133.766566,133.766566,178.355421
6741,2015,10,8,21,0.000000,0.000000,0.000000,127.018433,127.018433,169.357911
6742,2015,10,8,22,0.000000,0.000000,0.000000,115.730250,115.730250,154.307000
6743,2015,10,8,23,0.000000,0.000000,0.000000,110.322797,110.322797,147.097063
6744,2015,10,8,24,0.000000,0.000000,0.000000,112.861979,112.861979,150.482639
6745,2015,10,9,1,0.000000,0.000000,0.000000,110.557246,110.557246,147.409661
6746,2015,10,9,2,0.000000,0.000000,0.000000,113.061083,113.061083,150.748111
6747,2015,10,9,3,0.000000,0.000000,0.000000,109.721575,109.721575,146.295433
6748,2015,10,9,4,0.000000,0.000000,0.000000,108.399087,108.399087,144.532115
6749,2015,10,9,5,0.000000,0.000000,0.000000,110.422617,110.422617,147.230156
6750,2015,10,9,6,0.000000,0.000000,0.000000,118.061287,118.061287,157.415049
6751,2015,10,9,7,0.000000,0.000000,0.000000,139.065833,139.065833,185.421111
6752,2015,10,9,8,0.000000,0.000000,0.000000,137.275552,137.275552,183.034070
6753,2015,10,9,9,0.000000,0.000000,0.000000,134.026746,134.026746,178.702328
6754,2015,10,9,10,0.000000,0.000000,0.000000,129.660639,129.660639,172.880853
6755,2015,10,9,11,0.000000,0.000000,0.000000,126.147613,126.147613,168.196817
6756,2015,10,9,12,0.000000,0.000000,0.000000,120.890103,120.890103,161.186804
6757,2015,10,9,13,0.000000,0.000000,0.000000,116.217064,116.217064,154.956086
6758,2015,10,9,14,0.000000,0.000000,0.000000,111.586861,111.586861,148.782481
6759,2015,10,9,15,0.000000,0.000000,0.000000,106.396977,106.396977,141.862636
6760,2015,10,9,16,0.000000,0.000000,0.000000,107.014360,107.014360,142.685813
6761,2015,10,9,17,0.000000,0.000000,0.000000,108.827318,108.827318,145.103090
6762,2015,10,9,18,0.000000,0.000000,0.000000,110.536847,110.536847,147.382462
6763,2015,10,9,19,0.000000,0.000000,0.000000,115.500609,115.500609,154.000812
6764,2015,10,9,20,0.000000,0.000000,0.000000,121.230898,121.230898,161.641198
6765,2015,10,9,21,0.000000,0.000000,0.000000,116.088995,116.088995,154.785327
6766,2015,10,9,22,0.000000,0.000000,0.000000,111.462104,111.462104,148.616139
6767,2015,10,9,23,0.000000,0.000000,0.000000,107.395733,107.395733,143.194311
6768,2015,10,9,24,0.000000,0.000000,0.000000,108.438156,108.438156,144.584208
6769,2015,10,10,1,0.000000,0.000000,0.000000,104.791068,104.791068,139.721423
6770,2015,10,10,2,0.000000,0.000000,0.000000,106.712357,106.712357,142.283143
6771,2015,10,10,3,0.000000,0.000000,0.000000,103.522648,103.522648,138.030197
6772,2015,10,10,4,0.000000,0.000000,0.000000,101.921449,101.921449,135.895265
6773,2015,10,10,5,0.000000,0.000000,0.000000,102.590446,102.590446,136.787261
6774,2015,10,10,6,0.000000,0.000000,0.000000,106.251380,106.251380,141.668507
6775,2015,10,10,7,0.000000,0.000000,0.000000,111.066377,111.066377,148.088503
6776,2015,10,10,8,0.000000,0.000000,0.000000,112.293952,112.293952,149.725269
6777,2015,10,10,9,0.000000,0.000000,0.000000,111.855794,111.855794,149.141059
6778,2015,10,10,10,0.000000,0.000000,0.000000,108.947637,108.947637,145.263516
6779,2015,10,10,11,0.000000,0.000000,0.000000,105.090708,105.090708,140.120944
6780,2015,10,10,12,0.000000,0.000000,0.000000,100.391657,100.391657,133.855542
6781,2015,10,10,13,0.000000,0.000000,0.000000,97.007045,97.007045,129.342727
6782,2015,10,10,14,0.000000,0.000000,0.000000,94.787814,94.787814,126.383752
6783,2015,10,10,15,0.000000,0.000000,0.000000,94.438102,94.438102,125.917469
6784,2015,10,10,16,0.000000,0.000000,0.000000,96.163755,96.163755,128.218340
6785,2015,10,10,17,0.000000,0.000000,0.000000,99.081429,99.081429,132.108572
6786,2015,10,10,18,0.000000,0.000000,0.000000,102.954691,102.954691,137.272921
6787,2015,10,10,19,0.000000,0.000000,0.000000,107.215006,107.215006,142.953342
6788,2015,10,10,20,0.000000,0.000000,0.000000,110.816871,110.816871,147.755828
6789,2015,10,10,21,0.000000,0.000000,0.000000,108.547641,108.547641,144.730188
6790,2015,10,10,22,0.000000,0.000000,0.000000,106.521192,106.521192,142.028256
6791,2015,10,10,23,0.000000,0.000000,0.000000,104.592974,104.592974,139.457299
6792,2015,10,10,24,0.000000,0.000000,0.000000,105.961704,105.961704,141.282272
6793,2015,10,11,1,0.000000,0.000000,0.000000,103.066718,103.066718,137.422291
6794,2015,10,11,2,0.000000,0.000000,0.000000,104.975515,104.975515,139.967353
6795,2015,10,11,3,0.000000,0.000000,0.000000,101.476790,101.476790,135.302387
6796,2015,10,11,4,0.000000,0.000000,0.000000,98.549137,98.549137,131.398849
6797,2015,10,11,5,0.000000,0.000000,0.000000,98.499037,98.499037,131.332049
6798,2015,10,11,6,0.000000,0.000000,0.000000,100.531892,100.531892,134.042522
6799,2015,10,11,7,0.000000,0.000000,0.000000,104.787526,104.787526,139.716702
6800,2015,10,11,8,0.000000,0.000000,0.000000,106.259526,106.259526,141.679369
6801,2015,10,11,9,0.000000,0.000000,0.000000,106.060790,106.060790,141.414387
6802,2015,10,11,10,0.000000,0.000000,0.000000,106.877906,106.877906,142.503875
6803,2015,10,11,11,0.000000,0.000000,0.000000,103.779823,103.779823,138.373098
6804,2015,10,11,12,0.000000,0.000000,0.000000,100.007354,100.007354,133.343139
6805,2015,10,11,13,0.000000,0.000000,0.000000,96.705078,96.705078,128.940104
6806,2015,10,11,14,0.000000,0.000000,0.000000,94.326718,94.326718,125.768957
6807,2015,10,11,15,0.000000,0.000000,0.000000,93.895387,93.895387,125.193850
6808,2015,10,11,16,0.000000,0.000000,0.000000,96.516001,96.516001,128.688001
6809,2015,10,11,17,0.000000,0.000000,0.000000,100.303928,100.303928,133.738570
6810,2015,10,11,18,0.000000,0.000000,0.000000,104.116481,104.116481,138.821975
6811,2015,10,11,19,0.000000,0.000000,0.000000,107.614177,107.614177,143.485569
6812,2015,10,11,20,0.000000,0.000000,0.000000,110.297743,110.297743,147.063657
6813,2015,10,11,21,0.000000,0.000000,0.000000,106.935446,106.935446,142.580594
6814,2015,10,11,22,0.000000,0.000000,0.000000,102.380090,102.380090,136.506787
6815,2015,10,11,23,0.000000,0.000000,0.000000,95.974930,95.974930,127.966573
6816,2015,10,11,24,0.000000,0.000000,0.000000,98.274631,98.274631,131.032842
6817,2015,10,12,1,0.000000,0.000000,0.000000,95.481157,95.481157,127.308209
6818,2015,10,12,2,0.000000,0.000000,0.000000,101.026698,101.026698,134.702264
6819,2015,10,12,3,0.000000,0.000000,0.000000,96.692073,96.692073,128.922764
6820,2015,10,12,4,0.000000,0.000000,0.000000,94.619974,94.619974,126.159965
6821,2015,10,12,5,0.000000,0.000000,0.000000,97.489307,97.489307,129.985743
6822,2015,10,12,6,0.000000,0.000000,0.000000,105.013138,105.013138,140.017517
6823,2015,10,12,7,0.000000,0.000000,0.000000,119.536271,119.536271,159.381694
6824,2015,10,12,8,0.000000,0.000000,0.000000,124.003711,124.003711,165.338281
6825,2015,10,12,9,0.000000,0.000000,0.000000,125.411299,125.411299,167.215065
6826,2015,10,12,10,0.000000,0.000000,0.000000,122.407619,122.407619,163.210158
6827,2015,10,12,11,0.000000,0.000000,0.000000,117.757345,117.757345,157.009794
6828,2015,10,12,12,0.000000,0.000000,0.000000,114.231089,114.231089,152.308118
6829,2015,10,12,13,0.000000,0.000000,0.000000,110.412001,110.412001,147.216002
6830,2015,10,12,14,0.000000,0.000000,0.000000,108.721361,108.721361,144.961815
6831,2015,10,12,15,0.000000,0.000000,0.000000,104.976472,104.976472,139.968629
6832,2015,10,12,16,0.000000,0.000000,0.000000,109.209319,109.209319,145.612425
6833,2015,10,12,17,0.000000,0.000000,0.000000,115.794397,115.794397,154.392529
6834,2015,10,12,18,0.000000,0.000000,0.000000,116.606070,116.606070,155.474760
6835,2015,10,12,19,0.000000,0.000000,0.000000,117.923240,117.923240,157.230987
6836,2015,10,12,20,0.000000,0.000000,0.000000,120.353861,120.353861,160.471815
6837,2015,10,12,21,0.000000,0.000000,0.000000,114.127260,114.127260,152.169680
6838,2015,10,12,22,0.000000,0.000000,0.000000,109.176391,109.176391,145.568521
6839,2015,10,12,23,0.000000,0.000000,0.000000,105.130420,105.130420,140.173894
6840,2015,10,12,24,0.000000,0.000000,0.000000,106.799609,106.799609,142.399479
6841,2015,10,13,1,0.000000,0.000000,0.000000,104.420154,104.420154,139.226872
6842,2015,10,13,2,0.000000,0.000000,0.000000,107.475774,107.475774,143.301032
6843,2015,10,13,3,0.000000,0.000000,0.000000,103.924901,103.924901,138.566535
6844,2015,10,13,4,0.000000,0.000000,0.000000,102.244373,102.244373,136.325830
6845,2015,10,13,5,0.000000,0.000000,0.000000,104.423108,104.423108,139.230810
6846,2015,10,13,6,0.000000,0.000000,0.000000,112.230460,112.230460,149.640613
6847,2015,10,13,7,0.000000,0.000000,0.000000,132.428433,132.428433,176.571245
6848,2015,10,13,8,0.000000,0.000000,0.000000,132.882717,132.882717,177.176957
6849,2015,10,13,9,0.000000,0.000000,0.000000,133.952030,133.952030,178.602707
6850,2015,10,13,10,0.000000,0.000000,0.000000,132.671651,132.671651,176.895535
6851,2015,10,13,11,0.000000,0.000000,0.000000,129.108229,129.108229,172.144306
6852,2015,10,13,12,0.000000,0.000000,0.000000,123.978295,123.978295,165.304394
6853,2015,10,13,13,0.000000,0.000000,0.000000,120.131744,120.131744,160.175658
6854,2015,10,13,14,0.000000,0.000000,0.000000,118.480823,118.480823,157.974430
6855,2015,10,13,15,0.000000,0.000000,0.000000,116.589208,116.589208,155.452278
6856,2015,10,13,16,0.000000,0.000000,0.000000,121.263626,121.263626,161.684835
6857,2015,10,13,17,0.000000,0.000000,0.000000,125.040539,125.040539,166.720718
6858,2015,10,13,18,0.000000,0.000000,0.000000,128.776537,128.776537,171.702049
6859,2015,10,13,19,0.000000,0.000000,0.000000,133.966322,133.966322,178.621763
6860,2015,10,13,20,0.000000,0.000000,0.000000,135.438083,135.438083,180.584111
6861,2015,10,13,21,0.000000,0.000000,0.000000,128.180401,128.180401,170.907201
6862,2015,10,13,22,0.000000,0.000000,0.000000,117.621790,117.621790,156.829054
6863,2015,10,13,23,0.000000,0.000000,0.000000,113.365629,113.365629,151.154172
6864,2015,10,13,24,0.000000,0.000000,0.000000,115.048602,115.048602,153.398135
6865,2015,10,14,1,0.000000,0.000000,0.000000,111.855994,111.855994,149.141326
6866,2015,10,14,2,0.000000,0.000000,0.000000,114.291441,114.291441,152.388588
6867,2015,10,14,3,0.000000,0.000000,0.000000,109.912727,109.912727,146.550303
6868,2015,10,14,4,0.000000,0.000000,0.000000,107.887368,107.887368,143.849824
6869,2015,10,14,5,0.000000,0.000000,0.000000,110.623663,110.623663,147.498217
6870,2015,10,14,6,0.000000,0.000000,0.000000,117.775702,117.775702,157.034270
6871,2015,10,14,7,0.000000,0.000000,0.000000,138.203328,138.203328,184.271104
6872,2015,10,14,8,0.000000,0.000000,0.000000,138.476171,138.476171,184.634894
6873,2015,10,14,9,0.000000,0.000000,0.000000,134.024722,134.024722,178.699630
6874,2015,10,14,10,0.000000,0.000000,0.000000,132.679597,132.679597,176.906130
6875,2015,10,14,11,0.000000,0.000000,0.000000,130.705590,130.705590,174.274120
6876,2015,10,14,12,0.000000,0.000000,0.000000,129.422431,129.422431,172.563241
6877,2015,10,14,13,0.000000,0.000000,0.000000,125.448747,125.448747,167.264995
6878,2015,10,14,14,0.000000,0.000000,0.000000,123.738260,123.738260,164.984346
6879,2015,10,14,15,0.000000,0.000000,0.000000,121.280797,121.280797,161.707729
6880,2015,10,14,16,0.000000,0.000000,0.000000,124.262620,124.262620,165.683494
6881,2015,10,14,17,0.000000,0.000000,0.000000,128.132589,128.132589,170.843452
6882,2015,10,14,18,0.000000,0.000000,0.000000,130.310234,130.310234,173.746978
6883,2015,10,14,19,0.000000,0.000000,0.000000,132.424949,132.424949,176.566599
6884,2015,10,14,20,0.000000,0.000000,0.000000,134.289839,134.289839,179.053118
6885,2015,10,14,21,0.000000,0.000000,0.000000,128.043451,128.043451,170.724601
6886,2015,10,14,22,0.000000,0.000000,0.000000,116.197991,116.197991,154.930654
6887,2015,10,14,23,0.000000,0.000000,0.000000,112.129806,112.129806,149.506408
6888,2015,10,14,24,0.000000,0.000000,0.000000,113.927308,113.927308,151.903077
6889,2015,10,15,1,0.000000,0.000000,0.000000,111.686594,111.686594,148.915459
6890,2015,10,15,2,0.000000,0.000000,0.000000,114.195365,114.195365,152.260487
6891,2015,10,15,3,0.000000,0.000000,0.000000,110.705775,110.705775,147.607700
6892,2015,10,15,4,0.000000,0.000000,0.000000,108.526257,108.526257,144.701676
6893,2015,10,15,5,0.000000,0.000000,0.000000,110.972778,110.972778,147.963703
6894,2015,10,15,6,0.000000,0.000000,0.000000,118.623842,118.623842,158.165122
6895,2015,10,15,7,0.000000,0.000000,0.000000,139.088250,139.088250,185.451000
6896,2015,10,15,8,0.000000,0.000000,0.000000,138.128168,138.128168,184.170890
6897,2015,10,15,9,0.000000,0.000000,0.000000,136.869149,136.869149,182.492198
6898,2015,10,15,10,0.000000,0.000000,0.000000,134.062596,134.062596,178.750128
6899,2015,10,15,11,0.000000,0.000000,0.000000,130.493217,130.493217,173.990957
6900,2015,10,15,12,0.000000,0.000000,0.000000,125.790260,125.790260,167.720346
6901,2015,10,15,13,0.000000,0.000000,0.000000,122.266829,122.266829,163.022439
6902,2015,10,15,14,0.000000,0.000000,0.000000,121.619589,121.619589,162.159452
6903,2015,10,15,15,0.000000,0.000000,0.000000,119.781450,119.781450,159.708600
6904,2015,10,15,16,0.000000,0.000000,0.000000,123.306062,123.306062,164.408082
6905,2015,10,15,17,0.000000,0.000000,0.000000,127.098773,127.098773,169.465030
6906,2015,10,15,18,0.000000,0.000000,0.000000,129.195894,129.195894,172.261192
6907,2015,10,15,19,0.000000,0.000000,0.000000,133.451454,133.451454,177.935272
6908,2015,10,15,20,0.000000,0.000000,0.000000,136.287531,136.287531,181.716709
6909,2015,10,15,21,0.000000,0.000000,0.000000,129.963117,129.963117,173.284157
6910,2015,10,15,22,0.000000,0.000000,0.000000,117.442068,117.442068,156.589425
6911,2015,10,15,23,0.000000,0.000000,0.000000,111.943825,111.943825,149.258434
6912,2015,10,15,24,0.000000,0.000000,0.000000,113.850738,113.850738,151.800984
6913,2015,10,16,1,0.000000,0.000000,0.000000,111.874365,111.874365,149.165820
6914,2015,10,16,2,0.000000,0.000000,0.000000,114.480760,114.480760,152.641013
6915,2015,10,16,3,0.000000,0.000000,0.000000,111.584203,111.584203,148.778937
6916,2015,10,16,4,0.000000,0.000000,0.000000,110.011350,110.011350,146.681801
6917,2015,10,16,5,0.000000,0.000000,0.000000,112.240898,112.240898,149.654530
6918,2015,10,16,6,0.000000,0.000000,0.000000,119.894662,119.894662,159.859549
6919,2015,10,16,7,0.000000,0.000000,0.000000,141.603236,141.603236,188.804315
6920,2015,10,16,8,0.000000,0.000000,0.000000,141.400859,141.400859,188.534479
6921,2015,10,16,9,0.000000,0.000000,0.000000,137.657023,137.657023,183.542697
6922,2015,10,16,10,0.000000,0.000000,0.000000,132.865871,132.865871,177.154495
6923,2015,10,16,11,0.000000,0.000000,0.000000,128.368705,128.368705,171.158274
6924,2015,10,16,12,0.000000,0.000000,0.000000,122.875915,122.875915,163.834553
6925,2015,10,16,13,0.000000,0.000000,0.000000,119.122304,119.122304,158.829739
6926,2015,10,16,14,0.000000,0.000000,0.000000,115.230704,115.230704,153.640939
6927,2015,10,16,15,0.000000,0.000000,0.000000,111.195838,111.195838,148.261117
6928,2015,10,16,16,0.000000,0.000000,0.000000,112.404548,112.404548,149.872731
6929,2015,10,16,17,0.000000,0.000000,0.000000,112.952345,112.952345,150.603126
6930,2015,10,16,18,0.000000,0.000000,0.000000,115.279704,115.279704,153.706272
6931,2015,10,16,19,0.000000,0.000000,0.000000,119.394134,119.394134,159.192179
6932,2015,10,16,20,0.000000,0.000000,0.000000,124.865159,124.865159,166.486878
6933,2015,10,16,21,0.000000,0.000000,0.000000,118.845465,118.845465,158.460620
6934,2015,10,16,22,0.000000,0.000000,0.000000,114.552777,114.552777,152.737036
6935,2015,10,16,23,0.000000,0.000000,0.000000,111.403088,111.403088,148.537450
6936,2015,10,16,24,0.000000,0.000000,0.000000,113.283536,113.283536,151.044715
6937,2015,10,17,1,0.000000,0.000000,0.000000,109.788871,109.788871,146.385161
6938,2015,10,17,2,0.000000,0.000000,0.000000,111.715205,111.715205,148.953607
6939,2015,10,17,3,0.000000,0.000000,0.000000,107.417601,107.417601,143.223468
6940,2015,10,17,4,0.000000,0.000000,0.000000,105.060040,105.060040,140.080054
6941,2015,10,17,5,0.000000,0.000000,0.000000,105.997279,105.997279,141.329705
6942,2015,10,17,6,0.000000,0.000000,0.000000,107.743181,107.743181,143.657574
6943,2015,10,17,7,0.000000,0.000000,0.000000,111.235992,111.235992,148.314656
6944,2015,10,17,8,0.000000,0.000000,0.000000,112.478886,112.478886,149.971848
6945,2015,10,17,9,0.000000,0.000000,0.000000,113.563728,113.563728,151.418304
6946,2015,10,17,10,0.000000,0.000000,0.000000,112.123823,112.123823,149.498431
6947,2015,10,17,11,0.000000,0.000000,0.000000,109.204137,109.204137,145.605516
6948,2015,10,17,12,0.000000,0.000000,0.000000,105.048488,105.048488,140.064651
6949,2015,10,17,13,0.000000,0.000000,0.000000,101.276972,101.276972,135.035963
6950,2015,10,17,14,0.000000,0.000000,0.000000,98.724181,98.724181,131.632241
6951,2015,10,17,15,0.000000,0.000000,0.000000,97.627686,97.627686,130.170248
6952,2015,10,17,16,0.000000,0.000000,0.000000,99.692470,99.692470,132.923294
6953,2015,10,17,17,0.000000,0.000000,0.000000,102.675994,102.675994,136.901325
6954,2015,10,17,18,0.000000,0.000000,0.000000,106.831857,106.831857,142.442476
6955,2015,10,17,19,0.000000,0.000000,0.000000,110.887266,110.887266,147.849688
6956,2015,10,17,20,0.000000,0.000000,0.000000,113.680020,113.680020,151.573360
6957,2015,10,17,21,0.000000,0.000000,0.000000,112.534500,112.534500,150.046001
6958,2015,10,17,22,0.000000,0.000000,0.000000,109.958279,109.958279,146.611038
6959,2015,10,17,23,0.000000,0.000000,0.000000,107.573365,107.573365,143.431153
6960,2015,10,17,24,0.000000,0.000000,0.000000,108.711853,108.711853,144.949137
6961,2015,10,18,1,0.000000,0.000000,0.000000,105.728353,105.728353,140.971138
6962,2015,10,18,2,0.000000,0.000000,0.000000,107.904021,107.904021,143.872028
6963,2015,10,18,3,0.000000,0.000000,0.000000,104.632972,104.632972,139.510630
6964,2015,10,18,4,0.000000,0.000000,0.000000,102.364569,102.364569,136.486093
6965,2015,10,18,5,0.000000,0.000000,0.000000,101.442312,101.442312,135.256415
6966,2015,10,18,6,0.000000,0.000000,0.000000,103.039708,103.039708,137.386278
6967,2015,10,18,7,0.000000,0.000000,0.000000,105.790153,105.790153,141.053537
6968,2015,10,18,8,0.000000,0.000000,0.000000,105.962796,105.962796,141.283729
6969,2015,10,18,9,0.000000,0.000000,0.000000,106.834517,106.834517,142.446023
6970,2015,10,18,10,0.000000,0.000000,0.000000,107.195244,107.195244,142.926992
6971,2015,10,18,11,0.000000,0.000000,0.000000,104.006080,104.006080,138.674774
6972,2015,10,18,12,0.000000,0.000000,0.000000,99.752275,99.752275,133.003034
6973,2015,10,18,13,0.000000,0.000000,0.000000,96.506588,96.506588,128.675451
6974,2015,10,18,14,0.000000,0.000000,0.000000,94.847603,94.847603,126.463470
6975,2015,10,18,15,0.000000,0.000000,0.000000,95.125599,95.125599,126.834132
6976,2015,10,18,16,0.000000,0.000000,0.000000,97.069436,97.069436,129.425914
6977,2015,10,18,17,0.000000,0.000000,0.000000,100.393858,100.393858,133.858477
6978,2015,10,18,18,0.000000,0.000000,0.000000,104.659880,104.659880,139.546507
6979,2015,10,18,19,0.000000,0.000000,0.000000,109.161267,109.161267,145.548356
6980,2015,10,18,20,0.000000,0.000000,0.000000,114.931915,114.931915,153.242554
6981,2015,10,18,21,0.000000,0.000000,0.000000,111.261342,111.261342,148.348456
6982,2015,10,18,22,0.000000,0.000000,0.000000,107.355216,107.355216,143.140289
6983,2015,10,18,23,0.000000,0.000000,0.000000,103.570453,103.570453,138.093938
6984,2015,10,18,24,0.000000,0.000000,0.000000,105.515705,105.515705,140.687606
6985,2015,10,19,1,0.000000,0.000000,0.000000,103.296347,103.296347,137.728462
6986,2015,10,19,2,0.000000,0.000000,0.000000,106.435678,106.435678,141.914237
6987,2015,10,19,3,0.000000,0.000000,0.000000,103.625369,103.625369,138.167158
6988,2015,10,19,4,0.000000,0.000000,0.000000,100.821438,100.821438,134.428583
6989,2015,10,19,5,0.000000,0.000000,0.000000,104.648942,104.648942,139.531922
6990,2015,10,19,6,0.000000,0.000000,0.000000,111.168334,111.168334,148.224445
6991,2015,10,19,7,0.000000,0.000000,0.000000,132.389957,132.389957,176.519943
6992,2015,10,19,8,0.000000,0.000000,0.000000,132.393543,132.393543,176.524725
6993,2015,10,19,9,0.000000,0.000000,0.000000,130.617518,130.617518,174.156691
6994,2015,10,19,10,0.000000,0.000000,0.000000,127.138789,127.138789,169.518385
6995,2015,10,19,11,0.000000,0.000000,0.000000,123.376933,123.376933,164.502578
6996,2015,10,19,12,0.000000,0.000000,0.000000,118.821484,118.821484,158.428645
6997,2015,10,19,13,0.000000,0.000000,0.000000,115.145084,115.145084,153.526779
6998,2015,10,19,14,0.000000,0.000000,0.000000,113.784832,113.784832,151.713110
6999,2015,10,19,15,0.000000,0.000000,0.000000,112.985718,112.985718,150.647624
7000,2015,10,19,16,0.000000,0.000000,0.000000,115.333283,115.333283,153.777711
7001,2015,10,19,17,0.000000,0.000000,0.000000,117.781073,117.781073,157.041430
7002,2015,10,19,18,0.000000,0.000000,0.000000,113.771693,113.771693,151.695591
7003,2015,10,19,19,0.000000,0.000000,0.000000,113.739259,113.739259,151.652345
7004,2015,10,19,20,0.000000,0.000000,0.000000,119.454691,119.454691,159.272921
7005,2015,10,19,21,0.000000,0.000000,0.000000,112.563727,112.563727,150.084970
7006,2015,10,19,22,0.000000,0.000000,0.000000,106.778043,106.778043,142.370724
7007,2015,10,19,23,0.000000,0.000000,0.000000,102.006677,102.006677,136.008903
7008,2015,10,19,24,0.000000,0.000000,0.000000,103.317337,103.317337,137.756450
7009,2015,10,20,1,0.000000,0.000000,0.000000,100.007025,100.007025,133.342700
7010,2015,10,20,2,0.000000,0.000000,0.000000,103.231658,103.231658,137.642210
7011,2015,10,20,3,0.000000,0.000000,0.000000,97.916941,97.916941,130.555921
7012,2015,10,20,4,0.000000,0.000000,0.000000,94.551071,94.551071,126.068095
7013,2015,10,20,5,0.000000,0.000000,0.000000,98.062147,98.062147,130.749530
7014,2015,10,20,6,0.000000,0.000000,0.000000,106.765409,106.765409,142.353878
7015,2015,10,20,7,0.000000,0.000000,0.000000,121.264515,121.264515,161.686020
7016,2015,10,20,8,0.000000,0.000000,0.000000,120.981098,120.981098,161.308131
7017,2015,10,20,9,0.000000,0.000000,0.000000,122.026115,122.026115,162.701487
7018,2015,10,20,10,0.000000,0.000000,0.000000,122.018712,122.018712,162.691616
7019,2015,10,20,11,0.000000,0.000000,0.000000,121.415906,121.415906,161.887875
7020,2015,10,20,12,0.000000,0.000000,0.000000,119.498739,119.498739,159.331652
7021,2015,10,20,13,0.000000,0.000000,0.000000,116.272027,116.272027,155.029369
7022,2015,10,20,14,0.000000,0.000000,0.000000,115.880740,115.880740,154.507653
7023,2015,10,20,15,0.000000,0.000000,0.000000,115.477680,115.477680,153.970241
7024,2015,10,20,16,0.000000,0.000000,0.000000,117.156957,117.156957,156.209276
7025,2015,10,20,17,0.000000,0.000000,0.000000,119.773079,119.773079,159.697438
7026,2015,10,20,18,0.000000,0.000000,0.000000,116.131388,116.131388,154.841851
7027,2015,10,20,19,0.000000,0.000000,0.000000,116.910711,116.910711,155.880948
7028,2015,10,20,20,0.000000,0.000000,0.000000,118.586722,118.586722,158.115630
7029,2015,10,20,21,0.000000,0.000000,0.000000,111.659264,111.659264,148.879018
7030,2015,10,20,22,0.000000,0.000000,0.000000,106.528397,106.528397,142.037863
7031,2015,10,20,23,0.000000,0.000000,0.000000,103.446016,103.446016,137.928021
7032,2015,10,20,24,0.000000,0.000000,0.000000,105.699201,105.699201,140.932268
7033,2015,10,21,1,0.000000,0.000000,0.000000,102.170220,102.170220,136.226959
7034,2015,10,21,2,0.000000,0.000000,0.000000,104.815715,104.815715,139.754286
7035,2015,10,21,3,0.000000,0.000000,0.000000,100.877398,100.877398,134.503197
7036,2015,10,21,4,0.000000,0.000000,0.000000,98.414881,98.414881,131.219842
7037,2015,10,21,5,0.000000,0.000000,0.000000,101.053117,101.053117,134.737490
7038,2015,10,21,6,0.000000,0.000000,0.000000,108.476209,108.476209,144.634946
7039,2015,10,21,7,0.000000,0.000000,0.000000,123.533978,123.533978,164.711971
7040,2015,10,21,8,0.000000,0.000000,0.000000,123.744300,123.744300,164.992400
7041,2015,10,21,9,0.000000,0.000000,0.000000,124.940583,124.940583,166.587444
7042,2015,10,21,10,0.000000,0.000000,0.000000,123.617954,123.617954,164.823939
7043,2015,10,21,11,0.000000,0.000000,0.000000,122.037563,122.037563,162.716751
7044,2015,10,21,12,0.000000,0.000000,0.000000,119.045277,119.045277,158.727036
7045,2015,10,21,13,0.000000,0.000000,0.000000,117.430075,117.430075,156.573434
7046,2015,10,21,14,0.000000,0.000000,0.000000,116.381238,116.381238,155.174983
7047,2015,10,21,15,0.000000,0.000000,0.000000,116.434805,116.434805,155.246407
7048,2015,10,21,16,0.000000,0.000000,0.000000,119.342007,119.342007,159.122675
7049,2015,10,21,17,0.000000,0.000000,0.000000,120.160087,120.160087,160.213449
7050,2015,10,21,18,0.000000,0.000000,0.000000,117.516322,117.516322,156.688430
7051,2015,10,21,19,0.000000,0.000000,0.000000,117.814196,117.814196,157.085595
7052,2015,10,21,20,0.000000,0.000000,0.000000,123.761162,123.761162,165.014882
7053,2015,10,21,21,0.000000,0.000000,0.000000,118.128700,118.128700,157.504933
7054,2015,10,21,22,0.000000,0.000000,0.000000,112.288915,112.288915,149.718554
7055,2015,10,21,23,0.000000,0.000000,0.000000,109.433172,109.433172,145.910897
7056,2015,10,21,24,0.000000,0.000000,0.000000,111.421291,111.421291,148.561721
7057,2015,10,22,1,0.000000,0.000000,0.000000,108.510577,108.510577,144.680770
7058,2015,10,22,2,0.000000,0.000000,0.000000,110.914912,110.914912,147.886550
7059,2015,10,22,3,0.000000,0.000000,0.000000,107.064235,107.064235,142.752313
7060,2015,10,22,4,0.000000,0.000000,0.000000,104.296291,104.296291,139.061722
7061,2015,10,22,5,0.000000,0.000000,0.000000,106.049450,106.049450,141.399267
7062,2015,10,22,6,0.000000,0.000000,0.000000,111.198260,111.198260,148.264346
7063,2015,10,22,7,0.000000,0.000000,0.000000,127.536110,127.536110,170.048147
7064,2015,10,22,8,0.000000,0.000000,0.000000,126.275969,126.275969,168.367959
7065,2015,10,22,9,0.000000,0.000000,0.000000,125.663309,125.663309,167.551078
7066,2015,10,22,10,0.000000,0.000000,0.000000,124.051151,124.051151,165.401535
7067,2015,10,22,11,0.000000,0.000000,0.000000,121.130697,121.130697,161.507596
7068,2015,10,22,12,0.000000,0.000000,0.000000,117.392213,117.392213,156.522951
7069,2015,10,22,13,0.000000,0.000000,0.000000,114.321246,114.321246,152.428328
7070,2015,10,22,14,0.000000,0.000000,0.000000,114.095998,114.095998,152.127998
7071,2015,10,22,15,0.000000,0.000000,0.000000,113.353548,113.353548,151.138064
7072,2015,10,22,16,0.000000,0.000000,0.000000,114.474431,114.474431,152.632574
7073,2015,10,22,17,0.000000,0.000000,0.000000,116.504751,116.504751,155.339668
7074,2015,10,22,18,0.000000,0.000000,0.000000,113.960222,113.960222,151.946963
7075,2015,10,22,19,0.000000,0.000000,0.000000,114.214794,114.214794,152.286392
7076,2015,10,22,20,0.000000,0.000000,0.000000,119.275903,119.275903,159.034538
7077,2015,10,22,21,0.000000,0.000000,0.000000,112.785647,112.785647,150.380863
7078,2015,10,22,22,0.000000,0.000000,0.000000,108.245388,108.245388,144.327183
7079,2015,10,22,23,0.000000,0.000000,0.000000,104.873936,104.873936,139.831915
7080,2015,10,22,24,0.000000,0.000000,0.000000,107.108830,107.108830,142.811774
7081,2015,10,23,1,0.000000,0.000000,0.000000,103.565941,103.565941,138.087921
7082,2015,10,23,2,0.000000,0.000000,0.000000,106.180811,106.180811,141.574414
7083,2015,10,23,3,0.000000,0.000000,0.000000,102.819442,102.819442,137.092590
7084,2015,10,23,4,0.000000,0.000000,0.000000,100.243173,100.243173,133.657564
7085,2015,10,23,5,0.000000,0.000000,0.000000,103.038764,103.038764,137.385018
7086,2015,10,23,6,0.000000,0.000000,0.000000,109.548590,109.548590,146.064787
7087,2015,10,23,7,0.000000,0.000000,0.000000,126.294162,126.294162,168.392217
7088,2015,10,23,8,0.000000,0.000000,0.000000,125.945574,125.945574,167.927432
7089,2015,10,23,9,0.000000,0.000000,0.000000,126.387707,126.387707,168.516942
7090,2015,10,23,10,0.000000,0.000000,0.000000,125.738702,125.738702,167.651603
7091,2015,10,23,11,0.000000,0.000000,0.000000,122.639399,122.639399,163.519199
7092,2015,10,23,12,0.000000,0.000000,0.000000,119.219435,119.219435,158.959247
7093,2015,10,23,13,0.000000,0.000000,0.000000,114.058811,114.058811,152.078415
7094,2015,10,23,14,0.000000,0.000000,0.000000,111.994407,111.994407,149.325875
7095,2015,10,23,15,0.000000,0.000000,0.000000,109.591178,109.591178,146.121570
7096,2015,10,23,16,0.000000,0.000000,0.000000,109.491536,109.491536,145.988714
7097,2015,10,23,17,0.000000,0.000000,0.000000,110.101268,110.101268,146.801691
7098,2015,10,23,18,0.000000,0.000000,0.000000,111.272377,111.272377,148.363169
7099,2015,10,23,19,0.000000,0.000000,0.000000,112.699735,112.699735,150.266314
7100,2015,10,23,20,0.000000,0.000000,0.000000,116.865335,116.865335,155.820447
7101,2015,10,23,21,0.000000,0.000000,0.000000,111.517270,111.517270,148.689694
7102,2015,10,23,22,0.000000,0.000000,0.000000,107.530347,107.530347,143.373796
7103,2015,10,23,23,0.000000,0.000000,0.000000,104.743203,104.743203,139.657604
7104,2015,10,23,24,0.000000,0.000000,0.000000,106.458079,106.458079,141.944105
7105,2015,10,24,1,0.000000,0.000000,0.000000,103.504273,103.504273,138.005697
7106,2015,10,24,2,0.000000,0.000000,0.000000,106.058577,106.058577,141.411435
7107,2015,10,24,3,0.000000,0.000000,0.000000,102.692086,102.692086,136.922781
7108,2015,10,24,4,0.000000,0.000000,0.000000,100.375084,100.375084,133.833446
7109,2015,10,24,5,0.000000,0.000000,0.000000,100.200846,100.200846,133.601128
7110,2015,10,24,6,0.000000,0.000000,0.000000,103.189737,103.189737,137.586316
7111,2015,10,24,7,0.000000,0.000000,0.000000,107.242030,107.242030,142.989373
7112,2015,10,24,8,0.000000,0.000000,0.000000,108.537991,108.537991,144.717322
7113,2015,10,24,9,0.000000,0.000000,0.000000,108.804136,108.804136,145.072182
7114,2015,10,24,10,0.000000,0.000000,0.000000,107.871098,107.871098,143.828131
7115,2015,10,24,11,0.000000,0.000000,0.000000,104.057369,104.057369,138.743158
7116,2015,10,24,12,0.000000,0.000000,0.000000,99.339994,99.339994,132.453326
7117,2015,10,24,13,0.000000,0.000000,0.000000,95.793802,95.793802,127.725069
7118,2015,10,24,14,0.000000,0.000000,0.000000,93.223349,93.223349,124.297799
7119,2015,10,24,15,0.000000,0.000000,0.000000,93.098550,93.098550,124.131400
7120,2015,10,24,16,0.000000,0.000000,0.000000,95.230612,95.230612,126.974149
7121,2015,10,24,17,0.000000,0.000000,0.000000,98.074640,98.074640,130.766186
7122,2015,10,24,18,0.000000,0.000000,0.000000,101.700369,101.700369,135.600493
7123,2015,10,24,19,0.000000,0.000000,0.000000,105.011808,105.011808,140.015744
7124,2015,10,24,20,0.000000,0.000000,0.000000,108.569039,108.569039,144.758719
7125,2015,10,24,21,0.000000,0.000000,0.000000,106.640185,106.640185,142.186914
7126,2015,10,24,22,0.000000,0.000000,0.000000,103.326388,103.326388,137.768517
7127,2015,10,24,23,0.000000,0.000000,0.000000,101.359071,101.359071,135.145428
7128,2015,10,24,24,0.000000,0.000000,0.000000,103.508967,103.508967,138.011957
7129,2015,10,25,1,0.000000,0.000000,0.000000,100.086103,100.086103,133.448137
7130,2015,10,25,2,0.000000,0.000000,0.000000,102.487238,102.487238,136.649651
7131,2015,10,25,3,0.000000,0.000000,0.000000,98.122196,98.122196,130.829595
7132,2015,10,25,4,0.000000,0.000000,0.000000,93.005351,93.005351,124.007135
7133,2015,10,25,5,0.000000,0.000000,0.000000,90.479324,90.479324,120.639099
7134,2015,10,25,6,0.000000,0.000000,0.000000,92.149620,92.149620,122.866160
7135,2015,10,25,7,0.000000,0.000000,0.000000,95.833537,95.833537,127.778049
7136,2015,10,25,8,0.000000,0.000000,0.000000,98.973383,98.973383,131.964511
7137,2015,10,25,9,0.000000,0.000000,0.000000,101.099113,101.099113,134.798817
7138,2015,10,25,10,0.000000,0.000000,0.000000,99.719001,99.719001,132.958667
7139,2015,10,25,11,0.000000,0.000000,0.000000,96.368463,96.368463,128.491284
7140,2015,10,25,12,0.000000,0.000000,0.000000,93.155757,93.155757,124.207675
7141,2015,10,25,13,0.000000,0.000000,0.000000,89.987187,89.987187,119.982917
7142,2015,10,25,14,0.000000,0.000000,0.000000,88.366648,88.366648,117.822198
7143,2015,10,25,15,0.000000,0.000000,0.000000,88.425117,88.425117,117.900155
7144,2015,10,25,16,0.000000,0.000000,0.000000,91.589551,91.589551,122.119401
7145,2015,10,25,17,0.000000,0.000000,0.000000,95.678655,95.678655,127.571541
7146,2015,10,25,18,0.000000,0.000000,0.000000,100.506771,100.506771,134.009028
7147,2015,10,25,19,0.000000,0.000000,0.000000,104.550397,104.550397,139.400529
7148,2015,10,25,20,0.000000,0.000000,0.000000,108.508215,108.508215,144.677620
7149,2015,10,25,21,0.000000,0.000000,0.000000,106.884870,106.884870,142.513160
7150,2015,10,25,22,0.000000,0.000000,0.000000,102.767277,102.767277,137.023035
7151,2015,10,25,23,0.000000,0.000000,0.000000,97.700059,97.700059,130.266746
7152,2015,10,25,24,0.000000,0.000000,0.000000,101.275232,101.275232,135.033642
7153,2015,10,26,1,0.000000,0.000000,0.000000,98.892258,98.892258,131.856344
7154,2015,10,26,2,0.000000,0.000000,0.000000,103.560692,103.560692,138.080923
7155,2015,10,26,3,0.000000,0.000000,0.000000,101.148709,101.148709,134.864946
7156,2015,10,26,4,0.000000,0.000000,0.000000,99.242532,99.242532,132.323377
7157,2015,10,26,5,0.000000,0.000000,0.000000,103.011519,103.011519,137.348692
7158,2015,10,26,6,0.000000,0.000000,0.000000,110.306868,110.306868,147.075824
7159,2015,10,26,7,0.000000,0.000000,0.000000,128.492423,128.492423,171.323230
7160,2015,10,26,8,0.000000,0.000000,0.000000,127.468888,127.468888,169.958518
7161,2015,10,26,9,0.000000,0.000000,0.000000,125.599387,125.599387,167.465849
7162,2015,10,26,10,0.000000,0.000000,0.000000,122.793052,122.793052,163.724069
7163,2015,10,26,11,0.000000,0.000000,0.000000,119.772839,119.772839,159.697119
7164,2015,10,26,12,0.000000,0.000000,0.000000,116.833593,116.833593,155.778123
7165,2015,10,26,13,0.000000,0.000000,0.000000,114.474595,114.474595,152.632794
7166,2015,10,26,14,0.000000,0.000000,0.000000,113.210984,113.210984,150.947979
7167,2015,10,26,15,0.000000,0.000000,0.000000,111.336566,111.336566,148.448754
7168,2015,10,26,16,0.000000,0.000000,0.000000,113.197021,113.197021,150.929362
7169,2015,10,26,17,0.000000,0.000000,0.000000,113.137980,113.137980,150.850640
7170,2015,10,26,18,0.000000,0.000000,0.000000,112.628607,112.628607,150.171475
7171,2015,10,26,19,0.000000,0.000000,0.000000,114.184041,114.184041,152.245388
7172,2015,10,26,20,0.000000,0.000000,0.000000,118.801915,118.801915,158.402553
7173,2015,10,26,21,0.000000,0.000000,0.000000,116.440048,116.440048,155.253398
7174,2015,10,26,22,0.000000,0.000000,0.000000,112.485728,112.485728,149.980971
7175,2015,10,26,23,0.000000,0.000000,0.000000,109.427289,109.427289,145.903051
7176,2015,10,26,24,0.000000,0.000000,0.000000,112.137201,112.137201,149.516267
7177,2015,10,27,1,0.000000,0.000000,0.000000,109.898020,109.898020,146.530693
7178,2015,10,27,2,0.000000,0.000000,0.000000,113.122042,113.122042,150.829389
7179,2015,10,27,3,0.000000,0.000000,0.000000,110.099493,110.099493,146.799324
7180,2015,10,27,4,0.000000,0.000000,0.000000,108.474414,108.474414,144.632552
7181,2015,10,27,5,0.000000,0.000000,0.000000,110.738515,110.738515,147.651354
7182,2015,10,27,6,0.000000,0.000000,0.000000,117.414115,117.414115,156.552153
7183,2015,10,27,7,0.000000,0.000000,0.000000,135.034993,135.034993,180.046657
7184,2015,10,27,8,0.000000,0.000000,0.000000,133.275856,133.275856,177.701141
7185,2015,10,27,9,0.000000,0.000000,0.000000,131.502435,131.502435,175.336580
7186,2015,10,27,10,0.000000,0.000000,0.000000,127.885442,127.885442,170.513922
7187,2015,10,27,11,0.000000,0.000000,0.000000,124.942947,124.942947,166.590596
7188,2015,10,27,12,0.000000,0.000000,0.000000,121.544165,121.544165,162.058887
7189,2015,10,27,13,0.000000,0.000000,0.000000,119.665374,119.665374,159.553833
7190,2015,10,27,14,0.000000,0.000000,0.000000,118.745049,118.745049,158.326732
7191,2015,10,27,15,0.000000,0.000000,0.000000,117.838436,117.838436,157.117914
7192,2015,10,27,16,0.000000,0.000000,0.000000,119.746007,119.746007,159.661343
7193,2015,10,27,17,0.000000,0.000000,0.000000,120.913168,120.913168,161.217557
7194,2015,10,27,18,0.000000,0.000000,0.000000,117.120897,117.120897,156.161195
7195,2015,10,27,19,0.000000,0.000000,0.000000,115.682735,115.682735,154.243646
7196,2015,10,27,20,0.000000,0.000000,0.000000,119.171930,119.171930,158.895907
7197,2015,10,27,21,0.000000,0.000000,0.000000,114.215220,114.215220,152.286959
7198,2015,10,27,22,0.000000,0.000000,0.000000,109.884097,109.884097,146.512129
7199,2015,10,27,23,0.000000,0.000000,0.000000,106.805162,106.805162,142.406882
7200,2015,10,27,24,0.000000,0.000000,0.000000,108.626418,108.626418,144.835224
7201,2015,10,28,1,0.000000,0.000000,0.000000,104.673551,104.673551,139.564734
7202,2015,10,28,2,0.000000,0.000000,0.000000,106.857026,106.857026,142.476035
7203,2015,10,28,3,0.000000,0.000000,0.000000,103.030117,103.030117,137.373489
7204,2015,10,28,4,0.000000,0.000000,0.000000,101.122813,101.122813,134.830417
7205,2015,10,28,5,0.000000,0.000000,0.000000,104.555635,104.555635,139.407514
7206,2015,10,28,6,0.000000,0.000000,0.000000,111.561154,111.561154,148.748205
7207,2015,10,28,7,0.000000,0.000000,0.000000,128.514325,128.514325,171.352433
7208,2015,10,28,8,0.000000,0.000000,0.000000,129.365169,129.365169,172.486892
7209,2015,10,28,9,0.000000,0.000000,0.000000,128.546977,128.546977,171.395969
7210,2015,10,28,10,0.000000,0.000000,0.000000,126.958744,126.958744,169.278326
7211,2015,10,28,11,0.000000,0.000000,0.000000,124.657222,124.657222,166.209629
7212,2015,10,28,12,0.000000,0.000000,0.000000,121.879939,121.879939,162.506585
7213,2015,10,28,13,0.000000,0.000000,0.000000,117.846942,117.846942,157.129255
7214,2015,10,28,14,0.000000,0.000000,0.000000,117.310163,117.310163,156.413551
7215,2015,10,28,15,0.000000,0.000000,0.000000,115.292947,115.292947,153.723929
7216,2015,10,28,16,0.000000,0.000000,0.000000,115.668495,115.668495,154.224660
7217,2015,10,28,17,0.000000,0.000000,0.000000,115.986162,115.986162,154.648216
7218,2015,10,28,18,0.000000,0.000000,0.000000,113.423213,113.423213,151.230951
7219,2015,10,28,19,0.000000,0.000000,0.000000,112.862075,112.862075,150.482766
7220,2015,10,28,20,0.000000,0.000000,0.000000,116.822326,116.822326,155.763102
7221,2015,10,28,21,0.000000,0.000000,0.000000,111.493676,111.493676,148.658234
7222,2015,10,28,22,0.000000,0.000000,0.000000,106.882103,106.882103,142.509471
7223,2015,10,28,23,0.000000,0.000000,0.000000,103.498144,103.498144,137.997525
7224,2015,10,28,24,0.000000,0.000000,0.000000,105.705909,105.705909,140.941212
7225,2015,10,29,1,0.000000,0.000000,0.000000,102.497298,102.497298,136.663064
7226,2015,10,29,2,0.000000,0.000000,0.000000,104.744667,104.744667,139.659555
7227,2015,10,29,3,0.000000,0.000000,0.000000,101.093266,101.093266,134.791022
7228,2015,10,29,4,0.000000,0.000000,0.000000,99.359897,99.359897,132.479862
7229,2015,10,29,5,0.000000,0.000000,0.000000,102.325031,102.325031,136.433375
7230,2015,10,29,6,0.000000,0.000000,0.000000,108.411154,108.411154,144.548206
7231,2015,10,29,7,0.000000,0.000000,0.000000,122.675978,122.675978,163.567970
7232,2015,10,29,8,0.000000,0.000000,0.000000,121.962715,121.962715,162.616953
7233,2015,10,29,9,0.000000,0.000000,0.000000,123.830783,123.830783,165.107710
7234,2015,10,29,10,0.000000,0.000000,0.000000,124.069626,124.069626,165.426168
7235,2015,10,29,11,0.000000,0.000000,0.000000,124.054973,124.054973,165.406631
7236,2015,10,29,12,0.000000,0.000000,0.000000,122.686834,122.686834,163.582446
7237,2015,10,29,13,0.000000,0.000000,0.000000,123.243749,123.243749,164.324999
7238,2015,10,29,14,0.000000,0.000000,0.000000,124.205648,124.205648,165.607530
7239,2015,10,29,15,0.000000,0.000000,0.000000,123.327522,123.327522,164.436696
7240,2015,10,29,16,0.000000,0.000000,0.000000,124.595873,124.595873,166.127831
7241,2015,10,29,17,0.000000,0.000000,0.000000,125.860406,125.860406,167.813875
7242,2015,10,29,18,0.000000,0.000000,0.000000,125.329398,125.329398,167.105864
7243,2015,10,29,19,0.000000,0.000000,0.000000,123.077794,123.077794,164.103726
7244,2015,10,29,20,0.000000,0.000000,0.000000,124.073442,124.073442,165.431256
7245,2015,10,29,21,0.000000,0.000000,0.000000,113.775961,113.775961,151.701281
7246,2015,10,29,22,0.000000,0.000000,0.000000,107.140003,107.140003,142.853337
7247,2015,10,29,23,0.000000,0.000000,0.000000,103.460615,103.460615,137.947487
7248,2015,10,29,24,0.000000,0.000000,0.000000,105.840476,105.840476,141.120634
7249,2015,10,30,1,0.000000,0.000000,0.000000,102.237907,102.237907,136.317209
7250,2015,10,30,2,0.000000,0.000000,0.000000,103.960875,103.960875,138.614499
7251,2015,10,30,3,0.000000,0.000000,0.000000,99.188496,99.188496,132.251328
7252,2015,10,30,4,0.000000,0.000000,0.000000,97.008237,97.008237,129.344316
7253,2015,10,30,5,0.000000,0.000000,0.000000,100.090654,100.090654,133.454205
7254,2015,10,30,6,0.000000,0.000000,0.000000,107.226204,107.226204,142.968272
7255,2015,10,30,7,0.000000,0.000000,0.000000,121.717579,121.717579,162.290106
7256,2015,10,30,8,0.000000,0.000000,0.000000,126.207081,126.207081,168.276108
7257,2015,10,30,9,0.000000,0.000000,0.000000,128.325092,128.325092,171.100123
7258,2015,10,30,10,0.000000,0.000000,0.000000,128.557187,128.557187,171.409583
7259,2015,10,30,11,0.000000,0.000000,0.000000,126.694241,126.694241,168.925654
7260,2015,10,30,12,0.000000,0.000000,0.000000,123.956577,123.956577,165.275436
7261,2015,10,30,13,0.000000,0.000000,0.000000,121.838169,121.838169,162.450893
7262,2015,10,30,14,0.000000,0.000000,0.000000,121.333353,121.333353,161.777804
7263,2015,10,30,15,0.000000,0.000000,0.000000,121.420471,121.420471,161.893961
7264,2015,10,30,16,0.000000,0.000000,0.000000,123.123946,123.123946,164.165261
7265,2015,10,30,17,0.000000,0.000000,0.000000,124.623872,124.623872,166.165162
7266,2015,10,30,18,0.000000,0.000000,0.000000,124.166374,124.166374,165.555165
7267,2015,10,30,19,0.000000,0.000000,0.000000,121.421729,121.421729,161.895638
7268,2015,10,30,20,0.000000,0.000000,0.000000,124.221802,124.221802,165.629069
7269,2015,10,30,21,0.000000,0.000000,0.000000,116.533431,116.533431,155.377909
7270,2015,10,30,22,0.000000,0.000000,0.000000,111.481613,111.481613,148.642151
7271,2015,10,30,23,0.000000,0.000000,0.000000,108.008810,108.008810,144.011747
7272,2015,10,30,24,0.000000,0.000000,0.000000,109.300068,109.300068,145.733425
7273,2015,10,31,1,0.000000,0.000000,0.000000,105.510676,105.510676,140.680902
7274,2015,10,31,2,0.000000,0.000000,0.000000,106.744081,106.744081,142.325441
7275,2015,10,31,3,0.000000,0.000000,0.000000,101.884489,101.884489,135.845985
7276,2015,10,31,4,0.000000,0.000000,0.000000,98.934152,98.934152,131.912202
7277,2015,10,31,5,0.000000,0.000000,0.000000,99.395984,99.395984,132.527978
7278,2015,10,31,6,0.000000,0.000000,0.000000,101.106413,101.106413,134.808550
7279,2015,10,31,7,0.000000,0.000000,0.000000,104.304011,104.304011,139.072014
7280,2015,10,31,8,0.000000,0.000000,0.000000,107.273815,107.273815,143.031753
7281,2015,10,31,9,0.000000,0.000000,0.000000,109.270581,109.270581,145.694108
7282,2015,10,31,10,0.000000,0.000000,0.000000,111.491170,111.491170,148.654894
7283,2015,10,31,11,0.000000,0.000000,0.000000,113.017146,113.017146,150.689528
7284,2015,10,31,12,0.000000,0.000000,0.000000,113.498429,113.498429,151.331239
7285,2015,10,31,13,0.000000,0.000000,0.000000,114.074474,114.074474,152.099299
7286,2015,10,31,14,0.000000,0.000000,0.000000,115.393640,115.393640,153.858187
7287,2015,10,31,15,0.000000,0.000000,0.000000,116.845883,116.845883,155.794511
7288,2015,10,31,16,0.000000,0.000000,0.000000,121.502955,121.502955,162.003940
7289,2015,10,31,17,0.000000,0.000000,0.000000,123.204463,123.204463,164.272618
7290,2015,10,31,18,0.000000,0.000000,0.000000,121.811668,121.811668,162.415557
7291,2015,10,31,19,0.000000,0.000000,0.000000,116.907837,116.907837,155.877116
7292,2015,10,31,20,0.000000,0.000000,0.000000,116.982876,116.982876,155.977168
7293,2015,10,31,21,0.000000,0.000000,0.000000,112.341216,112.341216,149.788288
7294,2015,10,31,22,0.000000,0.000000,0.000000,109.278214,109.278214,145.704286
7295,2015,10,31,23,0.000000,0.000000,0.000000,107.285863,107.285863,143.047818
7296,2015,10,31,24,0.000000,0.000000,0.000000,108.145372,108.145372,144.193830
7297,2015,11,1,1,0.000000,0.000000,0.000000,95.920862,95.920862,127.894483
7298,2015,11,1,2,0.000000,0.000000,0.000000,98.583906,98.583906,131.445209
7299,2015,11,1,3,0.000000,0.000000,0.000000,90.400771,90.400771,120.534361
7300,2015,11,1,4,0.000000,0.000000,0.000000,87.982391,87.982391,117.309855
7301,2015,11,1,5,0.000000,0.000000,0.000000,88.369759,88.369759,117.826345
7302,2015,11,1,6,0.000000,0.000000,0.000000,91.172492,91.172492,121.563322
7303,2015,11,1,7,0.000000,0.000000,0.000000,93.178625,93.178625,124.238167
7304,2015,11,1,8,0.000000,0.000000,0.000000,95.344840,95.344840,127.126453
7305,2015,11,1,9,0.000000,0.000000,0.000000,98.425479,98.425479,131.233972
7306,2015,11,1,10,0.000000,0.000000,0.000000,98.057190,98.057190,130.742920
7307,2015,11,1,11,0.000000,0.000000,0.000000,94.543885,94.543885,126.058513
7308,2015,11,1,12,0.000000,0.000000,0.000000,91.645650,91.645650,122.194200
7309,2015,11,1,13,0.000000,0.000000,0.000000,87.970261,87.970261,117.293682
7310,2015,11,1,14,0.000000,0.000000,0.000000,85.892619,85.892619,114.523493
7311,2015,11,1,15,0.000000,0.000000,0.000000,84.819573,84.819573,113.092764
7312,2015,11,1,16,0.000000,0.000000,0.000000,87.848573,87.848573,117.131431
7313,2015,11,1,17,0.000000,0.000000,0.000000,92.973526,92.973526,123.964701
7314,2015,11,1,18,0.000000,0.000000,0.000000,99.188596,99.188596,132.251462
7315,2015,11,1,19,0.000000,0.000000,0.000000,102.553972,102.553972,136.738629
7316,2015,11,1,20,0.000000,0.000000,0.000000,106.535153,106.535153,142.046871
7317,2015,11,1,21,0.000000,0.000000,0.000000,103.193653,103.193653,137.591538
7318,2015,11,1,22,0.000000,0.000000,0.000000,97.354673,97.354673,129.806231
7319,2015,11,1,23,0.000000,0.000000,0.000000,93.918136,93.918136,125.224181
7320,2015,11,1,24,0.000000,0.000000,0.000000,98.737383,98.737383,131.649844
7321,2015,11,2,1,0.000000,0.000000,0.000000,96.977471,96.977471,129.303295
7322,2015,11,2,2,0.000000,0.000000,0.000000,100.604497,100.604497,134.139330
7323,2015,11,2,3,0.000000,0.000000,0.000000,94.841817,94.841817,126.455756
7324,2015,11,2,4,0.000000,0.000000,0.000000,91.665740,91.665740,122.220986
7325,2015,11,2,5,0.000000,0.000000,0.000000,93.576921,93.576921,124.769228
7326,2015,11,2,6,0.000000,0.000000,0.000000,100.791907,100.791907,134.389209
7327,2015,11,2,7,0.000000,0.000000,0.000000,110.904157,110.904157,147.872209
7328,2015,11,2,8,0.000000,0.000000,0.000000,112.718247,112.718247,150.290996
7329,2015,11,2,9,0.000000,0.000000,0.000000,115.206839,115.206839,153.609119
7330,2015,11,2,10,0.000000,0.000000,0.000000,116.412514,116.412514,155.216685
7331,2015,11,2,11,0.000000,0.000000,0.000000,116.992722,116.992722,155.990297
7332,2015,11,2,12,0.000000,0.000000,0.000000,114.566696,114.566696,152.755594
7333,2015,11,2,13,0.000000,0.000000,0.000000,111.361423,111.361423,148.481897
7334,2015,11,2,14,0.000000,0.000000,0.000000,110.739471,110.739471,147.652628
7335,2015,11,2,15,0.000000,0.000000,0.000000,112.911674,112.911674,150.548898
7336,2015,11,2,16,0.000000,0.000000,0.000000,117.333101,117.333101,156.444134
7337,2015,11,2,17,0.000000,0.000000,0.000000,120.933019,120.933019,161.244026
7338,2015,11,2,18,0.000000,0.000000,0.000000,117.981850,117.981850,157.309134
7339,2015,11,2,19,0.000000,0.000000,0.000000,114.662762,114.662762,152.883683
7340,2015,11,2,20,0.000000,0.000000,0.000000,115.904119,115.904119,154.538825
7341,2015,11,2,21,0.000000,0.000000,0.000000,109.350172,109.350172,145.800229
7342,2015,11,2,22,0.000000,0.000000,0.000000,103.062726,103.062726,137.416968
7343,2015,11,2,23,0.000000,0.000000,0.000000,96.499628,96.499628,128.666171
7344,2015,11,2,24,0.000000,0.000000,0.000000,100.856276,100.856276,134.475035
7345,2015,11,3,1,0.000000,0.000000,0.000000,99.053786,99.053786,132.071714
7346,2015,11,3,2,0.000000,0.000000,0.000000,104.935982,104.935982,139.914643
7347,2015,11,3,3,0.000000,0.000000,0.000000,99.754035,99.754035,133.005380
7348,2015,11,3,4,0.000000,0.000000,0.000000,97.920016,97.920016,130.560021
7349,2015,11,3,5,0.000000,0.000000,0.000000,102.482423,102.482423,136.643230
7350,2015,11,3,6,0.000000,0.000000,0.000000,115.799856,115.799856,154.399808
7351,2015,11,3,7,0.000000,0.000000,0.000000,132.615312,132.615312,176.820416
7352,2015,11,3,8,0.000000,0.000000,0.000000,131.328333,131.328333,175.104444
7353,2015,11,3,9,0.000000,0.000000,0.000000,129.904054,129.904054,173.205405
7354,2015,11,3,10,0.000000,0.000000,0.000000,126.132415,126.132415,168.176553
7355,2015,11,3,11,0.000000,0.000000,0.000000,122.925005,122.925005,163.900007
7356,2015,11,3,12,0.000000,0.000000,0.000000,118.795717,118.795717,158.394290
7357,2015,11,3,13,0.000000,0.000000,0.000000,117.016872,117.016872,156.022495
7358,2015,11,3,14,0.000000,0.000000,0.000000,115.785253,115.785253,154.380337
7359,2015,11,3,15,0.000000,0.000000,0.000000,114.749671,114.749671,152.999561
7360,2015,11,3,16,0.000000,0.000000,0.000000,116.625987,116.625987,155.501317
7361,2015,11,3,17,0.000000,0.000000,0.000000,118.393804,118.393804,157.858405
7362,2015,11,3,18,0.000000,0.000000,0.000000,116.669246,116.669246,155.558995
7363,2015,11,3,19,0.000000,0.000000,0.000000,116.008835,116.008835,154.678447
7364,2015,11,3,20,0.000000,0.000000,0.000000,119.804987,119.804987,159.739982
7365,2015,11,3,21,0.000000,0.000000,0.000000,114.339834,114.339834,152.453112
7366,2015,11,3,22,0.000000,0.000000,0.000000,106.333501,106.333501,141.778001
7367,2015,11,3,23,0.000000,0.000000,0.000000,100.657604,100.657604,134.210139
7368,2015,11,3,24,0.000000,0.000000,0.000000,104.323211,104.323211,139.097615
7369,2015,11,4,1,0.000000,0.000000,0.000000,93.746290,93.746290,124.995053
7370,2015,11,4,2,0.000000,0.000000,0.000000,99.114060,99.114060,132.152080
7371,2015,11,4,3,0.000000,0.000000,0.000000,95.673110,95.673110,127.564147
7372,2015,11,4,4,0.000000,0.000000,0.000000,94.447171,94.447171,125.929561
7373,2015,11,4,5,0.000000,0.000000,0.000000,97.629766,97.629766,130.173021
7374,2015,11,4,6,0.000000,0.000000,0.000000,108.499476,108.499476,144.665968
7375,2015,11,4,7,0.000000,0.000000,0.000000,125.653320,125.653320,167.537760
7376,2015,11,4,8,0.000000,0.000000,0.000000,127.567739,127.567739,170.090318
7377,2015,11,4,9,0.000000,0.000000,0.000000,126.006020,126.006020,168.008026
7378,2015,11,4,10,0.000000,0.000000,0.000000,124.474628,124.474628,165.966170
7379,2015,11,4,11,0.000000,0.000000,0.000000,122.528627,122.528627,163.371503
7380,2015,11,4,12,0.000000,0.000000,0.000000,117.662597,117.662597,156.883462
7381,2015,11,4,13,0.000000,0.000000,0.000000,112.266574,112.266574,149.688765
7382,2015,11,4,14,0.000000,0.000000,0.000000,110.853271,110.853271,147.804361
7383,2015,11,4,15,0.000000,0.000000,0.000000,109.824461,109.824461,146.432615
7384,2015,11,4,16,0.000000,0.000000,0.000000,114.178693,114.178693,152.238257
7385,2015,11,4,17,0.000000,0.000000,0.000000,119.472731,119.472731,159.296974
7386,2015,11,4,18,0.000000,0.000000,0.000000,121.650465,121.650465,162.200620
7387,2015,11,4,19,0.000000,0.000000,0.000000,122.509703,122.509703,163.346271
7388,2015,11,4,20,0.000000,0.000000,0.000000,126.815596,126.815596,169.087461
7389,2015,11,4,21,0.000000,0.000000,0.000000,122.417457,122.417457,163.223275
7390,2015,11,4,22,0.000000,0.000000,0.000000,112.800369,112.800369,150.400492
7391,2015,11,4,23,0.000000,0.000000,0.000000,107.054886,107.054886,142.739848
7392,2015,11,4,24,0.000000,0.000000,0.000000,110.752008,110.752008,147.669345
7393,2015,11,5,1,0.000000,0.000000,0.000000,105.329761,105.329761,140.439681
7394,2015,11,5,2,0.000000,0.000000,0.000000,109.573666,109.573666,146.098222
7395,2015,11,5,3,0.000000,0.000000,0.000000,102.817517,102.817517,137.090023
7396,2015,11,5,4,0.000000,0.000000,0.000000,99.081564,99.081564,132.108753
7397,2015,11,5,5,0.000000,0.000000,0.000000,101.804905,101.804905,135.739874
7398,2015,11,5,6,0.000000,0.000000,0.000000,113.241293,113.241293,150.988390
7399,2015,11,5,7,0.000000,0.000000,0.000000,129.520947,129.520947,172.694596
7400,2015,11,5,8,0.000000,0.000000,0.000000,127.580816,127.580816,170.107755
7401,2015,11,5,9,0.000000,0.000000,0.000000,124.485000,124.485000,165.980000
7402,2015,11,5,10,0.000000,0.000000,0.000000,121.789961,121.789961,162.386615
7403,2015,11,5,11,0.000000,0.000000,0.000000,119.816869,119.816869,159.755826
7404,2015,11,5,12,0.000000,0.000000,0.000000,116.139738,116.139738,154.852984
7405,2015,11,5,13,0.000000,0.000000,0.000000,111.887264,111.887264,149.183019
7406,2015,11,5,14,0.000000,0.000000,0.000000,109.499837,109.499837,145.999782
7407,2015,11,5,15,0.000000,0.000000,0.000000,108.315526,108.315526,144.420701
7408,2015,11,5,16,0.000000,0.000000,0.000000,110.517672,110.517672,147.356896
7409,2015,11,5,17,0.000000,0.000000,0.000000,112.648709,112.648709,150.198279
7410,2015,11,5,18,0.000000,0.000000,0.000000,112.861474,112.861474,150.481965
7411,2015,11,5,19,0.000000,0.000000,0.000000,112.687888,112.687888,150.250517
7412,2015,11,5,20,0.000000,0.000000,0.000000,117.802967,117.802967,157.070622
7413,2015,11,5,21,0.000000,0.000000,0.000000,114.112338,114.112338,152.149784
7414,2015,11,5,22,0.000000,0.000000,0.000000,104.767238,104.767238,139.689651
7415,2015,11,5,23,0.000000,0.000000,0.000000,99.886733,99.886733,133.182310
7416,2015,11,5,24,0.000000,0.000000,0.000000,103.049019,103.049019,137.398692
7417,2015,11,6,1,0.000000,0.000000,0.000000,97.916510,97.916510,130.555346
7418,2015,11,6,2,0.000000,0.000000,0.000000,102.256264,102.256264,136.341686
7419,2015,11,6,3,0.000000,0.000000,0.000000,96.881570,96.881570,129.175426
7420,2015,11,6,4,0.000000,0.000000,0.000000,95.867707,95.867707,127.823609
7421,2015,11,6,5,0.000000,0.000000,0.000000,99.690419,99.690419,132.920559
7422,2015,11,6,6,0.000000,0.000000,0.000000,112.479994,112.479994,149.973325
7423,2015,11,6,7,0.000000,0.000000,0.000000,129.644540,129.644540,172.859386
7424,2015,11,6,8,0.000000,0.000000,0.000000,131.211817,131.211817,174.949090
7425,2015,11,6,9,0.000000,0.000000,0.000000,129.715816,129.715816,172.954421
7426,2015,11,6,10,0.000000,0.000000,0.000000,127.700364,127.700364,170.267152
7427,2015,11,6,11,0.000000,0.000000,0.000000,123.097923,123.097923,164.130563
7428,2015,11,6,12,0.000000,0.000000,0.000000,119.930325,119.930325,159.907100
7429,2015,11,6,13,0.000000,0.000000,0.000000,115.338702,115.338702,153.784936
7430,2015,11,6,14,0.000000,0.000000,0.000000,110.682507,110.682507,147.576676
7431,2015,11,6,15,0.000000,0.000000,0.000000,115.516051,115.516051,154.021401
7432,2015,11,6,16,0.000000,0.000000,0.000000,117.138610,117.138610,156.184813
7433,2015,11,6,17,0.000000,0.000000,0.000000,120.229862,120.229862,160.306483
7434,2015,11,6,18,0.000000,0.000000,0.000000,118.439766,118.439766,157.919689
7435,2015,11,6,19,0.000000,0.000000,0.000000,116.328149,116.328149,155.104199
7436,2015,11,6,20,0.000000,0.000000,0.000000,117.507665,117.507665,156.676886
7437,2015,11,6,21,0.000000,0.000000,0.000000,113.667136,113.667136,151.556182
7438,2015,11,6,22,0.000000,0.000000,0.000000,106.535498,106.535498,142.047330
7439,2015,11,6,23,0.000000,0.000000,0.000000,101.444734,101.444734,135.259645
7440,2015,11,6,24,0.000000,0.000000,0.000000,104.196046,104.196046,138.928062
7441,2015,11,7,1,0.000000,0.000000,0.000000,97.841022,97.841022,130.454696
7442,2015,11,7,2,0.000000,0.000000,0.000000,100.273537,100.273537,133.698049
7443,2015,11,7,3,0.000000,0.000000,0.000000,93.835914,93.835914,125.114551
7444,2015,11,7,4,0.000000,0.000000,0.000000,89.666602,89.666602,119.555470
7445,2015,11,7,5,0.000000,0.000000,0.000000,89.800261,89.800261,119.733682
7446,2015,11,7,6,0.000000,0.000000,0.000000,92.426247,92.426247,123.234996
7447,2015,11,7,7,0.000000,0.000000,0.000000,100.643183,100.643183,134.190910
7448,2015,11,7,8,0.000000,0.000000,0.000000,107.787103,107.787103,143.716137
7449,2015,11,7,9,0.000000,0.000000,0.000000,111.707499,111.707499,148.943333
7450,2015,11,7,10,0.000000,0.000000,0.000000,112.356185,112.356185,149.808246
7451,2015,11,7,11,0.000000,0.000000,0.000000,113.123062,113.123062,150.830750
7452,2015,11,7,12,0.000000,0.000000,0.000000,112.425481,112.425481,149.900641
7453,2015,11,7,13,0.000000,0.000000,0.000000,110.113986,110.113986,146.818648
7454,2015,11,7,14,0.000000,0.000000,0.000000,109.444396,109.444396,145.925861
7455,2015,11,7,15,0.000000,0.000000,0.000000,111.244176,111.244176,148.325568
7456,2015,11,7,16,0.000000,0.000000,0.000000,115.920538,115.920538,154.560718
7457,2015,11,7,17,0.000000,0.000000,0.000000,119.702971,119.702971,159.603962
7458,2015,11,7,18,0.000000,0.000000,0.000000,121.620705,121.620705,162.160940
7459,2015,11,7,19,0.000000,0.000000,0.000000,118.671147,118.671147,158.228196
7460,2015,11,7,20,0.000000,0.000000,0.000000,117.910092,117.910092,157.213456
7461,2015,11,7,21,0.000000,0.000000,0.000000,113.621878,113.621878,151.495837
7462,2015,11,7,22,0.000000,0.000000,0.000000,105.933832,105.933832,141.245110
7463,2015,11,7,23,0.000000,0.000000,0.000000,100.677263,100.677263,134.236351
7464,2015,11,7,24,0.000000,0.000000,0.000000,101.462493,101.462493,135.283324
7465,2015,11,8,1,0.000000,0.000000,0.000000,94.697618,94.697618,126.263491
7466,2015,11,8,2,0.000000,0.000000,0.000000,98.495694,98.495694,131.327592
7467,2015,11,8,3,0.000000,0.000000,0.000000,91.851632,91.851632,122.468842
7468,2015,11,8,4,0.000000,0.000000,0.000000,88.137712,88.137712,117.516950
7469,2015,11,8,5,0.000000,0.000000,0.000000,87.838153,87.838153,117.117538
7470,2015,11,8,6,0.000000,0.000000,0.000000,88.103543,88.103543,117.471391
7471,2015,11,8,7,0.000000,0.000000,0.000000,92.901413,92.901413,123.868551
7472,2015,11,8,8,0.000000,0.000000,0.000000,100.444156,100.444156,133.925541
7473,2015,11,8,9,0.000000,0.000000,0.000000,106.239755,106.239755,141.653007
7474,2015,11,8,10,0.000000,0.000000,0.000000,111.062238,111.062238,148.082984
7475,2015,11,8,11,0.000000,0.000000,0.000000,115.108648,115.108648,153.478197
7476,2015,11,8,12,0.000000,0.000000,0.000000,116.423455,116.423455,155.231273
7477,2015,11,8,13,0.000000,0.000000,0.000000,118.377745,118.377745,157.836993
7478,2015,11,8,14,0.000000,0.000000,0.000000,120.816175,120.816175,161.088233
7479,2015,11,8,15,0.000000,0.000000,0.000000,124.549123,124.549123,166.065498
7480,2015,11,8,16,0.000000,0.000000,0.000000,129.433041,129.433041,172.577387
7481,2015,11,8,17,0.000000,0.000000,0.000000,133.976180,133.976180,178.634907
7482,2015,11,8,18,0.000000,0.000000,0.000000,136.078180,136.078180,181.437574
7483,2015,11,8,19,0.000000,0.000000,0.000000,133.522144,133.522144,178.029525
7484,2015,11,8,20,0.000000,0.000000,0.000000,132.132427,132.132427,176.176569
7485,2015,11,8,21,0.000000,0.000000,0.000000,126.094848,126.094848,168.126464
7486,2015,11,8,22,0.000000,0.000000,0.000000,114.258477,114.258477,152.344635
7487,2015,11,8,23,0.000000,0.000000,0.000000,107.366993,107.366993,143.155991
7488,2015,11,8,24,0.000000,0.000000,0.000000,107.502723,107.502723,143.336963
7489,2015,11,9,1,0.000000,0.000000,0.000000,99.729205,99.729205,132.972273
7490,2015,11,9,2,0.000000,0.000000,0.000000,102.714875,102.714875,136.953166
7491,2015,11,9,3,0.000000,0.000000,0.000000,95.717016,95.717016,127.622688
7492,2015,11,9,4,0.000000,0.000000,0.000000,92.243672,92.243672,122.991562
7493,2015,11,9,5,0.000000,0.000000,0.000000,96.664588,96.664588,128.886118
7494,2015,11,9,6,0.000000,0.000000,0.000000,107.683043,107.683043,143.577391
7495,2015,11,9,7,0.000000,0.000000,0.000000,125.176896,125.176896,166.902528
7496,2015,11,9,8,0.000000,0.000000,0.000000,135.767110,135.767110,181.022813
7497,2015,11,9,9,0.000000,0.000000,0.000000,146.022056,146.022056,194.696075
7498,2015,11,9,10,0.000000,0.000000,0.000000,152.430428,152.430428,203.240570
7499,2015,11,9,11,0.000000,0.000000,0.000000,156.775876,156.775876,209.034502
7500,2015,11,9,12,0.000000,0.000000,0.000000,159.256201,159.256201,212.341601
7501,2015,11,9,13,0.000000,0.000000,0.000000,162.082532,162.082532,216.110042
7502,2015,11,9,14,0.000000,0.000000,0.000000,164.809795,164.809795,219.746394
7503,2015,11,9,15,0.000000,0.000000,0.000000,167.406577,167.406577,223.208769
7504,2015,11,9,16,0.000000,0.000000,0.000000,173.667201,173.667201,231.556268
7505,2015,11,9,17,0.000000,0.000000,0.000000,175.315189,175.315189,233.753585
7506,2015,11,9,18,0.000000,0.000000,0.000000,170.203157,170.203157,226.937543
7507,2015,11,9,19,0.000000,0.000000,0.000000,161.676644,161.676644,215.568859
7508,2015,11,9,20,0.000000,0.000000,0.000000,157.731454,157.731454,210.308606
7509,2015,11,9,21,0.000000,0.000000,0.000000,147.144347,147.144347,196.192463
7510,2015,11,9,22,0.000000,0.000000,0.000000,127.369801,127.369801,169.826401
7511,2015,11,9,23,0.000000,0.000000,0.000000,114.423110,114.423110,152.564146
7512,2015,11,9,24,0.000000,0.000000,0.000000,114.422928,114.422928,152.563904
7513,2015,11,10,1,0.000000,0.000000,0.000000,106.380175,106.380175,141.840234
7514,2015,11,10,2,0.000000,0.000000,0.000000,108.225974,108.225974,144.301298
7515,2015,11,10,3,0.000000,0.000000,0.000000,99.128280,99.128280,132.171040
7516,2015,11,10,4,0.000000,0.000000,0.000000,96.351396,96.351396,128.468528
7517,2015,11,10,5,0.000000,0.000000,0.000000,99.911369,99.911369,133.215158
7518,2015,11,10,6,0.000000,0.000000,0.000000,112.789262,112.789262,150.385683
7519,2015,11,10,7,0.000000,0.000000,0.000000,131.110355,131.110355,174.813807
7520,2015,11,10,8,0.000000,0.000000,0.000000,139.553170,139.553170,186.070894
7521,2015,11,10,9,0.000000,0.000000,0.000000,150.359245,150.359245,200.478993
7522,2015,11,10,10,0.000000,0.000000,0.000000,155.888304,155.888304,207.851072
7523,2015,11,10,11,0.000000,0.000000,0.000000,160.434674,160.434674,213.912899
7524,2015,11,10,12,0.000000,0.000000,0.000000,163.756885,163.756885,218.342513
7525,2015,11,10,13,0.000000,0.000000,0.000000,165.845560,165.845560,221.127414
7526,2015,11,10,14,0.000000,0.000000,0.000000,170.121607,170.121607,226.828810
7527,2015,11,10,15,0.000000,0.000000,0.000000,171.257810,171.257810,228.343747
7528,2015,11,10,16,0.000000,0.000000,0.000000,177.978035,177.978035,237.304047
7529,2015,11,10,17,0.000000,0.000000,0.000000,177.732682,177.732682,236.976909
7530,2015,11,10,18,0.000000,0.000000,0.000000,166.598212,166.598212,222.130950
7531,2015,11,10,19,0.000000,0.000000,0.000000,156.679545,156.679545,208.906060
7532,2015,11,10,20,0.000000,0.000000,0.000000,153.212631,153.212631,204.283508
7533,2015,11,10,21,0.000000,0.000000,0.000000,143.973445,143.973445,191.964593
7534,2015,11,10,22,0.000000,0.000000,0.000000,128.103506,128.103506,170.804675
7535,2015,11,10,23,0.000000,0.000000,0.000000,113.368893,113.368893,151.158524
7536,2015,11,10,24,0.000000,0.000000,0.000000,114.811553,114.811553,153.082071
7537,2015,11,11,1,0.000000,0.000000,0.000000,105.952745,105.952745,141.270327
7538,2015,11,11,2,0.000000,0.000000,0.000000,108.156411,108.156411,144.208548
7539,2015,11,11,3,0.000000,0.000000,0.000000,101.432378,101.432378,135.243171
7540,2015,11,11,4,0.000000,0.000000,0.000000,98.987553,98.987553,131.983405
7541,2015,11,11,5,0.000000,0.000000,0.000000,101.219628,101.219628,134.959504
7542,2015,11,11,6,0.000000,0.000000,0.000000,111.583942,111.583942,148.778589
7543,2015,11,11,7,0.000000,0.000000,0.000000,130.498337,130.498337,173.997783
7544,2015,11,11,8,0.000000,0.000000,0.000000,140.298540,140.298540,187.064719
7545,2015,11,11,9,0.000000,0.000000,0.000000,148.875885,148.875885,198.501180
7546,2015,11,11,10,0.000000,0.000000,0.000000,155.979105,155.979105,207.972140
7547,2015,11,11,11,0.000000,0.000000,0.000000,159.481432,159.481432,212.641909
7548,2015,11,11,12,0.000000,0.000000,0.000000,162.498333,162.498333,216.664444
7549,2015,11,11,13,0.000000,0.000000,0.000000,164.458593,164.458593,219.278124
7550,2015,11,11,14,0.000000,0.000000,0.000000,167.747990,167.747990,223.663987
7551,2015,11,11,15,0.000000,0.000000,0.000000,169.650215,169.650215,226.200286
7552,2015,11,11,16,0.000000,0.000000,0.000000,173.162829,173.162829,230.883772
7553,2015,11,11,17,0.000000,0.000000,0.000000,172.206497,172.206497,229.608662
7554,2015,11,11,18,0.000000,0.000000,0.000000,162.506833,162.506833,216.675778
7555,2015,11,11,19,0.000000,0.000000,0.000000,154.952289,154.952289,206.603052
7556,2015,11,11,20,0.000000,0.000000,0.000000,149.030974,149.030974,198.707965
7557,2015,11,11,21,0.000000,0.000000,0.000000,139.135404,139.135404,185.513872
7558,2015,11,11,22,0.000000,0.000000,0.000000,124.271922,124.271922,165.695896
7559,2015,11,11,23,0.000000,0.000000,0.000000,113.821827,113.821827,151.762436
7560,2015,11,11,24,0.000000,0.000000,0.000000,114.376306,114.376306,152.501741
7561,2015,11,12,1,0.000000,0.000000,0.000000,104.886376,104.886376,139.848502
7562,2015,11,12,2,0.000000,0.000000,0.000000,108.760052,108.760052,145.013402
7563,2015,11,12,3,0.000000,0.000000,0.000000,101.751184,101.751184,135.668245
7564,2015,11,12,4,0.000000,0.000000,0.000000,99.178396,99.178396,132.237861
7565,2015,11,12,5,0.000000,0.000000,0.000000,102.729476,102.729476,136.972634
7566,2015,11,12,6,0.000000,0.000000,0.000000,114.666985,114.666985,152.889313
7567,2015,11,12,7,0.000000,0.000000,0.000000,131.674554,131.674554,175.566071
7568,2015,11,12,8,0.000000,0.000000,0.000000,140.747202,140.747202,187.662937
7569,2015,11,12,9,0.000000,0.000000,0.000000,149.886800,149.886800,199.849066
7570,2015,11,12,10,0.000000,0.000000,0.000000,149.700876,149.700876,199.601168
7571,2015,11,12,11,0.000000,0.000000,0.000000,149.508153,149.508153,199.344204
7572,2015,11,12,12,0.000000,0.000000,0.000000,149.619279,149.619279,199.492372
7573,2015,11,12,13,0.000000,0.000000,0.000000,148.886996,148.886996,198.515994
7574,2015,11,12,14,0.000000,0.000000,0.000000,149.665915,149.665915,199.554553
7575,2015,11,12,15,0.000000,0.000000,0.000000,148.814878,148.814878,198.419838
7576,2015,11,12,16,0.000000,0.000000,0.000000,151.187990,151.187990,201.583986
7577,2015,11,12,17,0.000000,0.000000,0.000000,150.938959,150.938959,201.251946
7578,2015,11,12,18,0.000000,0.000000,0.000000,145.258984,145.258984,193.678645
7579,2015,11,12,19,0.000000,0.000000,0.000000,135.750830,135.750830,181.001107
7580,2015,11,12,20,0.000000,0.000000,0.000000,131.673185,131.673185,175.564246
7581,2015,11,12,21,0.000000,0.000000,0.000000,122.330754,122.330754,163.107672
7582,2015,11,12,22,0.000000,0.000000,0.000000,110.602665,110.602665,147.470220
7583,2015,11,12,23,0.000000,0.000000,0.000000,104.825757,104.825757,139.767677
7584,2015,11,12,24,0.000000,0.000000,0.000000,106.593955,106.593955,142.125273
7585,2015,11,13,1,0.000000,0.000000,0.000000,99.476349,99.476349,132.635133
7586,2015,11,13,2,0.000000,0.000000,0.000000,103.385372,103.385372,137.847163
7587,2015,11,13,3,0.000000,0.000000,0.000000,96.774400,96.774400,129.032534
7588,2015,11,13,4,0.000000,0.000000,0.000000,95.205269,95.205269,126.940358
7589,2015,11,13,5,0.000000,0.000000,0.000000,97.853334,97.853334,130.471112
7590,2015,11,13,6,0.000000,0.000000,0.000000,109.091025,109.091025,145.454700
7591,2015,11,13,7,0.000000,0.000000,0.000000,124.933431,124.933431,166.577908
7592,2015,11,13,8,0.000000,0.000000,0.000000,128.641771,128.641771,171.522362
7593,2015,11,13,9,0.000000,0.000000,0.000000,133.483760,133.483760,177.978347
7594,2015,11,13,10,0.000000,0.000000,0.000000,135.389550,135.389550,180.519400
7595,2015,11,13,11,0.000000,0.000000,0.000000,136.704435,136.704435,182.272580
7596,2015,11,13,12,0.000000,0.000000,0.000000,137.627559,137.627559,183.503412
7597,2015,11,13,13,0.000000,0.000000,0.000000,138.631017,138.631017,184.841356
7598,2015,11,13,14,0.000000,0.000000,0.000000,139.676898,139.676898,186.235864
7599,2015,11,13,15,0.000000,0.000000,0.000000,142.319006,142.319006,189.758674
7600,2015,11,13,16,0.000000,0.000000,0.000000,146.585910,146.585910,195.447880
7601,2015,11,13,17,0.000000,0.000000,0.000000,147.506364,147.506364,196.675152
7602,2015,11,13,18,0.000000,0.000000,0.000000,141.602473,141.602473,188.803298
7603,2015,11,13,19,0.000000,0.000000,0.000000,135.238870,135.238870,180.318493
7604,2015,11,13,20,0.000000,0.000000,0.000000,132.415733,132.415733,176.554310
7605,2015,11,13,21,0.000000,0.000000,0.000000,124.504886,124.504886,166.006515
7606,2015,11,13,22,0.000000,0.000000,0.000000,114.586244,114.586244,152.781659
7607,2015,11,13,23,0.000000,0.000000,0.000000,108.575812,108.575812,144.767750
7608,2015,11,13,24,0.000000,0.000000,0.000000,111.841058,111.841058,149.121410
7609,2015,11,14,1,0.000000,0.000000,0.000000,105.323679,105.323679,140.431572
7610,2015,11,14,2,0.000000,0.000000,0.000000,108.504071,108.504071,144.672095
7611,2015,11,14,3,0.000000,0.000000,0.000000,100.842993,100.842993,134.457324
7612,2015,11,14,4,0.000000,0.000000,0.000000,98.455962,98.455962,131.274616
7613,2015,11,14,5,0.000000,0.000000,0.000000,99.603661,99.603661,132.804881
7614,2015,11,14,6,0.000000,0.000000,0.000000,101.136308,101.136308,134.848411
7615,2015,11,14,7,0.000000,0.000000,0.000000,107.550237,107.550237,143.400315
7616,2015,11,14,8,0.000000,0.000000,0.000000,115.512863,115.512863,154.017150
7617,2015,11,14,9,0.000000,0.000000,0.000000,122.195825,122.195825,162.927766
7618,2015,11,14,10,0.000000,0.000000,0.000000,125.788380,125.788380,167.717839
7619,2015,11,14,11,0.000000,0.000000,0.000000,128.551570,128.551570,171.402093
7620,2015,11,14,12,0.000000,0.000000,0.000000,126.361667,126.361667,168.482223
7621,2015,11,14,13,0.000000,0.000000,0.000000,122.517359,122.517359,163.356478
7622,2015,11,14,14,0.000000,0.000000,0.000000,119.721471,119.721471,159.628628
7623,2015,11,14,15,0.000000,0.000000,0.000000,121.263992,121.263992,161.685322
7624,2015,11,14,16,0.000000,0.000000,0.000000,124.042344,124.042344,165.389792
7625,2015,11,14,17,0.000000,0.000000,0.000000,122.897269,122.897269,163.863026
7626,2015,11,14,18,0.000000,0.000000,0.000000,120.536761,120.536761,160.715681
7627,2015,11,14,19,0.000000,0.000000,0.000000,115.672113,115.672113,154.229484
7628,2015,11,14,20,0.000000,0.000000,0.000000,114.405603,114.405603,152.540804
7629,2015,11,14,21,0.000000,0.000000,0.000000,111.492899,111.492899,148.657199
7630,2015,11,14,22,0.000000,0.000000,0.000000,104.694807,104.694807,139.593076
7631,2015,11,14,23,0.000000,0.000000,0.000000,100.008297,100.008297,133.344396
7632,2015,11,14,24,0.000000,0.000000,0.000000,101.290784,101.290784,135.054378
7633,2015,11,15,1,0.000000,0.000000,0.000000,94.683625,94.683625,126.244834
7634,2015,11,15,2,0.000000,0.000000,0.000000,97.150074,97.150074,129.533432
7635,2015,11,15,3,0.000000,0.000000,0.000000,89.813015,89.813015,119.750687
7636,2015,11,15,4,0.000000,0.000000,0.000000,86.587315,86.587315,115.449754
7637,2015,11,15,5,0.000000,0.000000,0.000000,85.892519,85.892519,114.523359
7638,2015,11,15,6,0.000000,0.000000,0.000000,85.421291,85.421291,113.895054
7639,2015,11,15,7,0.000000,0.000000,0.000000,90.915200,90.915200,121.220267
7640,2015,11,15,8,0.000000,0.000000,0.000000,96.068181,96.068181,128.090909
7641,2015,11,15,9,0.000000,0.000000,0.000000,101.006684,101.006684,134.675579
7642,2015,11,15,10,0.000000,0.000000,0.000000,103.743137,103.743137,138.324182
7643,2015,11,15,11,0.000000,0.000000,0.000000,104.988618,104.988618,139.984824
7644,2015,11,15,12,0.000000,0.000000,0.000000,103.321216,103.321216,137.761621
7645,2015,11,15,13,0.000000,0.000000,0.000000,101.853737,101.853737,135.804983
7646,2015,11,15,14,0.000000,0.000000,0.000000,102.028521,102.028521,136.038028
7647,2015,11,15,15,0.000000,0.000000,0.000000,104.835082,104.835082,139.780110
7648,2015,11,15,16,0.000000,0.000000,0.000000,109.564405,109.564405,146.085873
7649,2015,11,15,17,0.000000,0.000000,0.000000,114.443676,114.443676,152.591568
7650,2015,11,15,18,0.000000,0.000000,0.000000,117.837806,117.837806,157.117074
7651,2015,11,15,19,0.000000,0.000000,0.000000,116.073157,116.073157,154.764210
7652,2015,11,15,20,0.000000,0.000000,0.000000,117.828359,117.828359,157.104478
7653,2015,11,15,21,0.000000,0.000000,0.000000,113.781162,113.781162,151.708216
7654,2015,11,15,22,0.000000,0.000000,0.000000,104.288410,104.288410,139.051214
7655,2015,11,15,23,0.000000,0.000000,0.000000,98.643875,98.643875,131.525167
7656,2015,11,15,24,0.000000,0.000000,0.000000,101.341057,101.341057,135.121410
7657,2015,11,16,1,0.000000,0.000000,0.000000,94.974997,94.974997,126.633329
7658,2015,11,16,2,0.000000,0.000000,0.000000,99.604177,99.604177,132.805569
7659,2015,11,16,3,0.000000,0.000000,0.000000,94.940167,94.940167,126.586889
7660,2015,11,16,4,0.000000,0.000000,0.000000,93.597248,93.597248,124.796330
7661,2015,11,16,5,0.000000,0.000000,0.000000,97.382069,97.382069,129.842758
7662,2015,11,16,6,0.000000,0.000000,0.000000,107.902607,107.902607,143.870142
7663,2015,11,16,7,0.000000,0.000000,0.000000,124.134614,124.134614,165.512819
7664,2015,11,16,8,0.000000,0.000000,0.000000,128.139978,128.139978,170.853304
7665,2015,11,16,9,0.000000,0.000000,0.000000,130.250594,130.250594,173.667459
7666,2015,11,16,10,0.000000,0.000000,0.000000,129.159051,129.159051,172.212068
7667,2015,11,16,11,0.000000,0.000000,0.000000,127.509315,127.509315,170.012420
7668,2015,11,16,12,0.000000,0.000000,0.000000,124.620172,124.620172,166.160229
7669,2015,11,16,13,0.000000,0.000000,0.000000,122.517662,122.517662,163.356883
7670,2015,11,16,14,0.000000,0.000000,0.000000,121.372950,121.372950,161.830600
7671,2015,11,16,15,0.000000,0.000000,0.000000,120.522135,120.522135,160.696180
7672,2015,11,16,16,0.000000,0.000000,0.000000,121.286770,121.286770,161.715694
7673,2015,11,16,17,0.000000,0.000000,0.000000,121.886396,121.886396,162.515194
7674,2015,11,16,18,0.000000,0.000000,0.000000,118.361661,118.361661,157.815547
7675,2015,11,16,19,0.000000,0.000000,0.000000,114.229152,114.229152,152.305536
7676,2015,11,16,20,0.000000,0.000000,0.000000,116.679002,116.679002,155.572003
7677,2015,11,16,21,0.000000,0.000000,0.000000,114.194302,114.194302,152.259070
7678,2015,11,16,22,0.000000,0.000000,0.000000,106.791169,106.791169,142.388226
7679,2015,11,16,23,0.000000,0.000000,0.000000,102.321187,102.321187,136.428249
7680,2015,11,16,24,0.000000,0.000000,0.000000,105.336813,105.336813,140.449084
7681,2015,11,17,1,0.000000,0.000000,0.000000,98.953316,98.953316,131.937755
7682,2015,11,17,2,0.000000,0.000000,0.000000,103.462108,103.462108,137.949477
7683,2015,11,17,3,0.000000,0.000000,0.000000,96.343778,96.343778,128.458371
7684,2015,11,17,4,0.000000,0.000000,0.000000,94.830190,94.830190,126.440254
7685,2015,11,17,5,0.000000,0.000000,0.000000,99.039225,99.039225,132.052301
7686,2015,11,17,6,0.000000,0.000000,0.000000,110.706037,110.706037,147.608049
7687,2015,11,17,7,0.000000,0.000000,0.000000,123.752310,123.752310,165.003081
7688,2015,11,17,8,0.000000,0.000000,0.000000,125.439862,125.439862,167.253149
7689,2015,11,17,9,0.000000,0.000000,0.000000,128.112345,128.112345,170.816460
7690,2015,11,17,10,0.000000,0.000000,0.000000,126.458186,126.458186,168.610914
7691,2015,11,17,11,0.000000,0.000000,0.000000,125.778399,125.778399,167.704531
7692,2015,11,17,12,0.000000,0.000000,0.000000,123.933502,123.933502,165.244669
7693,2015,11,17,13,0.000000,0.000000,0.000000,121.513105,121.513105,162.017473
7694,2015,11,17,14,0.000000,0.000000,0.000000,121.631265,121.631265,162.175021
7695,2015,11,17,15,0.000000,0.000000,0.000000,122.160358,122.160358,162.880478
7696,2015,11,17,16,0.000000,0.000000,0.000000,125.128582,125.128582,166.838109
7697,2015,11,17,17,0.000000,0.000000,0.000000,126.173190,126.173190,168.230920
7698,2015,11,17,18,0.000000,0.000000,0.000000,123.433264,123.433264,164.577685
7699,2015,11,17,19,0.000000,0.000000,0.000000,120.294356,120.294356,160.392474
7700,2015,11,17,20,0.000000,0.000000,0.000000,121.544045,121.544045,162.058726
7701,2015,11,17,21,0.000000,0.000000,0.000000,118.272245,118.272245,157.696327
7702,2015,11,17,22,0.000000,0.000000,0.000000,111.189524,111.189524,148.252698
7703,2015,11,17,23,0.000000,0.000000,0.000000,105.815112,105.815112,141.086816
7704,2015,11,17,24,0.000000,0.000000,0.000000,110.895680,110.895680,147.860906
7705,2015,11,18,1,0.000000,0.000000,0.000000,106.390456,106.390456,141.853942
7706,2015,11,18,2,0.000000,0.000000,0.000000,110.088314,110.088314,146.784419
7707,2015,11,18,3,0.000000,0.000000,0.000000,103.506819,103.506819,138.009092
7708,2015,11,18,4,0.000000,0.000000,0.000000,99.785919,99.785919,133.047892
7709,2015,11,18,5,0.000000,0.000000,0.000000,102.966299,102.966299,137.288399
7710,2015,11,18,6,0.000000,0.000000,0.000000,114.474885,114.474885,152.633181
7711,2015,11,18,7,0.000000,0.000000,0.000000,129.219001,129.219001,172.292001
7712,2015,11,18,8,0.000000,0.000000,0.000000,131.866190,131.866190,175.821586
7713,2015,11,18,9,0.000000,0.000000,0.000000,134.412792,134.412792,179.217056
7714,2015,11,18,10,0.000000,0.000000,0.000000,135.614403,135.614403,180.819204
7715,2015,11,18,11,0.000000,0.000000,0.000000,135.158698,135.158698,180.211597
7716,2015,11,18,12,0.000000,0.000000,0.000000,137.585461,137.585461,183.447281
7717,2015,11,18,13,0.000000,0.000000,0.000000,139.133372,139.133372,185.511162
7718,2015,11,18,14,0.000000,0.000000,0.000000,140.786325,140.786325,187.715099
7719,2015,11,18,15,0.000000,0.000000,0.000000,139.414593,139.414593,185.886124
7720,2015,11,18,16,0.000000,0.000000,0.000000,143.552496,143.552496,191.403328
7721,2015,11,18,17,0.000000,0.000000,0.000000,147.736235,147.736235,196.981647
7722,2015,11,18,18,0.000000,0.000000,0.000000,145.280700,145.280700,193.707600
7723,2015,11,18,19,0.000000,0.000000,0.000000,138.742993,138.742993,184.990657
7724,2015,11,18,20,0.000000,0.000000,0.000000,135.955660,135.955660,181.274214
7725,2015,11,18,21,0.000000,0.000000,0.000000,129.375203,129.375203,172.500271
7726,2015,11,18,22,0.000000,0.000000,0.000000,116.109303,116.109303,154.812404
7727,2015,11,18,23,0.000000,0.000000,0.000000,107.308169,107.308169,143.077558
7728,2015,11,18,24,0.000000,0.000000,0.000000,109.218275,109.218275,145.624367
7729,2015,11,19,1,0.000000,0.000000,0.000000,103.174764,103.174764,137.566352
7730,2015,11,19,2,0.000000,0.000000,0.000000,107.322794,107.322794,143.097059
7731,2015,11,19,3,0.000000,0.000000,0.000000,100.001788,100.001788,133.335717
7732,2015,11,19,4,0.000000,0.000000,0.000000,99.053701,99.053701,132.071601
7733,2015,11,19,5,0.000000,0.000000,0.000000,105.739835,105.739835,140.986447
7734,2015,11,19,6,0.000000,0.000000,0.000000,118.543252,118.543252,158.057670
7735,2015,11,19,7,0.000000,0.000000,0.000000,137.994722,137.994722,183.992963
7736,2015,11,19,8,0.000000,0.000000,0.000000,150.076821,150.076821,200.102427
7737,2015,11,19,9,0.000000,0.000000,0.000000,157.840780,157.840780,210.454374
7738,2015,11,19,10,0.000000,0.000000,0.000000,160.122528,160.122528,213.496703
7739,2015,11,19,11,0.000000,0.000000,0.000000,163.166707,163.166707,217.555609
7740,2015,11,19,12,0.000000,0.000000,0.000000,163.668291,163.668291,218.224388
7741,2015,11,19,13,0.000000,0.000000,0.000000,163.236746,163.236746,217.648995
7742,2015,11,19,14,0.000000,0.000000,0.000000,165.377104,165.377104,220.502805
7743,2015,11,19,15,0.000000,0.000000,0.000000,169.253064,169.253064,225.670751
7744,2015,11,19,16,0.000000,0.000000,0.000000,173.282104,173.282104,231.042805
7745,2015,11,19,17,0.000000,0.000000,0.000000,173.144220,173.144220,230.858960
7746,2015,11,19,18,0.000000,0.000000,0.000000,168.012572,168.012572,224.016763
7747,2015,11,19,19,0.000000,0.000000,0.000000,158.397690,158.397690,211.196920
7748,2015,11,19,20,0.000000,0.000000,0.000000,151.130823,151.130823,201.507764
7749,2015,11,19,21,0.000000,0.000000,0.000000,140.522167,140.522167,187.362889
7750,2015,11,19,22,0.000000,0.000000,0.000000,123.819822,123.819822,165.093096
7751,2015,11,19,23,0.000000,0.000000,0.000000,112.245590,112.245590,149.660787
7752,2015,11,19,24,0.000000,0.000000,0.000000,112.328948,112.328948,149.771930
7753,2015,11,20,1,0.000000,0.000000,0.000000,103.156881,103.156881,137.542508
7754,2015,11,20,2,0.000000,0.000000,0.000000,106.926817,106.926817,142.569089
7755,2015,11,20,3,0.000000,0.000000,0.000000,101.169816,101.169816,134.893088
7756,2015,11,20,4,0.000000,0.000000,0.000000,100.282935,100.282935,133.710580
7757,2015,11,20,5,0.000000,0.000000,0.000000,105.245962,105.245962,140.327950
7758,2015,11,20,6,0.000000,0.000000,0.000000,117.352617,117.352617,156.470156
7759,2015,11,20,7,0.000000,0.000000,0.000000,135.185591,135.185591,180.247455
7760,2015,11,20,8,0.000000,0.000000,0.000000,144.290863,144.290863,192.387818
7761,2015,11,20,9,0.000000,0.000000,0.000000,153.716094,153.716094,204.954792
7762,2015,11,20,10,0.000000,0.000000,0.000000,158.008469,158.008469,210.677958
7763,2015,11,20,11,0.000000,0.000000,0.000000,163.608634,163.608634,218.144845
7764,2015,11,20,12,0.000000,0.000000,0.000000,164.687059,164.687059,219.582745
7765,2015,11,20,13,0.000000,0.000000,0.000000,163.404764,163.404764,217.873018
7766,2015,11,20,14,0.000000,0.000000,0.000000,147.894060,147.894060,197.192080
7767,2015,11,20,15,0.000000,0.000000,0.000000,139.009592,139.009592,185.346123
7768,2015,11,20,16,0.000000,0.000000,0.000000,137.082630,137.082630,182.776840
7769,2015,11,20,17,0.000000,0.000000,0.000000,135.491195,135.491195,180.654927
7770,2015,11,20,18,0.000000,0.000000,0.000000,130.711821,130.711821,174.282428
7771,2015,11,20,19,0.000000,0.000000,0.000000,125.163337,125.163337,166.884449
7772,2015,11,20,20,0.000000,0.000000,0.000000,125.248323,125.248323,166.997764
7773,2015,11,20,21,0.000000,0.000000,0.000000,119.940891,119.940891,159.921187
7774,2015,11,20,22,0.000000,0.000000,0.000000,113.206159,113.206159,150.941545
7775,2015,11,20,23,0.000000,0.000000,0.000000,106.738762,106.738762,142.318349
7776,2015,11,20,24,0.000000,0.000000,0.000000,108.379813,108.379813,144.506417
7777,2015,11,21,1,0.000000,0.000000,0.000000,100.511773,100.511773,134.015698
7778,2015,11,21,2,0.000000,0.000000,0.000000,103.257936,103.257936,137.677248
7779,2015,11,21,3,0.000000,0.000000,0.000000,97.029311,97.029311,129.372414
7780,2015,11,21,4,0.000000,0.000000,0.000000,95.565528,95.565528,127.420705
7781,2015,11,21,5,0.000000,0.000000,0.000000,96.937492,96.937492,129.249989
7782,2015,11,21,6,0.000000,0.000000,0.000000,100.244327,100.244327,133.659103
7783,2015,11,21,7,0.000000,0.000000,0.000000,105.458031,105.458031,140.610708
7784,2015,11,21,8,0.000000,0.000000,0.000000,111.449723,111.449723,148.599630
7785,2015,11,21,9,0.000000,0.000000,0.000000,114.913475,114.913475,153.217966
7786,2015,11,21,10,0.000000,0.000000,0.000000,114.300933,114.300933,152.401243
7787,2015,11,21,11,0.000000,0.000000,0.000000,111.296616,111.296616,148.395488
7788,2015,11,21,12,0.000000,0.000000,0.000000,107.257429,107.257429,143.009905
7789,2015,11,21,13,0.000000,0.000000,0.000000,103.577165,103.577165,138.102887
7790,2015,11,21,14,0.000000,0.000000,0.000000,102.463727,102.463727,136.618302
7791,2015,11,21,15,0.000000,0.000000,0.000000,103.664173,103.664173,138.218898
7792,2015,11,21,16,0.000000,0.000000,0.000000,107.719333,107.719333,143.625777
7793,2015,11,21,17,0.000000,0.000000,0.000000,111.895378,111.895378,149.193837
7794,2015,11,21,18,0.000000,0.000000,0.000000,114.152313,114.152313,152.203084
7795,2015,11,21,19,0.000000,0.000000,0.000000,114.375382,114.375382,152.500509
7796,2015,11,21,20,0.000000,0.000000,0.000000,113.461438,113.461438,151.281918
7797,2015,11,21,21,0.000000,0.000000,0.000000,109.982917,109.982917,146.643890
7798,2015,11,21,22,0.000000,0.000000,0.000000,104.816167,104.816167,139.754890
7799,2015,11,21,23,0.000000,0.000000,0.000000,103.035073,103.035073,137.380097
7800,2015,11,21,24,0.000000,0.000000,0.000000,106.247717,106.247717,141.663623
7801,2015,11,22,1,0.000000,0.000000,0.000000,100.804632,100.804632,134.406176
7802,2015,11,22,2,0.000000,0.000000,0.000000,104.297946,104.297946,139.063928
7803,2015,11,22,3,0.000000,0.000000,0.000000,98.999442,98.999442,131.999256
7804,2015,11,22,4,0.000000,0.000000,0.000000,95.918006,95.918006,127.890675
7805,2015,11,22,5,0.000000,0.000000,0.000000,93.769763,93.769763,125.026351
7806,2015,11,22,6,0.000000,0.000000,0.000000,94.912729,94.912729,126.550305
7807,2015,11,22,7,0.000000,0.000000,0.000000,96.384010,96.384010,128.512014
7808,2015,11,22,8,0.000000,0.000000,0.000000,96.124289,96.124289,128.165718
7809,2015,11,22,9,0.000000,0.000000,0.000000,97.138984,97.138984,129.518645
7810,2015,11,22,10,0.000000,0.000000,0.000000,98.032588,98.032588,130.710117
7811,2015,11,22,11,0.000000,0.000000,0.000000,96.743870,96.743870,128.991827
7812,2015,11,22,12,0.000000,0.000000,0.000000,94.299529,94.299529,125.732705
7813,2015,11,22,13,0.000000,0.000000,0.000000,88.273025,88.273025,117.697366
7814,2015,11,22,14,0.000000,0.000000,0.000000,84.542638,84.542638,112.723517
7815,2015,11,22,15,0.000000,0.000000,0.000000,84.238531,84.238531,112.318042
7816,2015,11,22,16,0.000000,0.000000,0.000000,87.152322,87.152322,116.203096
7817,2015,11,22,17,0.000000,0.000000,0.000000,92.192214,92.192214,122.922952
7818,2015,11,22,18,0.000000,0.000000,0.000000,95.676831,95.676831,127.569108
7819,2015,11,22,19,0.000000,0.000000,0.000000,96.789069,96.789069,129.052092
7820,2015,11,22,20,0.000000,0.000000,0.000000,101.530957,101.530957,135.374610
7821,2015,11,22,21,0.000000,0.000000,0.000000,102.469698,102.469698,136.626264
7822,2015,11,22,22,0.000000,0.000000,0.000000,96.253615,96.253615,128.338154
7823,2015,11,22,23,0.000000,0.000000,0.000000,92.822829,92.822829,123.763771
7824,2015,11,22,24,0.000000,0.000000,0.000000,95.909595,95.909595,127.879460
7825,2015,11,23,1,0.000000,0.000000,0.000000,91.661521,91.661521,122.215361
7826,2015,11,23,2,0.000000,0.000000,0.000000,95.573776,95.573776,127.431701
7827,2015,11,23,3,0.000000,0.000000,0.000000,90.635504,90.635504,120.847339
7828,2015,11,23,4,0.000000,0.000000,0.000000,88.406481,88.406481,117.875309
7829,2015,11,23,5,0.000000,0.000000,0.000000,91.615508,91.615508,122.154010
7830,2015,11,23,6,0.000000,0.000000,0.000000,101.119372,101.119372,134.825829
7831,2015,11,23,7,0.000000,0.000000,0.000000,116.072908,116.072908,154.763877
7832,2015,11,23,8,0.000000,0.000000,0.000000,118.404847,118.404847,157.873129
7833,2015,11,23,9,0.000000,0.000000,0.000000,119.044648,119.044648,158.726197
7834,2015,11,23,10,0.000000,0.000000,0.000000,118.378838,118.378838,157.838451
7835,2015,11,23,11,0.000000,0.000000,0.000000,116.770942,116.770942,155.694589
7836,2015,11,23,12,0.000000,0.000000,0.000000,114.423629,114.423629,152.564839
7837,2015,11,23,13,0.000000,0.000000,0.000000,111.935088,111.935088,149.246784
7838,2015,11,23,14,0.000000,0.000000,0.000000,110.524634,110.524634,147.366178
7839,2015,11,23,15,0.000000,0.000000,0.000000,111.019125,111.019125,148.025501
7840,2015,11,23,16,0.000000,0.000000,0.000000,113.762798,113.762798,151.683731
7841,2015,11,23,17,0.000000,0.000000,0.000000,115.308425,115.308425,153.744566
7842,2015,11,23,18,0.000000,0.000000,0.000000,114.183907,114.183907,152.245209
7843,2015,11,23,19,0.000000,0.000000,0.000000,113.172902,113.172902,150.897203
7844,2015,11,23,20,0.000000,0.000000,0.000000,115.302556,115.302556,153.736741
7845,2015,11,23,21,0.000000,0.000000,0.000000,113.931936,113.931936,151.909247
7846,2015,11,23,22,0.000000,0.000000,0.000000,108.522760,108.522760,144.697013
7847,2015,11,23,23,0.000000,0.000000,0.000000,105.163951,105.163951,140.218601
7848,2015,11,23,24,0.000000,0.000000,0.000000,108.997650,108.997650,145.330200
7849,2015,11,24,1,0.000000,0.000000,0.000000,103.054400,103.054400,137.405866
7850,2015,11,24,2,0.000000,0.000000,0.000000,106.679429,106.679429,142.239239
7851,2015,11,24,3,0.000000,0.000000,0.000000,101.676441,101.676441,135.568587
7852,2015,11,24,4,0.000000,0.000000,0.000000,99.394667,99.394667,132.526223
7853,2015,11,24,5,0.000000,0.000000,0.000000,103.201292,103.201292,137.601723
7854,2015,11,24,6,0.000000,0.000000,0.000000,114.478177,114.478177,152.637569
7855,2015,11,24,7,0.000000,0.000000,0.000000,129.849809,129.849809,173.133079
7856,2015,11,24,8,0.000000,0.000000,0.000000,131.313242,131.313242,175.084323
7857,2015,11,24,9,0.000000,0.000000,0.000000,131.129631,131.129631,174.839508
7858,2015,11,24,10,0.000000,0.000000,0.000000,129.445215,129.445215,172.593620
7859,2015,11,24,11,0.000000,0.000000,0.000000,128.415672,128.415672,171.220896
7860,2015,11,24,12,0.000000,0.000000,0.000000,125.626205,125.626205,167.501607
7861,2015,11,24,13,0.000000,0.000000,0.000000,124.131722,124.131722,165.508962
7862,2015,11,24,14,0.000000,0.000000,0.000000,122.461170,122.461170,163.281560
7863,2015,11,24,15,0.000000,0.000000,0.000000,123.714161,123.714161,164.952214
7864,2015,11,24,16,0.000000,0.000000,0.000000,126.286151,126.286151,168.381534
7865,2015,11,24,17,0.000000,0.000000,0.000000,127.409420,127.409420,169.879227
7866,2015,11,24,18,0.000000,0.000000,0.000000,124.040445,124.040445,165.387259
7867,2015,11,24,19,0.000000,0.000000,0.000000,120.117429,120.117429,160.156572
7868,2015,11,24,20,0.000000,0.000000,0.000000,118.919682,118.919682,158.559576
7869,2015,11,24,21,0.000000,0.000000,0.000000,116.812861,116.812861,155.750481
7870,2015,11,24,22,0.000000,0.000000,0.000000,108.628062,108.628062,144.837416
7871,2015,11,24,23,0.000000,0.000000,0.000000,104.018545,104.018545,138.691394
7872,2015,11,24,24,0.000000,0.000000,0.000000,107.722762,107.722762,143.630349
7873,2015,11,25,1,0.000000,0.000000,0.000000,101.979962,101.979962,135.973283
7874,2015,11,25,2,0.000000,0.000000,0.000000,104.688539,104.688539,139.584719
7875,2015,11,25,3,0.000000,0.000000,0.000000,97.845988,97.845988,130.461317
7876,2015,11,25,4,0.000000,0.000000,0.000000,95.193635,95.193635,126.924847
7877,2015,11,25,5,0.000000,0.000000,0.000000,98.095791,98.095791,130.794388
7878,2015,11,25,6,0.000000,0.000000,0.000000,107.969199,107.969199,143.958932
7879,2015,11,25,7,0.000000,0.000000,0.000000,123.322521,123.322521,164.430027
7880,2015,11,25,8,0.000000,0.000000,0.000000,127.213261,127.213261,169.617682
7881,2015,11,25,9,0.000000,0.000000,0.000000,130.266598,130.266598,173.688798
7882,2015,11,25,10,0.000000,0.000000,0.000000,130.949490,130.949490,174.599321
7883,2015,11,25,11,0.000000,0.000000,0.000000,129.906367,129.906367,173.208489
7884,2015,11,25,12,0.000000,0.000000,0.000000,128.177390,128.177390,170.903187
7885,2015,11,25,13,0.000000,0.000000,0.000000,128.260108,128.260108,171.013478
7886,2015,11,25,14,0.000000,0.000000,0.000000,130.195446,130.195446,173.593928
7887,2015,11,25,15,0.000000,0.000000,0.000000,130.287989,130.287989,173.717318
7888,2015,11,25,16,0.000000,0.000000,0.000000,134.727167,134.727167,179.636222
7889,2015,11,25,17,0.000000,0.000000,0.000000,135.159840,135.159840,180.213121
7890,2015,11,25,18,0.000000,0.000000,0.000000,130.156573,130.156573,173.542097
7891,2015,11,25,19,0.000000,0.000000,0.000000,122.846347,122.846347,163.795130
7892,2015,11,25,20,0.000000,0.000000,0.000000,121.346517,121.346517,161.795356
7893,2015,11,25,21,0.000000,0.000000,0.000000,118.301516,118.301516,157.735355
7894,2015,11,25,22,0.000000,0.000000,0.000000,109.607276,109.607276,146.143035
7895,2015,11,25,23,0.000000,0.000000,0.000000,101.814720,101.814720,135.752960
7896,2015,11,25,24,0.000000,0.000000,0.000000,103.955056,103.955056,138.606742
7897,2015,11,26,1,0.000000,0.000000,0.000000,97.673347,97.673347,130.231129
7898,2015,11,26,2,0.000000,0.000000,0.000000,99.748941,99.748941,132.998588
7899,2015,11,26,3,0.000000,0.000000,0.000000,94.522632,94.522632,126.030176
7900,2015,11,26,4,0.000000,0.000000,0.000000,93.758723,93.758723,125.011631
7901,2015,11,26,5,0.000000,0.000000,0.000000,96.360879,96.360879,128.481172
7902,2015,11,26,6,0.000000,0.000000,0.000000,107.641636,107.641636,143.522181
7903,2015,11,26,7,0.000000,0.000000,0.000000,123.088615,123.088615,164.118153
7904,2015,11,26,8,0.000000,0.000000,0.000000,128.483130,128.483130,171.310840
7905,2015,11,26,9,0.000000,0.000000,0.000000,130.169097,130.169097,173.558796
7906,2015,11,26,10,0.000000,0.000000,0.000000,131.397253,131.397253,175.196337
7907,2015,11,26,11,0.000000,0.000000,0.000000,131.850122,131.850122,175.800162
7908,2015,11,26,12,0.000000,0.000000,0.000000,134.144255,134.144255,178.859007
7909,2015,11,26,13,0.000000,0.000000,0.000000,136.045964,136.045964,181.394619
7910,2015,11,26,14,0.000000,0.000000,0.000000,134.348580,134.348580,179.131440
7911,2015,11,26,15,0.000000,0.000000,0.000000,124.760463,124.760463,166.347284
7912,2015,11,26,16,0.000000,0.000000,0.000000,125.258982,125.258982,167.011976
7913,2015,11,26,17,0.000000,0.000000,0.000000,125.480010,125.480010,167.306680
7914,2015,11,26,18,0.000000,0.000000,0.000000,122.319591,122.319591,163.092788
7915,2015,11,26,19,0.000000,0.000000,0.000000,120.180912,120.180912,160.241216
7916,2015,11,26,20,0.000000,0.000000,0.000000,121.802302,121.802302,162.403069
7917,2015,11,26,21,0.000000,0.000000,0.000000,116.607410,116.607410,155.476547
7918,2015,11,26,22,0.000000,0.000000,0.000000,107.765837,107.765837,143.687782
7919,2015,11,26,23,0.000000,0.000000,0.000000,103.107146,103.107146,137.476195
7920,2015,11,26,24,0.000000,0.000000,0.000000,105.985966,105.985966,141.314621
7921,2015,11,27,1,0.000000,0.000000,0.000000,99.425779,99.425779,132.567705
7922,2015,11,27,2,0.000000,0.000000,0.000000,102.417927,102.417927,136.557236
7923,2015,11,27,3,0.000000,0.000000,0.000000,96.119081,96.119081,128.158774
7924,2015,11,27,4,0.000000,0.000000,0.000000,94.502276,94.502276,126.003035
7925,2015,11,27,5,0.000000,0.000000,0.000000,97.804667,97.804667,130.406222
7926,2015,11,27,6,0.000000,0.000000,0.000000,108.805741,108.805741,145.074321
7927,2015,11,27,7,0.000000,0.000000,0.000000,123.218509,123.218509,164.291345
7928,2015,11,27,8,0.000000,0.000000,0.000000,128.711203,128.711203,171.614937
7929,2015,11,27,9,0.000000,0.000000,0.000000,131.291015,131.291015,175.054687
7930,2015,11,27,10,0.000000,0.000000,0.000000,132.712982,132.712982,176.950642
7931,2015,11,27,11,0.000000,0.000000,0.000000,133.301292,133.301292,177.735056
7932,2015,11,27,12,0.000000,0.000000,0.000000,131.078025,131.078025,174.770699
7933,2015,11,27,13,0.000000,0.000000,0.000000,130.081610,130.081610,173.442147
7934,2015,11,27,14,0.000000,0.000000,0.000000,128.710735,128.710735,171.614313
7935,2015,11,27,15,0.000000,0.000000,0.000000,128.557303,128.557303,171.409737
7936,2015,11,27,16,0.000000,0.000000,0.000000,132.057172,132.057172,176.076229
7937,2015,11,27,17,0.000000,0.000000,0.000000,133.862302,133.862302,178.483069
7938,2015,11,27,18,0.000000,0.000000,0.000000,128.593215,128.593215,171.457621
7939,2015,11,27,19,0.000000,0.000000,0.000000,122.432933,122.432933,163.243910
7940,2015,11,27,20,0.000000,0.000000,0.000000,121.154322,121.154322,161.539097
7941,2015,11,27,21,0.000000,0.000000,0.000000,117.291330,117.291330,156.388440
7942,2015,11,27,22,0.000000,0.000000,0.000000,109.596954,109.596954,146.129273
7943,2015,11,27,23,0.000000,0.000000,0.000000,101.825917,101.825917,135.767889
7944,2015,11,27,24,0.000000,0.000000,0.000000,105.275870,105.275870,140.367826
7945,2015,11,28,1,0.000000,0.000000,0.000000,99.470189,99.470189,132.626919
7946,2015,11,28,2,0.000000,0.000000,0.000000,103.670732,103.670732,138.227643
7947,2015,11,28,3,0.000000,0.000000,0.000000,95.189682,95.189682,126.919576
7948,2015,11,28,4,0.000000,0.000000,0.000000,89.895859,89.895859,119.861146
7949,2015,11,28,5,0.000000,0.000000,0.000000,88.571752,88.571752,118.095670
7950,2015,11,28,6,0.000000,0.000000,0.000000,90.064741,90.064741,120.086321
7951,2015,11,28,7,0.000000,0.000000,0.000000,96.756931,96.756931,129.009241
7952,2015,11,28,8,0.000000,0.000000,0.000000,103.126047,103.126047,137.501395
7953,2015,11,28,9,0.000000,0.000000,0.000000,107.564440,107.564440,143.419253
7954,2015,11,28,10,0.000000,0.000000,0.000000,106.598121,106.598121,142.130829
7955,2015,11,28,11,0.000000,0.000000,0.000000,103.938309,103.938309,138.584412
7956,2015,11,28,12,0.000000,0.000000,0.000000,100.080365,100.080365,133.440486
7957,2015,11,28,13,0.000000,0.000000,0.000000,96.755086,96.755086,129.006781
7958,2015,11,28,14,0.000000,0.000000,0.000000,94.340121,94.340121,125.786828
7959,2015,11,28,15,0.000000,0.000000,0.000000,95.084659,95.084659,126.779546
7960,2015,11,28,16,0.000000,0.000000,0.000000,98.543791,98.543791,131.391721
7961,2015,11,28,17,0.000000,0.000000,0.000000,101.852560,101.852560,135.803413
7962,2015,11,28,18,0.000000,0.000000,0.000000,104.063750,104.063750,138.751667
7963,2015,11,28,19,0.000000,0.000000,0.000000,103.079325,103.079325,137.439100
7964,2015,11,28,20,0.000000,0.000000,0.000000,104.837214,104.837214,139.782952
7965,2015,11,28,21,0.000000,0.000000,0.000000,103.247810,103.247810,137.663747
7966,2015,11,28,22,0.000000,0.000000,0.000000,98.395280,98.395280,131.193707
7967,2015,11,28,23,0.000000,0.000000,0.000000,96.208602,96.208602,128.278136
7968,2015,11,28,24,0.000000,0.000000,0.000000,98.687254,98.687254,131.583006
7969,2015,11,29,1,0.000000,0.000000,0.000000,93.561345,93.561345,124.748459
7970,2015,11,29,2,0.000000,0.000000,0.000000,97.824782,97.824782,130.433043
7971,2015,11,29,3,0.000000,0.000000,0.000000,91.169485,91.169485,121.559314
7972,2015,11,29,4,0.000000,0.000000,0.000000,87.337497,87.337497,116.449997
7973,2015,11,29,5,0.000000,0.000000,0.000000,85.427993,85.427993,113.903991
7974,2015,11,29,6,0.000000,0.000000,0.000000,85.118063,85.118063,113.490751
7975,2015,11,29,7,0.000000,0.000000,0.000000,90.761425,90.761425,121.015234
7976,2015,11,29,8,0.000000,0.000000,0.000000,95.151118,95.151118,126.868158
7977,2015,11,29,9,0.000000,0.000000,0.000000,98.092090,98.092090,130.789453
7978,2015,11,29,10,0.000000,0.000000,0.000000,99.435210,99.435210,132.580279
7979,2015,11,29,11,0.000000,0.000000,0.000000,97.580566,97.580566,130.107422
7980,2015,11,29,12,0.000000,0.000000,0.000000,94.675669,94.675669,126.234225
7981,2015,11,29,13,0.000000,0.000000,0.000000,89.962873,89.962873,119.950497
7982,2015,11,29,14,0.000000,0.000000,0.000000,85.695097,85.695097,114.260129
7983,2015,11,29,15,0.000000,0.000000,0.000000,86.127916,86.127916,114.837221
7984,2015,11,29,16,0.000000,0.000000,0.000000,88.347697,88.347697,117.796930
7985,2015,11,29,17,0.000000,0.000000,0.000000,92.756503,92.756503,123.675337
7986,2015,11,29,18,0.000000,0.000000,0.000000,96.707069,96.707069,128.942758
7987,2015,11,29,19,0.000000,0.000000,0.000000,97.823444,97.823444,130.431259
7988,2015,11,29,20,0.000000,0.000000,0.000000,103.102864,103.102864,137.470486
7989,2015,11,29,21,0.000000,0.000000,0.000000,105.599905,105.599905,140.799874
7990,2015,11,29,22,0.000000,0.000000,0.000000,100.160168,100.160168,133.546890
7991,2015,11,29,23,0.000000,0.000000,0.000000,97.427389,97.427389,129.903185
7992,2015,11,29,24,0.000000,0.000000,0.000000,101.468188,101.468188,135.290918
7993,2015,11,30,1,0.000000,0.000000,0.000000,97.636811,97.636811,130.182415
7994,2015,11,30,2,0.000000,0.000000,0.000000,102.257686,102.257686,136.343582
7995,2015,11,30,3,0.000000,0.000000,0.000000,95.835831,95.835831,127.781108
7996,2015,11,30,4,0.000000,0.000000,0.000000,92.883015,92.883015,123.844020
7997,2015,11,30,5,0.000000,0.000000,0.000000,97.308468,97.308468,129.744624
7998,2015,11,30,6,0.000000,0.000000,0.000000,107.450670,107.450670,143.267561
7999,2015,11,30,7,0.000000,0.000000,0.000000,121.889670,121.889670,162.519560
8000,2015,11,30,8,0.000000,0.000000,0.000000,122.487060,122.487060,163.316080
8001,2015,11,30,9,0.000000,0.000000,0.000000,122.764952,122.764952,163.686602
8002,2015,11,30,10,0.000000,0.000000,0.000000,121.672771,121.672771,162.230361
8003,2015,11,30,11,0.000000,0.000000,0.000000,119.934239,119.934239,159.912318
8004,2015,11,30,12,0.000000,0.000000,0.000000,115.976016,115.976016,154.634688
8005,2015,11,30,13,0.000000,0.000000,0.000000,114.210583,114.210583,152.280777
8006,2015,11,30,14,0.000000,0.000000,0.000000,112.441439,112.441439,149.921919
8007,2015,11,30,15,0.000000,0.000000,0.000000,110.388879,110.388879,147.185171
8008,2015,11,30,16,0.000000,0.000000,0.000000,112.008383,112.008383,149.344511
8009,2015,11,30,17,0.000000,0.000000,0.000000,113.253425,113.253425,151.004567
8010,2015,11,30,18,0.000000,0.000000,0.000000,110.959603,110.959603,147.946138
8011,2015,11,30,19,0.000000,0.000000,0.000000,107.982558,107.982558,143.976744
8012,2015,11,30,20,0.000000,0.000000,0.000000,108.563016,108.563016,144.750688
8013,2015,11,30,21,0.000000,0.000000,0.000000,108.967614,108.967614,145.290152
8014,2015,11,30,22,0.000000,0.000000,0.000000,101.667909,101.667909,135.557212
8015,2015,11,30,23,0.000000,0.000000,0.000000,96.987801,96.987801,129.317068
8016,2015,11,30,24,0.000000,0.000000,0.000000,102.283600,102.283600,136.378134
8017,2015,12,1,1,0.000000,0.000000,0.000000,97.137741,97.137741,129.516988
8018,2015,12,1,2,0.000000,0.000000,0.000000,102.013897,102.013897,136.018530
8019,2015,12,1,3,0.000000,0.000000,0.000000,96.693136,96.693136,128.924181
8020,2015,12,1,4,0.000000,0.000000,0.000000,94.985448,94.985448,126.647264
8021,2015,12,1,5,0.000000,0.000000,0.000000,99.544832,99.544832,132.726443
8022,2015,12,1,6,0.000000,0.000000,0.000000,109.927524,109.927524,146.570032
8023,2015,12,1,7,0.000000,0.000000,0.000000,125.984231,125.984231,167.978974
8024,2015,12,1,8,0.000000,0.000000,0.000000,128.120677,128.120677,170.827569
8025,2015,12,1,9,0.000000,0.000000,0.000000,128.523460,128.523460,171.364614
8026,2015,12,1,10,0.000000,0.000000,0.000000,126.622764,126.622764,168.830352
8027,2015,12,1,11,0.000000,0.000000,0.000000,125.193276,125.193276,166.924368
8028,2015,12,1,12,0.000000,0.000000,0.000000,122.710168,122.710168,163.613557
8029,2015,12,1,13,0.000000,0.000000,0.000000,120.678720,120.678720,160.904960
8030,2015,12,1,14,0.000000,0.000000,0.000000,119.506948,119.506948,159.342597
8031,2015,12,1,15,0.000000,0.000000,0.000000,117.352425,117.352425,156.469900
8032,2015,12,1,16,0.000000,0.000000,0.000000,120.129426,120.129426,160.172568
8033,2015,12,1,17,0.000000,0.000000,0.000000,121.714020,121.714020,162.285360
8034,2015,12,1,18,0.000000,0.000000,0.000000,119.183430,119.183430,158.911239
8035,2015,12,1,19,0.000000,0.000000,0.000000,115.323867,115.323867,153.765156
8036,2015,12,1,20,0.000000,0.000000,0.000000,116.330611,116.330611,155.107482
8037,2015,12,1,21,0.000000,0.000000,0.000000,117.389412,117.389412,156.519216
8038,2015,12,1,22,0.000000,0.000000,0.000000,109.203859,109.203859,145.605145
8039,2015,12,1,23,0.000000,0.000000,0.000000,103.748338,103.748338,138.331118
8040,2015,12,1,24,0.000000,0.000000,0.000000,106.422752,106.422752,141.897003
8041,2015,12,2,1,0.000000,0.000000,0.000000,101.686864,101.686864,135.582485
8042,2015,12,2,2,0.000000,0.000000,0.000000,105.234846,105.234846,140.313127
8043,2015,12,2,3,0.000000,0.000000,0.000000,100.170046,100.170046,133.560061
8044,2015,12,2,4,0.000000,0.000000,0.000000,97.619032,97.619032,130.158710
8045,2015,12,2,5,0.000000,0.000000,0.000000,100.300485,100.300485,133.733980
8046,2015,12,2,6,0.000000,0.000000,0.000000,110.280885,110.280885,147.041181
8047,2015,12,2,7,0.000000,0.000000,0.000000,125.097441,125.097441,166.796589
8048,2015,12,2,8,0.000000,0.000000,0.000000,127.473754,127.473754,169.965005
8049,2015,12,2,9,0.000000,0.000000,0.000000,128.908068,128.908068,171.877424
8050,2015,12,2,10,0.000000,0.000000,0.000000,130.030692,130.030692,173.374255
8051,2015,12,2,11,0.000000,0.000000,0.000000,129.714643,129.714643,172.952857
8052,2015,12,2,12,0.000000,0.000000,0.000000,130.184650,130.184650,173.579533
8053,2015,12,2,13,0.000000,0.000000,0.000000,128.765445,128.765445,171.687260
8054,2015,12,2,14,0.000000,0.000000,0.000000,128.850055,128.850055,171.800074
8055,2015,12,2,15,0.000000,0.000000,0.000000,129.196126,129.196126,172.261501
8056,2015,12,2,16,0.000000,0.000000,0.000000,131.905982,131.905982,175.874643
8057,2015,12,2,17,0.000000,0.000000,0.000000,133.486357,133.486357,177.981810
8058,2015,12,2,18,0.000000,0.000000,0.000000,129.856269,129.856269,173.141692
8059,2015,12,2,19,0.000000,0.000000,0.000000,125.323792,125.323792,167.098390
8060,2015,12,2,20,0.000000,0.000000,0.000000,124.401009,124.401009,165.868012
8061,2015,12,2,21,0.000000,0.000000,0.000000,122.306565,122.306565,163.075420
8062,2015,12,2,22,0.000000,0.000000,0.000000,111.517574,111.517574,148.690099
8063,2015,12,2,23,0.000000,0.000000,0.000000,104.751049,104.751049,139.668065
8064,2015,12,2,24,0.000000,0.000000,0.000000,106.306537,106.306537,141.742050
8065,2015,12,3,1,0.000000,0.000000,0.000000,98.906656,98.906656,131.875542
8066,2015,12,3,2,0.000000,0.000000,0.000000,101.472251,101.472251,135.296335
8067,2015,12,3,3,0.000000,0.000000,0.000000,94.454640,94.454640,125.939520
8068,2015,12,3,4,0.000000,0.000000,0.000000,91.080589,91.080589,121.440785
8069,2015,12,3,5,0.000000,0.000000,0.000000,94.484919,94.484919,125.979892
8070,2015,12,3,6,0.000000,0.000000,0.000000,104.483687,104.483687,139.311583
8071,2015,12,3,7,0.000000,0.000000,0.000000,119.315196,119.315196,159.086928
8072,2015,12,3,8,0.000000,0.000000,0.000000,124.535966,124.535966,166.047954
8073,2015,12,3,9,0.000000,0.000000,0.000000,128.132943,128.132943,170.843924
8074,2015,12,3,10,0.000000,0.000000,0.000000,131.082553,131.082553,174.776738
8075,2015,12,3,11,0.000000,0.000000,0.000000,130.546143,130.546143,174.061524
8076,2015,12,3,12,0.000000,0.000000,0.000000,126.412504,126.412504,168.550005
8077,2015,12,3,13,0.000000,0.000000,0.000000,129.286857,129.286857,172.382476
8078,2015,12,3,14,0.000000,0.000000,0.000000,130.214560,130.214560,173.619414
8079,2015,12,3,15,0.000000,0.000000,0.000000,125.306403,125.306403,167.075204
8080,2015,12,3,16,0.000000,0.000000,0.000000,123.100713,123.100713,164.134284
8081,2015,12,3,17,0.000000,0.000000,0.000000,120.637779,120.637779,160.850371
8082,2015,12,3,18,0.000000,0.000000,0.000000,116.556632,116.556632,155.408843
8083,2015,12,3,19,0.000000,0.000000,0.000000,113.473678,113.473678,151.298238
8084,2015,12,3,20,0.000000,0.000000,0.000000,112.239391,112.239391,149.652522
8085,2015,12,3,21,0.000000,0.000000,0.000000,109.858997,109.858997,146.478663
8086,2015,12,3,22,0.000000,0.000000,0.000000,102.034768,102.034768,136.046357
8087,2015,12,3,23,0.000000,0.000000,0.000000,98.466311,98.466311,131.288415
8088,2015,12,3,24,0.000000,0.000000,0.000000,102.764278,102.764278,137.019037
8089,2015,12,4,1,0.000000,0.000000,0.000000,96.694573,96.694573,128.926098
8090,2015,12,4,2,0.000000,0.000000,0.000000,100.741926,100.741926,134.322568
8091,2015,12,4,3,0.000000,0.000000,0.000000,94.885641,94.885641,126.514188
8092,2015,12,4,4,0.000000,0.000000,0.000000,92.333107,92.333107,123.110810
8093,2015,12,4,5,0.000000,0.000000,0.000000,94.853064,94.853064,126.470752
8094,2015,12,4,6,0.000000,0.000000,0.000000,105.536843,105.536843,140.715791
8095,2015,12,4,7,0.000000,0.000000,0.000000,118.724691,118.724691,158.299588
8096,2015,12,4,8,0.000000,0.000000,0.000000,122.952437,122.952437,163.936583
8097,2015,12,4,9,0.000000,0.000000,0.000000,125.744578,125.744578,167.659437
8098,2015,12,4,10,0.000000,0.000000,0.000000,125.606346,125.606346,167.475128
8099,2015,12,4,11,0.000000,0.000000,0.000000,124.298416,124.298416,165.731221
8100,2015,12,4,12,0.000000,0.000000,0.000000,120.792695,120.792695,161.056927
8101,2015,12,4,13,0.000000,0.000000,0.000000,118.137153,118.137153,157.516205
8102,2015,12,4,14,0.000000,0.000000,0.000000,116.770863,116.770863,155.694484
8103,2015,12,4,15,0.000000,0.000000,0.000000,116.110561,116.110561,154.814081
8104,2015,12,4,16,0.000000,0.000000,0.000000,119.315445,119.315445,159.087260
8105,2015,12,4,17,0.000000,0.000000,0.000000,121.041851,121.041851,161.389135
8106,2015,12,4,18,0.000000,0.000000,0.000000,119.322397,119.322397,159.096529
8107,2015,12,4,19,0.000000,0.000000,0.000000,116.135291,116.135291,154.847055
8108,2015,12,4,20,0.000000,0.000000,0.000000,117.743234,117.743234,156.990979
8109,2015,12,4,21,0.000000,0.000000,0.000000,117.667725,117.667725,156.890300
8110,2015,12,4,22,0.000000,0.000000,0.000000,110.789273,110.789273,147.719030
8111,2015,12,4,23,0.000000,0.000000,0.000000,106.859233,106.859233,142.478977
8112,2015,12,4,24,0.000000,0.000000,0.000000,110.912455,110.912455,147.883273
8113,2015,12,5,1,0.000000,0.000000,0.000000,103.482966,103.482966,137.977287
8114,2015,12,5,2,0.000000,0.000000,0.000000,106.985579,106.985579,142.647439
8115,2015,12,5,3,0.000000,0.000000,0.000000,100.596217,100.596217,134.128289
8116,2015,12,5,4,0.000000,0.000000,0.000000,96.481296,96.481296,128.641728
8117,2015,12,5,5,0.000000,0.000000,0.000000,96.727986,96.727986,128.970648
8118,2015,12,5,6,0.000000,0.000000,0.000000,99.225592,99.225592,132.300790
8119,2015,12,5,7,0.000000,0.000000,0.000000,105.901221,105.901221,141.201628
8120,2015,12,5,8,0.000000,0.000000,0.000000,110.030196,110.030196,146.706928
8121,2015,12,5,9,0.000000,0.000000,0.000000,111.939576,111.939576,149.252768
8122,2015,12,5,10,0.000000,0.000000,0.000000,110.202433,110.202433,146.936577
8123,2015,12,5,11,0.000000,0.000000,0.000000,106.870557,106.870557,142.494076
8124,2015,12,5,12,0.000000,0.000000,0.000000,102.594440,102.594440,136.792587
8125,2015,12,5,13,0.000000,0.000000,0.000000,98.148855,98.148855,130.865140
8126,2015,12,5,14,0.000000,0.000000,0.000000,95.135053,95.135053,126.846737
8127,2015,12,5,15,0.000000,0.000000,0.000000,93.320888,93.320888,124.427851
8128,2015,12,5,16,0.000000,0.000000,0.000000,95.305491,95.305491,127.073988
8129,2015,12,5,17,0.000000,0.000000,0.000000,98.008135,98.008135,130.677513
8130,2015,12,5,18,0.000000,0.000000,0.000000,99.598201,99.598201,132.797601
8131,2015,12,5,19,0.000000,0.000000,0.000000,100.363660,100.363660,133.818213
8132,2015,12,5,20,0.000000,0.000000,0.000000,102.043196,102.043196,136.057595
8133,2015,12,5,21,0.000000,0.000000,0.000000,104.670561,104.670561,139.560747
8134,2015,12,5,22,0.000000,0.000000,0.000000,101.109703,101.109703,134.812937
8135,2015,12,5,23,0.000000,0.000000,0.000000,98.445258,98.445258,131.260344
8136,2015,12,5,24,0.000000,0.000000,0.000000,100.972061,100.972061,134.629414
8137,2015,12,6,1,0.000000,0.000000,0.000000,95.054507,95.054507,126.739343
8138,2015,12,6,2,0.000000,0.000000,0.000000,98.596838,98.596838,131.462451
8139,2015,12,6,3,0.000000,0.000000,0.000000,92.536251,92.536251,123.381668
8140,2015,12,6,4,0.000000,0.000000,0.000000,88.537357,88.537357,118.049810
8141,2015,12,6,5,0.000000,0.000000,0.000000,87.710123,87.710123,116.946831
8142,2015,12,6,6,0.000000,0.000000,0.000000,87.906245,87.906245,117.208327
8143,2015,12,6,7,0.000000,0.000000,0.000000,91.747879,91.747879,122.330506
8144,2015,12,6,8,0.000000,0.000000,0.000000,95.302973,95.302973,127.070631
8145,2015,12,6,9,0.000000,0.000000,0.000000,98.188889,98.188889,130.918519
8146,2015,12,6,10,0.000000,0.000000,0.000000,100.414017,100.414017,133.885356
8147,2015,12,6,11,0.000000,0.000000,0.000000,100.589631,100.589631,134.119508
8148,2015,12,6,12,0.000000,0.000000,0.000000,97.761541,97.761541,130.348721
8149,2015,12,6,13,0.000000,0.000000,0.000000,94.303819,94.303819,125.738425
8150,2015,12,6,14,0.000000,0.000000,0.000000,92.574718,92.574718,123.432958
8151,2015,12,6,15,0.000000,0.000000,0.000000,93.409766,93.409766,124.546355
8152,2015,12,6,16,0.000000,0.000000,0.000000,98.316362,98.316362,131.088483
8153,2015,12,6,17,0.000000,0.000000,0.000000,102.974689,102.974689,137.299585
8154,2015,12,6,18,0.000000,0.000000,0.000000,106.409397,106.409397,141.879196
8155,2015,12,6,19,0.000000,0.000000,0.000000,106.497382,106.497382,141.996509
8156,2015,12,6,20,0.000000,0.000000,0.000000,106.569626,106.569626,142.092835
8157,2015,12,6,21,0.000000,0.000000,0.000000,108.947411,108.947411,145.263215
8158,2015,12,6,22,0.000000,0.000000,0.000000,102.731261,102.731261,136.975015
8159,2015,12,6,23,0.000000,0.000000,0.000000,98.323298,98.323298,131.097731
8160,2015,12,6,24,0.000000,0.000000,0.000000,101.008679,101.008679,134.678239
8161,2015,12,7,1,0.000000,0.000000,0.000000,97.301743,97.301743,129.735657
8162,2015,12,7,2,0.000000,0.000000,0.000000,101.961604,101.961604,135.948806
8163,2015,12,7,3,0.000000,0.000000,0.000000,95.766415,95.766415,127.688553
8164,2015,12,7,4,0.000000,0.000000,0.000000,94.392063,94.392063,125.856084
8165,2015,12,7,5,0.000000,0.000000,0.000000,97.711621,97.711621,130.282161
8166,2015,12,7,6,0.000000,0.000000,0.000000,107.392328,107.392328,143.189771
8167,2015,12,7,7,0.000000,0.000000,0.000000,122.352491,122.352491,163.136655
8168,2015,12,7,8,0.000000,0.000000,0.000000,125.789467,125.789467,167.719290
8169,2015,12,7,9,0.000000,0.000000,0.000000,128.399799,128.399799,171.199732
8170,2015,12,7,10,0.000000,0.000000,0.000000,128.755905,128.755905,171.674541
8171,2015,12,7,11,0.000000,0.000000,0.000000,127.694032,127.694032,170.258709
8172,2015,12,7,12,0.000000,0.000000,0.000000,125.224964,125.224964,166.966618
8173,2015,12,7,13,0.000000,0.000000,0.000000,122.677944,122.677944,163.570591
8174,2015,12,7,14,0.000000,0.000000,0.000000,122.037220,122.037220,162.716293
8175,2015,12,7,15,0.000000,0.000000,0.000000,120.888382,120.888382,161.184509
8176,2015,12,7,16,0.000000,0.000000,0.000000,122.426815,122.426815,163.235754
8177,2015,12,7,17,0.000000,0.000000,0.000000,123.603244,123.603244,164.804325
8178,2015,12,7,18,0.000000,0.000000,0.000000,120.452090,120.452090,160.602787
8179,2015,12,7,19,0.000000,0.000000,0.000000,116.509747,116.509747,155.346329
8180,2015,12,7,20,0.000000,0.000000,0.000000,117.116788,117.116788,156.155718
8181,2015,12,7,21,0.000000,0.000000,0.000000,116.940406,116.940406,155.920541
8182,2015,12,7,22,0.000000,0.000000,0.000000,108.773074,108.773074,145.030766
8183,2015,12,7,23,0.000000,0.000000,0.000000,103.729894,103.729894,138.306526
8184,2015,12,7,24,0.000000,0.000000,0.000000,107.409710,107.409710,143.212947
8185,2015,12,8,1,0.000000,0.000000,0.000000,101.028825,101.028825,134.705100
8186,2015,12,8,2,0.000000,0.000000,0.000000,105.494846,105.494846,140.659795
8187,2015,12,8,3,0.000000,0.000000,0.000000,99.276986,99.276986,132.369315
8188,2015,12,8,4,0.000000,0.000000,0.000000,97.138242,97.138242,129.517656
8189,2015,12,8,5,0.000000,0.000000,0.000000,100.592639,100.592639,134.123518
8190,2015,12,8,6,0.000000,0.000000,0.000000,111.502390,111.502390,148.669854
8191,2015,12,8,7,0.000000,0.000000,0.000000,126.340668,126.340668,168.454224
8192,2015,12,8,8,0.000000,0.000000,0.000000,128.486019,128.486019,171.314693
8193,2015,12,8,9,0.000000,0.000000,0.000000,130.781721,130.781721,174.375629
8194,2015,12,8,10,0.000000,0.000000,0.000000,128.939368,128.939368,171.919157
8195,2015,12,8,11,0.000000,0.000000,0.000000,126.549953,126.549953,168.733270
8196,2015,12,8,12,0.000000,0.000000,0.000000,122.856318,122.856318,163.808424
8197,2015,12,8,13,0.000000,0.000000,0.000000,116.955358,116.955358,155.940477
8198,2015,12,8,14,0.000000,0.000000,0.000000,114.244135,114.244135,152.325513
8199,2015,12,8,15,0.000000,0.000000,0.000000,111.241256,111.241256,148.321674
8200,2015,12,8,16,0.000000,0.000000,0.000000,114.394016,114.394016,152.525355
8201,2015,12,8,17,0.000000,0.000000,0.000000,114.959081,114.959081,153.278775
8202,2015,12,8,18,0.000000,0.000000,0.000000,112.995689,112.995689,150.660918
8203,2015,12,8,19,0.000000,0.000000,0.000000,111.119110,111.119110,148.158814
8204,2015,12,8,20,0.000000,0.000000,0.000000,112.032522,112.032522,149.376696
8205,2015,12,8,21,0.000000,0.000000,0.000000,113.388221,113.388221,151.184294
8206,2015,12,8,22,0.000000,0.000000,0.000000,106.051871,106.051871,141.402495
8207,2015,12,8,23,0.000000,0.000000,0.000000,100.716065,100.716065,134.288087
8208,2015,12,8,24,0.000000,0.000000,0.000000,105.676543,105.676543,140.902057
8209,2015,12,9,1,0.000000,0.000000,0.000000,100.264735,100.264735,133.686313
8210,2015,12,9,2,0.000000,0.000000,0.000000,104.111944,104.111944,138.815926
8211,2015,12,9,3,0.000000,0.000000,0.000000,97.376434,97.376434,129.835245
8212,2015,12,9,4,0.000000,0.000000,0.000000,95.053770,95.053770,126.738360
8213,2015,12,9,5,0.000000,0.000000,0.000000,97.143570,97.143570,129.524760
8214,2015,12,9,6,0.000000,0.000000,0.000000,107.736614,107.736614,143.648818
8215,2015,12,9,7,0.000000,0.000000,0.000000,122.718465,122.718465,163.624619
8216,2015,12,9,8,0.000000,0.000000,0.000000,124.497454,124.497454,165.996605
8217,2015,12,9,9,0.000000,0.000000,0.000000,124.788327,124.788327,166.384436
8218,2015,12,9,10,0.000000,0.000000,0.000000,121.659450,121.659450,162.212600
8219,2015,12,9,11,0.000000,0.000000,0.000000,119.769641,119.769641,159.692855
8220,2015,12,9,12,0.000000,0.000000,0.000000,115.656142,115.656142,154.208190
8221,2015,12,9,13,0.000000,0.000000,0.000000,113.145134,113.145134,150.860179
8222,2015,12,9,14,0.000000,0.000000,0.000000,113.212340,113.212340,150.949787
8223,2015,12,9,15,0.000000,0.000000,0.000000,112.483335,112.483335,149.977780
8224,2015,12,9,16,0.000000,0.000000,0.000000,114.638713,114.638713,152.851617
8225,2015,12,9,17,0.000000,0.000000,0.000000,116.647105,116.647105,155.529473
8226,2015,12,9,18,0.000000,0.000000,0.000000,113.135208,113.135208,150.846944
8227,2015,12,9,19,0.000000,0.000000,0.000000,111.099489,111.099489,148.132653
8228,2015,12,9,20,0.000000,0.000000,0.000000,113.154364,113.154364,150.872485
8229,2015,12,9,21,0.000000,0.000000,0.000000,115.381948,115.381948,153.842597
8230,2015,12,9,22,0.000000,0.000000,0.000000,110.206427,110.206427,146.941902
8231,2015,12,9,23,0.000000,0.000000,0.000000,105.979281,105.979281,141.305707
8232,2015,12,9,24,0.000000,0.000000,0.000000,108.257936,108.257936,144.343914
8233,2015,12,10,1,0.000000,0.000000,0.000000,101.802657,101.802657,135.736876
8234,2015,12,10,2,0.000000,0.000000,0.000000,106.921040,106.921040,142.561386
8235,2015,12,10,3,0.000000,0.000000,0.000000,101.368064,101.368064,135.157419
8236,2015,12,10,4,0.000000,0.000000,0.000000,99.349718,99.349718,132.466290
8237,2015,12,10,5,0.000000,0.000000,0.000000,101.031283,101.031283,134.708377
8238,2015,12,10,6,0.000000,0.000000,0.000000,110.960789,110.960789,147.947718
8239,2015,12,10,7,0.000000,0.000000,0.000000,123.331633,123.331633,164.442177
8240,2015,12,10,8,0.000000,0.000000,0.000000,127.050472,127.050472,169.400629
8241,2015,12,10,9,0.000000,0.000000,0.000000,127.128016,127.128016,169.504022
8242,2015,12,10,10,0.000000,0.000000,0.000000,125.412878,125.412878,167.217171
8243,2015,12,10,11,0.000000,0.000000,0.000000,120.702362,120.702362,160.936483
8244,2015,12,10,12,0.000000,0.000000,0.000000,116.857532,116.857532,155.810043
8245,2015,12,10,13,0.000000,0.000000,0.000000,114.633642,114.633642,152.844856
8246,2015,12,10,14,0.000000,0.000000,0.000000,112.664819,112.664819,150.219758
8247,2015,12,10,15,0.000000,0.000000,0.000000,108.611970,108.611970,144.815960
8248,2015,12,10,16,0.000000,0.000000,0.000000,110.711369,110.711369,147.615159
8249,2015,12,10,17,0.000000,0.000000,0.000000,112.041862,112.041862,149.389150
8250,2015,12,10,18,0.000000,0.000000,0.000000,112.178674,112.178674,149.571566
8251,2015,12,10,19,0.000000,0.000000,0.000000,111.970085,111.970085,149.293447
8252,2015,12,10,20,0.000000,0.000000,0.000000,112.515367,112.515367,150.020489
8253,2015,12,10,21,0.000000,0.000000,0.000000,112.599993,112.599993,150.133324
8254,2015,12,10,22,0.000000,0.000000,0.000000,105.782774,105.782774,141.043698
8255,2015,12,10,23,0.000000,0.000000,0.000000,101.378296,101.378296,135.171061
8256,2015,12,10,24,0.000000,0.000000,0.000000,104.694449,104.694449,139.592599
8257,2015,12,11,1,0.000000,0.000000,0.000000,99.987588,99.987588,133.316784
8258,2015,12,11,2,0.000000,0.000000,0.000000,104.009910,104.009910,138.679880
8259,2015,12,11,3,0.000000,0.000000,0.000000,98.590397,98.590397,131.453862
8260,2015,12,11,4,0.000000,0.000000,0.000000,97.024740,97.024740,129.366320
8261,2015,12,11,5,0.000000,0.000000,0.000000,100.565093,100.565093,134.086791
8262,2015,12,11,6,0.000000,0.000000,0.000000,112.226880,112.226880,149.635840
8263,2015,12,11,7,0.000000,0.000000,0.000000,127.134185,127.134185,169.512247
8264,2015,12,11,8,0.000000,0.000000,0.000000,128.459003,128.459003,171.278671
8265,2015,12,11,9,0.000000,0.000000,0.000000,126.658255,126.658255,168.877673
8266,2015,12,11,10,0.000000,0.000000,0.000000,124.249037,124.249037,165.665382
8267,2015,12,11,11,0.000000,0.000000,0.000000,121.711385,121.711385,162.281847
8268,2015,12,11,12,0.000000,0.000000,0.000000,116.867935,116.867935,155.823914
8269,2015,12,11,13,0.000000,0.000000,0.000000,113.422280,113.422280,151.229706
8270,2015,12,11,14,0.000000,0.000000,0.000000,110.508246,110.508246,147.344328
8271,2015,12,11,15,0.000000,0.000000,0.000000,107.875428,107.875428,143.833904
8272,2015,12,11,16,0.000000,0.000000,0.000000,109.056254,109.056254,145.408338
8273,2015,12,11,17,0.000000,0.000000,0.000000,110.735874,110.735874,147.647832
8274,2015,12,11,18,0.000000,0.000000,0.000000,109.141813,109.141813,145.522417
8275,2015,12,11,19,0.000000,0.000000,0.000000,108.404278,108.404278,144.539037
8276,2015,12,11,20,0.000000,0.000000,0.000000,111.265456,111.265456,148.353941
8277,2015,12,11,21,0.000000,0.000000,0.000000,113.669208,113.669208,151.558944
8278,2015,12,11,22,0.000000,0.000000,0.000000,108.652818,108.652818,144.870424
8279,2015,12,11,23,0.000000,0.000000,0.000000,103.875467,103.875467,138.500623
8280,2015,12,11,24,0.000000,0.000000,0.000000,106.593380,106.593380,142.124507
8281,2015,12,12,1,0.000000,0.000000,0.000000,99.457989,99.457989,132.610652
8282,2015,12,12,2,0.000000,0.000000,0.000000,103.656281,103.656281,138.208375
8283,2015,12,12,3,0.000000,0.000000,0.000000,97.867030,97.867030,130.489373
8284,2015,12,12,4,0.000000,0.000000,0.000000,93.316645,93.316645,124.422193
8285,2015,12,12,5,0.000000,0.000000,0.000000,93.308116,93.308116,124.410821
8286,2015,12,12,6,0.000000,0.000000,0.000000,96.507197,96.507197,128.676263
8287,2015,12,12,7,0.000000,0.000000,0.000000,101.542477,101.542477,135.389969
8288,2015,12,12,8,0.000000,0.000000,0.000000,107.282800,107.282800,143.043733
8289,2015,12,12,9,0.000000,0.000000,0.000000,110.166797,110.166797,146.889063
8290,2015,12,12,10,0.000000,0.000000,0.000000,109.462975,109.462975,145.950633
8291,2015,12,12,11,0.000000,0.000000,0.000000,106.146384,106.146384,141.528512
8292,2015,12,12,12,0.000000,0.000000,0.000000,102.088543,102.088543,136.118058
8293,2015,12,12,13,0.000000,0.000000,0.000000,98.235873,98.235873,130.981163
8294,2015,12,12,14,0.000000,0.000000,0.000000,95.982550,95.982550,127.976733
8295,2015,12,12,15,0.000000,0.000000,0.000000,95.756771,95.756771,127.675695
8296,2015,12,12,16,0.000000,0.000000,0.000000,97.485962,97.485962,129.981283
8297,2015,12,12,17,0.000000,0.000000,0.000000,100.467060,100.467060,133.956080
8298,2015,12,12,18,0.000000,0.000000,0.000000,102.310271,102.310271,136.413695
8299,2015,12,12,19,0.000000,0.000000,0.000000,102.790688,102.790688,137.054251
8300,2015,12,12,20,0.000000,0.000000,0.000000,104.758755,104.758755,139.678340
8301,2015,12,12,21,0.000000,0.000000,0.000000,108.878398,108.878398,145.171198
8302,2015,12,12,22,0.000000,0.000000,0.000000,104.506299,104.506299,139.341732
8303,2015,12,12,23,0.000000,0.000000,0.000000,99.587200,99.587200,132.782933
8304,2015,12,12,24,0.000000,0.000000,0.000000,102.420989,102.420989,136.561319
8305,2015,12,13,1,0.000000,0.000000,0.000000,95.557284,95.557284,127.409712
8306,2015,12,13,2,0.000000,0.000000,0.000000,99.446015,99.446015,132.594686
8307,2015,12,13,3,0.000000,0.000000,0.000000,94.262792,94.262792,125.683723
8308,2015,12,13,4,0.000000,0.000000,0.000000,89.823555,89.823555,119.764741
8309,2015,12,13,5,0.000000,0.000000,0.000000,89.644055,89.644055,119.525406
8310,2015,12,13,6,0.000000,0.000000,0.000000,90.140317,90.140317,120.187089
8311,2015,12,13,7,0.000000,0.000000,0.000000,94.094307,94.094307,125.459075
8312,2015,12,13,8,0.000000,0.000000,0.000000,98.153330,98.153330,130.871107
8313,2015,12,13,9,0.000000,0.000000,0.000000,100.419783,100.419783,133.893044
8314,2015,12,13,10,0.000000,0.000000,0.000000,101.955297,101.955297,135.940396
8315,2015,12,13,11,0.000000,0.000000,0.000000,99.982543,99.982543,133.310057
8316,2015,12,13,12,0.000000,0.000000,0.000000,97.229594,97.229594,129.639458
8317,2015,12,13,13,0.000000,0.000000,0.000000,93.668098,93.668098,124.890797
8318,2015,12,13,14,0.000000,0.000000,0.000000,90.853916,90.853916,121.138555
8319,2015,12,13,15,0.000000,0.000000,0.000000,91.068677,91.068677,121.424903
8320,2015,12,13,16,0.000000,0.000000,0.000000,93.996829,93.996829,125.329106
8321,2015,12,13,17,0.000000,0.000000,0.000000,98.162231,98.162231,130.882975
8322,2015,12,13,18,0.000000,0.000000,0.000000,100.841359,100.841359,134.455145
8323,2015,12,13,19,0.000000,0.000000,0.000000,101.568045,101.568045,135.424060
8324,2015,12,13,20,0.000000,0.000000,0.000000,104.647853,104.647853,139.530471
8325,2015,12,13,21,0.000000,0.000000,0.000000,108.005847,108.005847,144.007796
8326,2015,12,13,22,0.000000,0.000000,0.000000,102.687031,102.687031,136.916042
8327,2015,12,13,23,0.000000,0.000000,0.000000,97.618187,97.618187,130.157583
8328,2015,12,13,24,0.000000,0.000000,0.000000,99.899778,99.899778,133.199703
8329,2015,12,14,1,0.000000,0.000000,0.000000,95.286816,95.286816,127.049088
8330,2015,12,14,2,0.000000,0.000000,0.000000,99.559036,99.559036,132.745381
8331,2015,12,14,3,0.000000,0.000000,0.000000,93.784670,93.784670,125.046227
8332,2015,12,14,4,0.000000,0.000000,0.000000,91.497739,91.497739,121.996986
8333,2015,12,14,5,0.000000,0.000000,0.000000,94.858512,94.858512,126.478016
8334,2015,12,14,6,0.000000,0.000000,0.000000,104.591591,104.591591,139.455455
8335,2015,12,14,7,0.000000,0.000000,0.000000,120.563504,120.563504,160.751339
8336,2015,12,14,8,0.000000,0.000000,0.000000,124.978178,124.978178,166.637570
8337,2015,12,14,9,0.000000,0.000000,0.000000,125.774609,125.774609,167.699479
8338,2015,12,14,10,0.000000,0.000000,0.000000,125.568358,125.568358,167.424477
8339,2015,12,14,11,0.000000,0.000000,0.000000,124.182786,124.182786,165.577047
8340,2015,12,14,12,0.000000,0.000000,0.000000,120.648122,120.648122,160.864162
8341,2015,12,14,13,0.000000,0.000000,0.000000,117.886590,117.886590,157.182120
8342,2015,12,14,14,0.000000,0.000000,0.000000,117.086985,117.086985,156.115979
8343,2015,12,14,15,0.000000,0.000000,0.000000,116.755004,116.755004,155.673339
8344,2015,12,14,16,0.000000,0.000000,0.000000,119.764201,119.764201,159.685601
8345,2015,12,14,17,0.000000,0.000000,0.000000,121.046160,121.046160,161.394879
8346,2015,12,14,18,0.000000,0.000000,0.000000,117.678324,117.678324,156.904432
8347,2015,12,14,19,0.000000,0.000000,0.000000,114.641561,114.641561,152.855414
8348,2015,12,14,20,0.000000,0.000000,0.000000,114.144512,114.144512,152.192683
8349,2015,12,14,21,0.000000,0.000000,0.000000,115.511639,115.511639,154.015519
8350,2015,12,14,22,0.000000,0.000000,0.000000,107.014912,107.014912,142.686550
8351,2015,12,14,23,0.000000,0.000000,0.000000,100.655001,100.655001,134.206669
8352,2015,12,14,24,0.000000,0.000000,0.000000,104.498518,104.498518,139.331357
8353,2015,12,15,1,0.000000,0.000000,0.000000,98.559397,98.559397,131.412529
8354,2015,12,15,2,0.000000,0.000000,0.000000,101.257871,101.257871,135.010494
8355,2015,12,15,3,0.000000,0.000000,0.000000,94.547863,94.547863,126.063817
8356,2015,12,15,4,0.000000,0.000000,0.000000,92.561966,92.561966,123.415955
8357,2015,12,15,5,0.000000,0.000000,0.000000,96.467329,96.467329,128.623106
8358,2015,12,15,6,0.000000,0.000000,0.000000,106.715169,106.715169,142.286891
8359,2015,12,15,7,0.000000,0.000000,0.000000,121.026433,121.026433,161.368577
8360,2015,12,15,8,0.000000,0.000000,0.000000,125.488232,125.488232,167.317643
8361,2015,12,15,9,0.000000,0.000000,0.000000,128.640399,128.640399,171.520532
8362,2015,12,15,10,0.000000,0.000000,0.000000,130.085939,130.085939,173.447919
8363,2015,12,15,11,0.000000,0.000000,0.000000,131.120984,131.120984,174.827978
8364,2015,12,15,12,0.000000,0.000000,0.000000,129.781338,129.781338,173.041784
8365,2015,12,15,13,0.000000,0.000000,0.000000,129.015544,129.015544,172.020725
8366,2015,12,15,14,0.000000,0.000000,0.000000,130.487455,130.487455,173.983273
8367,2015,12,15,15,0.000000,0.000000,0.000000,133.758893,133.758893,178.345190
8368,2015,12,15,16,0.000000,0.000000,0.000000,138.442685,138.442685,184.590246
8369,2015,12,15,17,0.000000,0.000000,0.000000,142.173711,142.173711,189.564947
8370,2015,12,15,18,0.000000,0.000000,0.000000,140.152315,140.152315,186.869753
8371,2015,12,15,19,0.000000,0.000000,0.000000,134.552647,134.552647,179.403529
8372,2015,12,15,20,0.000000,0.000000,0.000000,130.779800,130.779800,174.373066
8373,2015,12,15,21,0.000000,0.000000,0.000000,128.764106,128.764106,171.685474
8374,2015,12,15,22,0.000000,0.000000,0.000000,117.612439,117.612439,156.816585
8375,2015,12,15,23,0.000000,0.000000,0.000000,108.789906,108.789906,145.053208
8376,2015,12,15,24,0.000000,0.000000,0.000000,108.864698,108.864698,145.152930
8377,2015,12,16,1,0.000000,0.000000,0.000000,101.950068,101.950068,135.933424
8378,2015,12,16,2,0.000000,0.000000,0.000000,103.690238,103.690238,138.253651
8379,2015,12,16,3,0.000000,0.000000,0.000000,96.147461,96.147461,128.196615
8380,2015,12,16,4,0.000000,0.000000,0.000000,93.319250,93.319250,124.425667
8381,2015,12,16,5,0.000000,0.000000,0.000000,95.971349,95.971349,127.961799
8382,2015,12,16,6,0.000000,0.000000,0.000000,105.036870,105.036870,140.049160
8383,2015,12,16,7,0.000000,0.000000,0.000000,121.153950,121.153950,161.538599
8384,2015,12,16,8,0.000000,0.000000,0.000000,129.331957,129.331957,172.442610
8385,2015,12,16,9,0.000000,0.000000,0.000000,138.460157,138.460157,184.613542
8386,2015,12,16,10,0.000000,0.000000,0.000000,145.192040,145.192040,193.589387
8387,2015,12,16,11,0.000000,0.000000,0.000000,150.398660,150.398660,200.531546
8388,2015,12,16,12,0.000000,0.000000,0.000000,152.280688,152.280688,203.040918
8389,2015,12,16,13,0.000000,0.000000,0.000000,156.293160,156.293160,208.390879
8390,2015,12,16,14,0.000000,0.000000,0.000000,162.517648,162.517648,216.690197
8391,2015,12,16,15,0.000000,0.000000,0.000000,167.277902,167.277902,223.037203
8392,2015,12,16,16,0.000000,0.000000,0.000000,172.062156,172.062156,229.416208
8393,2015,12,16,17,0.000000,0.000000,0.000000,174.437287,174.437287,232.583050
8394,2015,12,16,18,0.000000,0.000000,0.000000,170.542363,170.542363,227.389818
8395,2015,12,16,19,0.000000,0.000000,0.000000,165.294618,165.294618,220.392824
8396,2015,12,16,20,0.000000,0.000000,0.000000,159.273043,159.273043,212.364057
8397,2015,12,16,21,0.000000,0.000000,0.000000,152.607768,152.607768,203.477024
8398,2015,12,16,22,0.000000,0.000000,0.000000,134.323553,134.323553,179.098071
8399,2015,12,16,23,0.000000,0.000000,0.000000,118.659631,118.659631,158.212841
8400,2015,12,16,24,0.000000,0.000000,0.000000,117.089399,117.089399,156.119199
8401,2015,12,17,1,0.000000,0.000000,0.000000,107.354924,107.354924,143.139899
8402,2015,12,17,2,0.000000,0.000000,0.000000,108.175738,108.175738,144.234317
8403,2015,12,17,3,0.000000,0.000000,0.000000,100.133494,100.133494,133.511326
8404,2015,12,17,4,0.000000,0.000000,0.000000,98.357347,98.357347,131.143129
8405,2015,12,17,5,0.000000,0.000000,0.000000,102.114251,102.114251,136.152335
8406,2015,12,17,6,0.000000,0.000000,0.000000,113.144729,113.144729,150.859638
8407,2015,12,17,7,0.000000,0.000000,0.000000,128.787681,128.787681,171.716908
8408,2015,12,17,8,0.000000,0.000000,0.000000,136.254303,136.254303,181.672403
8409,2015,12,17,9,0.000000,0.000000,0.000000,141.793617,141.793617,189.058156
8410,2015,12,17,10,0.000000,0.000000,0.000000,140.261089,140.261089,187.014785
8411,2015,12,17,11,0.000000,0.000000,0.000000,137.895470,137.895470,183.860627
8412,2015,12,17,12,0.000000,0.000000,0.000000,132.906847,132.906847,177.209129
8413,2015,12,17,13,0.000000,0.000000,0.000000,128.823031,128.823031,171.764042
8414,2015,12,17,14,0.000000,0.000000,0.000000,126.341303,126.341303,168.455070
8415,2015,12,17,15,0.000000,0.000000,0.000000,122.878877,122.878877,163.838503
8416,2015,12,17,16,0.000000,0.000000,0.000000,123.873757,123.873757,165.165010
8417,2015,12,17,17,0.000000,0.000000,0.000000,123.374585,123.374585,164.499447
8418,2015,12,17,18,0.000000,0.000000,0.000000,120.470480,120.470480,160.627306
8419,2015,12,17,19,0.000000,0.000000,0.000000,116.774431,116.774431,155.699241
8420,2015,12,17,20,0.000000,0.000000,0.000000,116.121643,116.121643,154.828857
8421,2015,12,17,21,0.000000,0.000000,0.000000,115.014399,115.014399,153.352532
8422,2015,12,17,22,0.000000,0.000000,0.000000,108.605284,108.605284,144.807046
8423,2015,12,17,23,0.000000,0.000000,0.000000,104.954213,104.954213,139.938951
8424,2015,12,17,24,0.000000,0.000000,0.000000,109.304856,109.304856,145.739809
8425,2015,12,18,1,0.000000,0.000000,0.000000,103.877754,103.877754,138.503673
8426,2015,12,18,2,0.000000,0.000000,0.000000,107.293862,107.293862,143.058483
8427,2015,12,18,3,0.000000,0.000000,0.000000,100.548380,100.548380,134.064506
8428,2015,12,18,4,0.000000,0.000000,0.000000,98.775995,98.775995,131.701327
8429,2015,12,18,5,0.000000,0.000000,0.000000,100.962455,100.962455,134.616607
8430,2015,12,18,6,0.000000,0.000000,0.000000,111.159895,111.159895,148.213194
8431,2015,12,18,7,0.000000,0.000000,0.000000,123.107063,123.107063,164.142751
8432,2015,12,18,8,0.000000,0.000000,0.000000,124.107750,124.107750,165.477001
8433,2015,12,18,9,0.000000,0.000000,0.000000,123.140351,123.140351,164.187135
8434,2015,12,18,10,0.000000,0.000000,0.000000,123.704610,123.704610,164.939480
8435,2015,12,18,11,0.000000,0.000000,0.000000,120.914193,120.914193,161.218924
8436,2015,12,18,12,0.000000,0.000000,0.000000,115.747036,115.747036,154.329381
8437,2015,12,18,13,0.000000,0.000000,0.000000,112.685885,112.685885,150.247847
8438,2015,12,18,14,0.000000,0.000000,0.000000,112.180684,112.180684,149.574245
8439,2015,12,18,15,0.000000,0.000000,0.000000,111.583457,111.583457,148.777942
8440,2015,12,18,16,0.000000,0.000000,0.000000,112.654659,112.654659,150.206212
8441,2015,12,18,17,0.000000,0.000000,0.000000,113.213011,113.213011,150.950682
8442,2015,12,18,18,0.000000,0.000000,0.000000,111.557040,111.557040,148.742720
8443,2015,12,18,19,0.000000,0.000000,0.000000,109.888485,109.888485,146.517980
8444,2015,12,18,20,0.000000,0.000000,0.000000,110.243923,110.243923,146.991897
8445,2015,12,18,21,0.000000,0.000000,0.000000,112.876304,112.876304,150.501738
8446,2015,12,18,22,0.000000,0.000000,0.000000,105.952483,105.952483,141.269977
8447,2015,12,18,23,0.000000,0.000000,0.000000,103.479326,103.479326,137.972435
8448,2015,12,18,24,0.000000,0.000000,0.000000,107.158618,107.158618,142.878157
8449,2015,12,19,1,0.000000,0.000000,0.000000,101.997000,101.997000,135.995999
8450,2015,12,19,2,0.000000,0.000000,0.000000,106.063229,106.063229,141.417639
8451,2015,12,19,3,0.000000,0.000000,0.000000,99.097819,99.097819,132.130425
8452,2015,12,19,4,0.000000,0.000000,0.000000,95.406141,95.406141,127.208188
8453,2015,12,19,5,0.000000,0.000000,0.000000,95.608908,95.608908,127.478543
8454,2015,12,19,6,0.000000,0.000000,0.000000,98.215496,98.215496,130.953994
8455,2015,12,19,7,0.000000,0.000000,0.000000,104.164934,104.164934,138.886579
8456,2015,12,19,8,0.000000,0.000000,0.000000,108.303903,108.303903,144.405204
8457,2015,12,19,9,0.000000,0.000000,0.000000,108.582933,108.582933,144.777244
8458,2015,12,19,10,0.000000,0.000000,0.000000,107.499290,107.499290,143.332387
8459,2015,12,19,11,0.000000,0.000000,0.000000,105.743125,105.743125,140.990833
8460,2015,12,19,12,0.000000,0.000000,0.000000,101.553824,101.553824,135.405099
8461,2015,12,19,13,0.000000,0.000000,0.000000,96.903526,96.903526,129.204702
8462,2015,12,19,14,0.000000,0.000000,0.000000,94.150075,94.150075,125.533433
8463,2015,12,19,15,0.000000,0.000000,0.000000,93.474349,93.474349,124.632466
8464,2015,12,19,16,0.000000,0.000000,0.000000,96.373986,96.373986,128.498647
8465,2015,12,19,17,0.000000,0.000000,0.000000,100.565834,100.565834,134.087778
8466,2015,12,19,18,0.000000,0.000000,0.000000,102.787932,102.787932,137.050576
8467,2015,12,19,19,0.000000,0.000000,0.000000,103.492717,103.492717,137.990290
8468,2015,12,19,20,0.000000,0.000000,0.000000,104.748617,104.748617,139.664823
8469,2015,12,19,21,0.000000,0.000000,0.000000,109.158556,109.158556,145.544741
8470,2015,12,19,22,0.000000,0.000000,0.000000,104.984043,104.984043,139.978724
8471,2015,12,19,23,0.000000,0.000000,0.000000,103.082421,103.082421,137.443228
8472,2015,12,19,24,0.000000,0.000000,0.000000,105.046818,105.046818,140.062424
8473,2015,12,20,1,0.000000,0.000000,0.000000,97.953865,97.953865,130.605154
8474,2015,12,20,2,0.000000,0.000000,0.000000,102.434380,102.434380,136.579173
8475,2015,12,20,3,0.000000,0.000000,0.000000,95.762170,95.762170,127.682893
8476,2015,12,20,4,0.000000,0.000000,0.000000,91.378191,91.378191,121.837588
8477,2015,12,20,5,0.000000,0.000000,0.000000,90.158888,90.158888,120.211850
8478,2015,12,20,6,0.000000,0.000000,0.000000,90.985795,90.985795,121.314394
8479,2015,12,20,7,0.000000,0.000000,0.000000,96.358706,96.358706,128.478275
8480,2015,12,20,8,0.000000,0.000000,0.000000,101.070122,101.070122,134.760162
8481,2015,12,20,9,0.000000,0.000000,0.000000,104.217425,104.217425,138.956566
8482,2015,12,20,10,0.000000,0.000000,0.000000,101.650374,101.650374,135.533832
8483,2015,12,20,11,0.000000,0.000000,0.000000,102.845463,102.845463,137.127284
8484,2015,12,20,12,0.000000,0.000000,0.000000,100.043134,100.043134,133.390845
8485,2015,12,20,13,0.000000,0.000000,0.000000,97.485047,97.485047,129.980062
8486,2015,12,20,14,0.000000,0.000000,0.000000,95.379568,95.379568,127.172758
8487,2015,12,20,15,0.000000,0.000000,0.000000,95.200421,95.200421,126.933894
8488,2015,12,20,16,0.000000,0.000000,0.000000,97.924374,97.924374,130.565831
8489,2015,12,20,17,0.000000,0.000000,0.000000,101.468880,101.468880,135.291840
8490,2015,12,20,18,0.000000,0.000000,0.000000,104.171672,104.171672,138.895563
8491,2015,12,20,19,0.000000,0.000000,0.000000,105.053304,105.053304,140.071072
8492,2015,12,20,20,0.000000,0.000000,0.000000,107.037399,107.037399,142.716531
8493,2015,12,20,21,0.000000,0.000000,0.000000,110.807849,110.807849,147.743799
8494,2015,12,20,22,0.000000,0.000000,0.000000,105.951562,105.951562,141.268749
8495,2015,12,20,23,0.000000,0.000000,0.000000,101.790438,101.790438,135.720583
8496,2015,12,20,24,0.000000,0.000000,0.000000,104.001127,104.001127,138.668170
8497,2015,12,21,1,0.000000,0.000000,0.000000,98.305826,98.305826,131.074435
8498,2015,12,21,2,0.000000,0.000000,0.000000,102.274885,102.274885,136.366513
8499,2015,12,21,3,0.000000,0.000000,0.000000,97.197164,97.197164,129.596218
8500,2015,12,21,4,0.000000,0.000000,0.000000,93.568199,93.568199,124.757598
8501,2015,12,21,5,0.000000,0.000000,0.000000,97.465413,97.465413,129.953884
8502,2015,12,21,6,0.000000,0.000000,0.000000,106.823730,106.823730,142.431640
8503,2015,12,21,7,0.000000,0.000000,0.000000,118.788312,118.788312,158.384416
8504,2015,12,21,8,0.000000,0.000000,0.000000,123.411250,123.411250,164.548334
8505,2015,12,21,9,0.000000,0.000000,0.000000,127.536164,127.536164,170.048219
8506,2015,12,21,10,0.000000,0.000000,0.000000,127.993004,127.993004,170.657339
8507,2015,12,21,11,0.000000,0.000000,0.000000,127.148839,127.148839,169.531786
8508,2015,12,21,12,0.000000,0.000000,0.000000,126.113981,126.113981,168.151974
8509,2015,12,21,13,0.000000,0.000000,0.000000,124.896933,124.896933,166.529244
8510,2015,12,21,14,0.000000,0.000000,0.000000,124.856416,124.856416,166.475221
8511,2015,12,21,15,0.000000,0.000000,0.000000,126.550324,126.550324,168.733765
8512,2015,12,21,16,0.000000,0.000000,0.000000,129.141314,129.141314,172.188418
8513,2015,12,21,17,0.000000,0.000000,0.000000,130.288934,130.288934,173.718578
8514,2015,12,21,18,0.000000,0.000000,0.000000,127.045236,127.045236,169.393647
8515,2015,12,21,19,0.000000,0.000000,0.000000,122.742738,122.742738,163.656984
8516,2015,12,21,20,0.000000,0.000000,0.000000,119.644220,119.644220,159.525627
8517,2015,12,21,21,0.000000,0.000000,0.000000,118.942892,118.942892,158.590523
8518,2015,12,21,22,0.000000,0.000000,0.000000,110.954713,110.954713,147.939618
8519,2015,12,21,23,0.000000,0.000000,0.000000,103.465930,103.465930,137.954573
8520,2015,12,21,24,0.000000,0.000000,0.000000,105.973159,105.973159,141.297545
8521,2015,12,22,1,0.000000,0.000000,0.000000,98.445160,98.445160,131.260214
8522,2015,12,22,2,0.000000,0.000000,0.000000,102.351933,102.351933,136.469244
8523,2015,12,22,3,0.000000,0.000000,0.000000,96.209892,96.209892,128.279855
8524,2015,12,22,4,0.000000,0.000000,0.000000,93.377483,93.377483,124.503310
8525,2015,12,22,5,0.000000,0.000000,0.000000,95.179400,95.179400,126.905867
8526,2015,12,22,6,0.000000,0.000000,0.000000,103.544650,103.544650,138.059533
8527,2015,12,22,7,0.000000,0.000000,0.000000,115.762034,115.762034,154.349378
8528,2015,12,22,8,0.000000,0.000000,0.000000,121.873869,121.873869,162.498492
8529,2015,12,22,9,0.000000,0.000000,0.000000,126.597683,126.597683,168.796911
8530,2015,12,22,10,0.000000,0.000000,0.000000,127.588811,127.588811,170.118414
8531,2015,12,22,11,0.000000,0.000000,0.000000,128.296152,128.296152,171.061536
8532,2015,12,22,12,0.000000,0.000000,0.000000,124.761836,124.761836,166.349114
8533,2015,12,22,13,0.000000,0.000000,0.000000,124.868557,124.868557,166.491410
8534,2015,12,22,14,0.000000,0.000000,0.000000,126.466341,126.466341,168.621788
8535,2015,12,22,15,0.000000,0.000000,0.000000,128.377431,128.377431,171.169907
8536,2015,12,22,16,0.000000,0.000000,0.000000,132.716336,132.716336,176.955115
8537,2015,12,22,17,0.000000,0.000000,0.000000,135.592237,135.592237,180.789649
8538,2015,12,22,18,0.000000,0.000000,0.000000,132.249299,132.249299,176.332398
8539,2015,12,22,19,0.000000,0.000000,0.000000,126.920682,126.920682,169.227575
8540,2015,12,22,20,0.000000,0.000000,0.000000,121.728971,121.728971,162.305295
8541,2015,12,22,21,0.000000,0.000000,0.000000,120.440216,120.440216,160.586954
8542,2015,12,22,22,0.000000,0.000000,0.000000,111.861623,111.861623,149.148831
8543,2015,12,22,23,0.000000,0.000000,0.000000,105.268475,105.268475,140.357966
8544,2015,12,22,24,0.000000,0.000000,0.000000,107.183361,107.183361,142.911147
8545,2015,12,23,1,0.000000,0.000000,0.000000,99.693374,99.693374,132.924498
8546,2015,12,23,2,0.000000,0.000000,0.000000,102.274768,102.274768,136.366357
8547,2015,12,23,3,0.000000,0.000000,0.000000,94.260030,94.260030,125.680040
8548,2015,12,23,4,0.000000,0.000000,0.000000,91.739732,91.739732,122.319643
8549,2015,12,23,5,0.000000,0.000000,0.000000,93.469721,93.469721,124.626295
8550,2015,12,23,6,0.000000,0.000000,0.000000,101.035516,101.035516,134.714021
8551,2015,12,23,7,0.000000,0.000000,0.000000,113.194341,113.194341,150.925788
8552,2015,12,23,8,0.000000,0.000000,0.000000,121.512403,121.512403,162.016538
8553,2015,12,23,9,0.000000,0.000000,0.000000,127.392471,127.392471,169.856628
8554,2015,12,23,10,0.000000,0.000000,0.000000,134.603607,134.603607,179.471477
8555,2015,12,23,11,0.000000,0.000000,0.000000,137.542982,137.542982,183.390642
8556,2015,12,23,12,0.000000,0.000000,0.000000,138.069152,138.069152,184.092203
8557,2015,12,23,13,0.000000,0.000000,0.000000,138.727441,138.727441,184.969921
8558,2015,12,23,14,0.000000,0.000000,0.000000,143.325896,143.325896,191.101195
8559,2015,12,23,15,0.000000,0.000000,0.000000,149.369225,149.369225,199.158966
8560,2015,12,23,16,0.000000,0.000000,0.000000,156.266703,156.266703,208.355604
8561,2015,12,23,17,0.000000,0.000000,0.000000,161.261080,161.261080,215.014773
8562,2015,12,23,18,0.000000,0.000000,0.000000,161.214391,161.214391,214.952521
8563,2015,12,23,19,0.000000,0.000000,0.000000,158.429998,158.429998,211.239997
8564,2015,12,23,20,0.000000,0.000000,0.000000,153.742676,153.742676,204.990235
8565,2015,12,23,21,0.000000,0.000000,0.000000,150.059698,150.059698,200.079597
8566,2015,12,23,22,0.000000,0.000000,0.000000,135.239405,135.239405,180.319207
8567,2015,12,23,23,0.000000,0.000000,0.000000,121.499452,121.499452,161.999270
8568,2015,12,23,24,0.000000,0.000000,0.000000,118.673411,118.673411,158.231215
8569,2015,12,24,1,0.000000,0.000000,0.000000,107.010941,107.010941,142.681255
8570,2015,12,24,2,0.000000,0.000000,0.000000,108.054296,108.054296,144.072394
8571,2015,12,24,3,0.000000,0.000000,0.000000,99.592431,99.592431,132.789909
8572,2015,12,24,4,0.000000,0.000000,0.000000,99.144799,99.144799,132.193065
8573,2015,12,24,5,0.000000,0.000000,0.000000,102.520981,102.520981,136.694642
8574,2015,12,24,6,0.000000,0.000000,0.000000,109.754214,109.754214,146.338952
8575,2015,12,24,7,0.000000,0.000000,0.000000,122.513347,122.513347,163.351129
8576,2015,12,24,8,0.000000,0.000000,0.000000,128.571215,128.571215,171.428287
8577,2015,12,24,9,0.000000,0.000000,0.000000,130.660196,130.660196,174.213595
8578,2015,12,24,10,0.000000,0.000000,0.000000,129.138578,129.138578,172.184771
8579,2015,12,24,11,0.000000,0.000000,0.000000,126.049615,126.049615,168.066153
8580,2015,12,24,12,0.000000,0.000000,0.000000,120.098311,120.098311,160.131082
8581,2015,12,24,13,0.000000,0.000000,0.000000,115.534537,115.534537,154.046049
8582,2015,12,24,14,0.000000,0.000000,0.000000,109.168534,109.168534,145.558045
8583,2015,12,24,15,0.000000,0.000000,0.000000,107.442737,107.442737,143.256983
8584,2015,12,24,16,0.000000,0.000000,0.000000,108.363821,108.363821,144.485095
8585,2015,12,24,17,0.000000,0.000000,0.000000,108.386067,108.386067,144.514755
8586,2015,12,24,18,0.000000,0.000000,0.000000,103.375407,103.375407,137.833877
8587,2015,12,24,19,0.000000,0.000000,0.000000,101.417337,101.417337,135.223116
8588,2015,12,24,20,0.000000,0.000000,0.000000,100.253829,100.253829,133.671773
8589,2015,12,24,21,0.000000,0.000000,0.000000,99.574559,99.574559,132.766078
8590,2015,12,24,22,0.000000,0.000000,0.000000,95.490680,95.490680,127.320907
8591,2015,12,24,23,0.000000,0.000000,0.000000,93.194777,93.194777,124.259703
8592,2015,12,24,24,0.000000,0.000000,0.000000,97.343235,97.343235,129.790979
8593,2015,12,25,1,0.000000,0.000000,0.000000,91.211603,91.211603,121.615471
8594,2015,12,25,2,0.000000,0.000000,0.000000,93.736030,93.736030,124.981374
8595,2015,12,25,3,0.000000,0.000000,0.000000,86.663371,86.663371,115.551161
8596,2015,12,25,4,0.000000,0.000000,0.000000,81.785067,81.785067,109.046756
8597,2015,12,25,5,0.000000,0.000000,0.000000,80.438672,80.438672,107.251563
8598,2015,12,25,6,0.000000,0.000000,0.000000,81.776245,81.776245,109.034994
8599,2015,12,25,7,0.000000,0.000000,0.000000,86.677905,86.677905,115.570540
8600,2015,12,25,8,0.000000,0.000000,0.000000,87.847270,87.847270,117.129693
8601,2015,12,25,9,0.000000,0.000000,0.000000,89.677976,89.677976,119.570634
8602,2015,12,25,10,0.000000,0.000000,0.000000,92.080844,92.080844,122.774459
8603,2015,12,25,11,0.000000,0.000000,0.000000,91.062071,91.062071,121.416094
8604,2015,12,25,12,0.000000,0.000000,0.000000,86.851342,86.851342,115.801789
8605,2015,12,25,13,0.000000,0.000000,0.000000,80.109389,80.109389,106.812519
8606,2015,12,25,14,0.000000,0.000000,0.000000,77.460035,77.460035,103.280047
8607,2015,12,25,15,0.000000,0.000000,0.000000,77.585290,77.585290,103.447053
8608,2015,12,25,16,0.000000,0.000000,0.000000,80.193127,80.193127,106.924170
8609,2015,12,25,17,0.000000,0.000000,0.000000,83.682087,83.682087,111.576116
8610,2015,12,25,18,0.000000,0.000000,0.000000,85.925605,85.925605,114.567474
8611,2015,12,25,19,0.000000,0.000000,0.000000,87.349553,87.349553,116.466071
8612,2015,12,25,20,0.000000,0.000000,0.000000,90.182550,90.182550,120.243400
8613,2015,12,25,21,0.000000,0.000000,0.000000,95.267751,95.267751,127.023668
8614,2015,12,25,22,0.000000,0.000000,0.000000,91.625955,91.625955,122.167940
8615,2015,12,25,23,0.000000,0.000000,0.000000,88.805547,88.805547,118.407395
8616,2015,12,25,24,0.000000,0.000000,0.000000,94.889623,94.889623,126.519498
8617,2015,12,26,1,0.000000,0.000000,0.000000,88.961298,88.961298,118.615065
8618,2015,12,26,2,0.000000,0.000000,0.000000,92.902236,92.902236,123.869648
8619,2015,12,26,3,0.000000,0.000000,0.000000,86.706738,86.706738,115.608984
8620,2015,12,26,4,0.000000,0.000000,0.000000,82.421532,82.421532,109.895376
8621,2015,12,26,5,0.000000,0.000000,0.000000,81.158422,81.158422,108.211229
8622,2015,12,26,6,0.000000,0.000000,0.000000,82.609326,82.609326,110.145768
8623,2015,12,26,7,0.000000,0.000000,0.000000,87.526726,87.526726,116.702301
8624,2015,12,26,8,0.000000,0.000000,0.000000,90.674520,90.674520,120.899360
8625,2015,12,26,9,0.000000,0.000000,0.000000,93.401517,93.401517,124.535356
8626,2015,12,26,10,0.000000,0.000000,0.000000,93.585061,93.585061,124.780082
8627,2015,12,26,11,0.000000,0.000000,0.000000,92.252945,92.252945,123.003927
8628,2015,12,26,12,0.000000,0.000000,0.000000,90.033665,90.033665,120.044886
8629,2015,12,26,13,0.000000,0.000000,0.000000,87.081451,87.081451,116.108602
8630,2015,12,26,14,0.000000,0.000000,0.000000,84.742131,84.742131,112.989508
8631,2015,12,26,15,0.000000,0.000000,0.000000,84.849812,84.849812,113.133083
8632,2015,12,26,16,0.000000,0.000000,0.000000,88.256344,88.256344,117.675125
8633,2015,12,26,17,0.000000,0.000000,0.000000,92.718084,92.718084,123.624112
8634,2015,12,26,18,0.000000,0.000000,0.000000,95.366178,95.366178,127.154904
8635,2015,12,26,19,0.000000,0.000000,0.000000,96.652596,96.652596,128.870128
8636,2015,12,26,20,0.000000,0.000000,0.000000,97.386186,97.386186,129.848247
8637,2015,12,26,21,0.000000,0.000000,0.000000,101.033815,101.033815,134.711754
8638,2015,12,26,22,0.000000,0.000000,0.000000,97.563869,97.563869,130.085159
8639,2015,12,26,23,0.000000,0.000000,0.000000,94.184582,94.184582,125.579443
8640,2015,12,26,24,0.000000,0.000000,0.000000,95.996150,95.996150,127.994866
8641,2015,12,27,1,0.000000,0.000000,0.000000,91.090134,91.090134,121.453512
8642,2015,12,27,2,0.000000,0.000000,0.000000,95.232626,95.232626,126.976835
8643,2015,12,27,3,0.000000,0.000000,0.000000,89.398994,89.398994,119.198659
8644,2015,12,27,4,0.000000,0.000000,0.000000,86.539258,86.539258,115.385678
8645,2015,12,27,5,0.000000,0.000000,0.000000,86.177003,86.177003,114.902671
8646,2015,12,27,6,0.000000,0.000000,0.000000,87.230732,87.230732,116.307643
8647,2015,12,27,7,0.000000,0.000000,0.000000,91.978789,91.978789,122.638386
8648,2015,12,27,8,0.000000,0.000000,0.000000,95.869561,95.869561,127.826081
8649,2015,12,27,9,0.000000,0.000000,0.000000,99.734441,99.734441,132.979255
8650,2015,12,27,10,0.000000,0.000000,0.000000,100.339971,100.339971,133.786629
8651,2015,12,27,11,0.000000,0.000000,0.000000,99.019499,99.019499,132.025998
8652,2015,12,27,12,0.000000,0.000000,0.000000,95.694671,95.694671,127.592894
8653,2015,12,27,13,0.000000,0.000000,0.000000,92.072882,92.072882,122.763843
8654,2015,12,27,14,0.000000,0.000000,0.000000,90.343940,90.343940,120.458587
8655,2015,12,27,15,0.000000,0.000000,0.000000,91.070473,91.070473,121.427298
8656,2015,12,27,16,0.000000,0.000000,0.000000,94.062983,94.062983,125.417311
8657,2015,12,27,17,0.000000,0.000000,0.000000,97.460899,97.460899,129.947865
8658,2015,12,27,18,0.000000,0.000000,0.000000,99.857266,99.857266,133.143022
8659,2015,12,27,19,0.000000,0.000000,0.000000,100.211781,100.211781,133.615708
8660,2015,12,27,20,0.000000,0.000000,0.000000,100.257870,100.257870,133.677160
8661,2015,12,27,21,0.000000,0.000000,0.000000,103.214310,103.214310,137.619080
8662,2015,12,27,22,0.000000,0.000000,0.000000,98.602745,98.602745,131.470326
8663,2015,12,27,23,0.000000,0.000000,0.000000,95.469759,95.469759,127.293012
8664,2015,12,27,24,0.000000,0.000000,0.000000,98.009331,98.009331,130.679108
8665,2015,12,28,1,0.000000,0.000000,0.000000,92.057232,92.057232,122.742976
8666,2015,12,28,2,0.000000,0.000000,0.000000,96.270302,96.270302,128.360403
8667,2015,12,28,3,0.000000,0.000000,0.000000,90.310935,90.310935,120.414580
8668,2015,12,28,4,0.000000,0.000000,0.000000,88.092674,88.092674,117.456899
8669,2015,12,28,5,0.000000,0.000000,0.000000,88.197049,88.197049,117.596065
8670,2015,12,28,6,0.000000,0.000000,0.000000,89.623139,89.623139,119.497519
8671,2015,12,28,7,0.000000,0.000000,0.000000,93.916815,93.916815,125.222420
8672,2015,12,28,8,0.000000,0.000000,0.000000,97.178863,97.178863,129.571817
8673,2015,12,28,9,0.000000,0.000000,0.000000,100.357019,100.357019,133.809359
8674,2015,12,28,10,0.000000,0.000000,0.000000,102.436223,102.436223,136.581631
8675,2015,12,28,11,0.000000,0.000000,0.000000,101.956428,101.956428,135.941904
8676,2015,12,28,12,0.000000,0.000000,0.000000,98.331441,98.331441,131.108589
8677,2015,12,28,13,0.000000,0.000000,0.000000,97.940383,97.940383,130.587178
8678,2015,12,28,14,0.000000,0.000000,0.000000,97.061555,97.061555,129.415406
8679,2015,12,28,15,0.000000,0.000000,0.000000,97.943782,97.943782,130.591710
8680,2015,12,28,16,0.000000,0.000000,0.000000,101.968153,101.968153,135.957537
8681,2015,12,28,17,0.000000,0.000000,0.000000,106.443696,106.443696,141.924928
8682,2015,12,28,18,0.000000,0.000000,0.000000,107.045567,107.045567,142.727423
8683,2015,12,28,19,0.000000,0.000000,0.000000,104.530289,104.530289,139.373719
8684,2015,12,28,20,0.000000,0.000000,0.000000,102.521512,102.521512,136.695349
8685,2015,12,28,21,0.000000,0.000000,0.000000,104.463022,104.463022,139.284030
8686,2015,12,28,22,0.000000,0.000000,0.000000,99.566007,99.566007,132.754676
8687,2015,12,28,23,0.000000,0.000000,0.000000,94.897210,94.897210,126.529613
8688,2015,12,28,24,0.000000,0.000000,0.000000,98.922121,98.922121,131.896161
8689,2015,12,29,1,0.000000,0.000000,0.000000,94.146235,94.146235,125.528313
8690,2015,12,29,2,0.000000,0.000000,0.000000,98.399827,98.399827,131.199769
8691,2015,12,29,3,0.000000,0.000000,0.000000,92.106266,92.106266,122.808355
8692,2015,12,29,4,0.000000,0.000000,0.000000,89.098372,89.098372,118.797829
8693,2015,12,29,5,0.000000,0.000000,0.000000,90.397395,90.397395,120.529860
8694,2015,12,29,6,0.000000,0.000000,0.000000,95.362077,95.362077,127.149437
8695,2015,12,29,7,0.000000,0.000000,0.000000,102.416954,102.416954,136.555939
8696,2015,12,29,8,0.000000,0.000000,0.000000,106.390642,106.390642,141.854190
8697,2015,12,29,9,0.000000,0.000000,0.000000,110.924004,110.924004,147.898672
8698,2015,12,29,10,0.000000,0.000000,0.000000,112.901143,112.901143,150.534857
8699,2015,12,29,11,0.000000,0.000000,0.000000,112.874410,112.874410,150.499214
8700,2015,12,29,12,0.000000,0.000000,0.000000,110.791181,110.791181,147.721574
8701,2015,12,29,13,0.000000,0.000000,0.000000,110.566508,110.566508,147.422011
8702,2015,12,29,14,0.000000,0.000000,0.000000,110.570772,110.570772,147.427696
8703,2015,12,29,15,0.000000,0.000000,0.000000,111.390995,111.390995,148.521327
8704,2015,12,29,16,0.000000,0.000000,0.000000,115.496125,115.496125,153.994833
8705,2015,12,29,17,0.000000,0.000000,0.000000,118.358568,118.358568,157.811425
8706,2015,12,29,18,0.000000,0.000000,0.000000,114.888460,114.888460,153.184614
8707,2015,12,29,19,0.000000,0.000000,0.000000,111.251161,111.251161,148.334882
8708,2015,12,29,20,0.000000,0.000000,0.000000,106.262373,106.262373,141.683164
8709,2015,12,29,21,0.000000,0.000000,0.000000,106.675170,106.675170,142.233560
8710,2015,12,29,22,0.000000,0.000000,0.000000,100.202671,100.202671,133.603561
8711,2015,12,29,23,0.000000,0.000000,0.000000,95.412717,95.412717,127.216956
8712,2015,12,29,24,0.000000,0.000000,0.000000,98.062861,98.062861,130.750482
8713,2015,12,30,1,0.000000,0.000000,0.000000,92.279111,92.279111,123.038815
8714,2015,12,30,2,0.000000,0.000000,0.000000,96.300176,96.300176,128.400235
8715,2015,12,30,3,0.000000,0.000000,0.000000,90.197563,90.197563,120.263417
8716,2015,12,30,4,0.000000,0.000000,0.000000,88.228852,88.228852,117.638469
8717,2015,12,30,5,0.000000,0.000000,0.000000,88.515974,88.515974,118.021298
8718,2015,12,30,6,0.000000,0.000000,0.000000,92.567419,92.567419,123.423226
8719,2015,12,30,7,0.000000,0.000000,0.000000,100.721158,100.721158,134.294877
8720,2015,12,30,8,0.000000,0.000000,0.000000,106.989699,106.989699,142.652932
8721,2015,12,30,9,0.000000,0.000000,0.000000,113.954389,113.954389,151.939186
8722,2015,12,30,10,0.000000,0.000000,0.000000,118.547934,118.547934,158.063911
8723,2015,12,30,11,0.000000,0.000000,0.000000,123.306652,123.306652,164.408870
8724,2015,12,30,12,0.000000,0.000000,0.000000,127.974685,127.974685,170.632914
8725,2015,12,30,13,0.000000,0.000000,0.000000,132.616486,132.616486,176.821982
8726,2015,12,30,14,0.000000,0.000000,0.000000,136.935476,136.935476,182.580635
8727,2015,12,30,15,0.000000,0.000000,0.000000,142.884979,142.884979,190.513305
8728,2015,12,30,16,0.000000,0.000000,0.000000,151.565349,151.565349,202.087132
8729,2015,12,30,17,0.000000,0.000000,0.000000,158.409106,158.409106,211.212141
8730,2015,12,30,18,0.000000,0.000000,0.000000,157.608682,157.608682,210.144910
8731,2015,12,30,19,0.000000,0.000000,0.000000,152.710537,152.710537,203.614050
8732,2015,12,30,20,0.000000,0.000000,0.000000,146.984426,146.984426,195.979234
8733,2015,12,30,21,0.000000,0.000000,0.000000,141.824405,141.824405,189.099206
8734,2015,12,30,22,0.000000,0.000000,0.000000,127.838390,127.838390,170.451187
8735,2015,12,30,23,0.000000,0.000000,0.000000,114.920957,114.920957,153.227943
8736,2015,12,30,24,0.000000,0.000000,0.000000,114.160482,114.160482,152.213976
8737,2015,12,31,1,0.000000,0.000000,0.000000,104.252582,104.252582,139.003442
8738,2015,12,31,2,0.000000,0.000000,0.000000,105.214538,105.214538,140.286051
8739,2015,12,31,3,0.000000,0.000000,0.000000,97.530078,97.530078,130.040104
8740,2015,12,31,4,0.000000,0.000000,0.000000,94.265420,94.265420,125.687227
8741,2015,12,31,5,0.000000,0.000000,0.000000,95.431978,95.431978,127.242637
8742,2015,12,31,6,0.000000,0.000000,0.000000,100.547787,100.547787,134.063716
8743,2015,12,31,7,0.000000,0.000000,0.000000,112.216632,112.216632,149.622176
8744,2015,12,31,8,0.000000,0.000000,0.000000,124.826187,124.826187,166.434916
8745,2015,12,31,9,0.000000,0.000000,0.000000,137.990718,137.990718,183.987624
8746,2015,12,31,10,0.000000,0.000000,0.000000,145.781602,145.781602,194.375469
8747,2015,12,31,11,0.000000,0.000000,0.000000,151.137091,151.137091,201.516122
8748,2015,12,31,12,0.000000,0.000000,0.000000,154.954998,154.954998,206.606665
8749,2015,12,31,13,0.000000,0.000000,0.000000,155.740600,155.740600,207.654133
8750,2015,12,31,14,0.000000,0.000000,0.000000,158.220952,158.220952,210.961269
8751,2015,12,31,15,0.000000,0.000000,0.000000,158.803399,158.803399,211.737865
8752,2015,12,31,16,0.000000,0.000000,0.000000,162.840954,162.840954,217.121272
8753,2015,12,31,17,0.000000,0.000000,0.000000,162.714505,162.714505,216.952674
8754,2015,12,31,18,0.000000,0.000000,0.000000,155.496295,155.496295,207.328394
8755,2015,12,31,19,0.000000,0.000000,0.000000,146.830107,146.830107,195.773475
8756,2015,12,31,20,0.000000,0.000000,0.000000,135.740131,135.740131,180.986841
8757,2015,12,31,21,0.000000,0.000000,0.000000,124.921754,124.921754,166.562339
8758,2015,12,31,22,0.000000,0.000000,0.000000,114.612587,114.612587,152.816782
8759,2015,12,31,23,0.000000,0.000000,0.000000,111.677778,111.677778,148.903703
8760,2015,12,31,24,0.000000,0.000000,0.000000,112.473888,112.473888,149.965185
